date,condition,movie,global_track_uid,value,n_events
2025-11-17,SBA_NAI,100XIAV013,2025-11-17::SBA_NAI::100XIAV013::100XIAV013::0,0.9966268800838627,1
2025-11-17,SBA_NAI,100XIAV013,2025-11-17::SBA_NAI::100XIAV013::100XIAV013::10,-0.053499375041035024,3
2025-11-17,SBA_NAI,100XIAV013,2025-11-17::SBA_NAI::100XIAV013::100XIAV013::100,0.08094633469213502,1
2025-11-17,SBA_NAI,100XIAV013,2025-11-17::SBA_NAI::100XIAV013::100XIAV013::1005,0.43815956300219266,1
2025-11-17,SBA_NAI,100XIAV013,2025-11-17::SBA_NAI::100XIAV013::100XIAV013::10082,-0.04414835418508253,2
2025-11-17,SBA_NAI,100XIAV013,2025-11-17::SBA_NAI::100XIAV013::100XIAV013::1012,0.9885776448340257,2
2025-11-17,SBA_NAI,100XIAV013,2025-11-17::SBA_NAI::100XIAV013::100XIAV013::1092,0.5256418068830446,1
2025-11-17,SBA_NAI,100XIAV013,2025-11-17::SBA_NAI::100XIAV013::100XIAV013::115,0.35798886791206774,1
2025-11-17,SBA_NAI,100XIAV013,2025-11-17::SBA_NAI::100XIAV013::100XIAV013::1178,-0.4385517843370244,1
2025-11-17,SBA_NAI,100XIAV013,2025-11-17::SBA_NAI::100XIAV013::100XIAV013::1221,-0.9263117847946809,1
2025-11-17,SBA_NAI,100XIAV013,2025-11-17::SBA_NAI::100XIAV013::100XIAV013::1332,-0.9960189477616334,1
2025-11-17,SBA_NAI,100XIAV013,2025-11-17::SBA_NAI::100XIAV013::100XIAV013::1359,-0.22828947967528582,3
2025-11-17,SBA_NAI,100XIAV013,2025-11-17::SBA_NAI::100XIAV013::100XIAV013::1393,-0.21822232993658933,3
2025-11-17,SBA_NAI,100XIAV013,2025-11-17::SBA_NAI::100XIAV013::100XIAV013::1395,0.12896114579164514,2
2025-11-17,SBA_NAI,100XIAV013,2025-11-17::SBA_NAI::100XIAV013::100XIAV013::1398,-0.007934001163113436,2
2025-11-17,SBA_NAI,100XIAV013,2025-11-17::SBA_NAI::100XIAV013::100XIAV013::1569,0.11772470180802569,1
2025-11-17,SBA_NAI,100XIAV013,2025-11-17::SBA_NAI::100XIAV013::100XIAV013::165,0.8755118491110994,1
2025-11-17,SBA_NAI,100XIAV013,2025-11-17::SBA_NAI::100XIAV013::100XIAV013::1695,0.4251537347010699,2
2025-11-17,SBA_NAI,100XIAV013,2025-11-17::SBA_NAI::100XIAV013::100XIAV013::1733,0.46289024938303974,4
2025-11-17,SBA_NAI,100XIAV013,2025-11-17::SBA_NAI::100XIAV013::100XIAV013::1774,0.5866372368183163,1
2025-11-17,SBA_NAI,100XIAV013,2025-11-17::SBA_NAI::100XIAV013::100XIAV013::1804,-0.18486247605254885,1
2025-11-17,SBA_NAI,100XIAV013,2025-11-17::SBA_NAI::100XIAV013::100XIAV013::1881,0.26041964011701824,4
2025-11-17,SBA_NAI,100XIAV013,2025-11-17::SBA_NAI::100XIAV013::100XIAV013::200,0.8750961648169301,1
2025-11-17,SBA_NAI,100XIAV013,2025-11-17::SBA_NAI::100XIAV013::100XIAV013::208,-0.6140996798100301,1
2025-11-17,SBA_NAI,100XIAV013,2025-11-17::SBA_NAI::100XIAV013::100XIAV013::21,-0.9743630395611595,1
2025-11-17,SBA_NAI,100XIAV013,2025-11-17::SBA_NAI::100XIAV013::100XIAV013::216,0.7603949897090605,1
2025-11-17,SBA_NAI,100XIAV013,2025-11-17::SBA_NAI::100XIAV013::100XIAV013::217,-0.8886542517328815,1
2025-11-17,SBA_NAI,100XIAV013,2025-11-17::SBA_NAI::100XIAV013::100XIAV013::2268,-0.9468244890211658,2
2025-11-17,SBA_NAI,100XIAV013,2025-11-17::SBA_NAI::100XIAV013::100XIAV013::2285,0.9549807076566612,2
2025-11-17,SBA_NAI,100XIAV013,2025-11-17::SBA_NAI::100XIAV013::100XIAV013::2335,-0.5259402856159673,1
2025-11-17,SBA_NAI,100XIAV013,2025-11-17::SBA_NAI::100XIAV013::100XIAV013::2408,-0.3134612836579125,1
2025-11-17,SBA_NAI,100XIAV013,2025-11-17::SBA_NAI::100XIAV013::100XIAV013::249,0.2589931487127842,1
2025-11-17,SBA_NAI,100XIAV013,2025-11-17::SBA_NAI::100XIAV013::100XIAV013::2634,-0.8767132214809206,2
2025-11-17,SBA_NAI,100XIAV013,2025-11-17::SBA_NAI::100XIAV013::100XIAV013::2703,0.28933889780956307,2
2025-11-17,SBA_NAI,100XIAV013,2025-11-17::SBA_NAI::100XIAV013::100XIAV013::2830,0.15997611270129794,6
2025-11-17,SBA_NAI,100XIAV013,2025-11-17::SBA_NAI::100XIAV013::100XIAV013::2842,0.8006563322382997,2
2025-11-17,SBA_NAI,100XIAV013,2025-11-17::SBA_NAI::100XIAV013::100XIAV013::2856,0.9700530580695113,5
2025-11-17,SBA_NAI,100XIAV013,2025-11-17::SBA_NAI::100XIAV013::100XIAV013::2931,-0.05920772706546307,3
2025-11-17,SBA_NAI,100XIAV013,2025-11-17::SBA_NAI::100XIAV013::100XIAV013::2985,-0.9734527943825808,2
2025-11-17,SBA_NAI,100XIAV013,2025-11-17::SBA_NAI::100XIAV013::100XIAV013::3033,-0.13200563789251066,2
2025-11-17,SBA_NAI,100XIAV013,2025-11-17::SBA_NAI::100XIAV013::100XIAV013::306,0.8319079304723057,1
2025-11-17,SBA_NAI,100XIAV013,2025-11-17::SBA_NAI::100XIAV013::100XIAV013::3139,-0.8516931385563222,1
2025-11-17,SBA_NAI,100XIAV013,2025-11-17::SBA_NAI::100XIAV013::100XIAV013::343,-0.9689595938916064,1
2025-11-17,SBA_NAI,100XIAV013,2025-11-17::SBA_NAI::100XIAV013::100XIAV013::3685,0.609121243733277,5
2025-11-17,SBA_NAI,100XIAV013,2025-11-17::SBA_NAI::100XIAV013::100XIAV013::3727,0.3821973713837846,5
2025-11-17,SBA_NAI,100XIAV013,2025-11-17::SBA_NAI::100XIAV013::100XIAV013::3782,-0.8589289025608948,1
2025-11-17,SBA_NAI,100XIAV013,2025-11-17::SBA_NAI::100XIAV013::100XIAV013::3815,-0.9116963785731946,2
2025-11-17,SBA_NAI,100XIAV013,2025-11-17::SBA_NAI::100XIAV013::100XIAV013::3851,-0.07034847618238889,5
2025-11-17,SBA_NAI,100XIAV013,2025-11-17::SBA_NAI::100XIAV013::100XIAV013::3883,0.4873962337880914,5
2025-11-17,SBA_NAI,100XIAV013,2025-11-17::SBA_NAI::100XIAV013::100XIAV013::3987,0.8721616338640613,3
2025-11-17,SBA_NAI,100XIAV013,2025-11-17::SBA_NAI::100XIAV013::100XIAV013::406,-0.3617185302881938,3
2025-11-17,SBA_NAI,100XIAV013,2025-11-17::SBA_NAI::100XIAV013::100XIAV013::411,-0.9838100462690188,1
2025-11-17,SBA_NAI,100XIAV013,2025-11-17::SBA_NAI::100XIAV013::100XIAV013::4160,-0.6412631968303814,1
2025-11-17,SBA_NAI,100XIAV013,2025-11-17::SBA_NAI::100XIAV013::100XIAV013::4193,-0.6216108097435674,1
2025-11-17,SBA_NAI,100XIAV013,2025-11-17::SBA_NAI::100XIAV013::100XIAV013::426,0.17246488873214844,2
2025-11-17,SBA_NAI,100XIAV013,2025-11-17::SBA_NAI::100XIAV013::100XIAV013::428,0.4822124242721978,1
2025-11-17,SBA_NAI,100XIAV013,2025-11-17::SBA_NAI::100XIAV013::100XIAV013::4302,0.007490875292453514,2
2025-11-17,SBA_NAI,100XIAV013,2025-11-17::SBA_NAI::100XIAV013::100XIAV013::4422,0.8764320683850639,2
2025-11-17,SBA_NAI,100XIAV013,2025-11-17::SBA_NAI::100XIAV013::100XIAV013::4648,0.9518139448944386,1
2025-11-17,SBA_NAI,100XIAV013,2025-11-17::SBA_NAI::100XIAV013::100XIAV013::466,0.17161701409574098,1
2025-11-17,SBA_NAI,100XIAV013,2025-11-17::SBA_NAI::100XIAV013::100XIAV013::4851,0.4259889577772267,1
2025-11-17,SBA_NAI,100XIAV013,2025-11-17::SBA_NAI::100XIAV013::100XIAV013::4946,0.8831446310541703,1
2025-11-17,SBA_NAI,100XIAV013,2025-11-17::SBA_NAI::100XIAV013::100XIAV013::5037,0.01744422198599803,1
2025-11-17,SBA_NAI,100XIAV013,2025-11-17::SBA_NAI::100XIAV013::100XIAV013::507,-0.6344457598183536,1
2025-11-17,SBA_NAI,100XIAV013,2025-11-17::SBA_NAI::100XIAV013::100XIAV013::510,-0.9776602728294017,1
2025-11-17,SBA_NAI,100XIAV013,2025-11-17::SBA_NAI::100XIAV013::100XIAV013::5171,-0.41379794681301896,1
2025-11-17,SBA_NAI,100XIAV013,2025-11-17::SBA_NAI::100XIAV013::100XIAV013::53,0.7958353225142332,1
2025-11-17,SBA_NAI,100XIAV013,2025-11-17::SBA_NAI::100XIAV013::100XIAV013::5304,-0.41445393125814284,1
2025-11-17,SBA_NAI,100XIAV013,2025-11-17::SBA_NAI::100XIAV013::100XIAV013::5306,0.9334970338134708,4
2025-11-17,SBA_NAI,100XIAV013,2025-11-17::SBA_NAI::100XIAV013::100XIAV013::531,-0.023899115348983396,4
2025-11-17,SBA_NAI,100XIAV013,2025-11-17::SBA_NAI::100XIAV013::100XIAV013::533,0.5670608216331808,2
2025-11-17,SBA_NAI,100XIAV013,2025-11-17::SBA_NAI::100XIAV013::100XIAV013::5422,0.07919528939727422,8
2025-11-17,SBA_NAI,100XIAV013,2025-11-17::SBA_NAI::100XIAV013::100XIAV013::5492,-0.5080629598555563,1
2025-11-17,SBA_NAI,100XIAV013,2025-11-17::SBA_NAI::100XIAV013::100XIAV013::5495,-0.923193392537514,1
2025-11-17,SBA_NAI,100XIAV013,2025-11-17::SBA_NAI::100XIAV013::100XIAV013::55,0.9878857050114231,1
2025-11-17,SBA_NAI,100XIAV013,2025-11-17::SBA_NAI::100XIAV013::100XIAV013::556,-0.9350740652114337,1
2025-11-17,SBA_NAI,100XIAV013,2025-11-17::SBA_NAI::100XIAV013::100XIAV013::5580,0.9933449044705582,2
2025-11-17,SBA_NAI,100XIAV013,2025-11-17::SBA_NAI::100XIAV013::100XIAV013::559,0.6857100965382052,6
2025-11-17,SBA_NAI,100XIAV013,2025-11-17::SBA_NAI::100XIAV013::100XIAV013::578,-0.9430083571784089,1
2025-11-17,SBA_NAI,100XIAV013,2025-11-17::SBA_NAI::100XIAV013::100XIAV013::5798,0.3196570977987885,1
2025-11-17,SBA_NAI,100XIAV013,2025-11-17::SBA_NAI::100XIAV013::100XIAV013::58,-0.5920592344683161,1
2025-11-17,SBA_NAI,100XIAV013,2025-11-17::SBA_NAI::100XIAV013::100XIAV013::5813,-0.7624378255439654,1
2025-11-17,SBA_NAI,100XIAV013,2025-11-17::SBA_NAI::100XIAV013::100XIAV013::598,0.8288910854302535,3
2025-11-17,SBA_NAI,100XIAV013,2025-11-17::SBA_NAI::100XIAV013::100XIAV013::6069,0.5505274721073005,1
2025-11-17,SBA_NAI,100XIAV013,2025-11-17::SBA_NAI::100XIAV013::100XIAV013::6220,0.9859582873897226,1
2025-11-17,SBA_NAI,100XIAV013,2025-11-17::SBA_NAI::100XIAV013::100XIAV013::6275,0.843385078367757,1
2025-11-17,SBA_NAI,100XIAV013,2025-11-17::SBA_NAI::100XIAV013::100XIAV013::639,0.967169677946824,1
2025-11-17,SBA_NAI,100XIAV013,2025-11-17::SBA_NAI::100XIAV013::100XIAV013::644,-0.4733706496575443,2
2025-11-17,SBA_NAI,100XIAV013,2025-11-17::SBA_NAI::100XIAV013::100XIAV013::6452,-0.277783142657125,1
2025-11-17,SBA_NAI,100XIAV013,2025-11-17::SBA_NAI::100XIAV013::100XIAV013::653,0.3510739314587528,4
2025-11-17,SBA_NAI,100XIAV013,2025-11-17::SBA_NAI::100XIAV013::100XIAV013::662,-0.1051714815205544,3
2025-11-17,SBA_NAI,100XIAV013,2025-11-17::SBA_NAI::100XIAV013::100XIAV013::6715,0.16038339561811635,2
2025-11-17,SBA_NAI,100XIAV013,2025-11-17::SBA_NAI::100XIAV013::100XIAV013::6720,0.33200555058163794,1
2025-11-17,SBA_NAI,100XIAV013,2025-11-17::SBA_NAI::100XIAV013::100XIAV013::6788,0.8274598527003715,3
2025-11-17,SBA_NAI,100XIAV013,2025-11-17::SBA_NAI::100XIAV013::100XIAV013::688,0.3030398214126957,4
2025-11-17,SBA_NAI,100XIAV013,2025-11-17::SBA_NAI::100XIAV013::100XIAV013::6918,-0.9871269006308029,1
2025-11-17,SBA_NAI,100XIAV013,2025-11-17::SBA_NAI::100XIAV013::100XIAV013::70,0.910861202191289,2
2025-11-17,SBA_NAI,100XIAV013,2025-11-17::SBA_NAI::100XIAV013::100XIAV013::7005,0.8569305595990858,3
2025-11-17,SBA_NAI,100XIAV013,2025-11-17::SBA_NAI::100XIAV013::100XIAV013::7137,-0.9069001327655175,1
2025-11-17,SBA_NAI,100XIAV013,2025-11-17::SBA_NAI::100XIAV013::100XIAV013::7442,0.9614123077005359,1
2025-11-17,SBA_NAI,100XIAV013,2025-11-17::SBA_NAI::100XIAV013::100XIAV013::75,0.99956731846036,1
2025-11-17,SBA_NAI,100XIAV013,2025-11-17::SBA_NAI::100XIAV013::100XIAV013::7544,0.40721623557280984,2
2025-11-17,SBA_NAI,100XIAV013,2025-11-17::SBA_NAI::100XIAV013::100XIAV013::7573,0.01797142512102491,2
2025-11-17,SBA_NAI,100XIAV013,2025-11-17::SBA_NAI::100XIAV013::100XIAV013::7674,0.8280445604704032,2
2025-11-17,SBA_NAI,100XIAV013,2025-11-17::SBA_NAI::100XIAV013::100XIAV013::7694,-0.21692868311091457,1
2025-11-17,SBA_NAI,100XIAV013,2025-11-17::SBA_NAI::100XIAV013::100XIAV013::7697,-0.9012562208536091,1
2025-11-17,SBA_NAI,100XIAV013,2025-11-17::SBA_NAI::100XIAV013::100XIAV013::7722,-0.03304321836490676,2
2025-11-17,SBA_NAI,100XIAV013,2025-11-17::SBA_NAI::100XIAV013::100XIAV013::776,0.9534424926286822,1
2025-11-17,SBA_NAI,100XIAV013,2025-11-17::SBA_NAI::100XIAV013::100XIAV013::7901,-0.13329573685486112,1
2025-11-17,SBA_NAI,100XIAV013,2025-11-17::SBA_NAI::100XIAV013::100XIAV013::791,0.7786891000934111,1
2025-11-17,SBA_NAI,100XIAV013,2025-11-17::SBA_NAI::100XIAV013::100XIAV013::7985,-0.9032324248663028,2
2025-11-17,SBA_NAI,100XIAV013,2025-11-17::SBA_NAI::100XIAV013::100XIAV013::8,-0.25796626694172553,2
2025-11-17,SBA_NAI,100XIAV013,2025-11-17::SBA_NAI::100XIAV013::100XIAV013::8012,0.824156480271995,3
2025-11-17,SBA_NAI,100XIAV013,2025-11-17::SBA_NAI::100XIAV013::100XIAV013::8017,0.9803954847417053,1
2025-11-17,SBA_NAI,100XIAV013,2025-11-17::SBA_NAI::100XIAV013::100XIAV013::818,0.2645783487485592,6
2025-11-17,SBA_NAI,100XIAV013,2025-11-17::SBA_NAI::100XIAV013::100XIAV013::8223,0.3711834940850669,3
2025-11-17,SBA_NAI,100XIAV013,2025-11-17::SBA_NAI::100XIAV013::100XIAV013::8287,0.19392340831177018,2
2025-11-17,SBA_NAI,100XIAV013,2025-11-17::SBA_NAI::100XIAV013::100XIAV013::8341,0.11670697299894633,2
2025-11-17,SBA_NAI,100XIAV013,2025-11-17::SBA_NAI::100XIAV013::100XIAV013::835,0.7701056763265748,1
2025-11-17,SBA_NAI,100XIAV013,2025-11-17::SBA_NAI::100XIAV013::100XIAV013::8359,-0.9815330962183304,1
2025-11-17,SBA_NAI,100XIAV013,2025-11-17::SBA_NAI::100XIAV013::100XIAV013::837,0.02208115349642159,2
2025-11-17,SBA_NAI,100XIAV013,2025-11-17::SBA_NAI::100XIAV013::100XIAV013::840,-0.3915174417204257,1
2025-11-17,SBA_NAI,100XIAV013,2025-11-17::SBA_NAI::100XIAV013::100XIAV013::841,-0.1626328314965446,3
2025-11-17,SBA_NAI,100XIAV013,2025-11-17::SBA_NAI::100XIAV013::100XIAV013::8438,0.30671111590023276,3
2025-11-17,SBA_NAI,100XIAV013,2025-11-17::SBA_NAI::100XIAV013::100XIAV013::8465,-0.08670705905126733,5
2025-11-17,SBA_NAI,100XIAV013,2025-11-17::SBA_NAI::100XIAV013::100XIAV013::8476,0.39529281086915635,2
2025-11-17,SBA_NAI,100XIAV013,2025-11-17::SBA_NAI::100XIAV013::100XIAV013::871,-0.6671090015877644,1
2025-11-17,SBA_NAI,100XIAV013,2025-11-17::SBA_NAI::100XIAV013::100XIAV013::8865,-0.5804803693560467,1
2025-11-17,SBA_NAI,100XIAV013,2025-11-17::SBA_NAI::100XIAV013::100XIAV013::9089,-0.38163594800905265,1
2025-11-17,SBA_NAI,100XIAV013,2025-11-17::SBA_NAI::100XIAV013::100XIAV013::910,0.9998677474517137,1
2025-11-17,SBA_NAI,100XIAV013,2025-11-17::SBA_NAI::100XIAV013::100XIAV013::913,-0.728161661645058,1
2025-11-17,SBA_NAI,100XIAV013,2025-11-17::SBA_NAI::100XIAV013::100XIAV013::9172,0.9805541532204578,2
2025-11-17,SBA_NAI,100XIAV013,2025-11-17::SBA_NAI::100XIAV013::100XIAV013::9279,0.2286314060172095,2
2025-11-17,SBA_NAI,100XIAV013,2025-11-17::SBA_NAI::100XIAV013::100XIAV013::936,0.09426542072690991,1
2025-11-17,SBA_NAI,100XIAV013,2025-11-17::SBA_NAI::100XIAV013::100XIAV013::9394,0.6516159119194975,1
2025-11-17,SBA_NAI,100XIAV013,2025-11-17::SBA_NAI::100XIAV013::100XIAV013::9401,-0.8249147128633716,1
2025-11-17,SBA_NAI,100XIAV013,2025-11-17::SBA_NAI::100XIAV013::100XIAV013::942,-0.39365967361119153,1
2025-11-17,SBA_NAI,100XIAV013,2025-11-17::SBA_NAI::100XIAV013::100XIAV013::944,0.7902487686755287,4
2025-11-17,SBA_NAI,100XIAV013,2025-11-17::SBA_NAI::100XIAV013::100XIAV013::954,0.8894128427515265,1
2025-11-17,SBA_NAI,100XIAV014,2025-11-17::SBA_NAI::100XIAV014::100XIAV014::1339,0.4432297764402539,2
2025-11-17,SBA_NAI,100XIAV014,2025-11-17::SBA_NAI::100XIAV014::100XIAV014::1409,-0.9102791728361447,1
2025-11-17,SBA_NAI,100XIAV014,2025-11-17::SBA_NAI::100XIAV014::100XIAV014::1460,-0.8558194785770039,1
2025-11-17,SBA_NAI,100XIAV014,2025-11-17::SBA_NAI::100XIAV014::100XIAV014::15,0.8814744542149104,1
2025-11-17,SBA_NAI,100XIAV014,2025-11-17::SBA_NAI::100XIAV014::100XIAV014::159,0.45921125617600755,1
2025-11-17,SBA_NAI,100XIAV014,2025-11-17::SBA_NAI::100XIAV014::100XIAV014::199,-0.9992330017545354,1
2025-11-17,SBA_NAI,100XIAV014,2025-11-17::SBA_NAI::100XIAV014::100XIAV014::2154,0.984121606151432,1
2025-11-17,SBA_NAI,100XIAV014,2025-11-17::SBA_NAI::100XIAV014::100XIAV014::235,-0.9301607797760987,1
2025-11-17,SBA_NAI,100XIAV014,2025-11-17::SBA_NAI::100XIAV014::100XIAV014::260,-0.9999957233091223,1
2025-11-17,SBA_NAI,100XIAV014,2025-11-17::SBA_NAI::100XIAV014::100XIAV014::265,-0.5482979482172967,1
2025-11-17,SBA_NAI,100XIAV014,2025-11-17::SBA_NAI::100XIAV014::100XIAV014::277,0.6277166664788304,3
2025-11-17,SBA_NAI,100XIAV014,2025-11-17::SBA_NAI::100XIAV014::100XIAV014::2783,-0.4091005322829297,3
2025-11-17,SBA_NAI,100XIAV014,2025-11-17::SBA_NAI::100XIAV014::100XIAV014::280,0.8487690220980998,1
2025-11-17,SBA_NAI,100XIAV014,2025-11-17::SBA_NAI::100XIAV014::100XIAV014::285,-0.9980750751370231,1
2025-11-17,SBA_NAI,100XIAV014,2025-11-17::SBA_NAI::100XIAV014::100XIAV014::290,0.03213653183141173,13
2025-11-17,SBA_NAI,100XIAV014,2025-11-17::SBA_NAI::100XIAV014::100XIAV014::2916,-0.955040528323085,1
2025-11-17,SBA_NAI,100XIAV014,2025-11-17::SBA_NAI::100XIAV014::100XIAV014::3058,0.605574121625424,1
2025-11-17,SBA_NAI,100XIAV014,2025-11-17::SBA_NAI::100XIAV014::100XIAV014::3303,-0.2017927615018543,1
2025-11-17,SBA_NAI,100XIAV014,2025-11-17::SBA_NAI::100XIAV014::100XIAV014::3395,0.8706364767529694,1
2025-11-17,SBA_NAI,100XIAV014,2025-11-17::SBA_NAI::100XIAV014::100XIAV014::34,0.9556180451320616,1
2025-11-17,SBA_NAI,100XIAV014,2025-11-17::SBA_NAI::100XIAV014::100XIAV014::3506,-0.4500166434997712,1
2025-11-17,SBA_NAI,100XIAV014,2025-11-17::SBA_NAI::100XIAV014::100XIAV014::3739,0.9810097143619463,1
2025-11-17,SBA_NAI,100XIAV014,2025-11-17::SBA_NAI::100XIAV014::100XIAV014::414,-0.48931227864566434,1
2025-11-17,SBA_NAI,100XIAV014,2025-11-17::SBA_NAI::100XIAV014::100XIAV014::4144,-0.9837080698073452,1
2025-11-17,SBA_NAI,100XIAV014,2025-11-17::SBA_NAI::100XIAV014::100XIAV014::4679,0.6327663385104495,2
2025-11-17,SBA_NAI,100XIAV014,2025-11-17::SBA_NAI::100XIAV014::100XIAV014::4688,0.11783392539589958,1
2025-11-17,SBA_NAI,100XIAV014,2025-11-17::SBA_NAI::100XIAV014::100XIAV014::48,0.32116788082249714,1
2025-11-17,SBA_NAI,100XIAV014,2025-11-17::SBA_NAI::100XIAV014::100XIAV014::5145,0.9338968827779526,1
2025-11-17,SBA_NAI,100XIAV014,2025-11-17::SBA_NAI::100XIAV014::100XIAV014::5751,0.5886393410102708,2
2025-11-17,SBA_NAI,100XIAV014,2025-11-17::SBA_NAI::100XIAV014::100XIAV014::5795,-0.8386238456468985,1
2025-11-17,SBA_NAI,100XIAV014,2025-11-17::SBA_NAI::100XIAV014::100XIAV014::5812,-0.4723805478912162,1
2025-11-17,SBA_NAI,100XIAV014,2025-11-17::SBA_NAI::100XIAV014::100XIAV014::6089,-0.15339986424438135,1
2025-11-17,SBA_NAI,100XIAV014,2025-11-17::SBA_NAI::100XIAV014::100XIAV014::6350,0.3024833575438282,6
2025-11-17,SBA_NAI,100XIAV014,2025-11-17::SBA_NAI::100XIAV014::100XIAV014::986,-0.6604582468751895,1
2025-11-17,SBA_NAI,100XIAV015,2025-11-17::SBA_NAI::100XIAV015::100XIAV015::1,0.10792632173147115,1
2025-11-17,SBA_NAI,100XIAV015,2025-11-17::SBA_NAI::100XIAV015::100XIAV015::10128,-0.99999398214184,1
2025-11-17,SBA_NAI,100XIAV015,2025-11-17::SBA_NAI::100XIAV015::100XIAV015::10256,0.09866835739412591,2
2025-11-17,SBA_NAI,100XIAV015,2025-11-17::SBA_NAI::100XIAV015::100XIAV015::10548,-0.9487115426308588,1
2025-11-17,SBA_NAI,100XIAV015,2025-11-17::SBA_NAI::100XIAV015::100XIAV015::10910,-0.7983315438131364,1
2025-11-17,SBA_NAI,100XIAV015,2025-11-17::SBA_NAI::100XIAV015::100XIAV015::11169,0.9464023905975931,1
2025-11-17,SBA_NAI,100XIAV015,2025-11-17::SBA_NAI::100XIAV015::100XIAV015::12178,0.9878247544623738,1
2025-11-17,SBA_NAI,100XIAV015,2025-11-17::SBA_NAI::100XIAV015::100XIAV015::12326,0.9146323734648931,1
2025-11-17,SBA_NAI,100XIAV015,2025-11-17::SBA_NAI::100XIAV015::100XIAV015::127,0.9997714836518726,2
2025-11-17,SBA_NAI,100XIAV015,2025-11-17::SBA_NAI::100XIAV015::100XIAV015::12791,-0.9686845150938183,1
2025-11-17,SBA_NAI,100XIAV015,2025-11-17::SBA_NAI::100XIAV015::100XIAV015::1456,-0.9878340341069689,1
2025-11-17,SBA_NAI,100XIAV015,2025-11-17::SBA_NAI::100XIAV015::100XIAV015::1573,-0.7546867148606938,1
2025-11-17,SBA_NAI,100XIAV015,2025-11-17::SBA_NAI::100XIAV015::100XIAV015::1721,-0.7035951779810746,1
2025-11-17,SBA_NAI,100XIAV015,2025-11-17::SBA_NAI::100XIAV015::100XIAV015::175,0.4163064725559414,3
2025-11-17,SBA_NAI,100XIAV015,2025-11-17::SBA_NAI::100XIAV015::100XIAV015::187,0.8738497202534379,4
2025-11-17,SBA_NAI,100XIAV015,2025-11-17::SBA_NAI::100XIAV015::100XIAV015::191,0.7297476682164106,1
2025-11-17,SBA_NAI,100XIAV015,2025-11-17::SBA_NAI::100XIAV015::100XIAV015::1927,0.01159772932598779,7
2025-11-17,SBA_NAI,100XIAV015,2025-11-17::SBA_NAI::100XIAV015::100XIAV015::1940,-0.8353730460472003,1
2025-11-17,SBA_NAI,100XIAV015,2025-11-17::SBA_NAI::100XIAV015::100XIAV015::196,0.9732136117709529,1
2025-11-17,SBA_NAI,100XIAV015,2025-11-17::SBA_NAI::100XIAV015::100XIAV015::201,0.9869153475336324,1
2025-11-17,SBA_NAI,100XIAV015,2025-11-17::SBA_NAI::100XIAV015::100XIAV015::2196,0.8237112746643531,1
2025-11-17,SBA_NAI,100XIAV015,2025-11-17::SBA_NAI::100XIAV015::100XIAV015::231,-0.7224973614724864,1
2025-11-17,SBA_NAI,100XIAV015,2025-11-17::SBA_NAI::100XIAV015::100XIAV015::2918,0.60125512003766,2
2025-11-17,SBA_NAI,100XIAV015,2025-11-17::SBA_NAI::100XIAV015::100XIAV015::3056,-0.8258614603695635,1
2025-11-17,SBA_NAI,100XIAV015,2025-11-17::SBA_NAI::100XIAV015::100XIAV015::311,0.999982181608921,1
2025-11-17,SBA_NAI,100XIAV015,2025-11-17::SBA_NAI::100XIAV015::100XIAV015::3216,-0.5660680234607142,1
2025-11-17,SBA_NAI,100XIAV015,2025-11-17::SBA_NAI::100XIAV015::100XIAV015::3501,-0.9656450419051839,1
2025-11-17,SBA_NAI,100XIAV015,2025-11-17::SBA_NAI::100XIAV015::100XIAV015::3610,-0.99792091903409,1
2025-11-17,SBA_NAI,100XIAV015,2025-11-17::SBA_NAI::100XIAV015::100XIAV015::414,0.680833128381721,9
2025-11-17,SBA_NAI,100XIAV015,2025-11-17::SBA_NAI::100XIAV015::100XIAV015::4372,0.36913058974556695,3
2025-11-17,SBA_NAI,100XIAV015,2025-11-17::SBA_NAI::100XIAV015::100XIAV015::4521,-0.5586090275961508,1
2025-11-17,SBA_NAI,100XIAV015,2025-11-17::SBA_NAI::100XIAV015::100XIAV015::5066,0.07297692985407961,2
2025-11-17,SBA_NAI,100XIAV015,2025-11-17::SBA_NAI::100XIAV015::100XIAV015::5344,-0.9487825690172043,2
2025-11-17,SBA_NAI,100XIAV015,2025-11-17::SBA_NAI::100XIAV015::100XIAV015::5494,0.6011263950204783,2
2025-11-17,SBA_NAI,100XIAV015,2025-11-17::SBA_NAI::100XIAV015::100XIAV015::6573,-0.23454797429832946,1
2025-11-17,SBA_NAI,100XIAV015,2025-11-17::SBA_NAI::100XIAV015::100XIAV015::7319,-0.9985382478484628,1
2025-11-17,SBA_NAI,100XIAV015,2025-11-17::SBA_NAI::100XIAV015::100XIAV015::7327,0.9972308726591608,1
2025-11-17,SBA_NAI,100XIAV015,2025-11-17::SBA_NAI::100XIAV015::100XIAV015::7500,0.977920896809509,2
2025-11-17,SBA_NAI,100XIAV015,2025-11-17::SBA_NAI::100XIAV015::100XIAV015::7663,0.9314408320107722,1
2025-11-17,SBA_NAI,100XIAV015,2025-11-17::SBA_NAI::100XIAV015::100XIAV015::9063,0.24031322892061688,3
2025-11-17,SBA_NAI,100XIAV015,2025-11-17::SBA_NAI::100XIAV015::100XIAV015::9081,0.0037062872098487243,2
2025-11-17,SBA_NAI,100XIAV015,2025-11-17::SBA_NAI::100XIAV015::100XIAV015::9737,0.3061066011625839,2
2025-11-17,SBA_NAI,100XIAV015,2025-11-17::SBA_NAI::100XIAV015::100XIAV015::977,0.49523559954693175,2
2025-11-17,SBA_NAI,100XIAV016,2025-11-17::SBA_NAI::100XIAV016::100XIAV016::113,0.33357305217254973,4
2025-11-17,SBA_NAI,100XIAV016,2025-11-17::SBA_NAI::100XIAV016::100XIAV016::1179,0.9853049683174183,1
2025-11-17,SBA_NAI,100XIAV016,2025-11-17::SBA_NAI::100XIAV016::100XIAV016::1712,0.5787307363581985,1
2025-11-17,SBA_NAI,100XIAV016,2025-11-17::SBA_NAI::100XIAV016::100XIAV016::2634,-0.3773750141601205,1
2025-11-17,SBA_NAI,100XIAV016,2025-11-17::SBA_NAI::100XIAV016::100XIAV016::81,0.7438852017684199,2
2025-11-17,SBA_NAI,100XIAV016,2025-11-17::SBA_NAI::100XIAV016::100XIAV016::835,-0.7243911873535573,2
2025-11-17,SBA_NAI,100XIAV017,2025-11-17::SBA_NAI::100XIAV017::100XIAV017::104,0.03946084891759005,2
2025-11-17,SBA_NAI,100XIAV017,2025-11-17::SBA_NAI::100XIAV017::100XIAV017::133,0.20577324644248943,7
2025-11-17,SBA_NAI,100XIAV017,2025-11-17::SBA_NAI::100XIAV017::100XIAV017::176,-0.6981656069405584,1
2025-11-17,SBA_NAI,100XIAV017,2025-11-17::SBA_NAI::100XIAV017::100XIAV017::199,-0.8832446203472164,1
2025-11-17,SBA_NAI,100XIAV017,2025-11-17::SBA_NAI::100XIAV017::100XIAV017::205,-0.9853745496610832,1
2025-11-17,SBA_NAI,100XIAV017,2025-11-17::SBA_NAI::100XIAV017::100XIAV017::208,0.8038486300712787,1
2025-11-17,SBA_NAI,100XIAV017,2025-11-17::SBA_NAI::100XIAV017::100XIAV017::213,0.22601556536998188,2
2025-11-17,SBA_NAI,100XIAV017,2025-11-17::SBA_NAI::100XIAV017::100XIAV017::231,0.770273633363117,1
2025-11-17,SBA_NAI,100XIAV017,2025-11-17::SBA_NAI::100XIAV017::100XIAV017::392,-0.8014633218429351,1
2025-11-17,SBA_NAI,100XIAV017,2025-11-17::SBA_NAI::100XIAV017::100XIAV017::663,0.293921202073294,1
2025-11-17,SBA_NAI,100XIAV017,2025-11-17::SBA_NAI::100XIAV017::100XIAV017::678,0.2796348474360602,1
2025-11-17,SBA_NAI,100XIAV017,2025-11-17::SBA_NAI::100XIAV017::100XIAV017::680,0.9922209441184059,2
2025-11-17,SBA_NAI,100XIAV017,2025-11-17::SBA_NAI::100XIAV017::100XIAV017::797,-0.6856495388478487,1
2025-11-17,SBA_NAI,100XIAV018,2025-11-17::SBA_NAI::100XIAV018::100XIAV018::10246,-0.45788444583317606,4
2025-11-17,SBA_NAI,100XIAV018,2025-11-17::SBA_NAI::100XIAV018::100XIAV018::1033,-0.365341152235967,1
2025-11-17,SBA_NAI,100XIAV018,2025-11-17::SBA_NAI::100XIAV018::100XIAV018::10350,0.3634210332555773,1
2025-11-17,SBA_NAI,100XIAV018,2025-11-17::SBA_NAI::100XIAV018::100XIAV018::1048,0.8373182314757698,6
2025-11-17,SBA_NAI,100XIAV018,2025-11-17::SBA_NAI::100XIAV018::100XIAV018::10505,0.9692217500753506,2
2025-11-17,SBA_NAI,100XIAV018,2025-11-17::SBA_NAI::100XIAV018::100XIAV018::10594,-0.43290098899786733,1
2025-11-17,SBA_NAI,100XIAV018,2025-11-17::SBA_NAI::100XIAV018::100XIAV018::1070,0.17007951365802612,2
2025-11-17,SBA_NAI,100XIAV018,2025-11-17::SBA_NAI::100XIAV018::100XIAV018::1073,0.7788823574694993,8
2025-11-17,SBA_NAI,100XIAV018,2025-11-17::SBA_NAI::100XIAV018::100XIAV018::1090,0.5828345276411044,1
2025-11-17,SBA_NAI,100XIAV018,2025-11-17::SBA_NAI::100XIAV018::100XIAV018::1091,-0.6972435159176819,4
2025-11-17,SBA_NAI,100XIAV018,2025-11-17::SBA_NAI::100XIAV018::100XIAV018::1103,-0.6297547916542157,1
2025-11-17,SBA_NAI,100XIAV018,2025-11-17::SBA_NAI::100XIAV018::100XIAV018::11047,-0.18877457087729993,1
2025-11-17,SBA_NAI,100XIAV018,2025-11-17::SBA_NAI::100XIAV018::100XIAV018::11082,0.7814947076612182,1
2025-11-17,SBA_NAI,100XIAV018,2025-11-17::SBA_NAI::100XIAV018::100XIAV018::1117,-0.651554279937575,1
2025-11-17,SBA_NAI,100XIAV018,2025-11-17::SBA_NAI::100XIAV018::100XIAV018::1149,0.9977522291608077,1
2025-11-17,SBA_NAI,100XIAV018,2025-11-17::SBA_NAI::100XIAV018::100XIAV018::11780,0.7792007068474388,1
2025-11-17,SBA_NAI,100XIAV018,2025-11-17::SBA_NAI::100XIAV018::100XIAV018::1179,0.5153353344795967,2
2025-11-17,SBA_NAI,100XIAV018,2025-11-17::SBA_NAI::100XIAV018::100XIAV018::11797,-0.24073428676688824,3
2025-11-17,SBA_NAI,100XIAV018,2025-11-17::SBA_NAI::100XIAV018::100XIAV018::1185,0.8061544949634073,3
2025-11-17,SBA_NAI,100XIAV018,2025-11-17::SBA_NAI::100XIAV018::100XIAV018::1186,0.996347126198941,1
2025-11-17,SBA_NAI,100XIAV018,2025-11-17::SBA_NAI::100XIAV018::100XIAV018::119,0.5389980980491651,4
2025-11-17,SBA_NAI,100XIAV018,2025-11-17::SBA_NAI::100XIAV018::100XIAV018::12069,0.5466057878268658,2
2025-11-17,SBA_NAI,100XIAV018,2025-11-17::SBA_NAI::100XIAV018::100XIAV018::12095,-0.1521229418548301,2
2025-11-17,SBA_NAI,100XIAV018,2025-11-17::SBA_NAI::100XIAV018::100XIAV018::12177,0.9492651210213658,1
2025-11-17,SBA_NAI,100XIAV018,2025-11-17::SBA_NAI::100XIAV018::100XIAV018::1220,-0.5538907683919142,1
2025-11-17,SBA_NAI,100XIAV018,2025-11-17::SBA_NAI::100XIAV018::100XIAV018::1225,-0.03255585166720654,1
2025-11-17,SBA_NAI,100XIAV018,2025-11-17::SBA_NAI::100XIAV018::100XIAV018::12268,0.4229476981132638,5
2025-11-17,SBA_NAI,100XIAV018,2025-11-17::SBA_NAI::100XIAV018::100XIAV018::12297,0.3008961809867853,3
2025-11-17,SBA_NAI,100XIAV018,2025-11-17::SBA_NAI::100XIAV018::100XIAV018::12299,0.2799886899646876,7
2025-11-17,SBA_NAI,100XIAV018,2025-11-17::SBA_NAI::100XIAV018::100XIAV018::1232,0.8857993694398143,3
2025-11-17,SBA_NAI,100XIAV018,2025-11-17::SBA_NAI::100XIAV018::100XIAV018::1237,-0.8761202172349316,2
2025-11-17,SBA_NAI,100XIAV018,2025-11-17::SBA_NAI::100XIAV018::100XIAV018::125,0.5091976912675706,2
2025-11-17,SBA_NAI,100XIAV018,2025-11-17::SBA_NAI::100XIAV018::100XIAV018::1263,0.3029566095988893,5
2025-11-17,SBA_NAI,100XIAV018,2025-11-17::SBA_NAI::100XIAV018::100XIAV018::12694,-0.5696530103622597,1
2025-11-17,SBA_NAI,100XIAV018,2025-11-17::SBA_NAI::100XIAV018::100XIAV018::1272,-0.8169730229524953,2
2025-11-17,SBA_NAI,100XIAV018,2025-11-17::SBA_NAI::100XIAV018::100XIAV018::12832,-0.8142318274511239,1
2025-11-17,SBA_NAI,100XIAV018,2025-11-17::SBA_NAI::100XIAV018::100XIAV018::1291,0.8970652059583836,1
2025-11-17,SBA_NAI,100XIAV018,2025-11-17::SBA_NAI::100XIAV018::100XIAV018::13153,0.9306458069324175,1
2025-11-17,SBA_NAI,100XIAV018,2025-11-17::SBA_NAI::100XIAV018::100XIAV018::1323,-0.914357647912294,1
2025-11-17,SBA_NAI,100XIAV018,2025-11-17::SBA_NAI::100XIAV018::100XIAV018::1324,0.1369006915272642,7
2025-11-17,SBA_NAI,100XIAV018,2025-11-17::SBA_NAI::100XIAV018::100XIAV018::13257,-0.20310318191414392,3
2025-11-17,SBA_NAI,100XIAV018,2025-11-17::SBA_NAI::100XIAV018::100XIAV018::13447,-0.4706865269463798,1
2025-11-17,SBA_NAI,100XIAV018,2025-11-17::SBA_NAI::100XIAV018::100XIAV018::13581,0.42858180490780234,3
2025-11-17,SBA_NAI,100XIAV018,2025-11-17::SBA_NAI::100XIAV018::100XIAV018::13592,0.19655221380662674,2
2025-11-17,SBA_NAI,100XIAV018,2025-11-17::SBA_NAI::100XIAV018::100XIAV018::136,-0.7775378498805172,2
2025-11-17,SBA_NAI,100XIAV018,2025-11-17::SBA_NAI::100XIAV018::100XIAV018::13603,-0.21094436993263194,2
2025-11-17,SBA_NAI,100XIAV018,2025-11-17::SBA_NAI::100XIAV018::100XIAV018::1366,0.292121963743698,1
2025-11-17,SBA_NAI,100XIAV018,2025-11-17::SBA_NAI::100XIAV018::100XIAV018::13768,-0.9332141723743084,1
2025-11-17,SBA_NAI,100XIAV018,2025-11-17::SBA_NAI::100XIAV018::100XIAV018::1387,0.6055458416558176,3
2025-11-17,SBA_NAI,100XIAV018,2025-11-17::SBA_NAI::100XIAV018::100XIAV018::13872,0.9652410686168064,1
2025-11-17,SBA_NAI,100XIAV018,2025-11-17::SBA_NAI::100XIAV018::100XIAV018::1395,0.88904933647637,1
2025-11-17,SBA_NAI,100XIAV018,2025-11-17::SBA_NAI::100XIAV018::100XIAV018::13959,0.8655959714188366,1
2025-11-17,SBA_NAI,100XIAV018,2025-11-17::SBA_NAI::100XIAV018::100XIAV018::14,-0.30489021784851333,1
2025-11-17,SBA_NAI,100XIAV018,2025-11-17::SBA_NAI::100XIAV018::100XIAV018::14101,-0.9380316751035711,1
2025-11-17,SBA_NAI,100XIAV018,2025-11-17::SBA_NAI::100XIAV018::100XIAV018::14250,0.715471548791695,1
2025-11-17,SBA_NAI,100XIAV018,2025-11-17::SBA_NAI::100XIAV018::100XIAV018::1445,0.9384206869326754,2
2025-11-17,SBA_NAI,100XIAV018,2025-11-17::SBA_NAI::100XIAV018::100XIAV018::14644,0.1934140022259877,2
2025-11-17,SBA_NAI,100XIAV018,2025-11-17::SBA_NAI::100XIAV018::100XIAV018::15,0.37976617224204096,4
2025-11-17,SBA_NAI,100XIAV018,2025-11-17::SBA_NAI::100XIAV018::100XIAV018::15201,0.1706414720948009,2
2025-11-17,SBA_NAI,100XIAV018,2025-11-17::SBA_NAI::100XIAV018::100XIAV018::15239,-0.9675908113851236,1
2025-11-17,SBA_NAI,100XIAV018,2025-11-17::SBA_NAI::100XIAV018::100XIAV018::153,-0.26736878537501363,3
2025-11-17,SBA_NAI,100XIAV018,2025-11-17::SBA_NAI::100XIAV018::100XIAV018::1543,0.1794173684026027,2
2025-11-17,SBA_NAI,100XIAV018,2025-11-17::SBA_NAI::100XIAV018::100XIAV018::15574,0.8637744105080023,1
2025-11-17,SBA_NAI,100XIAV018,2025-11-17::SBA_NAI::100XIAV018::100XIAV018::1564,-0.8278137377640039,1
2025-11-17,SBA_NAI,100XIAV018,2025-11-17::SBA_NAI::100XIAV018::100XIAV018::16027,0.6625149711971383,2
2025-11-17,SBA_NAI,100XIAV018,2025-11-17::SBA_NAI::100XIAV018::100XIAV018::16202,0.5180461299510862,2
2025-11-17,SBA_NAI,100XIAV018,2025-11-17::SBA_NAI::100XIAV018::100XIAV018::16516,0.9556823540763816,3
2025-11-17,SBA_NAI,100XIAV018,2025-11-17::SBA_NAI::100XIAV018::100XIAV018::17028,-0.43421968903105645,2
2025-11-17,SBA_NAI,100XIAV018,2025-11-17::SBA_NAI::100XIAV018::100XIAV018::17212,0.9899691897197992,1
2025-11-17,SBA_NAI,100XIAV018,2025-11-17::SBA_NAI::100XIAV018::100XIAV018::17986,0.9023424535015501,2
2025-11-17,SBA_NAI,100XIAV018,2025-11-17::SBA_NAI::100XIAV018::100XIAV018::18,0.42399707018210075,6
2025-11-17,SBA_NAI,100XIAV018,2025-11-17::SBA_NAI::100XIAV018::100XIAV018::180,-0.21948675197341033,1
2025-11-17,SBA_NAI,100XIAV018,2025-11-17::SBA_NAI::100XIAV018::100XIAV018::183,0.9423494305243698,1
2025-11-17,SBA_NAI,100XIAV018,2025-11-17::SBA_NAI::100XIAV018::100XIAV018::18983,0.9667773784892677,1
2025-11-17,SBA_NAI,100XIAV018,2025-11-17::SBA_NAI::100XIAV018::100XIAV018::19000,0.9355070672755996,1
2025-11-17,SBA_NAI,100XIAV018,2025-11-17::SBA_NAI::100XIAV018::100XIAV018::192,-0.16634369309757843,3
2025-11-17,SBA_NAI,100XIAV018,2025-11-17::SBA_NAI::100XIAV018::100XIAV018::205,0.8150611090304338,31
2025-11-17,SBA_NAI,100XIAV018,2025-11-17::SBA_NAI::100XIAV018::100XIAV018::2119,0.3483812835031449,1
2025-11-17,SBA_NAI,100XIAV018,2025-11-17::SBA_NAI::100XIAV018::100XIAV018::22,-0.3071572975703409,3
2025-11-17,SBA_NAI,100XIAV018,2025-11-17::SBA_NAI::100XIAV018::100XIAV018::232,-0.9705719798687448,1
2025-11-17,SBA_NAI,100XIAV018,2025-11-17::SBA_NAI::100XIAV018::100XIAV018::233,0.7877564993548601,1
2025-11-17,SBA_NAI,100XIAV018,2025-11-17::SBA_NAI::100XIAV018::100XIAV018::2359,0.9616346055176226,1
2025-11-17,SBA_NAI,100XIAV018,2025-11-17::SBA_NAI::100XIAV018::100XIAV018::2428,0.652050101922448,2
2025-11-17,SBA_NAI,100XIAV018,2025-11-17::SBA_NAI::100XIAV018::100XIAV018::258,0.8613989412298471,2
2025-11-17,SBA_NAI,100XIAV018,2025-11-17::SBA_NAI::100XIAV018::100XIAV018::276,-0.1908825970360205,2
2025-11-17,SBA_NAI,100XIAV018,2025-11-17::SBA_NAI::100XIAV018::100XIAV018::2916,0.02688488089125307,2
2025-11-17,SBA_NAI,100XIAV018,2025-11-17::SBA_NAI::100XIAV018::100XIAV018::3033,0.4052242835408547,1
2025-11-17,SBA_NAI,100XIAV018,2025-11-17::SBA_NAI::100XIAV018::100XIAV018::3046,-0.6488250030629346,2
2025-11-17,SBA_NAI,100XIAV018,2025-11-17::SBA_NAI::100XIAV018::100XIAV018::309,-0.708806780266752,1
2025-11-17,SBA_NAI,100XIAV018,2025-11-17::SBA_NAI::100XIAV018::100XIAV018::3303,0.29057161427323563,2
2025-11-17,SBA_NAI,100XIAV018,2025-11-17::SBA_NAI::100XIAV018::100XIAV018::3327,0.45077301325676083,1
2025-11-17,SBA_NAI,100XIAV018,2025-11-17::SBA_NAI::100XIAV018::100XIAV018::3352,0.935302194218813,5
2025-11-17,SBA_NAI,100XIAV018,2025-11-17::SBA_NAI::100XIAV018::100XIAV018::3370,0.5260960073195912,4
2025-11-17,SBA_NAI,100XIAV018,2025-11-17::SBA_NAI::100XIAV018::100XIAV018::3385,-0.10676947529532754,2
2025-11-17,SBA_NAI,100XIAV018,2025-11-17::SBA_NAI::100XIAV018::100XIAV018::369,0.354526805327889,6
2025-11-17,SBA_NAI,100XIAV018,2025-11-17::SBA_NAI::100XIAV018::100XIAV018::383,-0.9644767813117145,1
2025-11-17,SBA_NAI,100XIAV018,2025-11-17::SBA_NAI::100XIAV018::100XIAV018::384,0.9333182900752135,1
2025-11-17,SBA_NAI,100XIAV018,2025-11-17::SBA_NAI::100XIAV018::100XIAV018::3932,-0.41146704922488453,1
2025-11-17,SBA_NAI,100XIAV018,2025-11-17::SBA_NAI::100XIAV018::100XIAV018::40,0.9607110291959287,1
2025-11-17,SBA_NAI,100XIAV018,2025-11-17::SBA_NAI::100XIAV018::100XIAV018::4023,-0.8531102200833542,2
2025-11-17,SBA_NAI,100XIAV018,2025-11-17::SBA_NAI::100XIAV018::100XIAV018::410,0.7047939805193899,5
2025-11-17,SBA_NAI,100XIAV018,2025-11-17::SBA_NAI::100XIAV018::100XIAV018::4305,0.9432772272850383,4
2025-11-17,SBA_NAI,100XIAV018,2025-11-17::SBA_NAI::100XIAV018::100XIAV018::4393,0.9968406256374529,2
2025-11-17,SBA_NAI,100XIAV018,2025-11-17::SBA_NAI::100XIAV018::100XIAV018::441,0.37267278766706746,3
2025-11-17,SBA_NAI,100XIAV018,2025-11-17::SBA_NAI::100XIAV018::100XIAV018::4528,0.8581410357929172,1
2025-11-17,SBA_NAI,100XIAV018,2025-11-17::SBA_NAI::100XIAV018::100XIAV018::453,-0.9703979362759737,1
2025-11-17,SBA_NAI,100XIAV018,2025-11-17::SBA_NAI::100XIAV018::100XIAV018::4912,0.27159462629944503,8
2025-11-17,SBA_NAI,100XIAV018,2025-11-17::SBA_NAI::100XIAV018::100XIAV018::492,0.9913506241983074,1
2025-11-17,SBA_NAI,100XIAV018,2025-11-17::SBA_NAI::100XIAV018::100XIAV018::504,0.9324554779758236,1
2025-11-17,SBA_NAI,100XIAV018,2025-11-17::SBA_NAI::100XIAV018::100XIAV018::514,-0.5884360357908687,1
2025-11-17,SBA_NAI,100XIAV018,2025-11-17::SBA_NAI::100XIAV018::100XIAV018::5225,0.8803906807123402,3
2025-11-17,SBA_NAI,100XIAV018,2025-11-17::SBA_NAI::100XIAV018::100XIAV018::528,-0.23375297638777953,1
2025-11-17,SBA_NAI,100XIAV018,2025-11-17::SBA_NAI::100XIAV018::100XIAV018::534,-0.0881157292748897,2
2025-11-17,SBA_NAI,100XIAV018,2025-11-17::SBA_NAI::100XIAV018::100XIAV018::5462,0.9297400856064368,2
2025-11-17,SBA_NAI,100XIAV018,2025-11-17::SBA_NAI::100XIAV018::100XIAV018::5675,-0.8142376965175864,1
2025-11-17,SBA_NAI,100XIAV018,2025-11-17::SBA_NAI::100XIAV018::100XIAV018::5787,-0.9868711826968112,1
2025-11-17,SBA_NAI,100XIAV018,2025-11-17::SBA_NAI::100XIAV018::100XIAV018::602,0.7011405782355091,2
2025-11-17,SBA_NAI,100XIAV018,2025-11-17::SBA_NAI::100XIAV018::100XIAV018::608,0.9918453003500056,2
2025-11-17,SBA_NAI,100XIAV018,2025-11-17::SBA_NAI::100XIAV018::100XIAV018::6096,-0.06494614185722397,2
2025-11-17,SBA_NAI,100XIAV018,2025-11-17::SBA_NAI::100XIAV018::100XIAV018::6301,-0.17297289613625522,4
2025-11-17,SBA_NAI,100XIAV018,2025-11-17::SBA_NAI::100XIAV018::100XIAV018::6469,0.05245740647557062,2
2025-11-17,SBA_NAI,100XIAV018,2025-11-17::SBA_NAI::100XIAV018::100XIAV018::6536,-0.03769410278938816,2
2025-11-17,SBA_NAI,100XIAV018,2025-11-17::SBA_NAI::100XIAV018::100XIAV018::6580,0.9703329584416236,1
2025-11-17,SBA_NAI,100XIAV018,2025-11-17::SBA_NAI::100XIAV018::100XIAV018::6734,0.5198651263600395,2
2025-11-17,SBA_NAI,100XIAV018,2025-11-17::SBA_NAI::100XIAV018::100XIAV018::675,-0.9586253500720745,1
2025-11-17,SBA_NAI,100XIAV018,2025-11-17::SBA_NAI::100XIAV018::100XIAV018::6756,0.14591838896951614,3
2025-11-17,SBA_NAI,100XIAV018,2025-11-17::SBA_NAI::100XIAV018::100XIAV018::6757,0.7998707531663154,2
2025-11-17,SBA_NAI,100XIAV018,2025-11-17::SBA_NAI::100XIAV018::100XIAV018::682,-0.9867399920021906,2
2025-11-17,SBA_NAI,100XIAV018,2025-11-17::SBA_NAI::100XIAV018::100XIAV018::699,0.8261305645990364,1
2025-11-17,SBA_NAI,100XIAV018,2025-11-17::SBA_NAI::100XIAV018::100XIAV018::7023,0.837078522179325,3
2025-11-17,SBA_NAI,100XIAV018,2025-11-17::SBA_NAI::100XIAV018::100XIAV018::708,-0.9532364596116202,2
2025-11-17,SBA_NAI,100XIAV018,2025-11-17::SBA_NAI::100XIAV018::100XIAV018::7460,0.30270736513003077,1
2025-11-17,SBA_NAI,100XIAV018,2025-11-17::SBA_NAI::100XIAV018::100XIAV018::747,0.13112145409253673,1
2025-11-17,SBA_NAI,100XIAV018,2025-11-17::SBA_NAI::100XIAV018::100XIAV018::755,0.7245316137184548,2
2025-11-17,SBA_NAI,100XIAV018,2025-11-17::SBA_NAI::100XIAV018::100XIAV018::756,0.9821486867001701,2
2025-11-17,SBA_NAI,100XIAV018,2025-11-17::SBA_NAI::100XIAV018::100XIAV018::766,-0.9493270019596027,1
2025-11-17,SBA_NAI,100XIAV018,2025-11-17::SBA_NAI::100XIAV018::100XIAV018::7727,-0.9993311308646825,1
2025-11-17,SBA_NAI,100XIAV018,2025-11-17::SBA_NAI::100XIAV018::100XIAV018::773,-0.7135941696344469,1
2025-11-17,SBA_NAI,100XIAV018,2025-11-17::SBA_NAI::100XIAV018::100XIAV018::781,0.11824396066462972,1
2025-11-17,SBA_NAI,100XIAV018,2025-11-17::SBA_NAI::100XIAV018::100XIAV018::804,0.2762023579812255,7
2025-11-17,SBA_NAI,100XIAV018,2025-11-17::SBA_NAI::100XIAV018::100XIAV018::811,0.9371168244041757,2
2025-11-17,SBA_NAI,100XIAV018,2025-11-17::SBA_NAI::100XIAV018::100XIAV018::8118,-0.8154528604119257,1
2025-11-17,SBA_NAI,100XIAV018,2025-11-17::SBA_NAI::100XIAV018::100XIAV018::8264,-0.15365478237920477,1
2025-11-17,SBA_NAI,100XIAV018,2025-11-17::SBA_NAI::100XIAV018::100XIAV018::8506,-0.05820022836692057,2
2025-11-17,SBA_NAI,100XIAV018,2025-11-17::SBA_NAI::100XIAV018::100XIAV018::8529,0.7175514407039516,1
2025-11-17,SBA_NAI,100XIAV018,2025-11-17::SBA_NAI::100XIAV018::100XIAV018::88,-0.901348637586735,1
2025-11-17,SBA_NAI,100XIAV018,2025-11-17::SBA_NAI::100XIAV018::100XIAV018::8829,0.6746873597562905,4
2025-11-17,SBA_NAI,100XIAV018,2025-11-17::SBA_NAI::100XIAV018::100XIAV018::8908,0.9092644914188605,1
2025-11-17,SBA_NAI,100XIAV018,2025-11-17::SBA_NAI::100XIAV018::100XIAV018::8958,-0.9129445584338762,1
2025-11-17,SBA_NAI,100XIAV018,2025-11-17::SBA_NAI::100XIAV018::100XIAV018::90,0.9099649848078976,3
2025-11-17,SBA_NAI,100XIAV018,2025-11-17::SBA_NAI::100XIAV018::100XIAV018::9318,-0.9089389137908805,1
2025-11-17,SBA_NAI,100XIAV018,2025-11-17::SBA_NAI::100XIAV018::100XIAV018::9349,-0.9997037389441887,1
2025-11-17,SBA_NAI,100XIAV018,2025-11-17::SBA_NAI::100XIAV018::100XIAV018::9374,-0.8894289708694995,3
2025-11-17,SBA_NAI,100XIAV018,2025-11-17::SBA_NAI::100XIAV018::100XIAV018::941,0.9046488677830672,2
2025-11-17,SBA_NAI,100XIAV018,2025-11-17::SBA_NAI::100XIAV018::100XIAV018::9431,-0.6465006516448355,2
2025-11-17,SBA_NAI,100XIAV018,2025-11-17::SBA_NAI::100XIAV018::100XIAV018::9597,4.316327301423506e-05,2
2025-11-17,SBA_NAI,100XIAV018,2025-11-17::SBA_NAI::100XIAV018::100XIAV018::9670,-0.2095622761976666,2
2025-11-17,SBA_NAI,100XIAV018,2025-11-17::SBA_NAI::100XIAV018::100XIAV018::9807,0.2741323031923885,7
2025-11-17,SBA_NAI,100XIAV018,2025-11-17::SBA_NAI::100XIAV018::100XIAV018::993,-0.7412721806016205,1
2025-11-17,SBA_NAI,100XIAV018,2025-11-17::SBA_NAI::100XIAV018::100XIAV018::996,0.8828758309363116,2
2025-11-17,SBA_NAI,100XIAV019,2025-11-17::SBA_NAI::100XIAV019::100XIAV019::1017,0.5902914748110409,4
2025-11-17,SBA_NAI,100XIAV019,2025-11-17::SBA_NAI::100XIAV019::100XIAV019::10493,-0.5466236667429156,1
2025-11-17,SBA_NAI,100XIAV019,2025-11-17::SBA_NAI::100XIAV019::100XIAV019::1065,0.4287505980841546,5
2025-11-17,SBA_NAI,100XIAV019,2025-11-17::SBA_NAI::100XIAV019::100XIAV019::1114,-0.8745543652545403,1
2025-11-17,SBA_NAI,100XIAV019,2025-11-17::SBA_NAI::100XIAV019::100XIAV019::11491,0.9709219189973126,1
2025-11-17,SBA_NAI,100XIAV019,2025-11-17::SBA_NAI::100XIAV019::100XIAV019::116,-0.739217719403035,4
2025-11-17,SBA_NAI,100XIAV019,2025-11-17::SBA_NAI::100XIAV019::100XIAV019::1232,0.7892259776334761,3
2025-11-17,SBA_NAI,100XIAV019,2025-11-17::SBA_NAI::100XIAV019::100XIAV019::1472,0.9801233843495116,3
2025-11-17,SBA_NAI,100XIAV019,2025-11-17::SBA_NAI::100XIAV019::100XIAV019::1540,-0.9523046364993761,1
2025-11-17,SBA_NAI,100XIAV019,2025-11-17::SBA_NAI::100XIAV019::100XIAV019::1600,-0.7051870009959588,1
2025-11-17,SBA_NAI,100XIAV019,2025-11-17::SBA_NAI::100XIAV019::100XIAV019::1905,0.8486806002447395,1
2025-11-17,SBA_NAI,100XIAV019,2025-11-17::SBA_NAI::100XIAV019::100XIAV019::2138,0.3317618702874287,5
2025-11-17,SBA_NAI,100XIAV019,2025-11-17::SBA_NAI::100XIAV019::100XIAV019::2227,0.9621384430390567,1
2025-11-17,SBA_NAI,100XIAV019,2025-11-17::SBA_NAI::100XIAV019::100XIAV019::239,-0.9990547421798907,1
2025-11-17,SBA_NAI,100XIAV019,2025-11-17::SBA_NAI::100XIAV019::100XIAV019::280,-0.9439934255322879,3
2025-11-17,SBA_NAI,100XIAV019,2025-11-17::SBA_NAI::100XIAV019::100XIAV019::2931,-0.8772724429194084,3
2025-11-17,SBA_NAI,100XIAV019,2025-11-17::SBA_NAI::100XIAV019::100XIAV019::3157,0.9627863122928594,1
2025-11-17,SBA_NAI,100XIAV019,2025-11-17::SBA_NAI::100XIAV019::100XIAV019::3212,0.9631491599755662,2
2025-11-17,SBA_NAI,100XIAV019,2025-11-17::SBA_NAI::100XIAV019::100XIAV019::3384,0.5027431414694696,2
2025-11-17,SBA_NAI,100XIAV019,2025-11-17::SBA_NAI::100XIAV019::100XIAV019::3463,0.24995049974434788,4
2025-11-17,SBA_NAI,100XIAV019,2025-11-17::SBA_NAI::100XIAV019::100XIAV019::3509,-0.6902027143579617,5
2025-11-17,SBA_NAI,100XIAV019,2025-11-17::SBA_NAI::100XIAV019::100XIAV019::3526,0.8648183063616037,2
2025-11-17,SBA_NAI,100XIAV019,2025-11-17::SBA_NAI::100XIAV019::100XIAV019::379,-0.984419468901388,1
2025-11-17,SBA_NAI,100XIAV019,2025-11-17::SBA_NAI::100XIAV019::100XIAV019::43,-0.8263294785593747,1
2025-11-17,SBA_NAI,100XIAV019,2025-11-17::SBA_NAI::100XIAV019::100XIAV019::4478,0.5885532862648735,2
2025-11-17,SBA_NAI,100XIAV019,2025-11-17::SBA_NAI::100XIAV019::100XIAV019::4751,-0.38908765052799904,1
2025-11-17,SBA_NAI,100XIAV019,2025-11-17::SBA_NAI::100XIAV019::100XIAV019::4866,-0.9980528237115271,1
2025-11-17,SBA_NAI,100XIAV019,2025-11-17::SBA_NAI::100XIAV019::100XIAV019::515,0.954094546569036,1
2025-11-17,SBA_NAI,100XIAV019,2025-11-17::SBA_NAI::100XIAV019::100XIAV019::566,0.9987548713137797,1
2025-11-17,SBA_NAI,100XIAV019,2025-11-17::SBA_NAI::100XIAV019::100XIAV019::5903,0.44586757721451337,2
2025-11-17,SBA_NAI,100XIAV019,2025-11-17::SBA_NAI::100XIAV019::100XIAV019::6,0.45822328797964385,2
2025-11-17,SBA_NAI,100XIAV019,2025-11-17::SBA_NAI::100XIAV019::100XIAV019::6127,-0.7436146055187063,1
2025-11-17,SBA_NAI,100XIAV019,2025-11-17::SBA_NAI::100XIAV019::100XIAV019::6332,-0.07903756674781079,1
2025-11-17,SBA_NAI,100XIAV019,2025-11-17::SBA_NAI::100XIAV019::100XIAV019::638,-0.14901320509581023,1
2025-11-17,SBA_NAI,100XIAV019,2025-11-17::SBA_NAI::100XIAV019::100XIAV019::6441,-0.5921779635628692,4
2025-11-17,SBA_NAI,100XIAV019,2025-11-17::SBA_NAI::100XIAV019::100XIAV019::6460,-0.9936476746481825,1
2025-11-17,SBA_NAI,100XIAV019,2025-11-17::SBA_NAI::100XIAV019::100XIAV019::6471,0.6489693560592706,1
2025-11-17,SBA_NAI,100XIAV019,2025-11-17::SBA_NAI::100XIAV019::100XIAV019::6647,0.4304769878105923,6
2025-11-17,SBA_NAI,100XIAV019,2025-11-17::SBA_NAI::100XIAV019::100XIAV019::6743,0.5418405829192079,1
2025-11-17,SBA_NAI,100XIAV019,2025-11-17::SBA_NAI::100XIAV019::100XIAV019::6750,0.9890871079749666,1
2025-11-17,SBA_NAI,100XIAV019,2025-11-17::SBA_NAI::100XIAV019::100XIAV019::705,0.9927548426771675,1
2025-11-17,SBA_NAI,100XIAV019,2025-11-17::SBA_NAI::100XIAV019::100XIAV019::720,0.9886196453137792,1
2025-11-17,SBA_NAI,100XIAV019,2025-11-17::SBA_NAI::100XIAV019::100XIAV019::7227,0.8054871077595638,2
2025-11-17,SBA_NAI,100XIAV019,2025-11-17::SBA_NAI::100XIAV019::100XIAV019::728,0.27634111328309047,2
2025-11-17,SBA_NAI,100XIAV019,2025-11-17::SBA_NAI::100XIAV019::100XIAV019::7732,0.9990306816076697,1
2025-11-17,SBA_NAI,100XIAV019,2025-11-17::SBA_NAI::100XIAV019::100XIAV019::775,-0.5877530381348075,1
2025-11-17,SBA_NAI,100XIAV019,2025-11-17::SBA_NAI::100XIAV019::100XIAV019::777,-0.9253492095429785,1
2025-11-17,SBA_NAI,100XIAV019,2025-11-17::SBA_NAI::100XIAV019::100XIAV019::8379,0.6391293836334173,4
2025-11-17,SBA_NAI,100XIAV019,2025-11-17::SBA_NAI::100XIAV019::100XIAV019::8685,0.7437629975572925,1
2025-11-17,SBA_NAI,100XIAV019,2025-11-17::SBA_NAI::100XIAV019::100XIAV019::938,-0.7337755356623016,1
2025-11-17,SBA_NAI,100XIAV019,2025-11-17::SBA_NAI::100XIAV019::100XIAV019::942,0.5166159198487738,3
2025-11-17,SBA_NAI,100XIAV019,2025-11-17::SBA_NAI::100XIAV019::100XIAV019::96,0.27896917932383475,11
2025-11-17,SBA_noNAI,100XIAV006,2025-11-17::SBA_noNAI::100XIAV006::100XIAV006::1145,-0.9598634501850941,2
2025-11-17,SBA_noNAI,100XIAV006,2025-11-17::SBA_noNAI::100XIAV006::100XIAV006::1204,0.9920849163771648,1
2025-11-17,SBA_noNAI,100XIAV006,2025-11-17::SBA_noNAI::100XIAV006::100XIAV006::1215,0.5166712407211966,1
2025-11-17,SBA_noNAI,100XIAV006,2025-11-17::SBA_noNAI::100XIAV006::100XIAV006::142,0.8090150930858668,1
2025-11-17,SBA_noNAI,100XIAV006,2025-11-17::SBA_noNAI::100XIAV006::100XIAV006::164,-0.20332643448167673,1
2025-11-17,SBA_noNAI,100XIAV006,2025-11-17::SBA_noNAI::100XIAV006::100XIAV006::1688,0.9286508172926444,3
2025-11-17,SBA_noNAI,100XIAV006,2025-11-17::SBA_noNAI::100XIAV006::100XIAV006::2335,0.9808462704645381,1
2025-11-17,SBA_noNAI,100XIAV006,2025-11-17::SBA_noNAI::100XIAV006::100XIAV006::2376,-0.21768055959833987,1
2025-11-17,SBA_noNAI,100XIAV006,2025-11-17::SBA_noNAI::100XIAV006::100XIAV006::266,-0.9984863493856517,1
2025-11-17,SBA_noNAI,100XIAV006,2025-11-17::SBA_noNAI::100XIAV006::100XIAV006::2881,0.5000007027535415,1
2025-11-17,SBA_noNAI,100XIAV006,2025-11-17::SBA_noNAI::100XIAV006::100XIAV006::2978,-0.2879010265251141,1
2025-11-17,SBA_noNAI,100XIAV006,2025-11-17::SBA_noNAI::100XIAV006::100XIAV006::3341,0.9468836102811011,1
2025-11-17,SBA_noNAI,100XIAV006,2025-11-17::SBA_noNAI::100XIAV006::100XIAV006::3566,-0.13726586542266436,2
2025-11-17,SBA_noNAI,100XIAV006,2025-11-17::SBA_noNAI::100XIAV006::100XIAV006::366,-0.5387531996282501,1
2025-11-17,SBA_noNAI,100XIAV006,2025-11-17::SBA_noNAI::100XIAV006::100XIAV006::3705,0.9679824401912155,1
2025-11-17,SBA_noNAI,100XIAV006,2025-11-17::SBA_noNAI::100XIAV006::100XIAV006::3851,-0.28345085834429046,1
2025-11-17,SBA_noNAI,100XIAV006,2025-11-17::SBA_noNAI::100XIAV006::100XIAV006::3875,0.9886984817152795,2
2025-11-17,SBA_noNAI,100XIAV006,2025-11-17::SBA_noNAI::100XIAV006::100XIAV006::403,0.6479786461835761,1
2025-11-17,SBA_noNAI,100XIAV006,2025-11-17::SBA_noNAI::100XIAV006::100XIAV006::46,-0.26247513334817396,1
2025-11-17,SBA_noNAI,100XIAV006,2025-11-17::SBA_noNAI::100XIAV006::100XIAV006::558,0.5273803628692258,1
2025-11-17,SBA_noNAI,100XIAV006,2025-11-17::SBA_noNAI::100XIAV006::100XIAV006::656,-0.9428450091572169,1
2025-11-17,SBA_noNAI,100XIAV006,2025-11-17::SBA_noNAI::100XIAV006::100XIAV006::68,-0.08019593305008295,1
2025-11-17,SBA_noNAI,100XIAV006,2025-11-17::SBA_noNAI::100XIAV006::100XIAV006::72,0.07965410137235662,1
2025-11-17,SBA_noNAI,100XIAV006,2025-11-17::SBA_noNAI::100XIAV006::100XIAV006::747,-0.20038848619289482,1
2025-11-17,SBA_noNAI,100XIAV006,2025-11-17::SBA_noNAI::100XIAV006::100XIAV006::96,0.6715479333793748,2
2025-11-17,SBA_noNAI,100XIAV007,2025-11-17::SBA_noNAI::100XIAV007::100XIAV007::1760,0.9969745629367308,1
2025-11-17,SBA_noNAI,100XIAV007,2025-11-17::SBA_noNAI::100XIAV007::100XIAV007::2078,0.8904281380036503,1
2025-11-17,SBA_noNAI,100XIAV007,2025-11-17::SBA_noNAI::100XIAV007::100XIAV007::248,0.9402088925673304,2
2025-11-17,SBA_noNAI,100XIAV007,2025-11-17::SBA_noNAI::100XIAV007::100XIAV007::267,0.9749806429999899,2
2025-11-17,SBA_noNAI,100XIAV007,2025-11-17::SBA_noNAI::100XIAV007::100XIAV007::287,-0.011700018259545142,1
2025-11-17,SBA_noNAI,100XIAV007,2025-11-17::SBA_noNAI::100XIAV007::100XIAV007::350,-0.9999141336708983,1
2025-11-17,SBA_noNAI,100XIAV007,2025-11-17::SBA_noNAI::100XIAV007::100XIAV007::412,-0.4062708407579616,2
2025-11-17,SBA_noNAI,100XIAV007,2025-11-17::SBA_noNAI::100XIAV007::100XIAV007::44,0.8585283000762415,1
2025-11-17,SBA_noNAI,100XIAV007,2025-11-17::SBA_noNAI::100XIAV007::100XIAV007::740,0.4449222948479353,3
2025-11-17,SBA_noNAI,100XIAV007,2025-11-17::SBA_noNAI::100XIAV007::100XIAV007::87,0.45433242225002857,2
2025-11-17,SBA_noNAI,100XIAV008,2025-11-17::SBA_noNAI::100XIAV008::100XIAV008::149,-0.004626806445922116,2
2025-11-17,SBA_noNAI,100XIAV008,2025-11-17::SBA_noNAI::100XIAV008::100XIAV008::150,0.18352775199226942,6
2025-11-17,SBA_noNAI,100XIAV008,2025-11-17::SBA_noNAI::100XIAV008::100XIAV008::153,0.9995071124735466,1
2025-11-17,SBA_noNAI,100XIAV008,2025-11-17::SBA_noNAI::100XIAV008::100XIAV008::176,0.9730451583145244,1
2025-11-17,SBA_noNAI,100XIAV008,2025-11-17::SBA_noNAI::100XIAV008::100XIAV008::208,0.5724825203605388,5
2025-11-17,SBA_noNAI,100XIAV008,2025-11-17::SBA_noNAI::100XIAV008::100XIAV008::268,0.24949024724786875,6
2025-11-17,SBA_noNAI,100XIAV008,2025-11-17::SBA_noNAI::100XIAV008::100XIAV008::317,0.22434693189982913,3
2025-11-17,SBA_noNAI,100XIAV008,2025-11-17::SBA_noNAI::100XIAV008::100XIAV008::3282,0.13440708055442835,7
2025-11-17,SBA_noNAI,100XIAV008,2025-11-17::SBA_noNAI::100XIAV008::100XIAV008::3314,-0.8041404654685438,1
2025-11-17,SBA_noNAI,100XIAV008,2025-11-17::SBA_noNAI::100XIAV008::100XIAV008::332,0.9764924589388659,1
2025-11-17,SBA_noNAI,100XIAV008,2025-11-17::SBA_noNAI::100XIAV008::100XIAV008::3458,0.9754660966539588,2
2025-11-17,SBA_noNAI,100XIAV008,2025-11-17::SBA_noNAI::100XIAV008::100XIAV008::3585,0.6305434243934877,3
2025-11-17,SBA_noNAI,100XIAV008,2025-11-17::SBA_noNAI::100XIAV008::100XIAV008::3640,0.7991373590811647,1
2025-11-17,SBA_noNAI,100XIAV008,2025-11-17::SBA_noNAI::100XIAV008::100XIAV008::4034,-0.4720306286589393,2
2025-11-17,SBA_noNAI,100XIAV008,2025-11-17::SBA_noNAI::100XIAV008::100XIAV008::4331,0.4226516895803363,2
2025-11-17,SBA_noNAI,100XIAV008,2025-11-17::SBA_noNAI::100XIAV008::100XIAV008::4682,0.5334512681545097,2
2025-11-17,SBA_noNAI,100XIAV008,2025-11-17::SBA_noNAI::100XIAV008::100XIAV008::500,0.5805484723955672,5
2025-11-17,SBA_noNAI,100XIAV008,2025-11-17::SBA_noNAI::100XIAV008::100XIAV008::5372,0.4876873125428954,1
2025-11-17,SBA_noNAI,100XIAV008,2025-11-17::SBA_noNAI::100XIAV008::100XIAV008::5825,0.5035516309554547,3
2025-11-17,SBA_noNAI,100XIAV008,2025-11-17::SBA_noNAI::100XIAV008::100XIAV008::7357,0.5786942157341334,2
2025-11-17,SBA_noNAI,100XIAV008,2025-11-17::SBA_noNAI::100XIAV008::100XIAV008::8099,-0.9483748326212429,1
2025-11-17,SBA_noNAI,100XIAV008,2025-11-17::SBA_noNAI::100XIAV008::100XIAV008::8845,0.269645275554734,4
2025-11-17,SBA_noNAI,100XIAV008,2025-11-17::SBA_noNAI::100XIAV008::100XIAV008::989,0.35506336942313754,1
2025-11-17,SBA_noNAI,100XIAV009,2025-11-17::SBA_noNAI::100XIAV009::100XIAV009::10544,0.9211540508742075,4
2025-11-17,SBA_noNAI,100XIAV009,2025-11-17::SBA_noNAI::100XIAV009::100XIAV009::11084,0.7164268230782569,6
2025-11-17,SBA_noNAI,100XIAV009,2025-11-17::SBA_noNAI::100XIAV009::100XIAV009::1239,0.09281874812777952,2
2025-11-17,SBA_noNAI,100XIAV009,2025-11-17::SBA_noNAI::100XIAV009::100XIAV009::12437,0.9563328207745294,3
2025-11-17,SBA_noNAI,100XIAV009,2025-11-17::SBA_noNAI::100XIAV009::100XIAV009::133,-0.9226893839660623,1
2025-11-17,SBA_noNAI,100XIAV009,2025-11-17::SBA_noNAI::100XIAV009::100XIAV009::13343,0.9380896764067702,2
2025-11-17,SBA_noNAI,100XIAV009,2025-11-17::SBA_noNAI::100XIAV009::100XIAV009::14455,-0.33657568806863997,1
2025-11-17,SBA_noNAI,100XIAV009,2025-11-17::SBA_noNAI::100XIAV009::100XIAV009::14751,-0.08052728098861983,1
2025-11-17,SBA_noNAI,100XIAV009,2025-11-17::SBA_noNAI::100XIAV009::100XIAV009::153,0.766235578030088,2
2025-11-17,SBA_noNAI,100XIAV009,2025-11-17::SBA_noNAI::100XIAV009::100XIAV009::168,0.9992646562435463,1
2025-11-17,SBA_noNAI,100XIAV009,2025-11-17::SBA_noNAI::100XIAV009::100XIAV009::183,0.20859238057244414,7
2025-11-17,SBA_noNAI,100XIAV009,2025-11-17::SBA_noNAI::100XIAV009::100XIAV009::276,0.608020349058682,1
2025-11-17,SBA_noNAI,100XIAV009,2025-11-17::SBA_noNAI::100XIAV009::100XIAV009::2903,0.8516046457980968,2
2025-11-17,SBA_noNAI,100XIAV009,2025-11-17::SBA_noNAI::100XIAV009::100XIAV009::344,0.8878841713150102,4
2025-11-17,SBA_noNAI,100XIAV009,2025-11-17::SBA_noNAI::100XIAV009::100XIAV009::399,-0.10058857211268912,1
2025-11-17,SBA_noNAI,100XIAV009,2025-11-17::SBA_noNAI::100XIAV009::100XIAV009::4017,0.42572294910349856,7
2025-11-17,SBA_noNAI,100XIAV009,2025-11-17::SBA_noNAI::100XIAV009::100XIAV009::4283,0.0004053034815859058,2
2025-11-17,SBA_noNAI,100XIAV009,2025-11-17::SBA_noNAI::100XIAV009::100XIAV009::4667,-0.09747175844621914,1
2025-11-17,SBA_noNAI,100XIAV009,2025-11-17::SBA_noNAI::100XIAV009::100XIAV009::467,0.9989925262251117,3
2025-11-17,SBA_noNAI,100XIAV009,2025-11-17::SBA_noNAI::100XIAV009::100XIAV009::4942,0.47655495745125787,2
2025-11-17,SBA_noNAI,100XIAV009,2025-11-17::SBA_noNAI::100XIAV009::100XIAV009::6827,0.7672523843286321,8
2025-11-17,SBA_noNAI,100XIAV009,2025-11-17::SBA_noNAI::100XIAV009::100XIAV009::7856,0.4360452307176376,1
2025-11-17,SBA_noNAI,100XIAV009,2025-11-17::SBA_noNAI::100XIAV009::100XIAV009::8361,0.028950437425888154,1
2025-11-17,SBA_noNAI,100XIAV009,2025-11-17::SBA_noNAI::100XIAV009::100XIAV009::971,-0.9692614913860773,1
2025-11-17,SBA_noNAI,100XIAV010,2025-11-17::SBA_noNAI::100XIAV010::100XIAV010::1740,0.9921706878732981,1
2025-11-17,SBA_noNAI,100XIAV010,2025-11-17::SBA_noNAI::100XIAV010::100XIAV010::203,0.19813819294515753,3
2025-11-17,SBA_noNAI,100XIAV010,2025-11-17::SBA_noNAI::100XIAV010::100XIAV010::304,-0.9586304893111218,2
2025-11-17,SBA_noNAI,100XIAV010,2025-11-17::SBA_noNAI::100XIAV010::100XIAV010::323,0.4259683425863803,1
2025-11-17,SBA_noNAI,100XIAV010,2025-11-17::SBA_noNAI::100XIAV010::100XIAV010::339,-0.4289782719313906,2
2025-11-17,SBA_noNAI,100XIAV010,2025-11-17::SBA_noNAI::100XIAV010::100XIAV010::373,0.9721790239190158,1
2025-11-17,SBA_noNAI,100XIAV010,2025-11-17::SBA_noNAI::100XIAV010::100XIAV010::473,0.8893478431814114,1
2025-11-17,SBA_noNAI,100XIAV010,2025-11-17::SBA_noNAI::100XIAV010::100XIAV010::671,0.2820918431555709,3
2025-11-17,SBA_noNAI,100XIAV010,2025-11-17::SBA_noNAI::100XIAV010::100XIAV010::72,0.5549219002404404,2
2025-11-17,SBA_noNAI,100XIAV010,2025-11-17::SBA_noNAI::100XIAV010::100XIAV010::93,0.8863670629513011,2
2025-11-17,SBA_noNAI,100XIAV011,2025-11-17::SBA_noNAI::100XIAV011::100XIAV011::104,-0.8247692158949494,1
2025-11-17,SBA_noNAI,100XIAV011,2025-11-17::SBA_noNAI::100XIAV011::100XIAV011::158,0.925691618194865,4
2025-11-17,SBA_noNAI,100XIAV011,2025-11-17::SBA_noNAI::100XIAV011::100XIAV011::1698,0.05882296417545835,2
2025-11-17,SBA_noNAI,100XIAV011,2025-11-17::SBA_noNAI::100XIAV011::100XIAV011::189,0.6239841030187558,1
2025-11-17,SBA_noNAI,100XIAV011,2025-11-17::SBA_noNAI::100XIAV011::100XIAV011::200,-0.32254637235010514,3
2025-11-17,SBA_noNAI,100XIAV011,2025-11-17::SBA_noNAI::100XIAV011::100XIAV011::3050,0.9014317814186308,2
2025-11-17,SBA_noNAI,100XIAV011,2025-11-17::SBA_noNAI::100XIAV011::100XIAV011::322,-0.9801009975140735,1
2025-11-17,SBA_noNAI,100XIAV011,2025-11-17::SBA_noNAI::100XIAV011::100XIAV011::344,-0.9999992584015811,1
2025-11-17,SBA_noNAI,100XIAV011,2025-11-17::SBA_noNAI::100XIAV011::100XIAV011::363,0.3338336345293617,1
2025-11-17,SBA_noNAI,100XIAV011,2025-11-17::SBA_noNAI::100XIAV011::100XIAV011::375,0.529900707974384,1
2025-11-17,SBA_noNAI,100XIAV011,2025-11-17::SBA_noNAI::100XIAV011::100XIAV011::51,0.3781185739139461,3
2025-11-17,SBA_noNAI,100XIAV011,2025-11-17::SBA_noNAI::100XIAV011::100XIAV011::517,-0.9624976321230443,1
2025-11-17,SBA_noNAI,100XIAV011,2025-11-17::SBA_noNAI::100XIAV011::100XIAV011::820,-0.05949585506890681,3
2025-11-17,SBA_noNAI,100XIAV012,2025-11-17::SBA_noNAI::100XIAV012::100XIAV012::101,-0.9967005268094375,1
2025-11-17,SBA_noNAI,100XIAV012,2025-11-17::SBA_noNAI::100XIAV012::100XIAV012::1694,-0.28149423323449324,1
2025-11-17,SBA_noNAI,100XIAV012,2025-11-17::SBA_noNAI::100XIAV012::100XIAV012::17,-0.9561795677515541,1
2025-11-17,SBA_noNAI,100XIAV012,2025-11-17::SBA_noNAI::100XIAV012::100XIAV012::192,0.9976252343986655,1
2025-11-17,SBA_noNAI,100XIAV012,2025-11-17::SBA_noNAI::100XIAV012::100XIAV012::2082,0.016084593408939307,2
2025-11-17,SBA_noNAI,100XIAV012,2025-11-17::SBA_noNAI::100XIAV012::100XIAV012::2566,-0.7889961514003544,1
2025-11-17,SBA_noNAI,100XIAV012,2025-11-17::SBA_noNAI::100XIAV012::100XIAV012::26,-0.6591020566188274,3
2025-11-17,SBA_noNAI,100XIAV012,2025-11-17::SBA_noNAI::100XIAV012::100XIAV012::262,0.9868094935692784,3
2025-11-17,SBA_noNAI,100XIAV012,2025-11-17::SBA_noNAI::100XIAV012::100XIAV012::2668,0.9135841485015042,2
2025-11-17,SBA_noNAI,100XIAV012,2025-11-17::SBA_noNAI::100XIAV012::100XIAV012::287,0.9403557360307275,2
2025-11-17,SBA_noNAI,100XIAV012,2025-11-17::SBA_noNAI::100XIAV012::100XIAV012::31,0.9927713152457269,1
2025-11-17,SBA_noNAI,100XIAV012,2025-11-17::SBA_noNAI::100XIAV012::100XIAV012::43,-0.12316999596719791,2
2025-11-17,SBA_noNAI,100XIAV012,2025-11-17::SBA_noNAI::100XIAV012::100XIAV012::4672,-0.7392133218976666,1
2025-11-17,SBA_noNAI,100XIAV012,2025-11-17::SBA_noNAI::100XIAV012::100XIAV012::5031,0.8965304127223099,2
2025-11-17,SBA_noNAI,100XIAV012,2025-11-17::SBA_noNAI::100XIAV012::100XIAV012::5462,0.8530511526447286,4
2025-11-17,SBA_noNAI,100XIAV012,2025-11-17::SBA_noNAI::100XIAV012::100XIAV012::56,0.8923016497219374,1
2025-11-17,SBA_noNAI,100XIAV012,2025-11-17::SBA_noNAI::100XIAV012::100XIAV012::6178,-0.22711190645260415,3
2025-11-17,SBA_noNAI,100XIAV012,2025-11-17::SBA_noNAI::100XIAV012::100XIAV012::882,0.9848405688818147,1
2025-11-17,SBA_noNAI,100XIAV012,2025-11-17::SBA_noNAI::100XIAV012::100XIAV012::947,0.9163885783469907,1
2025-11-17,SBA_noNAI,100XIAV024,2025-11-17::SBA_noNAI::100XIAV024::100XIAV024::1013,0.17869457176558115,1
2025-11-17,SBA_noNAI,100XIAV024,2025-11-17::SBA_noNAI::100XIAV024::100XIAV024::105,-0.7479583447206976,3
2025-11-17,SBA_noNAI,100XIAV024,2025-11-17::SBA_noNAI::100XIAV024::100XIAV024::116,0.3596092367615584,1
2025-11-17,SBA_noNAI,100XIAV024,2025-11-17::SBA_noNAI::100XIAV024::100XIAV024::119,0.8173365635400104,2
2025-11-17,SBA_noNAI,100XIAV024,2025-11-17::SBA_noNAI::100XIAV024::100XIAV024::121,0.910515540219629,2
2025-11-17,SBA_noNAI,100XIAV024,2025-11-17::SBA_noNAI::100XIAV024::100XIAV024::128,-0.1208464571615079,7
2025-11-17,SBA_noNAI,100XIAV024,2025-11-17::SBA_noNAI::100XIAV024::100XIAV024::1379,0.44696136608556686,3
2025-11-17,SBA_noNAI,100XIAV024,2025-11-17::SBA_noNAI::100XIAV024::100XIAV024::1383,-0.17418742768271372,5
2025-11-17,SBA_noNAI,100XIAV024,2025-11-17::SBA_noNAI::100XIAV024::100XIAV024::1387,-0.7178983596147427,2
2025-11-17,SBA_noNAI,100XIAV024,2025-11-17::SBA_noNAI::100XIAV024::100XIAV024::1413,0.5916261091793,2
2025-11-17,SBA_noNAI,100XIAV024,2025-11-17::SBA_noNAI::100XIAV024::100XIAV024::20,-0.027375414724982366,2
2025-11-17,SBA_noNAI,100XIAV024,2025-11-17::SBA_noNAI::100XIAV024::100XIAV024::200,0.9371650893736689,2
2025-11-17,SBA_noNAI,100XIAV024,2025-11-17::SBA_noNAI::100XIAV024::100XIAV024::208,0.5573208327418699,2
2025-11-17,SBA_noNAI,100XIAV024,2025-11-17::SBA_noNAI::100XIAV024::100XIAV024::3,0.014605507369692572,1
2025-11-17,SBA_noNAI,100XIAV024,2025-11-17::SBA_noNAI::100XIAV024::100XIAV024::39,0.15312061033671145,6
2025-11-17,SBA_noNAI,100XIAV024,2025-11-17::SBA_noNAI::100XIAV024::100XIAV024::51,-0.4180264287508468,1
2025-11-17,SBA_noNAI,100XIAV024,2025-11-17::SBA_noNAI::100XIAV024::100XIAV024::527,0.45906824467122515,3
2025-11-17,SBA_noNAI,100XIAV024,2025-11-17::SBA_noNAI::100XIAV024::100XIAV024::56,0.08225026147003682,3
2025-11-17,SBA_noNAI,100XIAV024,2025-11-17::SBA_noNAI::100XIAV024::100XIAV024::628,0.16329199000145306,1
2025-11-17,SBA_noNAI,100XIAV024,2025-11-17::SBA_noNAI::100XIAV024::100XIAV024::632,-0.5850008254802586,4
2025-11-17,SBA_noNAI,100XIAV024,2025-11-17::SBA_noNAI::100XIAV024::100XIAV024::645,0.8373481639383623,1
2025-11-17,SBA_noNAI,100XIAV024,2025-11-17::SBA_noNAI::100XIAV024::100XIAV024::677,-0.5432841713039267,2
2025-11-17,SBA_noNAI,100XIAV024,2025-11-17::SBA_noNAI::100XIAV024::100XIAV024::68,-0.4083418159119905,2
2025-11-17,SBA_noNAI,100XIAV024,2025-11-17::SBA_noNAI::100XIAV024::100XIAV024::72,-0.8642543589683596,2
2025-11-17,SBA_noNAI,100XIAV024,2025-11-17::SBA_noNAI::100XIAV024::100XIAV024::74,0.49922067063244935,5
2025-11-17,SBA_noNAI,100XIAV024,2025-11-17::SBA_noNAI::100XIAV024::100XIAV024::769,0.18618707928589812,1
2025-11-17,SBA_noNAI,100XIAV024,2025-11-17::SBA_noNAI::100XIAV024::100XIAV024::888,0.05425208745012822,2
2025-11-17,SBA_noNAI,100XIAV024,2025-11-17::SBA_noNAI::100XIAV024::100XIAV024::892,0.36569659184005904,7
2025-11-17,SBA_noNAI,100XIAV024,2025-11-17::SBA_noNAI::100XIAV024::100XIAV024::92,0.31529659256318054,3
2025-11-17,SBA_noNAI,100XIAV025,2025-11-17::SBA_noNAI::100XIAV025::100XIAV025::1,-0.11968095937727381,4
2025-11-17,SBA_noNAI,100XIAV025,2025-11-17::SBA_noNAI::100XIAV025::100XIAV025::13,0.15664273414724122,2
2025-11-17,SBA_noNAI,100XIAV025,2025-11-17::SBA_noNAI::100XIAV025::100XIAV025::15,0.17551302845575106,8
2025-11-17,SBA_noNAI,100XIAV025,2025-11-17::SBA_noNAI::100XIAV025::100XIAV025::20,-0.221947332565746,1
2025-11-17,SBA_noNAI,100XIAV025,2025-11-17::SBA_noNAI::100XIAV025::100XIAV025::203,-0.1146734536384931,8
2025-11-17,SBA_noNAI,100XIAV025,2025-11-17::SBA_noNAI::100XIAV025::100XIAV025::21,-0.18534423229470262,8
2025-11-17,SBA_noNAI,100XIAV025,2025-11-17::SBA_noNAI::100XIAV025::100XIAV025::23,0.28137590065902346,7
2025-11-17,SBA_noNAI,100XIAV025,2025-11-17::SBA_noNAI::100XIAV025::100XIAV025::24,-0.39582672944818775,9
2025-11-17,SBA_noNAI,100XIAV025,2025-11-17::SBA_noNAI::100XIAV025::100XIAV025::273,0.2712272167348916,2
2025-11-17,SBA_noNAI,100XIAV025,2025-11-17::SBA_noNAI::100XIAV025::100XIAV025::31,0.9905501262319159,1
2025-11-17,SBA_noNAI,100XIAV025,2025-11-17::SBA_noNAI::100XIAV025::100XIAV025::35,-0.14689596366454907,9
2025-11-17,SBA_noNAI,100XIAV025,2025-11-17::SBA_noNAI::100XIAV025::100XIAV025::41,0.854206157131719,1
2025-11-17,SBA_noNAI,100XIAV025,2025-11-17::SBA_noNAI::100XIAV025::100XIAV025::433,-0.41524628517319323,3
2025-11-17,SBA_noNAI,100XIAV025,2025-11-17::SBA_noNAI::100XIAV025::100XIAV025::6,-0.6983556345327651,2
2025-11-17,SBA_noNAI,100XIAV025,2025-11-17::SBA_noNAI::100XIAV025::100XIAV025::9,0.3352578157953474,5
2025-11-17,SBA_noNAI,100XIAV025,2025-11-17::SBA_noNAI::100XIAV025::100XIAV025::93,0.2792344997705223,3
2025-11-17,SBA_noNAI,100XIAV026,2025-11-17::SBA_noNAI::100XIAV026::100XIAV026::10030,-0.7988746471072536,1
2025-11-17,SBA_noNAI,100XIAV026,2025-11-17::SBA_noNAI::100XIAV026::100XIAV026::10031,0.04030139898654296,8
2025-11-17,SBA_noNAI,100XIAV026,2025-11-17::SBA_noNAI::100XIAV026::100XIAV026::10036,0.08580604947887012,1
2025-11-17,SBA_noNAI,100XIAV026,2025-11-17::SBA_noNAI::100XIAV026::100XIAV026::10041,0.6670347099697429,2
2025-11-17,SBA_noNAI,100XIAV026,2025-11-17::SBA_noNAI::100XIAV026::100XIAV026::10205,-0.210975125500298,4
2025-11-17,SBA_noNAI,100XIAV026,2025-11-17::SBA_noNAI::100XIAV026::100XIAV026::10240,-0.003680722911448442,2
2025-11-17,SBA_noNAI,100XIAV026,2025-11-17::SBA_noNAI::100XIAV026::100XIAV026::10340,-0.4250831478461586,1
2025-11-17,SBA_noNAI,100XIAV026,2025-11-17::SBA_noNAI::100XIAV026::100XIAV026::105,-0.031941975066151235,11
2025-11-17,SBA_noNAI,100XIAV026,2025-11-17::SBA_noNAI::100XIAV026::100XIAV026::10565,0.02398273275567553,7
2025-11-17,SBA_noNAI,100XIAV026,2025-11-17::SBA_noNAI::100XIAV026::100XIAV026::10585,0.21968744403992846,1
2025-11-17,SBA_noNAI,100XIAV026,2025-11-17::SBA_noNAI::100XIAV026::100XIAV026::10615,0.9964345554786368,1
2025-11-17,SBA_noNAI,100XIAV026,2025-11-17::SBA_noNAI::100XIAV026::100XIAV026::107,0.08049225270558526,17
2025-11-17,SBA_noNAI,100XIAV026,2025-11-17::SBA_noNAI::100XIAV026::100XIAV026::1086,0.9829082274315549,1
2025-11-17,SBA_noNAI,100XIAV026,2025-11-17::SBA_noNAI::100XIAV026::100XIAV026::109,-0.11940674733413224,11
2025-11-17,SBA_noNAI,100XIAV026,2025-11-17::SBA_noNAI::100XIAV026::100XIAV026::11011,0.9462095943252331,1
2025-11-17,SBA_noNAI,100XIAV026,2025-11-17::SBA_noNAI::100XIAV026::100XIAV026::11048,0.19298277696535676,2
2025-11-17,SBA_noNAI,100XIAV026,2025-11-17::SBA_noNAI::100XIAV026::100XIAV026::11053,-0.5490622668759835,4
2025-11-17,SBA_noNAI,100XIAV026,2025-11-17::SBA_noNAI::100XIAV026::100XIAV026::112,-0.6371890851981485,1
2025-11-17,SBA_noNAI,100XIAV026,2025-11-17::SBA_noNAI::100XIAV026::100XIAV026::11264,0.9924194206324496,1
2025-11-17,SBA_noNAI,100XIAV026,2025-11-17::SBA_noNAI::100XIAV026::100XIAV026::11362,0.45653487457138975,4
2025-11-17,SBA_noNAI,100XIAV026,2025-11-17::SBA_noNAI::100XIAV026::100XIAV026::1145,-0.3270590935537387,2
2025-11-17,SBA_noNAI,100XIAV026,2025-11-17::SBA_noNAI::100XIAV026::100XIAV026::1190,-0.12361255257901636,12
2025-11-17,SBA_noNAI,100XIAV026,2025-11-17::SBA_noNAI::100XIAV026::100XIAV026::1237,0.8084824112718887,6
2025-11-17,SBA_noNAI,100XIAV026,2025-11-17::SBA_noNAI::100XIAV026::100XIAV026::1265,-0.09859703568886986,10
2025-11-17,SBA_noNAI,100XIAV026,2025-11-17::SBA_noNAI::100XIAV026::100XIAV026::1285,-0.03296551535161485,10
2025-11-17,SBA_noNAI,100XIAV026,2025-11-17::SBA_noNAI::100XIAV026::100XIAV026::131,-0.23522279213605368,6
2025-11-17,SBA_noNAI,100XIAV026,2025-11-17::SBA_noNAI::100XIAV026::100XIAV026::1311,0.8076547146330559,1
2025-11-17,SBA_noNAI,100XIAV026,2025-11-17::SBA_noNAI::100XIAV026::100XIAV026::1403,0.8233353309601097,2
2025-11-17,SBA_noNAI,100XIAV026,2025-11-17::SBA_noNAI::100XIAV026::100XIAV026::15,-0.9443421521098196,1
2025-11-17,SBA_noNAI,100XIAV026,2025-11-17::SBA_noNAI::100XIAV026::100XIAV026::1551,0.3603918559613637,9
2025-11-17,SBA_noNAI,100XIAV026,2025-11-17::SBA_noNAI::100XIAV026::100XIAV026::1698,-0.3832992629596901,1
2025-11-17,SBA_noNAI,100XIAV026,2025-11-17::SBA_noNAI::100XIAV026::100XIAV026::1799,-0.06103914371261718,4
2025-11-17,SBA_noNAI,100XIAV026,2025-11-17::SBA_noNAI::100XIAV026::100XIAV026::1857,0.318318929259583,3
2025-11-17,SBA_noNAI,100XIAV026,2025-11-17::SBA_noNAI::100XIAV026::100XIAV026::1985,-0.04097345195212462,2
2025-11-17,SBA_noNAI,100XIAV026,2025-11-17::SBA_noNAI::100XIAV026::100XIAV026::1987,0.13769714398755867,10
2025-11-17,SBA_noNAI,100XIAV026,2025-11-17::SBA_noNAI::100XIAV026::100XIAV026::201,0.5971582290839095,6
2025-11-17,SBA_noNAI,100XIAV026,2025-11-17::SBA_noNAI::100XIAV026::100XIAV026::2026,0.26206001199214385,4
2025-11-17,SBA_noNAI,100XIAV026,2025-11-17::SBA_noNAI::100XIAV026::100XIAV026::2076,0.4230335989091422,1
2025-11-17,SBA_noNAI,100XIAV026,2025-11-17::SBA_noNAI::100XIAV026::100XIAV026::2175,0.618079199823541,4
2025-11-17,SBA_noNAI,100XIAV026,2025-11-17::SBA_noNAI::100XIAV026::100XIAV026::22,-0.26771359658167737,2
2025-11-17,SBA_noNAI,100XIAV026,2025-11-17::SBA_noNAI::100XIAV026::100XIAV026::2204,0.7138890571919014,4
2025-11-17,SBA_noNAI,100XIAV026,2025-11-17::SBA_noNAI::100XIAV026::100XIAV026::2241,-0.2745314169732562,1
2025-11-17,SBA_noNAI,100XIAV026,2025-11-17::SBA_noNAI::100XIAV026::100XIAV026::2495,0.9226553652760022,1
2025-11-17,SBA_noNAI,100XIAV026,2025-11-17::SBA_noNAI::100XIAV026::100XIAV026::2506,-0.3705852580512421,5
2025-11-17,SBA_noNAI,100XIAV026,2025-11-17::SBA_noNAI::100XIAV026::100XIAV026::2581,0.019191357925032394,10
2025-11-17,SBA_noNAI,100XIAV026,2025-11-17::SBA_noNAI::100XIAV026::100XIAV026::2641,0.9621246261770972,2
2025-11-17,SBA_noNAI,100XIAV026,2025-11-17::SBA_noNAI::100XIAV026::100XIAV026::2676,0.9473967149485496,2
2025-11-17,SBA_noNAI,100XIAV026,2025-11-17::SBA_noNAI::100XIAV026::100XIAV026::2770,0.2835433044499167,6
2025-11-17,SBA_noNAI,100XIAV026,2025-11-17::SBA_noNAI::100XIAV026::100XIAV026::2792,-0.36867208383525457,2
2025-11-17,SBA_noNAI,100XIAV026,2025-11-17::SBA_noNAI::100XIAV026::100XIAV026::28,0.14857025758544593,24
2025-11-17,SBA_noNAI,100XIAV026,2025-11-17::SBA_noNAI::100XIAV026::100XIAV026::29,-0.5944021283552692,5
2025-11-17,SBA_noNAI,100XIAV026,2025-11-17::SBA_noNAI::100XIAV026::100XIAV026::2940,0.8331966696717025,4
2025-11-17,SBA_noNAI,100XIAV026,2025-11-17::SBA_noNAI::100XIAV026::100XIAV026::2968,-0.1330645454281235,2
2025-11-17,SBA_noNAI,100XIAV026,2025-11-17::SBA_noNAI::100XIAV026::100XIAV026::3001,0.27759352688956734,10
2025-11-17,SBA_noNAI,100XIAV026,2025-11-17::SBA_noNAI::100XIAV026::100XIAV026::3029,0.02325118882629211,8
2025-11-17,SBA_noNAI,100XIAV026,2025-11-17::SBA_noNAI::100XIAV026::100XIAV026::3112,-0.567531805416173,1
2025-11-17,SBA_noNAI,100XIAV026,2025-11-17::SBA_noNAI::100XIAV026::100XIAV026::3159,0.1452065131635998,2
2025-11-17,SBA_noNAI,100XIAV026,2025-11-17::SBA_noNAI::100XIAV026::100XIAV026::3253,0.8224819004158131,6
2025-11-17,SBA_noNAI,100XIAV026,2025-11-17::SBA_noNAI::100XIAV026::100XIAV026::3311,0.8796486534183459,2
2025-11-17,SBA_noNAI,100XIAV026,2025-11-17::SBA_noNAI::100XIAV026::100XIAV026::3315,0.32333853773618854,3
2025-11-17,SBA_noNAI,100XIAV026,2025-11-17::SBA_noNAI::100XIAV026::100XIAV026::3328,-0.9561117458872715,1
2025-11-17,SBA_noNAI,100XIAV026,2025-11-17::SBA_noNAI::100XIAV026::100XIAV026::3363,0.5908815105772183,2
2025-11-17,SBA_noNAI,100XIAV026,2025-11-17::SBA_noNAI::100XIAV026::100XIAV026::34,-0.08495293075075877,11
2025-11-17,SBA_noNAI,100XIAV026,2025-11-17::SBA_noNAI::100XIAV026::100XIAV026::3457,-0.46293392369095765,2
2025-11-17,SBA_noNAI,100XIAV026,2025-11-17::SBA_noNAI::100XIAV026::100XIAV026::35,-0.011320318424569598,2
2025-11-17,SBA_noNAI,100XIAV026,2025-11-17::SBA_noNAI::100XIAV026::100XIAV026::3540,0.4682098478833455,4
2025-11-17,SBA_noNAI,100XIAV026,2025-11-17::SBA_noNAI::100XIAV026::100XIAV026::3556,-0.9820214027348144,1
2025-11-17,SBA_noNAI,100XIAV026,2025-11-17::SBA_noNAI::100XIAV026::100XIAV026::3558,-0.014576241241265664,2
2025-11-17,SBA_noNAI,100XIAV026,2025-11-17::SBA_noNAI::100XIAV026::100XIAV026::3667,0.5651024188656815,1
2025-11-17,SBA_noNAI,100XIAV026,2025-11-17::SBA_noNAI::100XIAV026::100XIAV026::373,-0.3526249839417417,3
2025-11-17,SBA_noNAI,100XIAV026,2025-11-17::SBA_noNAI::100XIAV026::100XIAV026::3734,0.9041512706681655,3
2025-11-17,SBA_noNAI,100XIAV026,2025-11-17::SBA_noNAI::100XIAV026::100XIAV026::3742,0.14913119183155402,5
2025-11-17,SBA_noNAI,100XIAV026,2025-11-17::SBA_noNAI::100XIAV026::100XIAV026::3765,-0.17644329166807227,11
2025-11-17,SBA_noNAI,100XIAV026,2025-11-17::SBA_noNAI::100XIAV026::100XIAV026::3774,0.6124576436365319,5
2025-11-17,SBA_noNAI,100XIAV026,2025-11-17::SBA_noNAI::100XIAV026::100XIAV026::3992,0.08802010715718012,4
2025-11-17,SBA_noNAI,100XIAV026,2025-11-17::SBA_noNAI::100XIAV026::100XIAV026::4112,0.97351340195785,1
2025-11-17,SBA_noNAI,100XIAV026,2025-11-17::SBA_noNAI::100XIAV026::100XIAV026::4121,0.8296783781156285,1
2025-11-17,SBA_noNAI,100XIAV026,2025-11-17::SBA_noNAI::100XIAV026::100XIAV026::4178,0.8616397179184895,2
2025-11-17,SBA_noNAI,100XIAV026,2025-11-17::SBA_noNAI::100XIAV026::100XIAV026::4250,0.0782773266559725,4
2025-11-17,SBA_noNAI,100XIAV026,2025-11-17::SBA_noNAI::100XIAV026::100XIAV026::4511,-0.1254156099166157,2
2025-11-17,SBA_noNAI,100XIAV026,2025-11-17::SBA_noNAI::100XIAV026::100XIAV026::4565,-0.3395469159446747,4
2025-11-17,SBA_noNAI,100XIAV026,2025-11-17::SBA_noNAI::100XIAV026::100XIAV026::46,0.8969419884053624,3
2025-11-17,SBA_noNAI,100XIAV026,2025-11-17::SBA_noNAI::100XIAV026::100XIAV026::4683,0.3209542412852151,4
2025-11-17,SBA_noNAI,100XIAV026,2025-11-17::SBA_noNAI::100XIAV026::100XIAV026::4690,0.8566299381246836,2
2025-11-17,SBA_noNAI,100XIAV026,2025-11-17::SBA_noNAI::100XIAV026::100XIAV026::4737,0.8356253003629159,2
2025-11-17,SBA_noNAI,100XIAV026,2025-11-17::SBA_noNAI::100XIAV026::100XIAV026::4813,0.1345486343135599,3
2025-11-17,SBA_noNAI,100XIAV026,2025-11-17::SBA_noNAI::100XIAV026::100XIAV026::4819,0.4519453289456862,4
2025-11-17,SBA_noNAI,100XIAV026,2025-11-17::SBA_noNAI::100XIAV026::100XIAV026::4826,0.9979839134971182,1
2025-11-17,SBA_noNAI,100XIAV026,2025-11-17::SBA_noNAI::100XIAV026::100XIAV026::4849,0.5096942930813314,5
2025-11-17,SBA_noNAI,100XIAV026,2025-11-17::SBA_noNAI::100XIAV026::100XIAV026::4952,-0.6186285106118763,1
2025-11-17,SBA_noNAI,100XIAV026,2025-11-17::SBA_noNAI::100XIAV026::100XIAV026::4964,-0.6656838210222483,1
2025-11-17,SBA_noNAI,100XIAV026,2025-11-17::SBA_noNAI::100XIAV026::100XIAV026::4974,0.052838008667375536,2
2025-11-17,SBA_noNAI,100XIAV026,2025-11-17::SBA_noNAI::100XIAV026::100XIAV026::5,0.9634377668384451,1
2025-11-17,SBA_noNAI,100XIAV026,2025-11-17::SBA_noNAI::100XIAV026::100XIAV026::5079,-0.8936636929658812,1
2025-11-17,SBA_noNAI,100XIAV026,2025-11-17::SBA_noNAI::100XIAV026::100XIAV026::5095,0.3692701465434441,3
2025-11-17,SBA_noNAI,100XIAV026,2025-11-17::SBA_noNAI::100XIAV026::100XIAV026::5153,-0.21822130970476133,2
2025-11-17,SBA_noNAI,100XIAV026,2025-11-17::SBA_noNAI::100XIAV026::100XIAV026::5247,0.9829209926722284,1
2025-11-17,SBA_noNAI,100XIAV026,2025-11-17::SBA_noNAI::100XIAV026::100XIAV026::5287,0.09307864218750783,3
2025-11-17,SBA_noNAI,100XIAV026,2025-11-17::SBA_noNAI::100XIAV026::100XIAV026::5356,-0.2258769487046952,3
2025-11-17,SBA_noNAI,100XIAV026,2025-11-17::SBA_noNAI::100XIAV026::100XIAV026::5417,0.8813373408340114,3
2025-11-17,SBA_noNAI,100XIAV026,2025-11-17::SBA_noNAI::100XIAV026::100XIAV026::5552,0.8782053631180065,1
2025-11-17,SBA_noNAI,100XIAV026,2025-11-17::SBA_noNAI::100XIAV026::100XIAV026::5577,0.9986062970639703,1
2025-11-17,SBA_noNAI,100XIAV026,2025-11-17::SBA_noNAI::100XIAV026::100XIAV026::5607,-0.6332267044999099,1
2025-11-17,SBA_noNAI,100XIAV026,2025-11-17::SBA_noNAI::100XIAV026::100XIAV026::5608,0.764330626225015,3
2025-11-17,SBA_noNAI,100XIAV026,2025-11-17::SBA_noNAI::100XIAV026::100XIAV026::5631,0.596795756765499,3
2025-11-17,SBA_noNAI,100XIAV026,2025-11-17::SBA_noNAI::100XIAV026::100XIAV026::5662,-0.9997622466545464,1
2025-11-17,SBA_noNAI,100XIAV026,2025-11-17::SBA_noNAI::100XIAV026::100XIAV026::5677,0.11885367981835665,4
2025-11-17,SBA_noNAI,100XIAV026,2025-11-17::SBA_noNAI::100XIAV026::100XIAV026::5687,0.32741602861404906,1
2025-11-17,SBA_noNAI,100XIAV026,2025-11-17::SBA_noNAI::100XIAV026::100XIAV026::5760,-0.018517749157628133,4
2025-11-17,SBA_noNAI,100XIAV026,2025-11-17::SBA_noNAI::100XIAV026::100XIAV026::5771,-0.3822236936254345,1
2025-11-17,SBA_noNAI,100XIAV026,2025-11-17::SBA_noNAI::100XIAV026::100XIAV026::5835,0.6004452739508002,2
2025-11-17,SBA_noNAI,100XIAV026,2025-11-17::SBA_noNAI::100XIAV026::100XIAV026::5843,-0.8246476533923126,2
2025-11-17,SBA_noNAI,100XIAV026,2025-11-17::SBA_noNAI::100XIAV026::100XIAV026::592,0.2368999389224682,1
2025-11-17,SBA_noNAI,100XIAV026,2025-11-17::SBA_noNAI::100XIAV026::100XIAV026::6051,0.17896928933074518,2
2025-11-17,SBA_noNAI,100XIAV026,2025-11-17::SBA_noNAI::100XIAV026::100XIAV026::6085,0.4939588869107532,3
2025-11-17,SBA_noNAI,100XIAV026,2025-11-17::SBA_noNAI::100XIAV026::100XIAV026::6100,-0.35619892952328513,7
2025-11-17,SBA_noNAI,100XIAV026,2025-11-17::SBA_noNAI::100XIAV026::100XIAV026::6132,-0.5917022828089515,2
2025-11-17,SBA_noNAI,100XIAV026,2025-11-17::SBA_noNAI::100XIAV026::100XIAV026::62,-0.02639328365327493,7
2025-11-17,SBA_noNAI,100XIAV026,2025-11-17::SBA_noNAI::100XIAV026::100XIAV026::6203,0.7853602859370223,2
2025-11-17,SBA_noNAI,100XIAV026,2025-11-17::SBA_noNAI::100XIAV026::100XIAV026::628,0.3549218327390288,1
2025-11-17,SBA_noNAI,100XIAV026,2025-11-17::SBA_noNAI::100XIAV026::100XIAV026::6294,0.5412472315273152,1
2025-11-17,SBA_noNAI,100XIAV026,2025-11-17::SBA_noNAI::100XIAV026::100XIAV026::6299,0.6937744110801105,9
2025-11-17,SBA_noNAI,100XIAV026,2025-11-17::SBA_noNAI::100XIAV026::100XIAV026::63,0.5078338356863801,10
2025-11-17,SBA_noNAI,100XIAV026,2025-11-17::SBA_noNAI::100XIAV026::100XIAV026::6353,0.9248778058518531,2
2025-11-17,SBA_noNAI,100XIAV026,2025-11-17::SBA_noNAI::100XIAV026::100XIAV026::6359,0.7422455347827531,2
2025-11-17,SBA_noNAI,100XIAV026,2025-11-17::SBA_noNAI::100XIAV026::100XIAV026::6375,0.9568405783471501,2
2025-11-17,SBA_noNAI,100XIAV026,2025-11-17::SBA_noNAI::100XIAV026::100XIAV026::6384,0.4087926042074562,2
2025-11-17,SBA_noNAI,100XIAV026,2025-11-17::SBA_noNAI::100XIAV026::100XIAV026::6396,0.9978723688723432,1
2025-11-17,SBA_noNAI,100XIAV026,2025-11-17::SBA_noNAI::100XIAV026::100XIAV026::6415,-0.13286540949366535,5
2025-11-17,SBA_noNAI,100XIAV026,2025-11-17::SBA_noNAI::100XIAV026::100XIAV026::6474,-0.1145139581432546,4
2025-11-17,SBA_noNAI,100XIAV026,2025-11-17::SBA_noNAI::100XIAV026::100XIAV026::655,0.02243239957661508,2
2025-11-17,SBA_noNAI,100XIAV026,2025-11-17::SBA_noNAI::100XIAV026::100XIAV026::6599,0.5128621694436581,3
2025-11-17,SBA_noNAI,100XIAV026,2025-11-17::SBA_noNAI::100XIAV026::100XIAV026::6682,-0.04312759093013996,1
2025-11-17,SBA_noNAI,100XIAV026,2025-11-17::SBA_noNAI::100XIAV026::100XIAV026::6701,-0.8766584521307555,1
2025-11-17,SBA_noNAI,100XIAV026,2025-11-17::SBA_noNAI::100XIAV026::100XIAV026::6786,-0.12835158444851857,1
2025-11-17,SBA_noNAI,100XIAV026,2025-11-17::SBA_noNAI::100XIAV026::100XIAV026::6868,0.3719483848410129,5
2025-11-17,SBA_noNAI,100XIAV026,2025-11-17::SBA_noNAI::100XIAV026::100XIAV026::6928,0.9484022693588386,2
2025-11-17,SBA_noNAI,100XIAV026,2025-11-17::SBA_noNAI::100XIAV026::100XIAV026::6989,-0.9466584603304657,1
2025-11-17,SBA_noNAI,100XIAV026,2025-11-17::SBA_noNAI::100XIAV026::100XIAV026::6997,0.4111734082113898,3
2025-11-17,SBA_noNAI,100XIAV026,2025-11-17::SBA_noNAI::100XIAV026::100XIAV026::70,-0.0981538306001482,1
2025-11-17,SBA_noNAI,100XIAV026,2025-11-17::SBA_noNAI::100XIAV026::100XIAV026::7123,0.5305057607283951,1
2025-11-17,SBA_noNAI,100XIAV026,2025-11-17::SBA_noNAI::100XIAV026::100XIAV026::7188,0.0332249851483766,8
2025-11-17,SBA_noNAI,100XIAV026,2025-11-17::SBA_noNAI::100XIAV026::100XIAV026::7204,-0.1404002824495591,2
2025-11-17,SBA_noNAI,100XIAV026,2025-11-17::SBA_noNAI::100XIAV026::100XIAV026::7207,0.5013590766492311,1
2025-11-17,SBA_noNAI,100XIAV026,2025-11-17::SBA_noNAI::100XIAV026::100XIAV026::7249,0.6800345415489898,4
2025-11-17,SBA_noNAI,100XIAV026,2025-11-17::SBA_noNAI::100XIAV026::100XIAV026::7280,0.7896642010677943,4
2025-11-17,SBA_noNAI,100XIAV026,2025-11-17::SBA_noNAI::100XIAV026::100XIAV026::7380,0.337680671906473,2
2025-11-17,SBA_noNAI,100XIAV026,2025-11-17::SBA_noNAI::100XIAV026::100XIAV026::7409,0.47773280002082313,3
2025-11-17,SBA_noNAI,100XIAV026,2025-11-17::SBA_noNAI::100XIAV026::100XIAV026::7414,0.5583213173050533,3
2025-11-17,SBA_noNAI,100XIAV026,2025-11-17::SBA_noNAI::100XIAV026::100XIAV026::7580,0.9050661997214904,1
2025-11-17,SBA_noNAI,100XIAV026,2025-11-17::SBA_noNAI::100XIAV026::100XIAV026::765,-0.011152283840545368,2
2025-11-17,SBA_noNAI,100XIAV026,2025-11-17::SBA_noNAI::100XIAV026::100XIAV026::7650,-0.6048509245193717,1
2025-11-17,SBA_noNAI,100XIAV026,2025-11-17::SBA_noNAI::100XIAV026::100XIAV026::78,-0.7322587928907658,1
2025-11-17,SBA_noNAI,100XIAV026,2025-11-17::SBA_noNAI::100XIAV026::100XIAV026::7892,0.8764293033355789,1
2025-11-17,SBA_noNAI,100XIAV026,2025-11-17::SBA_noNAI::100XIAV026::100XIAV026::7894,0.6692553717549893,2
2025-11-17,SBA_noNAI,100XIAV026,2025-11-17::SBA_noNAI::100XIAV026::100XIAV026::79,0.44244547127824113,2
2025-11-17,SBA_noNAI,100XIAV026,2025-11-17::SBA_noNAI::100XIAV026::100XIAV026::794,0.5381907911807052,6
2025-11-17,SBA_noNAI,100XIAV026,2025-11-17::SBA_noNAI::100XIAV026::100XIAV026::7941,0.6106753231854242,3
2025-11-17,SBA_noNAI,100XIAV026,2025-11-17::SBA_noNAI::100XIAV026::100XIAV026::7960,-0.017357279711240643,6
2025-11-17,SBA_noNAI,100XIAV026,2025-11-17::SBA_noNAI::100XIAV026::100XIAV026::82,-0.48717269777900774,8
2025-11-17,SBA_noNAI,100XIAV026,2025-11-17::SBA_noNAI::100XIAV026::100XIAV026::8208,-0.1659383090073646,4
2025-11-17,SBA_noNAI,100XIAV026,2025-11-17::SBA_noNAI::100XIAV026::100XIAV026::8259,-0.25701410136731606,2
2025-11-17,SBA_noNAI,100XIAV026,2025-11-17::SBA_noNAI::100XIAV026::100XIAV026::8280,-0.31004379583264113,3
2025-11-17,SBA_noNAI,100XIAV026,2025-11-17::SBA_noNAI::100XIAV026::100XIAV026::837,-0.18252431993851878,8
2025-11-17,SBA_noNAI,100XIAV026,2025-11-17::SBA_noNAI::100XIAV026::100XIAV026::84,0.28443902554266476,7
2025-11-17,SBA_noNAI,100XIAV026,2025-11-17::SBA_noNAI::100XIAV026::100XIAV026::8421,-0.2978585785177286,3
2025-11-17,SBA_noNAI,100XIAV026,2025-11-17::SBA_noNAI::100XIAV026::100XIAV026::8424,-0.05823547749754354,1
2025-11-17,SBA_noNAI,100XIAV026,2025-11-17::SBA_noNAI::100XIAV026::100XIAV026::8425,0.3742067270666958,3
2025-11-17,SBA_noNAI,100XIAV026,2025-11-17::SBA_noNAI::100XIAV026::100XIAV026::8427,0.6899066554028818,7
2025-11-17,SBA_noNAI,100XIAV026,2025-11-17::SBA_noNAI::100XIAV026::100XIAV026::8511,-0.45674777071298495,4
2025-11-17,SBA_noNAI,100XIAV026,2025-11-17::SBA_noNAI::100XIAV026::100XIAV026::8528,0.8800135942316942,1
2025-11-17,SBA_noNAI,100XIAV026,2025-11-17::SBA_noNAI::100XIAV026::100XIAV026::8545,-0.9888100038615826,1
2025-11-17,SBA_noNAI,100XIAV026,2025-11-17::SBA_noNAI::100XIAV026::100XIAV026::86,-0.4683339520723905,4
2025-11-17,SBA_noNAI,100XIAV026,2025-11-17::SBA_noNAI::100XIAV026::100XIAV026::8840,-0.380340826719206,2
2025-11-17,SBA_noNAI,100XIAV026,2025-11-17::SBA_noNAI::100XIAV026::100XIAV026::8898,0.1753692636256793,3
2025-11-17,SBA_noNAI,100XIAV026,2025-11-17::SBA_noNAI::100XIAV026::100XIAV026::8929,0.7591535134400186,2
2025-11-17,SBA_noNAI,100XIAV026,2025-11-17::SBA_noNAI::100XIAV026::100XIAV026::8949,0.5662088408171145,3
2025-11-17,SBA_noNAI,100XIAV026,2025-11-17::SBA_noNAI::100XIAV026::100XIAV026::8978,0.4279334398780711,5
2025-11-17,SBA_noNAI,100XIAV026,2025-11-17::SBA_noNAI::100XIAV026::100XIAV026::899,0.6160621765812214,2
2025-11-17,SBA_noNAI,100XIAV026,2025-11-17::SBA_noNAI::100XIAV026::100XIAV026::8991,-0.15697574023401947,4
2025-11-17,SBA_noNAI,100XIAV026,2025-11-17::SBA_noNAI::100XIAV026::100XIAV026::909,-0.22783754541136075,5
2025-11-17,SBA_noNAI,100XIAV026,2025-11-17::SBA_noNAI::100XIAV026::100XIAV026::9117,0.9354938818315475,1
2025-11-17,SBA_noNAI,100XIAV026,2025-11-17::SBA_noNAI::100XIAV026::100XIAV026::9138,0.7422445646010313,3
2025-11-17,SBA_noNAI,100XIAV026,2025-11-17::SBA_noNAI::100XIAV026::100XIAV026::9159,0.24192306032197297,2
2025-11-17,SBA_noNAI,100XIAV026,2025-11-17::SBA_noNAI::100XIAV026::100XIAV026::9188,0.9202790194152026,2
2025-11-17,SBA_noNAI,100XIAV026,2025-11-17::SBA_noNAI::100XIAV026::100XIAV026::9257,-0.09737155217822918,2
2025-11-17,SBA_noNAI,100XIAV026,2025-11-17::SBA_noNAI::100XIAV026::100XIAV026::9348,0.33030764743789903,3
2025-11-17,SBA_noNAI,100XIAV026,2025-11-17::SBA_noNAI::100XIAV026::100XIAV026::962,0.6881876247872072,11
2025-11-17,SBA_noNAI,100XIAV026,2025-11-17::SBA_noNAI::100XIAV026::100XIAV026::9656,-0.4195721891426409,5
2025-11-17,SBA_noNAI,100XIAV026,2025-11-17::SBA_noNAI::100XIAV026::100XIAV026::974,0.14038799515405045,5
2025-11-17,SBA_noNAI,100XIAV026,2025-11-17::SBA_noNAI::100XIAV026::100XIAV026::9798,0.17934311767920086,2
2025-11-17,SBA_noNAI,100XIAV026,2025-11-17::SBA_noNAI::100XIAV026::100XIAV026::9843,0.4709330282527966,6
2025-11-17,SBA_noNAI,100XIAV026,2025-11-17::SBA_noNAI::100XIAV026::100XIAV026::9854,-0.7702325259568445,1
2025-11-17,SBA_noNAI,100XIAV026,2025-11-17::SBA_noNAI::100XIAV026::100XIAV026::9881,0.04649583810224541,3
2025-11-17,SBA_noNAI,100XIAV026,2025-11-17::SBA_noNAI::100XIAV026::100XIAV026::9921,-0.08554164336219461,2
2025-11-17,SBA_noNAI,100XIAV026,2025-11-17::SBA_noNAI::100XIAV026::100XIAV026::9927,0.6895726727111297,6
2025-11-17,SBA_noNAI,100XIAV027,2025-11-17::SBA_noNAI::100XIAV027::100XIAV027::0,0.1634291193619111,3
2025-11-17,SBA_noNAI,100XIAV027,2025-11-17::SBA_noNAI::100XIAV027::100XIAV027::1,0.10107645120735946,11
2025-11-17,SBA_noNAI,100XIAV027,2025-11-17::SBA_noNAI::100XIAV027::100XIAV027::10,0.9977892200944259,1
2025-11-17,SBA_noNAI,100XIAV027,2025-11-17::SBA_noNAI::100XIAV027::100XIAV027::11,0.5013294651380054,2
2025-11-17,SBA_noNAI,100XIAV027,2025-11-17::SBA_noNAI::100XIAV027::100XIAV027::14,0.08496681732752989,4
2025-11-17,SBA_noNAI,100XIAV027,2025-11-17::SBA_noNAI::100XIAV027::100XIAV027::18,-0.9935693892588856,1
2025-11-17,SBA_noNAI,100XIAV027,2025-11-17::SBA_noNAI::100XIAV027::100XIAV027::185,-0.17539682570302095,1
2025-11-17,SBA_noNAI,100XIAV027,2025-11-17::SBA_noNAI::100XIAV027::100XIAV027::19,0.3306544108237915,6
2025-11-17,SBA_noNAI,100XIAV027,2025-11-17::SBA_noNAI::100XIAV027::100XIAV027::26,0.8835560357367128,1
2025-11-17,SBA_noNAI,100XIAV027,2025-11-17::SBA_noNAI::100XIAV027::100XIAV027::28,0.9183529136955216,1
2025-11-17,SBA_noNAI,100XIAV027,2025-11-17::SBA_noNAI::100XIAV027::100XIAV027::29,-0.4931215574879527,1
2025-11-17,SBA_noNAI,100XIAV027,2025-11-17::SBA_noNAI::100XIAV027::100XIAV027::301,0.5694568687470689,1
2025-11-17,SBA_noNAI,100XIAV027,2025-11-17::SBA_noNAI::100XIAV027::100XIAV027::32,-0.5207946070108894,4
2025-11-17,SBA_noNAI,100XIAV027,2025-11-17::SBA_noNAI::100XIAV027::100XIAV027::36,-0.05164799712006301,13
2025-11-17,SBA_noNAI,100XIAV027,2025-11-17::SBA_noNAI::100XIAV027::100XIAV027::37,-0.2168769022027098,9
2025-11-17,SBA_noNAI,100XIAV027,2025-11-17::SBA_noNAI::100XIAV027::100XIAV027::38,0.27942210044091476,6
2025-11-17,SBA_noNAI,100XIAV027,2025-11-17::SBA_noNAI::100XIAV027::100XIAV027::39,0.9215379698341494,3
2025-11-17,SBA_noNAI,100XIAV027,2025-11-17::SBA_noNAI::100XIAV027::100XIAV027::430,0.9049296512939627,1
2025-11-17,SBA_noNAI,100XIAV027,2025-11-17::SBA_noNAI::100XIAV027::100XIAV027::44,0.17149904883543915,4
2025-11-17,SBA_noNAI,100XIAV027,2025-11-17::SBA_noNAI::100XIAV027::100XIAV027::463,0.9367900438527647,2
2025-11-17,SBA_noNAI,100XIAV027,2025-11-17::SBA_noNAI::100XIAV027::100XIAV027::49,0.10784449300441785,9
2025-11-17,SBA_noNAI,100XIAV027,2025-11-17::SBA_noNAI::100XIAV027::100XIAV027::57,0.826960439368085,5
2025-11-17,SBA_noNAI,100XIAV027,2025-11-17::SBA_noNAI::100XIAV027::100XIAV027::59,0.191181766145426,1
2025-11-17,SBA_noNAI,100XIAV027,2025-11-17::SBA_noNAI::100XIAV027::100XIAV027::68,-0.9999352328999991,1
2025-11-17,SBA_noNAI,100XIAV027,2025-11-17::SBA_noNAI::100XIAV027::100XIAV027::71,0.904464480758445,1
2025-11-17,SBA_noNAI,100XIAV027,2025-11-17::SBA_noNAI::100XIAV027::100XIAV027::99,-0.9652104440738243,1
2025-11-17,SBA_noNAI,100XIAV028,2025-11-17::SBA_noNAI::100XIAV028::100XIAV028::0,0.3928367199588885,4
2025-11-17,SBA_noNAI,100XIAV028,2025-11-17::SBA_noNAI::100XIAV028::100XIAV028::12,0.06652883725371983,8
2025-11-17,SBA_noNAI,100XIAV028,2025-11-17::SBA_noNAI::100XIAV028::100XIAV028::14,-0.01019717665727446,10
2025-11-17,SBA_noNAI,100XIAV028,2025-11-17::SBA_noNAI::100XIAV028::100XIAV028::143,-0.2150365965909889,5
2025-11-17,SBA_noNAI,100XIAV028,2025-11-17::SBA_noNAI::100XIAV028::100XIAV028::148,-0.427442671055591,9
2025-11-17,SBA_noNAI,100XIAV028,2025-11-17::SBA_noNAI::100XIAV028::100XIAV028::157,-0.12428170139845918,10
2025-11-17,SBA_noNAI,100XIAV028,2025-11-17::SBA_noNAI::100XIAV028::100XIAV028::16,-0.1393598005053437,2
2025-11-17,SBA_noNAI,100XIAV028,2025-11-17::SBA_noNAI::100XIAV028::100XIAV028::17,-0.012018014883274844,21
2025-11-17,SBA_noNAI,100XIAV028,2025-11-17::SBA_noNAI::100XIAV028::100XIAV028::174,0.12971988407392265,2
2025-11-17,SBA_noNAI,100XIAV028,2025-11-17::SBA_noNAI::100XIAV028::100XIAV028::2,-0.8760132712798383,1
2025-11-17,SBA_noNAI,100XIAV028,2025-11-17::SBA_noNAI::100XIAV028::100XIAV028::3,-0.12052545569303512,10
2025-11-17,SBA_noNAI,100XIAV028,2025-11-17::SBA_noNAI::100XIAV028::100XIAV028::323,-0.02629353075849698,3
2025-11-17,SBA_noNAI,100XIAV028,2025-11-17::SBA_noNAI::100XIAV028::100XIAV028::4,0.1741720813399981,12
2025-11-17,SBA_noNAI,100XIAV028,2025-11-17::SBA_noNAI::100XIAV028::100XIAV028::5,-0.2200634404719831,7
2025-11-17,SBA_noNAI,100XIAV028,2025-11-17::SBA_noNAI::100XIAV028::100XIAV028::50,0.21269880323120507,4
2025-11-17,SBA_noNAI,100XIAV028,2025-11-17::SBA_noNAI::100XIAV028::100XIAV028::6,0.022336012419013822,13
2025-11-17,SBA_noNAI,100XIAV028,2025-11-17::SBA_noNAI::100XIAV028::100XIAV028::8,0.4201756162055822,1
2025-11-17,SBA_noNAI,100XIAV028,2025-11-17::SBA_noNAI::100XIAV028::100XIAV028::86,0.08486358739623734,2
2025-11-17,SBA_noNAI,100XIAV028,2025-11-17::SBA_noNAI::100XIAV028::100XIAV028::87,-0.15489140460548984,1
2025-11-17,SBA_noNAI,100XIAV029,2025-11-17::SBA_noNAI::100XIAV029::100XIAV029::129,0.21674637609741787,3
2025-11-17,SBA_noNAI,100XIAV029,2025-11-17::SBA_noNAI::100XIAV029::100XIAV029::15,-0.2343561410081439,2
2025-11-17,SBA_noNAI,100XIAV029,2025-11-17::SBA_noNAI::100XIAV029::100XIAV029::164,-0.4668843708517882,2
2025-11-17,SBA_noNAI,100XIAV029,2025-11-17::SBA_noNAI::100XIAV029::100XIAV029::20,0.37897632108177925,16
2025-11-17,SBA_noNAI,100XIAV029,2025-11-17::SBA_noNAI::100XIAV029::100XIAV029::219,0.682033645488889,1
2025-11-17,SBA_noNAI,100XIAV029,2025-11-17::SBA_noNAI::100XIAV029::100XIAV029::243,-0.0963586814522534,2
2025-11-17,SBA_noNAI,100XIAV029,2025-11-17::SBA_noNAI::100XIAV029::100XIAV029::26,-2.5942516779453584e-05,2
2025-11-17,SBA_noNAI,100XIAV029,2025-11-17::SBA_noNAI::100XIAV029::100XIAV029::263,0.9986523952923836,1
2025-11-17,SBA_noNAI,100XIAV029,2025-11-17::SBA_noNAI::100XIAV029::100XIAV029::27,-0.12770713946589782,3
2025-11-17,SBA_noNAI,100XIAV029,2025-11-17::SBA_noNAI::100XIAV029::100XIAV029::274,0.17627783682091436,7
2025-11-17,SBA_noNAI,100XIAV029,2025-11-17::SBA_noNAI::100XIAV029::100XIAV029::32,0.003762684368817104,3
2025-11-17,SBA_noNAI,100XIAV029,2025-11-17::SBA_noNAI::100XIAV029::100XIAV029::33,0.9488101957766673,1
2025-11-17,SBA_noNAI,100XIAV029,2025-11-17::SBA_noNAI::100XIAV029::100XIAV029::34,0.941928716304931,1
2025-11-17,SBA_noNAI,100XIAV029,2025-11-17::SBA_noNAI::100XIAV029::100XIAV029::35,-0.14380601144955912,8
2025-11-17,SBA_noNAI,100XIAV029,2025-11-17::SBA_noNAI::100XIAV029::100XIAV029::41,0.19053488428470078,8
2025-11-17,SBA_noNAI,100XIAV029,2025-11-17::SBA_noNAI::100XIAV029::100XIAV029::45,-0.361103950434968,7
2025-11-17,SBA_noNAI,100XIAV029,2025-11-17::SBA_noNAI::100XIAV029::100XIAV029::5,0.21820666642254732,20
2025-11-17,SBA_noNAI,100XIAV029,2025-11-17::SBA_noNAI::100XIAV029::100XIAV029::53,-0.724104063188904,1
2025-11-17,SBA_noNAI,100XIAV030,2025-11-17::SBA_noNAI::100XIAV030::100XIAV030::0,-0.67139071545368,2
2025-11-17,SBA_noNAI,100XIAV030,2025-11-17::SBA_noNAI::100XIAV030::100XIAV030::1,0.1877047893610505,13
2025-11-17,SBA_noNAI,100XIAV030,2025-11-17::SBA_noNAI::100XIAV030::100XIAV030::10,-0.08366978023981941,7
2025-11-17,SBA_noNAI,100XIAV030,2025-11-17::SBA_noNAI::100XIAV030::100XIAV030::1064,-0.7450831336522592,2
2025-11-17,SBA_noNAI,100XIAV030,2025-11-17::SBA_noNAI::100XIAV030::100XIAV030::1068,0.8477402255510313,1
2025-11-17,SBA_noNAI,100XIAV030,2025-11-17::SBA_noNAI::100XIAV030::100XIAV030::1072,0.493181779154401,1
2025-11-17,SBA_noNAI,100XIAV030,2025-11-17::SBA_noNAI::100XIAV030::100XIAV030::12,0.03905582527440252,4
2025-11-17,SBA_noNAI,100XIAV030,2025-11-17::SBA_noNAI::100XIAV030::100XIAV030::1310,0.9287391660610436,2
2025-11-17,SBA_noNAI,100XIAV030,2025-11-17::SBA_noNAI::100XIAV030::100XIAV030::1387,0.1294957689797656,6
2025-11-17,SBA_noNAI,100XIAV030,2025-11-17::SBA_noNAI::100XIAV030::100XIAV030::14,0.23550634992797767,7
2025-11-17,SBA_noNAI,100XIAV030,2025-11-17::SBA_noNAI::100XIAV030::100XIAV030::248,-0.3880316041056137,3
2025-11-17,SBA_noNAI,100XIAV030,2025-11-17::SBA_noNAI::100XIAV030::100XIAV030::26,-0.4121591085846147,2
2025-11-17,SBA_noNAI,100XIAV030,2025-11-17::SBA_noNAI::100XIAV030::100XIAV030::27,0.9654524063070811,1
2025-11-17,SBA_noNAI,100XIAV030,2025-11-17::SBA_noNAI::100XIAV030::100XIAV030::31,0.5563156011751111,4
2025-11-17,SBA_noNAI,100XIAV030,2025-11-17::SBA_noNAI::100XIAV030::100XIAV030::35,0.11593258378057905,5
2025-11-17,SBA_noNAI,100XIAV030,2025-11-17::SBA_noNAI::100XIAV030::100XIAV030::38,-0.9266949091705048,1
2025-11-17,SBA_noNAI,100XIAV030,2025-11-17::SBA_noNAI::100XIAV030::100XIAV030::5,-0.9770516469268002,1
2025-11-17,SBA_noNAI,100XIAV030,2025-11-17::SBA_noNAI::100XIAV030::100XIAV030::6,-0.40974284804720174,2
2025-11-17,SBA_noNAI,100XIAV030,2025-11-17::SBA_noNAI::100XIAV030::100XIAV030::651,-0.009489032688979215,2
2025-11-17,SBA_noNAI,100XIAV030,2025-11-17::SBA_noNAI::100XIAV030::100XIAV030::700,-0.3812471688989658,3
2025-11-17,SBA_noNAI,100XIAV030,2025-11-17::SBA_noNAI::100XIAV030::100XIAV030::72,0.3883893354381305,2
2025-11-17,SBA_noNAI,100XIAV030,2025-11-17::SBA_noNAI::100XIAV030::100XIAV030::766,-0.4004613113282258,1
2025-11-17,SBA_noNAI,100XIAV030,2025-11-17::SBA_noNAI::100XIAV030::100XIAV030::778,0.4146349138506653,2
2025-11-17,SBA_noNAI,100XIAV030,2025-11-17::SBA_noNAI::100XIAV030::100XIAV030::939,0.5553765330015772,1
2025-11-24,SBA_NAI,100XIAV030,2025-11-24::SBA_NAI::100XIAV030::100XIAV030::1001,0.05416746005594569,2
2025-11-24,SBA_NAI,100XIAV030,2025-11-24::SBA_NAI::100XIAV030::100XIAV030::101,0.7262203693983659,2
2025-11-24,SBA_NAI,100XIAV030,2025-11-24::SBA_NAI::100XIAV030::100XIAV030::1064,0.8545233982895178,1
2025-11-24,SBA_NAI,100XIAV030,2025-11-24::SBA_NAI::100XIAV030::100XIAV030::1125,-0.819446766660802,1
2025-11-24,SBA_NAI,100XIAV030,2025-11-24::SBA_NAI::100XIAV030::100XIAV030::1127,0.22790920952361948,2
2025-11-24,SBA_NAI,100XIAV030,2025-11-24::SBA_NAI::100XIAV030::100XIAV030::116,-0.16321786757003065,1
2025-11-24,SBA_NAI,100XIAV030,2025-11-24::SBA_NAI::100XIAV030::100XIAV030::1294,0.5011671570006975,5
2025-11-24,SBA_NAI,100XIAV030,2025-11-24::SBA_NAI::100XIAV030::100XIAV030::1354,-0.8833773632646627,1
2025-11-24,SBA_NAI,100XIAV030,2025-11-24::SBA_NAI::100XIAV030::100XIAV030::1355,0.9821029064598247,1
2025-11-24,SBA_NAI,100XIAV030,2025-11-24::SBA_NAI::100XIAV030::100XIAV030::1357,0.2927853023497138,3
2025-11-24,SBA_NAI,100XIAV030,2025-11-24::SBA_NAI::100XIAV030::100XIAV030::1421,0.4899227271329962,1
2025-11-24,SBA_NAI,100XIAV030,2025-11-24::SBA_NAI::100XIAV030::100XIAV030::1443,0.3524250459970944,3
2025-11-24,SBA_NAI,100XIAV030,2025-11-24::SBA_NAI::100XIAV030::100XIAV030::1468,0.8566695786474552,1
2025-11-24,SBA_NAI,100XIAV030,2025-11-24::SBA_NAI::100XIAV030::100XIAV030::148,0.4276954166890912,2
2025-11-24,SBA_NAI,100XIAV030,2025-11-24::SBA_NAI::100XIAV030::100XIAV030::1618,-0.24290386902963645,1
2025-11-24,SBA_NAI,100XIAV030,2025-11-24::SBA_NAI::100XIAV030::100XIAV030::1628,0.6259580617659656,2
2025-11-24,SBA_NAI,100XIAV030,2025-11-24::SBA_NAI::100XIAV030::100XIAV030::1734,0.8840978454791261,3
2025-11-24,SBA_NAI,100XIAV030,2025-11-24::SBA_NAI::100XIAV030::100XIAV030::1781,0.4786329253059981,1
2025-11-24,SBA_NAI,100XIAV030,2025-11-24::SBA_NAI::100XIAV030::100XIAV030::1825,0.9719967038197554,1
2025-11-24,SBA_NAI,100XIAV030,2025-11-24::SBA_NAI::100XIAV030::100XIAV030::188,0.9314328644650044,1
2025-11-24,SBA_NAI,100XIAV030,2025-11-24::SBA_NAI::100XIAV030::100XIAV030::2017,0.984314039131499,1
2025-11-24,SBA_NAI,100XIAV030,2025-11-24::SBA_NAI::100XIAV030::100XIAV030::2093,-0.9894398186315736,1
2025-11-24,SBA_NAI,100XIAV030,2025-11-24::SBA_NAI::100XIAV030::100XIAV030::2094,0.8229594801029622,3
2025-11-24,SBA_NAI,100XIAV030,2025-11-24::SBA_NAI::100XIAV030::100XIAV030::2195,0.31816784597824943,1
2025-11-24,SBA_NAI,100XIAV030,2025-11-24::SBA_NAI::100XIAV030::100XIAV030::2198,-0.7202938726557029,1
2025-11-24,SBA_NAI,100XIAV030,2025-11-24::SBA_NAI::100XIAV030::100XIAV030::2220,0.07007406503098507,1
2025-11-24,SBA_NAI,100XIAV030,2025-11-24::SBA_NAI::100XIAV030::100XIAV030::2364,0.996585762974414,1
2025-11-24,SBA_NAI,100XIAV030,2025-11-24::SBA_NAI::100XIAV030::100XIAV030::238,-0.9619666493227998,1
2025-11-24,SBA_NAI,100XIAV030,2025-11-24::SBA_NAI::100XIAV030::100XIAV030::2412,-0.8907761529065799,1
2025-11-24,SBA_NAI,100XIAV030,2025-11-24::SBA_NAI::100XIAV030::100XIAV030::2456,0.7556127289816339,2
2025-11-24,SBA_NAI,100XIAV030,2025-11-24::SBA_NAI::100XIAV030::100XIAV030::2487,0.19983301130493353,1
2025-11-24,SBA_NAI,100XIAV030,2025-11-24::SBA_NAI::100XIAV030::100XIAV030::2648,0.46346607679989876,2
2025-11-24,SBA_NAI,100XIAV030,2025-11-24::SBA_NAI::100XIAV030::100XIAV030::2695,0.7792949785917522,3
2025-11-24,SBA_NAI,100XIAV030,2025-11-24::SBA_NAI::100XIAV030::100XIAV030::2756,0.1666127558207881,1
2025-11-24,SBA_NAI,100XIAV030,2025-11-24::SBA_NAI::100XIAV030::100XIAV030::277,0.9193085830330434,2
2025-11-24,SBA_NAI,100XIAV030,2025-11-24::SBA_NAI::100XIAV030::100XIAV030::2979,-0.24158338138809096,1
2025-11-24,SBA_NAI,100XIAV030,2025-11-24::SBA_NAI::100XIAV030::100XIAV030::3055,0.9247894734480584,1
2025-11-24,SBA_NAI,100XIAV030,2025-11-24::SBA_NAI::100XIAV030::100XIAV030::3105,-0.5796318787508744,1
2025-11-24,SBA_NAI,100XIAV030,2025-11-24::SBA_NAI::100XIAV030::100XIAV030::3394,0.3829113490300878,1
2025-11-24,SBA_NAI,100XIAV030,2025-11-24::SBA_NAI::100XIAV030::100XIAV030::362,0.9965967800591092,1
2025-11-24,SBA_NAI,100XIAV030,2025-11-24::SBA_NAI::100XIAV030::100XIAV030::3641,-0.4429774569733652,1
2025-11-24,SBA_NAI,100XIAV030,2025-11-24::SBA_NAI::100XIAV030::100XIAV030::3687,0.5623328601997661,2
2025-11-24,SBA_NAI,100XIAV030,2025-11-24::SBA_NAI::100XIAV030::100XIAV030::370,-0.6343884656979213,2
2025-11-24,SBA_NAI,100XIAV030,2025-11-24::SBA_NAI::100XIAV030::100XIAV030::373,0.61704621592676,1
2025-11-24,SBA_NAI,100XIAV030,2025-11-24::SBA_NAI::100XIAV030::100XIAV030::381,0.6239283179553954,1
2025-11-24,SBA_NAI,100XIAV030,2025-11-24::SBA_NAI::100XIAV030::100XIAV030::385,-0.7244026176495826,1
2025-11-24,SBA_NAI,100XIAV030,2025-11-24::SBA_NAI::100XIAV030::100XIAV030::386,0.9999700350615335,1
2025-11-24,SBA_NAI,100XIAV030,2025-11-24::SBA_NAI::100XIAV030::100XIAV030::41,-0.9563289078039022,1
2025-11-24,SBA_NAI,100XIAV030,2025-11-24::SBA_NAI::100XIAV030::100XIAV030::411,0.9104926802155255,1
2025-11-24,SBA_NAI,100XIAV030,2025-11-24::SBA_NAI::100XIAV030::100XIAV030::4280,0.29552989970539223,3
2025-11-24,SBA_NAI,100XIAV030,2025-11-24::SBA_NAI::100XIAV030::100XIAV030::4397,0.7588022043517441,3
2025-11-24,SBA_NAI,100XIAV030,2025-11-24::SBA_NAI::100XIAV030::100XIAV030::4483,0.6236625063683037,2
2025-11-24,SBA_NAI,100XIAV030,2025-11-24::SBA_NAI::100XIAV030::100XIAV030::454,0.3202871589323868,7
2025-11-24,SBA_NAI,100XIAV030,2025-11-24::SBA_NAI::100XIAV030::100XIAV030::4607,0.9336920605276555,1
2025-11-24,SBA_NAI,100XIAV030,2025-11-24::SBA_NAI::100XIAV030::100XIAV030::4634,-0.6317691006040458,1
2025-11-24,SBA_NAI,100XIAV030,2025-11-24::SBA_NAI::100XIAV030::100XIAV030::469,0.3039653963209273,3
2025-11-24,SBA_NAI,100XIAV030,2025-11-24::SBA_NAI::100XIAV030::100XIAV030::472,0.2158955530122423,7
2025-11-24,SBA_NAI,100XIAV030,2025-11-24::SBA_NAI::100XIAV030::100XIAV030::4735,0.7338305251362538,2
2025-11-24,SBA_NAI,100XIAV030,2025-11-24::SBA_NAI::100XIAV030::100XIAV030::477,0.2545705558729726,2
2025-11-24,SBA_NAI,100XIAV030,2025-11-24::SBA_NAI::100XIAV030::100XIAV030::484,0.9979781817989352,1
2025-11-24,SBA_NAI,100XIAV030,2025-11-24::SBA_NAI::100XIAV030::100XIAV030::5045,-0.7841552388363638,5
2025-11-24,SBA_NAI,100XIAV030,2025-11-24::SBA_NAI::100XIAV030::100XIAV030::5061,-0.3092055541354521,1
2025-11-24,SBA_NAI,100XIAV030,2025-11-24::SBA_NAI::100XIAV030::100XIAV030::5173,-0.5109201565207835,2
2025-11-24,SBA_NAI,100XIAV030,2025-11-24::SBA_NAI::100XIAV030::100XIAV030::5212,0.9321772949946143,2
2025-11-24,SBA_NAI,100XIAV030,2025-11-24::SBA_NAI::100XIAV030::100XIAV030::522,0.5725574161519231,1
2025-11-24,SBA_NAI,100XIAV030,2025-11-24::SBA_NAI::100XIAV030::100XIAV030::5243,0.9157523407750199,1
2025-11-24,SBA_NAI,100XIAV030,2025-11-24::SBA_NAI::100XIAV030::100XIAV030::530,0.4620478298383329,1
2025-11-24,SBA_NAI,100XIAV030,2025-11-24::SBA_NAI::100XIAV030::100XIAV030::5345,0.012738702135801508,3
2025-11-24,SBA_NAI,100XIAV030,2025-11-24::SBA_NAI::100XIAV030::100XIAV030::540,-0.7334632243777013,1
2025-11-24,SBA_NAI,100XIAV030,2025-11-24::SBA_NAI::100XIAV030::100XIAV030::5407,0.6599858267759977,1
2025-11-24,SBA_NAI,100XIAV030,2025-11-24::SBA_NAI::100XIAV030::100XIAV030::5575,-0.2702523807028322,4
2025-11-24,SBA_NAI,100XIAV030,2025-11-24::SBA_NAI::100XIAV030::100XIAV030::5637,-0.6323389552919897,1
2025-11-24,SBA_NAI,100XIAV030,2025-11-24::SBA_NAI::100XIAV030::100XIAV030::5768,0.9997615530192103,1
2025-11-24,SBA_NAI,100XIAV030,2025-11-24::SBA_NAI::100XIAV030::100XIAV030::6,0.6170784316506444,2
2025-11-24,SBA_NAI,100XIAV030,2025-11-24::SBA_NAI::100XIAV030::100XIAV030::600,0.9796326784427344,1
2025-11-24,SBA_NAI,100XIAV030,2025-11-24::SBA_NAI::100XIAV030::100XIAV030::6010,-0.05029737784162499,3
2025-11-24,SBA_NAI,100XIAV030,2025-11-24::SBA_NAI::100XIAV030::100XIAV030::6114,0.48971755713009757,2
2025-11-24,SBA_NAI,100XIAV030,2025-11-24::SBA_NAI::100XIAV030::100XIAV030::617,-0.06236580337210851,3
2025-11-24,SBA_NAI,100XIAV030,2025-11-24::SBA_NAI::100XIAV030::100XIAV030::6291,0.5471462677809156,1
2025-11-24,SBA_NAI,100XIAV030,2025-11-24::SBA_NAI::100XIAV030::100XIAV030::658,0.8948075943642524,1
2025-11-24,SBA_NAI,100XIAV030,2025-11-24::SBA_NAI::100XIAV030::100XIAV030::676,0.010954248219111742,1
2025-11-24,SBA_NAI,100XIAV030,2025-11-24::SBA_NAI::100XIAV030::100XIAV030::684,0.4105850930516411,3
2025-11-24,SBA_NAI,100XIAV030,2025-11-24::SBA_NAI::100XIAV030::100XIAV030::702,-0.18195279110560547,3
2025-11-24,SBA_NAI,100XIAV030,2025-11-24::SBA_NAI::100XIAV030::100XIAV030::704,0.9345764167707513,1
2025-11-24,SBA_NAI,100XIAV030,2025-11-24::SBA_NAI::100XIAV030::100XIAV030::708,0.6250189330442346,1
2025-11-24,SBA_NAI,100XIAV030,2025-11-24::SBA_NAI::100XIAV030::100XIAV030::719,0.9978306245790102,2
2025-11-24,SBA_NAI,100XIAV030,2025-11-24::SBA_NAI::100XIAV030::100XIAV030::734,-0.3961840304530144,1
2025-11-24,SBA_NAI,100XIAV030,2025-11-24::SBA_NAI::100XIAV030::100XIAV030::762,-0.08396178280035282,2
2025-11-24,SBA_NAI,100XIAV030,2025-11-24::SBA_NAI::100XIAV030::100XIAV030::768,0.13724165775970723,4
2025-11-24,SBA_NAI,100XIAV030,2025-11-24::SBA_NAI::100XIAV030::100XIAV030::799,0.8802887998339736,1
2025-11-24,SBA_NAI,100XIAV030,2025-11-24::SBA_NAI::100XIAV030::100XIAV030::828,0.7178812596598954,2
2025-11-24,SBA_NAI,100XIAV030,2025-11-24::SBA_NAI::100XIAV030::100XIAV030::838,0.7174765193050973,1
2025-11-24,SBA_NAI,100XIAV030,2025-11-24::SBA_NAI::100XIAV030::100XIAV030::856,0.9999972762554903,1
2025-11-24,SBA_NAI,100XIAV030,2025-11-24::SBA_NAI::100XIAV030::100XIAV030::906,0.820805973517193,4
2025-11-24,SBA_NAI,100XIAV030,2025-11-24::SBA_NAI::100XIAV030::100XIAV030::917,0.5977189338974414,4
2025-11-24,SBA_NAI,100XIAV031,2025-11-24::SBA_NAI::100XIAV031::100XIAV031::1021,-0.6305151158658532,1
2025-11-24,SBA_NAI,100XIAV031,2025-11-24::SBA_NAI::100XIAV031::100XIAV031::1115,0.4490778638027325,1
2025-11-24,SBA_NAI,100XIAV031,2025-11-24::SBA_NAI::100XIAV031::100XIAV031::129,0.9998935718007596,1
2025-11-24,SBA_NAI,100XIAV031,2025-11-24::SBA_NAI::100XIAV031::100XIAV031::1309,-0.5562221663358243,1
2025-11-24,SBA_NAI,100XIAV031,2025-11-24::SBA_NAI::100XIAV031::100XIAV031::1371,0.0780082594662605,1
2025-11-24,SBA_NAI,100XIAV031,2025-11-24::SBA_NAI::100XIAV031::100XIAV031::1551,0.9905763821064081,1
2025-11-24,SBA_NAI,100XIAV031,2025-11-24::SBA_NAI::100XIAV031::100XIAV031::159,0.6079344876215419,1
2025-11-24,SBA_NAI,100XIAV031,2025-11-24::SBA_NAI::100XIAV031::100XIAV031::1818,0.3193834035942037,5
2025-11-24,SBA_NAI,100XIAV031,2025-11-24::SBA_NAI::100XIAV031::100XIAV031::201,-0.3060786780178171,2
2025-11-24,SBA_NAI,100XIAV031,2025-11-24::SBA_NAI::100XIAV031::100XIAV031::2137,0.9963083700607616,2
2025-11-24,SBA_NAI,100XIAV031,2025-11-24::SBA_NAI::100XIAV031::100XIAV031::2146,-0.44291591064224434,1
2025-11-24,SBA_NAI,100XIAV031,2025-11-24::SBA_NAI::100XIAV031::100XIAV031::2568,0.29958472322882645,6
2025-11-24,SBA_NAI,100XIAV031,2025-11-24::SBA_NAI::100XIAV031::100XIAV031::3182,-0.86687986951134,2
2025-11-24,SBA_NAI,100XIAV031,2025-11-24::SBA_NAI::100XIAV031::100XIAV031::347,0.2492188497449965,3
2025-11-24,SBA_NAI,100XIAV031,2025-11-24::SBA_NAI::100XIAV031::100XIAV031::366,0.6614920525766201,1
2025-11-24,SBA_NAI,100XIAV031,2025-11-24::SBA_NAI::100XIAV031::100XIAV031::368,-0.7424158114191695,1
2025-11-24,SBA_NAI,100XIAV031,2025-11-24::SBA_NAI::100XIAV031::100XIAV031::393,-0.0024087408547305844,2
2025-11-24,SBA_NAI,100XIAV031,2025-11-24::SBA_NAI::100XIAV031::100XIAV031::3939,0.8226296716585151,1
2025-11-24,SBA_NAI,100XIAV031,2025-11-24::SBA_NAI::100XIAV031::100XIAV031::4025,0.6259227003030654,2
2025-11-24,SBA_NAI,100XIAV031,2025-11-24::SBA_NAI::100XIAV031::100XIAV031::4097,0.999627307883566,1
2025-11-24,SBA_NAI,100XIAV031,2025-11-24::SBA_NAI::100XIAV031::100XIAV031::4284,-0.4093868876110751,2
2025-11-24,SBA_NAI,100XIAV031,2025-11-24::SBA_NAI::100XIAV031::100XIAV031::451,0.879155776121199,1
2025-11-24,SBA_NAI,100XIAV031,2025-11-24::SBA_NAI::100XIAV031::100XIAV031::5100,0.3899234179134956,1
2025-11-24,SBA_NAI,100XIAV031,2025-11-24::SBA_NAI::100XIAV031::100XIAV031::513,0.2504997899041679,1
2025-11-24,SBA_NAI,100XIAV031,2025-11-24::SBA_NAI::100XIAV031::100XIAV031::5147,-0.9997969680279902,1
2025-11-24,SBA_NAI,100XIAV031,2025-11-24::SBA_NAI::100XIAV031::100XIAV031::5251,-0.08319238685638768,6
2025-11-24,SBA_NAI,100XIAV031,2025-11-24::SBA_NAI::100XIAV031::100XIAV031::5290,0.38785494444955687,3
2025-11-24,SBA_NAI,100XIAV031,2025-11-24::SBA_NAI::100XIAV031::100XIAV031::563,-0.2569308012203019,2
2025-11-24,SBA_NAI,100XIAV031,2025-11-24::SBA_NAI::100XIAV031::100XIAV031::588,0.9910451821799271,1
2025-11-24,SBA_NAI,100XIAV031,2025-11-24::SBA_NAI::100XIAV031::100XIAV031::591,0.18974340383612648,1
2025-11-24,SBA_NAI,100XIAV031,2025-11-24::SBA_NAI::100XIAV031::100XIAV031::595,-0.8447169861903312,2
2025-11-24,SBA_NAI,100XIAV031,2025-11-24::SBA_NAI::100XIAV031::100XIAV031::616,-0.9969402558339767,1
2025-11-24,SBA_NAI,100XIAV031,2025-11-24::SBA_NAI::100XIAV031::100XIAV031::618,-0.962741563846684,1
2025-11-24,SBA_NAI,100XIAV031,2025-11-24::SBA_NAI::100XIAV031::100XIAV031::645,0.6288091168240209,4
2025-11-24,SBA_NAI,100XIAV031,2025-11-24::SBA_NAI::100XIAV031::100XIAV031::699,-0.5455400106191451,1
2025-11-24,SBA_NAI,100XIAV031,2025-11-24::SBA_NAI::100XIAV031::100XIAV031::799,-0.74067877672264,1
2025-11-24,SBA_NAI,100XIAV031,2025-11-24::SBA_NAI::100XIAV031::100XIAV031::839,0.07717960951183128,2
2025-11-24,SBA_NAI,100XIAV031,2025-11-24::SBA_NAI::100XIAV031::100XIAV031::92,-0.5951062434637061,1
2025-11-24,SBA_NAI,100XIAV031,2025-11-24::SBA_NAI::100XIAV031::100XIAV031::95,-0.4934753099875945,4
2025-11-24,SBA_NAI,100XIAV032,2025-11-24::SBA_NAI::100XIAV032::100XIAV032::114,0.03516194922358862,1
2025-11-24,SBA_NAI,100XIAV032,2025-11-24::SBA_NAI::100XIAV032::100XIAV032::122,0.9924488034242543,1
2025-11-24,SBA_NAI,100XIAV032,2025-11-24::SBA_NAI::100XIAV032::100XIAV032::1401,0.9897187730486809,1
2025-11-24,SBA_NAI,100XIAV032,2025-11-24::SBA_NAI::100XIAV032::100XIAV032::1986,0.4517276233144201,1
2025-11-24,SBA_NAI,100XIAV032,2025-11-24::SBA_NAI::100XIAV032::100XIAV032::2031,0.06278826423282458,2
2025-11-24,SBA_NAI,100XIAV032,2025-11-24::SBA_NAI::100XIAV032::100XIAV032::2135,-0.9354643523287638,1
2025-11-24,SBA_NAI,100XIAV032,2025-11-24::SBA_NAI::100XIAV032::100XIAV032::2320,0.9863449883608265,1
2025-11-24,SBA_NAI,100XIAV032,2025-11-24::SBA_NAI::100XIAV032::100XIAV032::2334,0.45687664074750245,3
2025-11-24,SBA_NAI,100XIAV032,2025-11-24::SBA_NAI::100XIAV032::100XIAV032::2492,0.038479093134587916,1
2025-11-24,SBA_NAI,100XIAV032,2025-11-24::SBA_NAI::100XIAV032::100XIAV032::2498,0.7245410934301986,1
2025-11-24,SBA_NAI,100XIAV032,2025-11-24::SBA_NAI::100XIAV032::100XIAV032::2499,-0.36544682559649216,1
2025-11-24,SBA_NAI,100XIAV032,2025-11-24::SBA_NAI::100XIAV032::100XIAV032::258,-0.3810820055806093,1
2025-11-24,SBA_NAI,100XIAV032,2025-11-24::SBA_NAI::100XIAV032::100XIAV032::260,-0.6096715517259648,6
2025-11-24,SBA_NAI,100XIAV032,2025-11-24::SBA_NAI::100XIAV032::100XIAV032::2602,0.005757479480922478,2
2025-11-24,SBA_NAI,100XIAV032,2025-11-24::SBA_NAI::100XIAV032::100XIAV032::271,-0.35670664271106234,2
2025-11-24,SBA_NAI,100XIAV032,2025-11-24::SBA_NAI::100XIAV032::100XIAV032::29,-0.9516382824497007,1
2025-11-24,SBA_NAI,100XIAV032,2025-11-24::SBA_NAI::100XIAV032::100XIAV032::3091,0.3716336995319898,1
2025-11-24,SBA_NAI,100XIAV032,2025-11-24::SBA_NAI::100XIAV032::100XIAV032::3867,0.05922661897430447,3
2025-11-24,SBA_NAI,100XIAV032,2025-11-24::SBA_NAI::100XIAV032::100XIAV032::4117,0.35053808901417877,5
2025-11-24,SBA_NAI,100XIAV032,2025-11-24::SBA_NAI::100XIAV032::100XIAV032::43,-0.9436596179718867,1
2025-11-24,SBA_NAI,100XIAV032,2025-11-24::SBA_NAI::100XIAV032::100XIAV032::443,0.99673095784639,2
2025-11-24,SBA_NAI,100XIAV032,2025-11-24::SBA_NAI::100XIAV032::100XIAV032::4474,-0.920763119427568,1
2025-11-24,SBA_NAI,100XIAV032,2025-11-24::SBA_NAI::100XIAV032::100XIAV032::4559,0.2507873546446787,4
2025-11-24,SBA_NAI,100XIAV032,2025-11-24::SBA_NAI::100XIAV032::100XIAV032::488,0.7723304352152038,1
2025-11-24,SBA_NAI,100XIAV032,2025-11-24::SBA_NAI::100XIAV032::100XIAV032::4926,0.6339432951603435,1
2025-11-24,SBA_NAI,100XIAV032,2025-11-24::SBA_NAI::100XIAV032::100XIAV032::513,-0.8124584375146716,1
2025-11-24,SBA_NAI,100XIAV032,2025-11-24::SBA_NAI::100XIAV032::100XIAV032::5145,-0.5234721198837173,1
2025-11-24,SBA_NAI,100XIAV032,2025-11-24::SBA_NAI::100XIAV032::100XIAV032::5383,0.9711123928254065,2
2025-11-24,SBA_NAI,100XIAV032,2025-11-24::SBA_NAI::100XIAV032::100XIAV032::5757,-0.662054827441663,1
2025-11-24,SBA_NAI,100XIAV032,2025-11-24::SBA_NAI::100XIAV032::100XIAV032::591,-0.028992120773054464,2
2025-11-24,SBA_NAI,100XIAV032,2025-11-24::SBA_NAI::100XIAV032::100XIAV032::5920,0.8485385321184934,1
2025-11-24,SBA_NAI,100XIAV032,2025-11-24::SBA_NAI::100XIAV032::100XIAV032::65,0.9776945383811717,4
2025-11-24,SBA_NAI,100XIAV032,2025-11-24::SBA_NAI::100XIAV032::100XIAV032::69,0.923152641302001,1
2025-11-24,SBA_NAI,100XIAV032,2025-11-24::SBA_NAI::100XIAV032::100XIAV032::716,-0.9737046004774795,1
2025-11-24,SBA_NAI,100XIAV032,2025-11-24::SBA_NAI::100XIAV032::100XIAV032::78,-0.1296363747548911,1
2025-11-24,SBA_NAI,100XIAV033,2025-11-24::SBA_NAI::100XIAV033::100XIAV033::126,-0.9905740956422651,1
2025-11-24,SBA_NAI,100XIAV033,2025-11-24::SBA_NAI::100XIAV033::100XIAV033::150,-0.4663658619384008,1
2025-11-24,SBA_NAI,100XIAV033,2025-11-24::SBA_NAI::100XIAV033::100XIAV033::1557,-0.5752678990726423,2
2025-11-24,SBA_NAI,100XIAV033,2025-11-24::SBA_NAI::100XIAV033::100XIAV033::1573,0.22210257387244328,1
2025-11-24,SBA_NAI,100XIAV033,2025-11-24::SBA_NAI::100XIAV033::100XIAV033::1759,0.541297580972244,9
2025-11-24,SBA_NAI,100XIAV033,2025-11-24::SBA_NAI::100XIAV033::100XIAV033::1843,0.9981039595935005,1
2025-11-24,SBA_NAI,100XIAV033,2025-11-24::SBA_NAI::100XIAV033::100XIAV033::205,0.9704736061339476,2
2025-11-24,SBA_NAI,100XIAV033,2025-11-24::SBA_NAI::100XIAV033::100XIAV033::2072,0.9587964251442581,1
2025-11-24,SBA_NAI,100XIAV033,2025-11-24::SBA_NAI::100XIAV033::100XIAV033::2195,0.7686714937871514,1
2025-11-24,SBA_NAI,100XIAV033,2025-11-24::SBA_NAI::100XIAV033::100XIAV033::2682,0.07314764133386872,1
2025-11-24,SBA_NAI,100XIAV033,2025-11-24::SBA_NAI::100XIAV033::100XIAV033::2808,0.10337026643558161,1
2025-11-24,SBA_NAI,100XIAV033,2025-11-24::SBA_NAI::100XIAV033::100XIAV033::3803,0.9350461525587475,1
2025-11-24,SBA_NAI,100XIAV033,2025-11-24::SBA_NAI::100XIAV033::100XIAV033::4124,0.08286277144027937,1
2025-11-24,SBA_NAI,100XIAV033,2025-11-24::SBA_NAI::100XIAV033::100XIAV033::4379,0.7915371532218918,2
2025-11-24,SBA_NAI,100XIAV033,2025-11-24::SBA_NAI::100XIAV033::100XIAV033::447,0.7480636717496956,1
2025-11-24,SBA_NAI,100XIAV033,2025-11-24::SBA_NAI::100XIAV033::100XIAV033::520,0.9358973572847292,2
2025-11-24,SBA_NAI,100XIAV033,2025-11-24::SBA_NAI::100XIAV033::100XIAV033::53,-0.6363941951210148,2
2025-11-24,SBA_NAI,100XIAV033,2025-11-24::SBA_NAI::100XIAV033::100XIAV033::610,0.3441767130843756,3
2025-11-24,SBA_NAI,100XIAV033,2025-11-24::SBA_NAI::100XIAV033::100XIAV033::626,0.6666356570937173,1
2025-11-24,SBA_NAI,100XIAV033,2025-11-24::SBA_NAI::100XIAV033::100XIAV033::638,-0.877560152286665,1
2025-11-24,SBA_NAI,100XIAV033,2025-11-24::SBA_NAI::100XIAV033::100XIAV033::64,0.5854344553354895,2
2025-11-24,SBA_NAI,100XIAV033,2025-11-24::SBA_NAI::100XIAV033::100XIAV033::672,0.6223074497244593,2
2025-11-24,SBA_NAI,100XIAV033,2025-11-24::SBA_NAI::100XIAV033::100XIAV033::85,0.995721125626499,1
2025-11-24,SBA_NAI,100XIAV034,2025-11-24::SBA_NAI::100XIAV034::100XIAV034::101,-0.7647505526196083,1
2025-11-24,SBA_NAI,100XIAV034,2025-11-24::SBA_NAI::100XIAV034::100XIAV034::1108,-0.8548411288534443,1
2025-11-24,SBA_NAI,100XIAV034,2025-11-24::SBA_NAI::100XIAV034::100XIAV034::115,0.44944714149197895,1
2025-11-24,SBA_NAI,100XIAV034,2025-11-24::SBA_NAI::100XIAV034::100XIAV034::1384,-0.06145640138583747,1
2025-11-24,SBA_NAI,100XIAV034,2025-11-24::SBA_NAI::100XIAV034::100XIAV034::1634,0.9628022974260705,9
2025-11-24,SBA_NAI,100XIAV034,2025-11-24::SBA_NAI::100XIAV034::100XIAV034::1949,0.5023964070675287,3
2025-11-24,SBA_NAI,100XIAV034,2025-11-24::SBA_NAI::100XIAV034::100XIAV034::205,-0.002442595796992131,1
2025-11-24,SBA_NAI,100XIAV034,2025-11-24::SBA_NAI::100XIAV034::100XIAV034::2360,0.9999196464009629,3
2025-11-24,SBA_NAI,100XIAV034,2025-11-24::SBA_NAI::100XIAV034::100XIAV034::253,0.2692255659031977,2
2025-11-24,SBA_NAI,100XIAV034,2025-11-24::SBA_NAI::100XIAV034::100XIAV034::2540,0.6013611891203879,1
2025-11-24,SBA_NAI,100XIAV034,2025-11-24::SBA_NAI::100XIAV034::100XIAV034::2875,0.69386183130573,1
2025-11-24,SBA_NAI,100XIAV034,2025-11-24::SBA_NAI::100XIAV034::100XIAV034::3199,-0.15273488973459057,3
2025-11-24,SBA_NAI,100XIAV034,2025-11-24::SBA_NAI::100XIAV034::100XIAV034::3816,0.18582435270137826,16
2025-11-24,SBA_NAI,100XIAV034,2025-11-24::SBA_NAI::100XIAV034::100XIAV034::3918,-0.9179354816833752,3
2025-11-24,SBA_NAI,100XIAV034,2025-11-24::SBA_NAI::100XIAV034::100XIAV034::430,0.7522368028389526,2
2025-11-24,SBA_NAI,100XIAV034,2025-11-24::SBA_NAI::100XIAV034::100XIAV034::4647,0.9465863202919352,2
2025-11-24,SBA_NAI,100XIAV034,2025-11-24::SBA_NAI::100XIAV034::100XIAV034::4866,0.12098698815025155,1
2025-11-24,SBA_NAI,100XIAV034,2025-11-24::SBA_NAI::100XIAV034::100XIAV034::4985,-0.9897897118465889,1
2025-11-24,SBA_NAI,100XIAV034,2025-11-24::SBA_NAI::100XIAV034::100XIAV034::503,0.8785548143797884,1
2025-11-24,SBA_NAI,100XIAV034,2025-11-24::SBA_NAI::100XIAV034::100XIAV034::6,0.9520793959691736,1
2025-11-24,SBA_NAI,100XIAV034,2025-11-24::SBA_NAI::100XIAV034::100XIAV034::680,0.9207836068696384,2
2025-11-24,SBA_NAI,100XIAV034,2025-11-24::SBA_NAI::100XIAV034::100XIAV034::683,0.6535092488335462,2
2025-11-24,SBA_NAI,100XIAV034,2025-11-24::SBA_NAI::100XIAV034::100XIAV034::698,0.9669492876411575,1
2025-11-24,SBA_NAI,100XIAV034,2025-11-24::SBA_NAI::100XIAV034::100XIAV034::755,-0.7924374213735176,1
2025-11-24,SBA_NAI,100XIAV034,2025-11-24::SBA_NAI::100XIAV034::100XIAV034::818,-0.043335920479360523,3
2025-11-24,SBA_NAI,100XIAV034,2025-11-24::SBA_NAI::100XIAV034::100XIAV034::95,0.993030518901882,1
2025-11-24,SBA_NAI,100XIAV034,2025-11-24::SBA_NAI::100XIAV034::100XIAV034::977,-0.9330421769479795,1
2025-11-24,SBA_NAI,100XIAV035,2025-11-24::SBA_NAI::100XIAV035::100XIAV035::1017,0.9312008537313599,2
2025-11-24,SBA_NAI,100XIAV035,2025-11-24::SBA_NAI::100XIAV035::100XIAV035::1035,0.9880065868871205,1
2025-11-24,SBA_NAI,100XIAV035,2025-11-24::SBA_NAI::100XIAV035::100XIAV035::1098,0.9994827825860415,1
2025-11-24,SBA_NAI,100XIAV035,2025-11-24::SBA_NAI::100XIAV035::100XIAV035::1101,0.9962616883113441,1
2025-11-24,SBA_NAI,100XIAV035,2025-11-24::SBA_NAI::100XIAV035::100XIAV035::1170,-0.042115247496929464,2
2025-11-24,SBA_NAI,100XIAV035,2025-11-24::SBA_NAI::100XIAV035::100XIAV035::127,0.9992501064481256,1
2025-11-24,SBA_NAI,100XIAV035,2025-11-24::SBA_NAI::100XIAV035::100XIAV035::1367,-0.4541548725097827,1
2025-11-24,SBA_NAI,100XIAV035,2025-11-24::SBA_NAI::100XIAV035::100XIAV035::1431,0.7489924429124184,1
2025-11-24,SBA_NAI,100XIAV035,2025-11-24::SBA_NAI::100XIAV035::100XIAV035::1602,0.08080113649436899,1
2025-11-24,SBA_NAI,100XIAV035,2025-11-24::SBA_NAI::100XIAV035::100XIAV035::1654,0.725444988115298,1
2025-11-24,SBA_NAI,100XIAV035,2025-11-24::SBA_NAI::100XIAV035::100XIAV035::1707,0.9942495258120446,1
2025-11-24,SBA_NAI,100XIAV035,2025-11-24::SBA_NAI::100XIAV035::100XIAV035::1809,0.8386263477543746,1
2025-11-24,SBA_NAI,100XIAV035,2025-11-24::SBA_NAI::100XIAV035::100XIAV035::1837,0.913705487924593,8
2025-11-24,SBA_NAI,100XIAV035,2025-11-24::SBA_NAI::100XIAV035::100XIAV035::225,-0.5061801439743826,1
2025-11-24,SBA_NAI,100XIAV035,2025-11-24::SBA_NAI::100XIAV035::100XIAV035::230,0.7964485574510747,2
2025-11-24,SBA_NAI,100XIAV035,2025-11-24::SBA_NAI::100XIAV035::100XIAV035::248,-0.2847383025455622,1
2025-11-24,SBA_NAI,100XIAV035,2025-11-24::SBA_NAI::100XIAV035::100XIAV035::253,-0.3302688139246559,1
2025-11-24,SBA_NAI,100XIAV035,2025-11-24::SBA_NAI::100XIAV035::100XIAV035::261,0.9728467592702734,1
2025-11-24,SBA_NAI,100XIAV035,2025-11-24::SBA_NAI::100XIAV035::100XIAV035::27,0.7569302146249482,4
2025-11-24,SBA_NAI,100XIAV035,2025-11-24::SBA_NAI::100XIAV035::100XIAV035::2954,0.6249857790848425,2
2025-11-24,SBA_NAI,100XIAV035,2025-11-24::SBA_NAI::100XIAV035::100XIAV035::296,0.001580921985892797,2
2025-11-24,SBA_NAI,100XIAV035,2025-11-24::SBA_NAI::100XIAV035::100XIAV035::2997,-0.6258874908151021,1
2025-11-24,SBA_NAI,100XIAV035,2025-11-24::SBA_NAI::100XIAV035::100XIAV035::311,0.9096113787508234,6
2025-11-24,SBA_NAI,100XIAV035,2025-11-24::SBA_NAI::100XIAV035::100XIAV035::33,0.979179115155481,1
2025-11-24,SBA_NAI,100XIAV035,2025-11-24::SBA_NAI::100XIAV035::100XIAV035::348,-0.7552647454783739,1
2025-11-24,SBA_NAI,100XIAV035,2025-11-24::SBA_NAI::100XIAV035::100XIAV035::4,0.09868642796908589,2
2025-11-24,SBA_NAI,100XIAV035,2025-11-24::SBA_NAI::100XIAV035::100XIAV035::410,-0.9083594576450098,1
2025-11-24,SBA_NAI,100XIAV035,2025-11-24::SBA_NAI::100XIAV035::100XIAV035::4519,-0.1612440574703603,3
2025-11-24,SBA_NAI,100XIAV035,2025-11-24::SBA_NAI::100XIAV035::100XIAV035::4629,-0.4648946889925023,1
2025-11-24,SBA_NAI,100XIAV035,2025-11-24::SBA_NAI::100XIAV035::100XIAV035::502,0.9999945436047697,1
2025-11-24,SBA_NAI,100XIAV035,2025-11-24::SBA_NAI::100XIAV035::100XIAV035::509,-0.6313162551482581,2
2025-11-24,SBA_NAI,100XIAV035,2025-11-24::SBA_NAI::100XIAV035::100XIAV035::5455,-0.9424872932458671,1
2025-11-24,SBA_NAI,100XIAV035,2025-11-24::SBA_NAI::100XIAV035::100XIAV035::5527,-0.802999689154517,1
2025-11-24,SBA_NAI,100XIAV035,2025-11-24::SBA_NAI::100XIAV035::100XIAV035::5704,-0.43086282310485674,3
2025-11-24,SBA_NAI,100XIAV035,2025-11-24::SBA_NAI::100XIAV035::100XIAV035::5748,0.9822180472240154,1
2025-11-24,SBA_NAI,100XIAV035,2025-11-24::SBA_NAI::100XIAV035::100XIAV035::6018,-0.6413288606442972,1
2025-11-24,SBA_NAI,100XIAV035,2025-11-24::SBA_NAI::100XIAV035::100XIAV035::63,0.3832008265304591,2
2025-11-24,SBA_NAI,100XIAV035,2025-11-24::SBA_NAI::100XIAV035::100XIAV035::6315,0.3839039323650682,3
2025-11-24,SBA_NAI,100XIAV035,2025-11-24::SBA_NAI::100XIAV035::100XIAV035::68,0.9615319736950103,2
2025-11-24,SBA_NAI,100XIAV035,2025-11-24::SBA_NAI::100XIAV035::100XIAV035::7262,-0.13257630167366827,3
2025-11-24,SBA_NAI,100XIAV035,2025-11-24::SBA_NAI::100XIAV035::100XIAV035::7389,0.6265027663226073,1
2025-11-24,SBA_NAI,100XIAV035,2025-11-24::SBA_NAI::100XIAV035::100XIAV035::742,0.0974753696175929,4
2025-11-24,SBA_NAI,100XIAV035,2025-11-24::SBA_NAI::100XIAV035::100XIAV035::810,0.7243205534154273,1
2025-11-24,SBA_NAI,100XIAV035,2025-11-24::SBA_NAI::100XIAV035::100XIAV035::867,-0.42345367460331906,2
2025-11-24,SBA_NAI,100XIAV035,2025-11-24::SBA_NAI::100XIAV035::100XIAV035::871,0.9456792120677211,2
2025-11-24,SBA_noNAI,100XIAV039,2025-11-24::SBA_noNAI::100XIAV039::100XIAV039::114,0.2845618341322586,2
2025-11-24,SBA_noNAI,100XIAV039,2025-11-24::SBA_noNAI::100XIAV039::100XIAV039::1302,0.6314211007691082,1
2025-11-24,SBA_noNAI,100XIAV039,2025-11-24::SBA_noNAI::100XIAV039::100XIAV039::1303,-0.7529126869390305,1
2025-11-24,SBA_noNAI,100XIAV039,2025-11-24::SBA_noNAI::100XIAV039::100XIAV039::1554,0.9733724236100192,1
2025-11-24,SBA_noNAI,100XIAV039,2025-11-24::SBA_noNAI::100XIAV039::100XIAV039::1878,0.8976661227993825,1
2025-11-24,SBA_noNAI,100XIAV039,2025-11-24::SBA_noNAI::100XIAV039::100XIAV039::1993,0.367175881148466,3
2025-11-24,SBA_noNAI,100XIAV039,2025-11-24::SBA_noNAI::100XIAV039::100XIAV039::2022,0.42926622235383194,1
2025-11-24,SBA_noNAI,100XIAV039,2025-11-24::SBA_noNAI::100XIAV039::100XIAV039::207,0.8356296591202147,1
2025-11-24,SBA_noNAI,100XIAV039,2025-11-24::SBA_noNAI::100XIAV039::100XIAV039::213,-0.6207801697271459,1
2025-11-24,SBA_noNAI,100XIAV039,2025-11-24::SBA_noNAI::100XIAV039::100XIAV039::2257,-0.16058538134398478,2
2025-11-24,SBA_noNAI,100XIAV039,2025-11-24::SBA_noNAI::100XIAV039::100XIAV039::2279,-0.26814723624895764,1
2025-11-24,SBA_noNAI,100XIAV039,2025-11-24::SBA_noNAI::100XIAV039::100XIAV039::247,-0.9893544140675443,1
2025-11-24,SBA_noNAI,100XIAV039,2025-11-24::SBA_noNAI::100XIAV039::100XIAV039::264,0.5654833410959017,11
2025-11-24,SBA_noNAI,100XIAV039,2025-11-24::SBA_noNAI::100XIAV039::100XIAV039::2980,-0.02259406400981158,1
2025-11-24,SBA_noNAI,100XIAV039,2025-11-24::SBA_noNAI::100XIAV039::100XIAV039::3318,0.486562480276096,2
2025-11-24,SBA_noNAI,100XIAV039,2025-11-24::SBA_noNAI::100XIAV039::100XIAV039::3394,-0.0720971186761496,3
2025-11-24,SBA_noNAI,100XIAV039,2025-11-24::SBA_noNAI::100XIAV039::100XIAV039::37,0.3145709176682907,10
2025-11-24,SBA_noNAI,100XIAV039,2025-11-24::SBA_noNAI::100XIAV039::100XIAV039::3907,0.8384003832461592,1
2025-11-24,SBA_noNAI,100XIAV039,2025-11-24::SBA_noNAI::100XIAV039::100XIAV039::4125,0.9800160465270354,3
2025-11-24,SBA_noNAI,100XIAV039,2025-11-24::SBA_noNAI::100XIAV039::100XIAV039::434,-0.7679482290612303,1
2025-11-24,SBA_noNAI,100XIAV039,2025-11-24::SBA_noNAI::100XIAV039::100XIAV039::452,0.8531753390314528,1
2025-11-24,SBA_noNAI,100XIAV039,2025-11-24::SBA_noNAI::100XIAV039::100XIAV039::457,-0.11768568093699858,4
2025-11-24,SBA_noNAI,100XIAV039,2025-11-24::SBA_noNAI::100XIAV039::100XIAV039::724,0.9803358713322221,1
2025-11-24,SBA_noNAI,100XIAV039,2025-11-24::SBA_noNAI::100XIAV039::100XIAV039::754,-0.9433048074160989,2
2025-11-24,SBA_noNAI,100XIAV039,2025-11-24::SBA_noNAI::100XIAV039::100XIAV039::795,-0.9803251699275504,1
2025-11-24,SBA_noNAI,100XIAV039,2025-11-24::SBA_noNAI::100XIAV039::100XIAV039::821,0.6647934869278582,1
2025-11-24,SBA_noNAI,100XIAV039,2025-11-24::SBA_noNAI::100XIAV039::100XIAV039::874,0.9996846804776308,1
2025-11-24,SBA_noNAI,100XIAV040,2025-11-24::SBA_noNAI::100XIAV040::100XIAV040::1057,-0.8710215191286358,1
2025-11-24,SBA_noNAI,100XIAV040,2025-11-24::SBA_noNAI::100XIAV040::100XIAV040::1254,0.9956418679708735,1
2025-11-24,SBA_noNAI,100XIAV040,2025-11-24::SBA_noNAI::100XIAV040::100XIAV040::154,0.9988129418544404,1
2025-11-24,SBA_noNAI,100XIAV040,2025-11-24::SBA_noNAI::100XIAV040::100XIAV040::1858,-0.48453690733304966,1
2025-11-24,SBA_noNAI,100XIAV040,2025-11-24::SBA_noNAI::100XIAV040::100XIAV040::192,0.9965120892322373,3
2025-11-24,SBA_noNAI,100XIAV040,2025-11-24::SBA_noNAI::100XIAV040::100XIAV040::1979,-0.011028709058619968,1
2025-11-24,SBA_noNAI,100XIAV040,2025-11-24::SBA_noNAI::100XIAV040::100XIAV040::2065,0.8820449492417337,1
2025-11-24,SBA_noNAI,100XIAV040,2025-11-24::SBA_noNAI::100XIAV040::100XIAV040::2765,0.9184259066416744,1
2025-11-24,SBA_noNAI,100XIAV040,2025-11-24::SBA_noNAI::100XIAV040::100XIAV040::2834,0.5739113763214684,1
2025-11-24,SBA_noNAI,100XIAV040,2025-11-24::SBA_noNAI::100XIAV040::100XIAV040::300,-0.7815711664636131,1
2025-11-24,SBA_noNAI,100XIAV040,2025-11-24::SBA_noNAI::100XIAV040::100XIAV040::3050,0.9706068385779942,2
2025-11-24,SBA_noNAI,100XIAV040,2025-11-24::SBA_noNAI::100XIAV040::100XIAV040::3132,0.4670181956374825,1
2025-11-24,SBA_noNAI,100XIAV040,2025-11-24::SBA_noNAI::100XIAV040::100XIAV040::3193,0.9996759305741949,1
2025-11-24,SBA_noNAI,100XIAV040,2025-11-24::SBA_noNAI::100XIAV040::100XIAV040::321,-0.8237100461274625,1
2025-11-24,SBA_noNAI,100XIAV040,2025-11-24::SBA_noNAI::100XIAV040::100XIAV040::3312,0.1416188423802843,3
2025-11-24,SBA_noNAI,100XIAV040,2025-11-24::SBA_noNAI::100XIAV040::100XIAV040::3968,0.0059355845567977406,2
2025-11-24,SBA_noNAI,100XIAV040,2025-11-24::SBA_noNAI::100XIAV040::100XIAV040::577,0.8249315845624889,1
2025-11-24,SBA_noNAI,100XIAV040,2025-11-24::SBA_noNAI::100XIAV040::100XIAV040::698,-0.9513658399822791,1
2025-11-24,SBA_noNAI,100XIAV040,2025-11-24::SBA_noNAI::100XIAV040::100XIAV040::726,0.8760773801953926,5
2025-11-24,SBA_noNAI,100XIAV040,2025-11-24::SBA_noNAI::100XIAV040::100XIAV040::794,0.45716701592857134,2
2025-11-24,SBA_noNAI,100XIAV040,2025-11-24::SBA_noNAI::100XIAV040::100XIAV040::821,0.9829406765728645,1
2025-11-24,SBA_noNAI,100XIAV040,2025-11-24::SBA_noNAI::100XIAV040::100XIAV040::869,0.5243044836147979,1
2025-11-24,SBA_noNAI,100XIAV040,2025-11-24::SBA_noNAI::100XIAV040::100XIAV040::875,0.9653791918032392,1
2025-11-24,SBA_noNAI,100XIAV040,2025-11-24::SBA_noNAI::100XIAV040::100XIAV040::908,0.9477294873990555,1
2025-11-24,SBA_noNAI,100XIAV040,2025-11-24::SBA_noNAI::100XIAV040::100XIAV040::948,0.9999644085323498,2
2025-11-24,SBA_noNAI,100XIAV040,2025-11-24::SBA_noNAI::100XIAV040::100XIAV040::950,-0.7257198558406331,1
2025-11-24,SBA_noNAI,100XIAV041,2025-11-24::SBA_noNAI::100XIAV041::100XIAV041::1047,-0.4141248761648656,1
2025-11-24,SBA_noNAI,100XIAV041,2025-11-24::SBA_noNAI::100XIAV041::100XIAV041::1048,0.9444672793729167,1
2025-11-24,SBA_noNAI,100XIAV041,2025-11-24::SBA_noNAI::100XIAV041::100XIAV041::1130,0.8338818209501131,1
2025-11-24,SBA_noNAI,100XIAV041,2025-11-24::SBA_noNAI::100XIAV041::100XIAV041::1886,-0.9393726012594025,1
2025-11-24,SBA_noNAI,100XIAV041,2025-11-24::SBA_noNAI::100XIAV041::100XIAV041::1906,-0.4011116050891553,1
2025-11-24,SBA_noNAI,100XIAV041,2025-11-24::SBA_noNAI::100XIAV041::100XIAV041::1950,0.9933531910282563,6
2025-11-24,SBA_noNAI,100XIAV041,2025-11-24::SBA_noNAI::100XIAV041::100XIAV041::2,-0.6035188727443105,1
2025-11-24,SBA_noNAI,100XIAV041,2025-11-24::SBA_noNAI::100XIAV041::100XIAV041::2000,-0.8996975735194244,1
2025-11-24,SBA_noNAI,100XIAV041,2025-11-24::SBA_noNAI::100XIAV041::100XIAV041::2050,-0.9297088995690983,1
2025-11-24,SBA_noNAI,100XIAV041,2025-11-24::SBA_noNAI::100XIAV041::100XIAV041::2068,0.15006469285794732,2
2025-11-24,SBA_noNAI,100XIAV041,2025-11-24::SBA_noNAI::100XIAV041::100XIAV041::2169,0.9948765326896998,2
2025-11-24,SBA_noNAI,100XIAV041,2025-11-24::SBA_noNAI::100XIAV041::100XIAV041::2232,0.9507297158062308,1
2025-11-24,SBA_noNAI,100XIAV041,2025-11-24::SBA_noNAI::100XIAV041::100XIAV041::2316,0.7934380986335385,1
2025-11-24,SBA_noNAI,100XIAV041,2025-11-24::SBA_noNAI::100XIAV041::100XIAV041::2341,0.9645573968190291,2
2025-11-24,SBA_noNAI,100XIAV041,2025-11-24::SBA_noNAI::100XIAV041::100XIAV041::2454,0.007317276118991939,1
2025-11-24,SBA_noNAI,100XIAV041,2025-11-24::SBA_noNAI::100XIAV041::100XIAV041::246,-0.9343794215710528,1
2025-11-24,SBA_noNAI,100XIAV041,2025-11-24::SBA_noNAI::100XIAV041::100XIAV041::2771,0.20283886738408657,1
2025-11-24,SBA_noNAI,100XIAV041,2025-11-24::SBA_noNAI::100XIAV041::100XIAV041::32,-0.3516129853600664,1
2025-11-24,SBA_noNAI,100XIAV041,2025-11-24::SBA_noNAI::100XIAV041::100XIAV041::4500,0.9625433971029752,2
2025-11-24,SBA_noNAI,100XIAV041,2025-11-24::SBA_noNAI::100XIAV041::100XIAV041::4706,-0.9954281179012887,1
2025-11-24,SBA_noNAI,100XIAV041,2025-11-24::SBA_noNAI::100XIAV041::100XIAV041::4757,0.6830361192710502,1
2025-11-24,SBA_noNAI,100XIAV041,2025-11-24::SBA_noNAI::100XIAV041::100XIAV041::4848,-0.792378880395785,1
2025-11-24,SBA_noNAI,100XIAV041,2025-11-24::SBA_noNAI::100XIAV041::100XIAV041::4864,0.9555097586863575,1
2025-11-24,SBA_noNAI,100XIAV041,2025-11-24::SBA_noNAI::100XIAV041::100XIAV041::489,0.8635276332581674,2
2025-11-24,SBA_noNAI,100XIAV041,2025-11-24::SBA_noNAI::100XIAV041::100XIAV041::5219,-0.8262933706185293,1
2025-11-24,SBA_noNAI,100XIAV041,2025-11-24::SBA_noNAI::100XIAV041::100XIAV041::5479,0.8907527250219673,1
2025-11-24,SBA_noNAI,100XIAV041,2025-11-24::SBA_noNAI::100XIAV041::100XIAV041::73,-0.6225774252366965,1
2025-11-24,SBA_noNAI,100XIAV041,2025-11-24::SBA_noNAI::100XIAV041::100XIAV041::924,-0.07856799790648172,1
2025-11-24,SBA_noNAI,100XIAV041,2025-11-24::SBA_noNAI::100XIAV041::100XIAV041::981,0.008516556792782478,3
2025-11-24,SBA_noNAI,100XIAV041,2025-11-24::SBA_noNAI::100XIAV041::100XIAV041::989,0.9706155336849962,1
2025-11-24,SBA_noNAI,100XIAV042,2025-11-24::SBA_noNAI::100XIAV042::100XIAV042::1015,0.999539763162681,1
2025-11-24,SBA_noNAI,100XIAV042,2025-11-24::SBA_noNAI::100XIAV042::100XIAV042::1043,0.5523687600563865,1
2025-11-24,SBA_noNAI,100XIAV042,2025-11-24::SBA_noNAI::100XIAV042::100XIAV042::1063,0.9674143319445582,2
2025-11-24,SBA_noNAI,100XIAV042,2025-11-24::SBA_noNAI::100XIAV042::100XIAV042::1110,0.2489785248363024,5
2025-11-24,SBA_noNAI,100XIAV042,2025-11-24::SBA_noNAI::100XIAV042::100XIAV042::1111,0.15948522798984202,1
2025-11-24,SBA_noNAI,100XIAV042,2025-11-24::SBA_noNAI::100XIAV042::100XIAV042::1117,0.9837473746583523,1
2025-11-24,SBA_noNAI,100XIAV042,2025-11-24::SBA_noNAI::100XIAV042::100XIAV042::1118,-0.9964852828032835,1
2025-11-24,SBA_noNAI,100XIAV042,2025-11-24::SBA_noNAI::100XIAV042::100XIAV042::1123,-0.11071211776456702,3
2025-11-24,SBA_noNAI,100XIAV042,2025-11-24::SBA_noNAI::100XIAV042::100XIAV042::1193,-0.9907862490131918,1
2025-11-24,SBA_noNAI,100XIAV042,2025-11-24::SBA_noNAI::100XIAV042::100XIAV042::1215,0.8468249829887788,1
2025-11-24,SBA_noNAI,100XIAV042,2025-11-24::SBA_noNAI::100XIAV042::100XIAV042::1268,0.7032619850217288,1
2025-11-24,SBA_noNAI,100XIAV042,2025-11-24::SBA_noNAI::100XIAV042::100XIAV042::1342,0.09612081589566596,1
2025-11-24,SBA_noNAI,100XIAV042,2025-11-24::SBA_noNAI::100XIAV042::100XIAV042::1362,0.9672052653692409,4
2025-11-24,SBA_noNAI,100XIAV042,2025-11-24::SBA_noNAI::100XIAV042::100XIAV042::1389,-0.3445324680204288,1
2025-11-24,SBA_noNAI,100XIAV042,2025-11-24::SBA_noNAI::100XIAV042::100XIAV042::1477,-0.14127501724201258,2
2025-11-24,SBA_noNAI,100XIAV042,2025-11-24::SBA_noNAI::100XIAV042::100XIAV042::166,0.9796454941220502,1
2025-11-24,SBA_noNAI,100XIAV042,2025-11-24::SBA_noNAI::100XIAV042::100XIAV042::1716,0.9652593767440096,1
2025-11-24,SBA_noNAI,100XIAV042,2025-11-24::SBA_noNAI::100XIAV042::100XIAV042::1809,0.9817637386189264,1
2025-11-24,SBA_noNAI,100XIAV042,2025-11-24::SBA_noNAI::100XIAV042::100XIAV042::205,0.9815686142789439,1
2025-11-24,SBA_noNAI,100XIAV042,2025-11-24::SBA_noNAI::100XIAV042::100XIAV042::2076,0.21666498371075193,6
2025-11-24,SBA_noNAI,100XIAV042,2025-11-24::SBA_noNAI::100XIAV042::100XIAV042::208,0.8052984527687033,5
2025-11-24,SBA_noNAI,100XIAV042,2025-11-24::SBA_noNAI::100XIAV042::100XIAV042::304,0.3192875935450269,1
2025-11-24,SBA_noNAI,100XIAV042,2025-11-24::SBA_noNAI::100XIAV042::100XIAV042::3091,0.8043739266872072,2
2025-11-24,SBA_noNAI,100XIAV042,2025-11-24::SBA_noNAI::100XIAV042::100XIAV042::340,-0.9841652869009769,1
2025-11-24,SBA_noNAI,100XIAV042,2025-11-24::SBA_noNAI::100XIAV042::100XIAV042::3647,0.6577375188498342,2
2025-11-24,SBA_noNAI,100XIAV042,2025-11-24::SBA_noNAI::100XIAV042::100XIAV042::3704,0.9629577874449571,2
2025-11-24,SBA_noNAI,100XIAV042,2025-11-24::SBA_noNAI::100XIAV042::100XIAV042::3938,0.6715982603266659,1
2025-11-24,SBA_noNAI,100XIAV042,2025-11-24::SBA_noNAI::100XIAV042::100XIAV042::402,0.9938467525223973,1
2025-11-24,SBA_noNAI,100XIAV042,2025-11-24::SBA_noNAI::100XIAV042::100XIAV042::4055,0.14304927668979034,1
2025-11-24,SBA_noNAI,100XIAV042,2025-11-24::SBA_noNAI::100XIAV042::100XIAV042::467,-0.5670279820347942,1
2025-11-24,SBA_noNAI,100XIAV042,2025-11-24::SBA_noNAI::100XIAV042::100XIAV042::4956,0.9514019286617842,1
2025-11-24,SBA_noNAI,100XIAV042,2025-11-24::SBA_noNAI::100XIAV042::100XIAV042::5214,0.780194056255443,1
2025-11-24,SBA_noNAI,100XIAV042,2025-11-24::SBA_noNAI::100XIAV042::100XIAV042::5892,0.9631313199851735,3
2025-11-24,SBA_noNAI,100XIAV042,2025-11-24::SBA_noNAI::100XIAV042::100XIAV042::6606,-0.9956777759381576,1
2025-11-24,SBA_noNAI,100XIAV042,2025-11-24::SBA_noNAI::100XIAV042::100XIAV042::710,0.8753815659208946,1
2025-11-24,SBA_noNAI,100XIAV042,2025-11-24::SBA_noNAI::100XIAV042::100XIAV042::730,0.7929351115372384,2
2025-11-24,SBA_noNAI,100XIAV042,2025-11-24::SBA_noNAI::100XIAV042::100XIAV042::7366,-0.9438375404257883,2
2025-11-24,SBA_noNAI,100XIAV042,2025-11-24::SBA_noNAI::100XIAV042::100XIAV042::7546,0.9530117931275095,2
2025-11-24,SBA_noNAI,100XIAV042,2025-11-24::SBA_noNAI::100XIAV042::100XIAV042::7744,0.9664450031051415,1
2025-11-24,SBA_noNAI,100XIAV042,2025-11-24::SBA_noNAI::100XIAV042::100XIAV042::7993,0.06851271879033297,2
2025-11-24,SBA_noNAI,100XIAV042,2025-11-24::SBA_noNAI::100XIAV042::100XIAV042::8071,0.13872487036353756,1
2025-11-24,SBA_noNAI,100XIAV042,2025-11-24::SBA_noNAI::100XIAV042::100XIAV042::82,0.7579148014865101,3
2025-11-24,SBA_noNAI,100XIAV042,2025-11-24::SBA_noNAI::100XIAV042::100XIAV042::8765,-0.40375019430785486,1
2025-11-24,SBA_noNAI,100XIAV042,2025-11-24::SBA_noNAI::100XIAV042::100XIAV042::894,-0.9705095268131024,1
2025-11-24,SBA_noNAI,100XIAV042,2025-11-24::SBA_noNAI::100XIAV042::100XIAV042::9429,-0.18841715778920406,3
2025-11-24,SBA_noNAI,100XIAV042,2025-11-24::SBA_noNAI::100XIAV042::100XIAV042::957,0.9345414970101238,1
2025-11-24,SBA_noNAI,100XIAV042,2025-11-24::SBA_noNAI::100XIAV042::100XIAV042::961,0.9676908895811007,2
2025-11-24,SBA_noNAI,100XIAV042,2025-11-24::SBA_noNAI::100XIAV042::100XIAV042::9788,0.3164068926731225,6
2025-11-24,SBA_noNAI,100XIAV042,2025-11-24::SBA_noNAI::100XIAV042::100XIAV042::979,0.9504357014984925,1
2025-11-24,SBA_noNAI,100XIAV042,2025-11-24::SBA_noNAI::100XIAV042::100XIAV042::991,0.32204058066128594,2
2025-11-24,SBA_noNAI,100XIAV043,2025-11-24::SBA_noNAI::100XIAV043::100XIAV043::1031,-0.7431851285372035,2
2025-11-24,SBA_noNAI,100XIAV043,2025-11-24::SBA_noNAI::100XIAV043::100XIAV043::10476,0.9756304264530152,1
2025-11-24,SBA_noNAI,100XIAV043,2025-11-24::SBA_noNAI::100XIAV043::100XIAV043::10719,-0.577686939653129,2
2025-11-24,SBA_noNAI,100XIAV043,2025-11-24::SBA_noNAI::100XIAV043::100XIAV043::115,0.27120526481318763,4
2025-11-24,SBA_noNAI,100XIAV043,2025-11-24::SBA_noNAI::100XIAV043::100XIAV043::1367,0.8783626628543676,3
2025-11-24,SBA_noNAI,100XIAV043,2025-11-24::SBA_noNAI::100XIAV043::100XIAV043::1388,-0.006791437346198748,2
2025-11-24,SBA_noNAI,100XIAV043,2025-11-24::SBA_noNAI::100XIAV043::100XIAV043::150,0.9480349059481123,3
2025-11-24,SBA_noNAI,100XIAV043,2025-11-24::SBA_noNAI::100XIAV043::100XIAV043::1511,0.024758274949605905,9
2025-11-24,SBA_noNAI,100XIAV043,2025-11-24::SBA_noNAI::100XIAV043::100XIAV043::154,-0.9025064653728274,1
2025-11-24,SBA_noNAI,100XIAV043,2025-11-24::SBA_noNAI::100XIAV043::100XIAV043::1586,0.7962720126767181,6
2025-11-24,SBA_noNAI,100XIAV043,2025-11-24::SBA_noNAI::100XIAV043::100XIAV043::161,-0.8006057192052016,1
2025-11-24,SBA_noNAI,100XIAV043,2025-11-24::SBA_noNAI::100XIAV043::100XIAV043::1681,0.25010935097153925,2
2025-11-24,SBA_noNAI,100XIAV043,2025-11-24::SBA_noNAI::100XIAV043::100XIAV043::173,0.9063511616439296,1
2025-11-24,SBA_noNAI,100XIAV043,2025-11-24::SBA_noNAI::100XIAV043::100XIAV043::180,0.9291052663301923,1
2025-11-24,SBA_noNAI,100XIAV043,2025-11-24::SBA_noNAI::100XIAV043::100XIAV043::182,-0.002331473969963823,6
2025-11-24,SBA_noNAI,100XIAV043,2025-11-24::SBA_noNAI::100XIAV043::100XIAV043::1914,0.36768617758443856,5
2025-11-24,SBA_noNAI,100XIAV043,2025-11-24::SBA_noNAI::100XIAV043::100XIAV043::1986,-0.9436154083951359,1
2025-11-24,SBA_noNAI,100XIAV043,2025-11-24::SBA_noNAI::100XIAV043::100XIAV043::218,0.9078151120164261,1
2025-11-24,SBA_noNAI,100XIAV043,2025-11-24::SBA_noNAI::100XIAV043::100XIAV043::235,0.9905466230524926,1
2025-11-24,SBA_noNAI,100XIAV043,2025-11-24::SBA_noNAI::100XIAV043::100XIAV043::24,0.6071887798179214,5
2025-11-24,SBA_noNAI,100XIAV043,2025-11-24::SBA_noNAI::100XIAV043::100XIAV043::2657,-0.4849200933193328,2
2025-11-24,SBA_noNAI,100XIAV043,2025-11-24::SBA_noNAI::100XIAV043::100XIAV043::28,0.27553684662048605,2
2025-11-24,SBA_noNAI,100XIAV043,2025-11-24::SBA_noNAI::100XIAV043::100XIAV043::2862,0.2501386178296138,4
2025-11-24,SBA_noNAI,100XIAV043,2025-11-24::SBA_noNAI::100XIAV043::100XIAV043::3164,0.48811734219250785,3
2025-11-24,SBA_noNAI,100XIAV043,2025-11-24::SBA_noNAI::100XIAV043::100XIAV043::3401,-0.7747443332022089,1
2025-11-24,SBA_noNAI,100XIAV043,2025-11-24::SBA_noNAI::100XIAV043::100XIAV043::342,0.5888810625584608,2
2025-11-24,SBA_noNAI,100XIAV043,2025-11-24::SBA_noNAI::100XIAV043::100XIAV043::3459,0.8965574699861125,1
2025-11-24,SBA_noNAI,100XIAV043,2025-11-24::SBA_noNAI::100XIAV043::100XIAV043::3461,0.9487640367730997,1
2025-11-24,SBA_noNAI,100XIAV043,2025-11-24::SBA_noNAI::100XIAV043::100XIAV043::3473,0.8151656801615504,1
2025-11-24,SBA_noNAI,100XIAV043,2025-11-24::SBA_noNAI::100XIAV043::100XIAV043::3583,-0.3438096114163784,3
2025-11-24,SBA_noNAI,100XIAV043,2025-11-24::SBA_noNAI::100XIAV043::100XIAV043::36,-0.1951411040862252,2
2025-11-24,SBA_noNAI,100XIAV043,2025-11-24::SBA_noNAI::100XIAV043::100XIAV043::404,0.788576780797383,3
2025-11-24,SBA_noNAI,100XIAV043,2025-11-24::SBA_noNAI::100XIAV043::100XIAV043::413,0.9296768802443334,1
2025-11-24,SBA_noNAI,100XIAV043,2025-11-24::SBA_noNAI::100XIAV043::100XIAV043::417,0.9081267231147092,4
2025-11-24,SBA_noNAI,100XIAV043,2025-11-24::SBA_noNAI::100XIAV043::100XIAV043::4239,0.9689738024389305,1
2025-11-24,SBA_noNAI,100XIAV043,2025-11-24::SBA_noNAI::100XIAV043::100XIAV043::424,0.8716305513132211,1
2025-11-24,SBA_noNAI,100XIAV043,2025-11-24::SBA_noNAI::100XIAV043::100XIAV043::426,0.9281252932034267,1
2025-11-24,SBA_noNAI,100XIAV043,2025-11-24::SBA_noNAI::100XIAV043::100XIAV043::4393,-0.03699150623376453,2
2025-11-24,SBA_noNAI,100XIAV043,2025-11-24::SBA_noNAI::100XIAV043::100XIAV043::458,-0.8491958005767941,2
2025-11-24,SBA_noNAI,100XIAV043,2025-11-24::SBA_noNAI::100XIAV043::100XIAV043::466,0.16687965814507144,1
2025-11-24,SBA_noNAI,100XIAV043,2025-11-24::SBA_noNAI::100XIAV043::100XIAV043::4792,0.5829412131355046,1
2025-11-24,SBA_noNAI,100XIAV043,2025-11-24::SBA_noNAI::100XIAV043::100XIAV043::485,-0.9781590068317434,1
2025-11-24,SBA_noNAI,100XIAV043,2025-11-24::SBA_noNAI::100XIAV043::100XIAV043::490,0.9410033037265702,1
2025-11-24,SBA_noNAI,100XIAV043,2025-11-24::SBA_noNAI::100XIAV043::100XIAV043::51,0.8604271331228565,2
2025-11-24,SBA_noNAI,100XIAV043,2025-11-24::SBA_noNAI::100XIAV043::100XIAV043::5102,-0.26298530653582386,4
2025-11-24,SBA_noNAI,100XIAV043,2025-11-24::SBA_noNAI::100XIAV043::100XIAV043::514,0.04056567800662125,3
2025-11-24,SBA_noNAI,100XIAV043,2025-11-24::SBA_noNAI::100XIAV043::100XIAV043::523,-0.09218617888451966,1
2025-11-24,SBA_noNAI,100XIAV043,2025-11-24::SBA_noNAI::100XIAV043::100XIAV043::5509,0.7703831430136869,2
2025-11-24,SBA_noNAI,100XIAV043,2025-11-24::SBA_noNAI::100XIAV043::100XIAV043::5687,-0.8727112077635792,1
2025-11-24,SBA_noNAI,100XIAV043,2025-11-24::SBA_noNAI::100XIAV043::100XIAV043::5715,0.2511589046756795,3
2025-11-24,SBA_noNAI,100XIAV043,2025-11-24::SBA_noNAI::100XIAV043::100XIAV043::59,-0.054648460086837325,2
2025-11-24,SBA_noNAI,100XIAV043,2025-11-24::SBA_noNAI::100XIAV043::100XIAV043::61,0.45649089676950294,1
2025-11-24,SBA_noNAI,100XIAV043,2025-11-24::SBA_noNAI::100XIAV043::100XIAV043::617,0.18052782945690357,3
2025-11-24,SBA_noNAI,100XIAV043,2025-11-24::SBA_noNAI::100XIAV043::100XIAV043::626,0.8386029754410594,1
2025-11-24,SBA_noNAI,100XIAV043,2025-11-24::SBA_noNAI::100XIAV043::100XIAV043::627,0.9928202979796199,1
2025-11-24,SBA_noNAI,100XIAV043,2025-11-24::SBA_noNAI::100XIAV043::100XIAV043::628,0.39447365138680435,6
2025-11-24,SBA_noNAI,100XIAV043,2025-11-24::SBA_noNAI::100XIAV043::100XIAV043::633,0.3918557574752946,11
2025-11-24,SBA_noNAI,100XIAV043,2025-11-24::SBA_noNAI::100XIAV043::100XIAV043::635,-0.9171006424490284,2
2025-11-24,SBA_noNAI,100XIAV043,2025-11-24::SBA_noNAI::100XIAV043::100XIAV043::636,0.9699181275947216,1
2025-11-24,SBA_noNAI,100XIAV043,2025-11-24::SBA_noNAI::100XIAV043::100XIAV043::6455,-0.9113127939041431,1
2025-11-24,SBA_noNAI,100XIAV043,2025-11-24::SBA_noNAI::100XIAV043::100XIAV043::6684,0.607745448855501,1
2025-11-24,SBA_noNAI,100XIAV043,2025-11-24::SBA_noNAI::100XIAV043::100XIAV043::7087,0.9402618278347482,1
2025-11-24,SBA_noNAI,100XIAV043,2025-11-24::SBA_noNAI::100XIAV043::100XIAV043::7102,0.3052767004335552,6
2025-11-24,SBA_noNAI,100XIAV043,2025-11-24::SBA_noNAI::100XIAV043::100XIAV043::711,0.9973856302550292,1
2025-11-24,SBA_noNAI,100XIAV043,2025-11-24::SBA_noNAI::100XIAV043::100XIAV043::72,-0.2500880880730923,2
2025-11-24,SBA_noNAI,100XIAV043,2025-11-24::SBA_noNAI::100XIAV043::100XIAV043::7217,0.967364397194699,2
2025-11-24,SBA_noNAI,100XIAV043,2025-11-24::SBA_noNAI::100XIAV043::100XIAV043::7339,0.9561791091525638,1
2025-11-24,SBA_noNAI,100XIAV043,2025-11-24::SBA_noNAI::100XIAV043::100XIAV043::7439,0.47985352680656945,9
2025-11-24,SBA_noNAI,100XIAV043,2025-11-24::SBA_noNAI::100XIAV043::100XIAV043::7634,-0.24305120141396297,2
2025-11-24,SBA_noNAI,100XIAV043,2025-11-24::SBA_noNAI::100XIAV043::100XIAV043::7637,0.0450678158011002,2
2025-11-24,SBA_noNAI,100XIAV043,2025-11-24::SBA_noNAI::100XIAV043::100XIAV043::77,0.4618831201141824,1
2025-11-24,SBA_noNAI,100XIAV043,2025-11-24::SBA_noNAI::100XIAV043::100XIAV043::791,0.3168791594790662,4
2025-11-24,SBA_noNAI,100XIAV043,2025-11-24::SBA_noNAI::100XIAV043::100XIAV043::795,0.3110420192468223,3
2025-11-24,SBA_noNAI,100XIAV043,2025-11-24::SBA_noNAI::100XIAV043::100XIAV043::80,-0.3359970851685712,3
2025-11-24,SBA_noNAI,100XIAV043,2025-11-24::SBA_noNAI::100XIAV043::100XIAV043::814,-0.48435759152104724,1
2025-11-24,SBA_noNAI,100XIAV043,2025-11-24::SBA_noNAI::100XIAV043::100XIAV043::823,-0.9563701559101727,1
2025-11-24,SBA_noNAI,100XIAV043,2025-11-24::SBA_noNAI::100XIAV043::100XIAV043::8234,-0.8727977316967331,1
2025-11-24,SBA_noNAI,100XIAV043,2025-11-24::SBA_noNAI::100XIAV043::100XIAV043::829,-0.6076208741278913,1
2025-11-24,SBA_noNAI,100XIAV043,2025-11-24::SBA_noNAI::100XIAV043::100XIAV043::830,-0.2799213577701371,3
2025-11-24,SBA_noNAI,100XIAV043,2025-11-24::SBA_noNAI::100XIAV043::100XIAV043::8360,0.1940226428022659,2
2025-11-24,SBA_noNAI,100XIAV043,2025-11-24::SBA_noNAI::100XIAV043::100XIAV043::8391,0.7401636060278466,4
2025-11-24,SBA_noNAI,100XIAV043,2025-11-24::SBA_noNAI::100XIAV043::100XIAV043::861,0.9841884068528116,1
2025-11-24,SBA_noNAI,100XIAV043,2025-11-24::SBA_noNAI::100XIAV043::100XIAV043::863,0.832677020441366,1
2025-11-24,SBA_noNAI,100XIAV043,2025-11-24::SBA_noNAI::100XIAV043::100XIAV043::868,0.9465649387577691,1
2025-11-24,SBA_noNAI,100XIAV043,2025-11-24::SBA_noNAI::100XIAV043::100XIAV043::878,-0.8127260924369697,1
2025-11-24,SBA_noNAI,100XIAV043,2025-11-24::SBA_noNAI::100XIAV043::100XIAV043::88,0.6256260734431005,1
2025-11-24,SBA_noNAI,100XIAV043,2025-11-24::SBA_noNAI::100XIAV043::100XIAV043::899,0.6908448537695447,1
2025-11-24,SBA_noNAI,100XIAV043,2025-11-24::SBA_noNAI::100XIAV043::100XIAV043::9075,0.9892851176278736,1
2025-11-24,SBA_noNAI,100XIAV043,2025-11-24::SBA_noNAI::100XIAV043::100XIAV043::908,-0.6333247798282905,3
2025-11-24,SBA_noNAI,100XIAV043,2025-11-24::SBA_noNAI::100XIAV043::100XIAV043::916,-0.5042362325484859,1
2025-11-24,SBA_noNAI,100XIAV043,2025-11-24::SBA_noNAI::100XIAV043::100XIAV043::919,-0.9881694749507248,1
2025-11-24,SBA_noNAI,100XIAV043,2025-11-24::SBA_noNAI::100XIAV043::100XIAV043::922,-0.9980653435758129,1
2025-11-24,SBA_noNAI,100XIAV043,2025-11-24::SBA_noNAI::100XIAV043::100XIAV043::927,-0.4164216905477976,5
2025-11-24,SBA_noNAI,100XIAV043,2025-11-24::SBA_noNAI::100XIAV043::100XIAV043::93,0.304748862215552,5
2025-11-24,SBA_noNAI,100XIAV043,2025-11-24::SBA_noNAI::100XIAV043::100XIAV043::9407,-0.05657074286487625,4
2025-11-24,SBA_noNAI,100XIAV043,2025-11-24::SBA_noNAI::100XIAV043::100XIAV043::941,0.6259238314199833,1
2025-11-24,SBA_noNAI,100XIAV043,2025-11-24::SBA_noNAI::100XIAV043::100XIAV043::9618,0.6275279020276398,6
2025-11-24,SBA_noNAI,100XIAV043,2025-11-24::SBA_noNAI::100XIAV043::100XIAV043::965,0.9816641205315852,1
2025-11-24,SBA_noNAI,100XIAV043,2025-11-24::SBA_noNAI::100XIAV043::100XIAV043::97,0.15759243367359144,12
2025-11-24,SBA_noNAI,100XIAV043,2025-11-24::SBA_noNAI::100XIAV043::100XIAV043::971,-0.9998457347461773,1
2025-11-24,SBA_noNAI,100XIAV043,2025-11-24::SBA_noNAI::100XIAV043::100XIAV043::9850,0.15531217822938406,3
2025-11-24,SBA_noNAI,100XIAV043,2025-11-24::SBA_noNAI::100XIAV043::100XIAV043::987,0.6088263630362954,9
2025-11-24,SBA_noNAI,100XIAV043,2025-11-24::SBA_noNAI::100XIAV043::100XIAV043::990,0.8211544906834225,1
2025-11-24,SBA_noNAI,100XIAV044,2025-11-24::SBA_noNAI::100XIAV044::100XIAV044::103,-0.8620869191720762,3
2025-11-24,SBA_noNAI,100XIAV044,2025-11-24::SBA_noNAI::100XIAV044::100XIAV044::119,0.7104888216206412,4
2025-11-24,SBA_noNAI,100XIAV044,2025-11-24::SBA_noNAI::100XIAV044::100XIAV044::1195,0.6832446826926636,1
2025-11-24,SBA_noNAI,100XIAV044,2025-11-24::SBA_noNAI::100XIAV044::100XIAV044::1290,0.8557316573102186,3
2025-11-24,SBA_noNAI,100XIAV044,2025-11-24::SBA_noNAI::100XIAV044::100XIAV044::15,0.9934801446643456,1
2025-11-24,SBA_noNAI,100XIAV044,2025-11-24::SBA_noNAI::100XIAV044::100XIAV044::1593,0.875583044853565,3
2025-11-24,SBA_noNAI,100XIAV044,2025-11-24::SBA_noNAI::100XIAV044::100XIAV044::21,0.9026426793725698,1
2025-11-24,SBA_noNAI,100XIAV044,2025-11-24::SBA_noNAI::100XIAV044::100XIAV044::218,0.37350906679737234,2
2025-11-24,SBA_noNAI,100XIAV044,2025-11-24::SBA_noNAI::100XIAV044::100XIAV044::248,0.8144823524351086,3
2025-11-24,SBA_noNAI,100XIAV044,2025-11-24::SBA_noNAI::100XIAV044::100XIAV044::26,0.9906812008224414,2
2025-11-24,SBA_noNAI,100XIAV044,2025-11-24::SBA_noNAI::100XIAV044::100XIAV044::2695,0.23343421654936236,6
2025-11-24,SBA_noNAI,100XIAV044,2025-11-24::SBA_noNAI::100XIAV044::100XIAV044::2702,-0.07322410605094398,2
2025-11-24,SBA_noNAI,100XIAV044,2025-11-24::SBA_noNAI::100XIAV044::100XIAV044::329,0.35620658382214343,2
2025-11-24,SBA_noNAI,100XIAV044,2025-11-24::SBA_noNAI::100XIAV044::100XIAV044::436,0.9751658505971528,1
2025-11-24,SBA_noNAI,100XIAV044,2025-11-24::SBA_noNAI::100XIAV044::100XIAV044::474,0.9940068301555753,2
2025-11-24,SBA_noNAI,100XIAV044,2025-11-24::SBA_noNAI::100XIAV044::100XIAV044::49,0.565502784513296,1
2025-11-24,SBA_noNAI,100XIAV044,2025-11-24::SBA_noNAI::100XIAV044::100XIAV044::564,0.9644526692590656,2
2025-11-24,SBA_noNAI,100XIAV044,2025-11-24::SBA_noNAI::100XIAV044::100XIAV044::584,0.972501839067472,1
2025-11-24,SBA_noNAI,100XIAV044,2025-11-24::SBA_noNAI::100XIAV044::100XIAV044::6,0.9938919344441972,1
2025-11-24,SBA_noNAI,100XIAV044,2025-11-24::SBA_noNAI::100XIAV044::100XIAV044::727,0.20777344809000514,2
2025-11-24,SBA_noNAI,100XIAV044,2025-11-24::SBA_noNAI::100XIAV044::100XIAV044::77,-0.7438875913344498,1
2025-11-24,SBA_noNAI,100XIAV044,2025-11-24::SBA_noNAI::100XIAV044::100XIAV044::954,0.9938815770648451,3
2025-11-24,SBA_noNAI,100XIAV044,2025-11-24::SBA_noNAI::100XIAV044::100XIAV044::960,0.001752902602420059,2
2025-12-03,SBA_NAI,100XIAV060,2025-12-03::SBA_NAI::100XIAV060::100XIAV060::10027,0.9634388812863354,1
2025-12-03,SBA_NAI,100XIAV060,2025-12-03::SBA_NAI::100XIAV060::100XIAV060::10043,0.3997737234829875,7
2025-12-03,SBA_NAI,100XIAV060,2025-12-03::SBA_NAI::100XIAV060::100XIAV060::10075,-0.2605497781219882,4
2025-12-03,SBA_NAI,100XIAV060,2025-12-03::SBA_NAI::100XIAV060::100XIAV060::10096,0.34099829419951444,4
2025-12-03,SBA_NAI,100XIAV060,2025-12-03::SBA_NAI::100XIAV060::100XIAV060::10143,0.985125040271835,1
2025-12-03,SBA_NAI,100XIAV060,2025-12-03::SBA_NAI::100XIAV060::100XIAV060::10156,0.03104539919976418,4
2025-12-03,SBA_NAI,100XIAV060,2025-12-03::SBA_NAI::100XIAV060::100XIAV060::10206,0.7294933243316701,1
2025-12-03,SBA_NAI,100XIAV060,2025-12-03::SBA_NAI::100XIAV060::100XIAV060::10261,0.6060632224052475,1
2025-12-03,SBA_NAI,100XIAV060,2025-12-03::SBA_NAI::100XIAV060::100XIAV060::1027,-0.01884183352961566,1
2025-12-03,SBA_NAI,100XIAV060,2025-12-03::SBA_NAI::100XIAV060::100XIAV060::10277,0.05823849263869796,3
2025-12-03,SBA_NAI,100XIAV060,2025-12-03::SBA_NAI::100XIAV060::100XIAV060::10291,0.9425080485361513,4
2025-12-03,SBA_NAI,100XIAV060,2025-12-03::SBA_NAI::100XIAV060::100XIAV060::10294,-0.3913088990802675,3
2025-12-03,SBA_NAI,100XIAV060,2025-12-03::SBA_NAI::100XIAV060::100XIAV060::10355,-0.08686907129371775,6
2025-12-03,SBA_NAI,100XIAV060,2025-12-03::SBA_NAI::100XIAV060::100XIAV060::10357,0.3119809607216699,1
2025-12-03,SBA_NAI,100XIAV060,2025-12-03::SBA_NAI::100XIAV060::100XIAV060::1037,0.3786840131862432,6
2025-12-03,SBA_NAI,100XIAV060,2025-12-03::SBA_NAI::100XIAV060::100XIAV060::10393,-0.8052905489414574,2
2025-12-03,SBA_NAI,100XIAV060,2025-12-03::SBA_NAI::100XIAV060::100XIAV060::10441,-0.9520905565125759,1
2025-12-03,SBA_NAI,100XIAV060,2025-12-03::SBA_NAI::100XIAV060::100XIAV060::10552,0.36148467613299967,8
2025-12-03,SBA_NAI,100XIAV060,2025-12-03::SBA_NAI::100XIAV060::100XIAV060::10554,0.5291092296554138,6
2025-12-03,SBA_NAI,100XIAV060,2025-12-03::SBA_NAI::100XIAV060::100XIAV060::1058,-0.024921556558482383,4
2025-12-03,SBA_NAI,100XIAV060,2025-12-03::SBA_NAI::100XIAV060::100XIAV060::1060,0.9177583409662438,4
2025-12-03,SBA_NAI,100XIAV060,2025-12-03::SBA_NAI::100XIAV060::100XIAV060::1067,0.49237287273686303,3
2025-12-03,SBA_NAI,100XIAV060,2025-12-03::SBA_NAI::100XIAV060::100XIAV060::1071,-0.12633379913107454,5
2025-12-03,SBA_NAI,100XIAV060,2025-12-03::SBA_NAI::100XIAV060::100XIAV060::10736,0.09982154266761696,6
2025-12-03,SBA_NAI,100XIAV060,2025-12-03::SBA_NAI::100XIAV060::100XIAV060::1083,-0.7497198621384811,1
2025-12-03,SBA_NAI,100XIAV060,2025-12-03::SBA_NAI::100XIAV060::100XIAV060::11012,0.3251469915291734,5
2025-12-03,SBA_NAI,100XIAV060,2025-12-03::SBA_NAI::100XIAV060::100XIAV060::1102,0.906001387319019,4
2025-12-03,SBA_NAI,100XIAV060,2025-12-03::SBA_NAI::100XIAV060::100XIAV060::11047,-0.06956660464222314,10
2025-12-03,SBA_NAI,100XIAV060,2025-12-03::SBA_NAI::100XIAV060::100XIAV060::111,-0.9043037975763232,3
2025-12-03,SBA_NAI,100XIAV060,2025-12-03::SBA_NAI::100XIAV060::100XIAV060::11110,-0.897041686654178,2
2025-12-03,SBA_NAI,100XIAV060,2025-12-03::SBA_NAI::100XIAV060::100XIAV060::11337,0.4685789003055265,2
2025-12-03,SBA_NAI,100XIAV060,2025-12-03::SBA_NAI::100XIAV060::100XIAV060::11377,0.2507765246697332,2
2025-12-03,SBA_NAI,100XIAV060,2025-12-03::SBA_NAI::100XIAV060::100XIAV060::11425,-0.8350036790451137,1
2025-12-03,SBA_NAI,100XIAV060,2025-12-03::SBA_NAI::100XIAV060::100XIAV060::11476,0.9972802174551044,1
2025-12-03,SBA_NAI,100XIAV060,2025-12-03::SBA_NAI::100XIAV060::100XIAV060::11514,0.4796171002629225,2
2025-12-03,SBA_NAI,100XIAV060,2025-12-03::SBA_NAI::100XIAV060::100XIAV060::11534,-0.2699431008563333,5
2025-12-03,SBA_NAI,100XIAV060,2025-12-03::SBA_NAI::100XIAV060::100XIAV060::11586,-0.9948385616793355,1
2025-12-03,SBA_NAI,100XIAV060,2025-12-03::SBA_NAI::100XIAV060::100XIAV060::1159,-0.04971276540544719,3
2025-12-03,SBA_NAI,100XIAV060,2025-12-03::SBA_NAI::100XIAV060::100XIAV060::11683,0.6381989708077556,4
2025-12-03,SBA_NAI,100XIAV060,2025-12-03::SBA_NAI::100XIAV060::100XIAV060::11689,-0.5802467216958768,4
2025-12-03,SBA_NAI,100XIAV060,2025-12-03::SBA_NAI::100XIAV060::100XIAV060::11718,-0.2325277121999293,3
2025-12-03,SBA_NAI,100XIAV060,2025-12-03::SBA_NAI::100XIAV060::100XIAV060::11772,0.7342285681275199,4
2025-12-03,SBA_NAI,100XIAV060,2025-12-03::SBA_NAI::100XIAV060::100XIAV060::11799,0.024181060370266128,2
2025-12-03,SBA_NAI,100XIAV060,2025-12-03::SBA_NAI::100XIAV060::100XIAV060::118,0.7152566413965414,1
2025-12-03,SBA_NAI,100XIAV060,2025-12-03::SBA_NAI::100XIAV060::100XIAV060::11844,0.8892010568537395,4
2025-12-03,SBA_NAI,100XIAV060,2025-12-03::SBA_NAI::100XIAV060::100XIAV060::11862,-0.21439180792772597,2
2025-12-03,SBA_NAI,100XIAV060,2025-12-03::SBA_NAI::100XIAV060::100XIAV060::11920,0.9742840037327474,1
2025-12-03,SBA_NAI,100XIAV060,2025-12-03::SBA_NAI::100XIAV060::100XIAV060::11957,0.3021415737279262,1
2025-12-03,SBA_NAI,100XIAV060,2025-12-03::SBA_NAI::100XIAV060::100XIAV060::11968,0.10171257313766843,1
2025-12-03,SBA_NAI,100XIAV060,2025-12-03::SBA_NAI::100XIAV060::100XIAV060::11988,0.8460175209645817,5
2025-12-03,SBA_NAI,100XIAV060,2025-12-03::SBA_NAI::100XIAV060::100XIAV060::1202,-0.9826593739579359,1
2025-12-03,SBA_NAI,100XIAV060,2025-12-03::SBA_NAI::100XIAV060::100XIAV060::12030,0.9566864560677054,2
2025-12-03,SBA_NAI,100XIAV060,2025-12-03::SBA_NAI::100XIAV060::100XIAV060::12032,0.5519477909677823,2
2025-12-03,SBA_NAI,100XIAV060,2025-12-03::SBA_NAI::100XIAV060::100XIAV060::12041,0.4442358773002972,1
2025-12-03,SBA_NAI,100XIAV060,2025-12-03::SBA_NAI::100XIAV060::100XIAV060::12067,-0.996424036656618,1
2025-12-03,SBA_NAI,100XIAV060,2025-12-03::SBA_NAI::100XIAV060::100XIAV060::12085,0.9456217311630051,5
2025-12-03,SBA_NAI,100XIAV060,2025-12-03::SBA_NAI::100XIAV060::100XIAV060::12090,-0.13161176739681812,2
2025-12-03,SBA_NAI,100XIAV060,2025-12-03::SBA_NAI::100XIAV060::100XIAV060::12118,0.6061755335169372,5
2025-12-03,SBA_NAI,100XIAV060,2025-12-03::SBA_NAI::100XIAV060::100XIAV060::12157,0.9491959791731597,2
2025-12-03,SBA_NAI,100XIAV060,2025-12-03::SBA_NAI::100XIAV060::100XIAV060::12222,0.9865213787520053,1
2025-12-03,SBA_NAI,100XIAV060,2025-12-03::SBA_NAI::100XIAV060::100XIAV060::12286,0.7912733824760689,3
2025-12-03,SBA_NAI,100XIAV060,2025-12-03::SBA_NAI::100XIAV060::100XIAV060::12306,-0.9505266441447718,1
2025-12-03,SBA_NAI,100XIAV060,2025-12-03::SBA_NAI::100XIAV060::100XIAV060::12308,-0.2235701207866326,5
2025-12-03,SBA_NAI,100XIAV060,2025-12-03::SBA_NAI::100XIAV060::100XIAV060::12316,0.598209446545843,2
2025-12-03,SBA_NAI,100XIAV060,2025-12-03::SBA_NAI::100XIAV060::100XIAV060::12322,0.987552247303956,1
2025-12-03,SBA_NAI,100XIAV060,2025-12-03::SBA_NAI::100XIAV060::100XIAV060::12395,0.4626450875570281,2
2025-12-03,SBA_NAI,100XIAV060,2025-12-03::SBA_NAI::100XIAV060::100XIAV060::12472,0.9037348195988049,3
2025-12-03,SBA_NAI,100XIAV060,2025-12-03::SBA_NAI::100XIAV060::100XIAV060::12477,-0.9981351191268333,1
2025-12-03,SBA_NAI,100XIAV060,2025-12-03::SBA_NAI::100XIAV060::100XIAV060::12494,-0.52997176362669,4
2025-12-03,SBA_NAI,100XIAV060,2025-12-03::SBA_NAI::100XIAV060::100XIAV060::12518,0.6320395062142706,1
2025-12-03,SBA_NAI,100XIAV060,2025-12-03::SBA_NAI::100XIAV060::100XIAV060::1255,0.5174935153124881,3
2025-12-03,SBA_NAI,100XIAV060,2025-12-03::SBA_NAI::100XIAV060::100XIAV060::12554,0.28502370451868075,3
2025-12-03,SBA_NAI,100XIAV060,2025-12-03::SBA_NAI::100XIAV060::100XIAV060::12590,0.0953955599493323,4
2025-12-03,SBA_NAI,100XIAV060,2025-12-03::SBA_NAI::100XIAV060::100XIAV060::12655,0.7438933362754281,2
2025-12-03,SBA_NAI,100XIAV060,2025-12-03::SBA_NAI::100XIAV060::100XIAV060::12659,0.4749733696805807,2
2025-12-03,SBA_NAI,100XIAV060,2025-12-03::SBA_NAI::100XIAV060::100XIAV060::12670,0.34136853583954874,8
2025-12-03,SBA_NAI,100XIAV060,2025-12-03::SBA_NAI::100XIAV060::100XIAV060::12695,0.19618062146333862,2
2025-12-03,SBA_NAI,100XIAV060,2025-12-03::SBA_NAI::100XIAV060::100XIAV060::12697,-0.32169493349361694,1
2025-12-03,SBA_NAI,100XIAV060,2025-12-03::SBA_NAI::100XIAV060::100XIAV060::12703,0.6744094168719791,3
2025-12-03,SBA_NAI,100XIAV060,2025-12-03::SBA_NAI::100XIAV060::100XIAV060::12744,-0.08593152033080464,2
2025-12-03,SBA_NAI,100XIAV060,2025-12-03::SBA_NAI::100XIAV060::100XIAV060::12812,-0.38777765888055976,1
2025-12-03,SBA_NAI,100XIAV060,2025-12-03::SBA_NAI::100XIAV060::100XIAV060::12831,0.14169150963688357,3
2025-12-03,SBA_NAI,100XIAV060,2025-12-03::SBA_NAI::100XIAV060::100XIAV060::12858,-0.6165942068543556,5
2025-12-03,SBA_NAI,100XIAV060,2025-12-03::SBA_NAI::100XIAV060::100XIAV060::12876,-0.9112740248926885,1
2025-12-03,SBA_NAI,100XIAV060,2025-12-03::SBA_NAI::100XIAV060::100XIAV060::12892,0.0547204433175739,3
2025-12-03,SBA_NAI,100XIAV060,2025-12-03::SBA_NAI::100XIAV060::100XIAV060::12894,-0.9853315937539027,1
2025-12-03,SBA_NAI,100XIAV060,2025-12-03::SBA_NAI::100XIAV060::100XIAV060::12915,-0.6616861965216657,2
2025-12-03,SBA_NAI,100XIAV060,2025-12-03::SBA_NAI::100XIAV060::100XIAV060::12956,0.31713294714134566,1
2025-12-03,SBA_NAI,100XIAV060,2025-12-03::SBA_NAI::100XIAV060::100XIAV060::12964,-0.7610047184626538,4
2025-12-03,SBA_NAI,100XIAV060,2025-12-03::SBA_NAI::100XIAV060::100XIAV060::13042,0.33312261148240524,4
2025-12-03,SBA_NAI,100XIAV060,2025-12-03::SBA_NAI::100XIAV060::100XIAV060::1311,-0.20456823258419835,6
2025-12-03,SBA_NAI,100XIAV060,2025-12-03::SBA_NAI::100XIAV060::100XIAV060::13144,0.8395093016945685,5
2025-12-03,SBA_NAI,100XIAV060,2025-12-03::SBA_NAI::100XIAV060::100XIAV060::13173,-0.11608527765028342,5
2025-12-03,SBA_NAI,100XIAV060,2025-12-03::SBA_NAI::100XIAV060::100XIAV060::1318,0.3526605724404838,3
2025-12-03,SBA_NAI,100XIAV060,2025-12-03::SBA_NAI::100XIAV060::100XIAV060::13249,0.9785109549643075,2
2025-12-03,SBA_NAI,100XIAV060,2025-12-03::SBA_NAI::100XIAV060::100XIAV060::133,0.8768369472709833,11
2025-12-03,SBA_NAI,100XIAV060,2025-12-03::SBA_NAI::100XIAV060::100XIAV060::1332,0.26443572226980483,4
2025-12-03,SBA_NAI,100XIAV060,2025-12-03::SBA_NAI::100XIAV060::100XIAV060::1341,0.17894170788677852,8
2025-12-03,SBA_NAI,100XIAV060,2025-12-03::SBA_NAI::100XIAV060::100XIAV060::13436,-0.7442809528953654,3
2025-12-03,SBA_NAI,100XIAV060,2025-12-03::SBA_NAI::100XIAV060::100XIAV060::13498,0.9025044376832234,2
2025-12-03,SBA_NAI,100XIAV060,2025-12-03::SBA_NAI::100XIAV060::100XIAV060::1350,0.9266372051568287,1
2025-12-03,SBA_NAI,100XIAV060,2025-12-03::SBA_NAI::100XIAV060::100XIAV060::13616,0.7068400501423281,1
2025-12-03,SBA_NAI,100XIAV060,2025-12-03::SBA_NAI::100XIAV060::100XIAV060::13737,-0.5101156263139104,4
2025-12-03,SBA_NAI,100XIAV060,2025-12-03::SBA_NAI::100XIAV060::100XIAV060::13771,0.24619712833713384,1
2025-12-03,SBA_NAI,100XIAV060,2025-12-03::SBA_NAI::100XIAV060::100XIAV060::13775,-0.059459956633542456,3
2025-12-03,SBA_NAI,100XIAV060,2025-12-03::SBA_NAI::100XIAV060::100XIAV060::13816,0.5259578392234519,5
2025-12-03,SBA_NAI,100XIAV060,2025-12-03::SBA_NAI::100XIAV060::100XIAV060::1382,0.5363979607440549,4
2025-12-03,SBA_NAI,100XIAV060,2025-12-03::SBA_NAI::100XIAV060::100XIAV060::13822,0.20380793415960588,1
2025-12-03,SBA_NAI,100XIAV060,2025-12-03::SBA_NAI::100XIAV060::100XIAV060::13888,0.8158600858528228,2
2025-12-03,SBA_NAI,100XIAV060,2025-12-03::SBA_NAI::100XIAV060::100XIAV060::139,0.5451290960340396,10
2025-12-03,SBA_NAI,100XIAV060,2025-12-03::SBA_NAI::100XIAV060::100XIAV060::140,0.3230033325442119,1
2025-12-03,SBA_NAI,100XIAV060,2025-12-03::SBA_NAI::100XIAV060::100XIAV060::14126,0.2290267655868071,3
2025-12-03,SBA_NAI,100XIAV060,2025-12-03::SBA_NAI::100XIAV060::100XIAV060::14173,0.9892923388257607,2
2025-12-03,SBA_NAI,100XIAV060,2025-12-03::SBA_NAI::100XIAV060::100XIAV060::14207,0.679220840822857,2
2025-12-03,SBA_NAI,100XIAV060,2025-12-03::SBA_NAI::100XIAV060::100XIAV060::14290,0.7579650843933046,4
2025-12-03,SBA_NAI,100XIAV060,2025-12-03::SBA_NAI::100XIAV060::100XIAV060::14293,-0.4958300794280288,2
2025-12-03,SBA_NAI,100XIAV060,2025-12-03::SBA_NAI::100XIAV060::100XIAV060::14317,0.4228069218899624,3
2025-12-03,SBA_NAI,100XIAV060,2025-12-03::SBA_NAI::100XIAV060::100XIAV060::14337,-0.024972911791921182,2
2025-12-03,SBA_NAI,100XIAV060,2025-12-03::SBA_NAI::100XIAV060::100XIAV060::14505,0.8977271161335099,1
2025-12-03,SBA_NAI,100XIAV060,2025-12-03::SBA_NAI::100XIAV060::100XIAV060::14703,0.9792581577303793,1
2025-12-03,SBA_NAI,100XIAV060,2025-12-03::SBA_NAI::100XIAV060::100XIAV060::14787,0.9827271127822268,2
2025-12-03,SBA_NAI,100XIAV060,2025-12-03::SBA_NAI::100XIAV060::100XIAV060::14887,0.8139417893230314,2
2025-12-03,SBA_NAI,100XIAV060,2025-12-03::SBA_NAI::100XIAV060::100XIAV060::15001,0.6585374300172379,2
2025-12-03,SBA_NAI,100XIAV060,2025-12-03::SBA_NAI::100XIAV060::100XIAV060::1507,0.5053968517238923,3
2025-12-03,SBA_NAI,100XIAV060,2025-12-03::SBA_NAI::100XIAV060::100XIAV060::15075,0.710223801699328,1
2025-12-03,SBA_NAI,100XIAV060,2025-12-03::SBA_NAI::100XIAV060::100XIAV060::151,0.8601884223078329,2
2025-12-03,SBA_NAI,100XIAV060,2025-12-03::SBA_NAI::100XIAV060::100XIAV060::15100,-0.47769077252473513,4
2025-12-03,SBA_NAI,100XIAV060,2025-12-03::SBA_NAI::100XIAV060::100XIAV060::15155,0.07684536007345993,2
2025-12-03,SBA_NAI,100XIAV060,2025-12-03::SBA_NAI::100XIAV060::100XIAV060::15160,-0.6968924712067622,1
2025-12-03,SBA_NAI,100XIAV060,2025-12-03::SBA_NAI::100XIAV060::100XIAV060::15255,0.917291877250368,1
2025-12-03,SBA_NAI,100XIAV060,2025-12-03::SBA_NAI::100XIAV060::100XIAV060::1526,0.24629024457688659,4
2025-12-03,SBA_NAI,100XIAV060,2025-12-03::SBA_NAI::100XIAV060::100XIAV060::15284,0.6913261402340125,1
2025-12-03,SBA_NAI,100XIAV060,2025-12-03::SBA_NAI::100XIAV060::100XIAV060::155,0.8465680794731276,2
2025-12-03,SBA_NAI,100XIAV060,2025-12-03::SBA_NAI::100XIAV060::100XIAV060::15561,0.002956302049202386,1
2025-12-03,SBA_NAI,100XIAV060,2025-12-03::SBA_NAI::100XIAV060::100XIAV060::15743,0.7997196915320309,1
2025-12-03,SBA_NAI,100XIAV060,2025-12-03::SBA_NAI::100XIAV060::100XIAV060::15760,-0.9900007521698853,1
2025-12-03,SBA_NAI,100XIAV060,2025-12-03::SBA_NAI::100XIAV060::100XIAV060::15961,0.9156499667942763,1
2025-12-03,SBA_NAI,100XIAV060,2025-12-03::SBA_NAI::100XIAV060::100XIAV060::16010,0.4189259803338043,3
2025-12-03,SBA_NAI,100XIAV060,2025-12-03::SBA_NAI::100XIAV060::100XIAV060::16161,-0.9047830888502759,1
2025-12-03,SBA_NAI,100XIAV060,2025-12-03::SBA_NAI::100XIAV060::100XIAV060::16279,0.24412226716977609,2
2025-12-03,SBA_NAI,100XIAV060,2025-12-03::SBA_NAI::100XIAV060::100XIAV060::16290,0.3708794855721817,3
2025-12-03,SBA_NAI,100XIAV060,2025-12-03::SBA_NAI::100XIAV060::100XIAV060::163,0.8575950624874874,1
2025-12-03,SBA_NAI,100XIAV060,2025-12-03::SBA_NAI::100XIAV060::100XIAV060::16336,0.08630474361080864,2
2025-12-03,SBA_NAI,100XIAV060,2025-12-03::SBA_NAI::100XIAV060::100XIAV060::16374,-0.9131432628962688,1
2025-12-03,SBA_NAI,100XIAV060,2025-12-03::SBA_NAI::100XIAV060::100XIAV060::1666,0.8390618543540795,3
2025-12-03,SBA_NAI,100XIAV060,2025-12-03::SBA_NAI::100XIAV060::100XIAV060::175,-0.9809196619206014,1
2025-12-03,SBA_NAI,100XIAV060,2025-12-03::SBA_NAI::100XIAV060::100XIAV060::176,0.34275484924358907,2
2025-12-03,SBA_NAI,100XIAV060,2025-12-03::SBA_NAI::100XIAV060::100XIAV060::1767,0.13750163704843754,3
2025-12-03,SBA_NAI,100XIAV060,2025-12-03::SBA_NAI::100XIAV060::100XIAV060::182,0.9418950806126231,3
2025-12-03,SBA_NAI,100XIAV060,2025-12-03::SBA_NAI::100XIAV060::100XIAV060::1868,0.14917547971204398,7
2025-12-03,SBA_NAI,100XIAV060,2025-12-03::SBA_NAI::100XIAV060::100XIAV060::1884,0.8294687837136132,2
2025-12-03,SBA_NAI,100XIAV060,2025-12-03::SBA_NAI::100XIAV060::100XIAV060::1905,0.007861716085939219,5
2025-12-03,SBA_NAI,100XIAV060,2025-12-03::SBA_NAI::100XIAV060::100XIAV060::191,-0.9885954671420895,1
2025-12-03,SBA_NAI,100XIAV060,2025-12-03::SBA_NAI::100XIAV060::100XIAV060::193,0.9727136011450792,4
2025-12-03,SBA_NAI,100XIAV060,2025-12-03::SBA_NAI::100XIAV060::100XIAV060::197,-0.9251726105749667,2
2025-12-03,SBA_NAI,100XIAV060,2025-12-03::SBA_NAI::100XIAV060::100XIAV060::205,-0.8414316781585981,3
2025-12-03,SBA_NAI,100XIAV060,2025-12-03::SBA_NAI::100XIAV060::100XIAV060::2073,0.7409125009510377,1
2025-12-03,SBA_NAI,100XIAV060,2025-12-03::SBA_NAI::100XIAV060::100XIAV060::2075,0.1503124155940397,5
2025-12-03,SBA_NAI,100XIAV060,2025-12-03::SBA_NAI::100XIAV060::100XIAV060::208,0.8857627753035424,3
2025-12-03,SBA_NAI,100XIAV060,2025-12-03::SBA_NAI::100XIAV060::100XIAV060::213,-0.6415480126245601,2
2025-12-03,SBA_NAI,100XIAV060,2025-12-03::SBA_NAI::100XIAV060::100XIAV060::221,0.8384326269065697,2
2025-12-03,SBA_NAI,100XIAV060,2025-12-03::SBA_NAI::100XIAV060::100XIAV060::23,-0.4466744323025412,4
2025-12-03,SBA_NAI,100XIAV060,2025-12-03::SBA_NAI::100XIAV060::100XIAV060::234,0.2139602325261029,1
2025-12-03,SBA_NAI,100XIAV060,2025-12-03::SBA_NAI::100XIAV060::100XIAV060::237,0.8815528924750367,4
2025-12-03,SBA_NAI,100XIAV060,2025-12-03::SBA_NAI::100XIAV060::100XIAV060::253,0.2880008401564535,1
2025-12-03,SBA_NAI,100XIAV060,2025-12-03::SBA_NAI::100XIAV060::100XIAV060::27,0.7084356835547897,6
2025-12-03,SBA_NAI,100XIAV060,2025-12-03::SBA_NAI::100XIAV060::100XIAV060::270,-0.3479834360459348,6
2025-12-03,SBA_NAI,100XIAV060,2025-12-03::SBA_NAI::100XIAV060::100XIAV060::276,0.9575356856612981,1
2025-12-03,SBA_NAI,100XIAV060,2025-12-03::SBA_NAI::100XIAV060::100XIAV060::277,0.5655932995511499,10
2025-12-03,SBA_NAI,100XIAV060,2025-12-03::SBA_NAI::100XIAV060::100XIAV060::28,-0.5868069362004977,1
2025-12-03,SBA_NAI,100XIAV060,2025-12-03::SBA_NAI::100XIAV060::100XIAV060::2891,0.4642032809709558,9
2025-12-03,SBA_NAI,100XIAV060,2025-12-03::SBA_NAI::100XIAV060::100XIAV060::293,-0.5549488621304864,1
2025-12-03,SBA_NAI,100XIAV060,2025-12-03::SBA_NAI::100XIAV060::100XIAV060::2963,-0.26300566317018476,3
2025-12-03,SBA_NAI,100XIAV060,2025-12-03::SBA_NAI::100XIAV060::100XIAV060::313,-0.7607654171609397,1
2025-12-03,SBA_NAI,100XIAV060,2025-12-03::SBA_NAI::100XIAV060::100XIAV060::3152,0.9847204463178814,1
2025-12-03,SBA_NAI,100XIAV060,2025-12-03::SBA_NAI::100XIAV060::100XIAV060::320,-0.15441017806527607,2
2025-12-03,SBA_NAI,100XIAV060,2025-12-03::SBA_NAI::100XIAV060::100XIAV060::3275,0.9218416273578416,5
2025-12-03,SBA_NAI,100XIAV060,2025-12-03::SBA_NAI::100XIAV060::100XIAV060::3295,-0.8400954709862002,2
2025-12-03,SBA_NAI,100XIAV060,2025-12-03::SBA_NAI::100XIAV060::100XIAV060::3345,-0.6896737434142654,2
2025-12-03,SBA_NAI,100XIAV060,2025-12-03::SBA_NAI::100XIAV060::100XIAV060::34,-0.52407045099638,2
2025-12-03,SBA_NAI,100XIAV060,2025-12-03::SBA_NAI::100XIAV060::100XIAV060::349,-0.9927361496007848,1
2025-12-03,SBA_NAI,100XIAV060,2025-12-03::SBA_NAI::100XIAV060::100XIAV060::372,0.425606309817559,2
2025-12-03,SBA_NAI,100XIAV060,2025-12-03::SBA_NAI::100XIAV060::100XIAV060::3752,-0.1267463614509873,5
2025-12-03,SBA_NAI,100XIAV060,2025-12-03::SBA_NAI::100XIAV060::100XIAV060::3762,0.9521779273301648,2
2025-12-03,SBA_NAI,100XIAV060,2025-12-03::SBA_NAI::100XIAV060::100XIAV060::3805,-0.8785841405194473,1
2025-12-03,SBA_NAI,100XIAV060,2025-12-03::SBA_NAI::100XIAV060::100XIAV060::381,0.07975910978900969,1
2025-12-03,SBA_NAI,100XIAV060,2025-12-03::SBA_NAI::100XIAV060::100XIAV060::3825,-0.9962344909209964,1
2025-12-03,SBA_NAI,100XIAV060,2025-12-03::SBA_NAI::100XIAV060::100XIAV060::3938,-0.2982443751069963,1
2025-12-03,SBA_NAI,100XIAV060,2025-12-03::SBA_NAI::100XIAV060::100XIAV060::395,0.27254913516488055,1
2025-12-03,SBA_NAI,100XIAV060,2025-12-03::SBA_NAI::100XIAV060::100XIAV060::396,-0.9079657258625273,1
2025-12-03,SBA_NAI,100XIAV060,2025-12-03::SBA_NAI::100XIAV060::100XIAV060::4067,0.2259266794284005,6
2025-12-03,SBA_NAI,100XIAV060,2025-12-03::SBA_NAI::100XIAV060::100XIAV060::4137,0.3758465937741787,4
2025-12-03,SBA_NAI,100XIAV060,2025-12-03::SBA_NAI::100XIAV060::100XIAV060::4185,-0.4298155853097451,2
2025-12-03,SBA_NAI,100XIAV060,2025-12-03::SBA_NAI::100XIAV060::100XIAV060::422,0.7841880021792822,2
2025-12-03,SBA_NAI,100XIAV060,2025-12-03::SBA_NAI::100XIAV060::100XIAV060::4227,0.6434287698745306,1
2025-12-03,SBA_NAI,100XIAV060,2025-12-03::SBA_NAI::100XIAV060::100XIAV060::426,-0.7769062819336003,1
2025-12-03,SBA_NAI,100XIAV060,2025-12-03::SBA_NAI::100XIAV060::100XIAV060::4272,0.25221254055197984,5
2025-12-03,SBA_NAI,100XIAV060,2025-12-03::SBA_NAI::100XIAV060::100XIAV060::436,0.6271126610809497,2
2025-12-03,SBA_NAI,100XIAV060,2025-12-03::SBA_NAI::100XIAV060::100XIAV060::4477,0.8560624725857214,2
2025-12-03,SBA_NAI,100XIAV060,2025-12-03::SBA_NAI::100XIAV060::100XIAV060::4574,0.022467801111366814,2
2025-12-03,SBA_NAI,100XIAV060,2025-12-03::SBA_NAI::100XIAV060::100XIAV060::458,-0.667776478185449,1
2025-12-03,SBA_NAI,100XIAV060,2025-12-03::SBA_NAI::100XIAV060::100XIAV060::460,0.6972652663441582,2
2025-12-03,SBA_NAI,100XIAV060,2025-12-03::SBA_NAI::100XIAV060::100XIAV060::4607,-0.23042792804172865,7
2025-12-03,SBA_NAI,100XIAV060,2025-12-03::SBA_NAI::100XIAV060::100XIAV060::472,0.16256611036058355,1
2025-12-03,SBA_NAI,100XIAV060,2025-12-03::SBA_NAI::100XIAV060::100XIAV060::473,0.14416858840993943,5
2025-12-03,SBA_NAI,100XIAV060,2025-12-03::SBA_NAI::100XIAV060::100XIAV060::4748,0.6629027486945859,10
2025-12-03,SBA_NAI,100XIAV060,2025-12-03::SBA_NAI::100XIAV060::100XIAV060::4830,-0.2733605885300617,3
2025-12-03,SBA_NAI,100XIAV060,2025-12-03::SBA_NAI::100XIAV060::100XIAV060::496,-0.2707372194498249,2
2025-12-03,SBA_NAI,100XIAV060,2025-12-03::SBA_NAI::100XIAV060::100XIAV060::5025,0.858946825985253,1
2025-12-03,SBA_NAI,100XIAV060,2025-12-03::SBA_NAI::100XIAV060::100XIAV060::504,-0.9328735142393814,1
2025-12-03,SBA_NAI,100XIAV060,2025-12-03::SBA_NAI::100XIAV060::100XIAV060::5101,0.4863190198401112,1
2025-12-03,SBA_NAI,100XIAV060,2025-12-03::SBA_NAI::100XIAV060::100XIAV060::5125,-0.1129424843777439,1
2025-12-03,SBA_NAI,100XIAV060,2025-12-03::SBA_NAI::100XIAV060::100XIAV060::526,0.1715036935490738,2
2025-12-03,SBA_NAI,100XIAV060,2025-12-03::SBA_NAI::100XIAV060::100XIAV060::528,-0.9656474507584745,1
2025-12-03,SBA_NAI,100XIAV060,2025-12-03::SBA_NAI::100XIAV060::100XIAV060::553,0.455109889804277,5
2025-12-03,SBA_NAI,100XIAV060,2025-12-03::SBA_NAI::100XIAV060::100XIAV060::5584,-0.40957912196388824,5
2025-12-03,SBA_NAI,100XIAV060,2025-12-03::SBA_NAI::100XIAV060::100XIAV060::562,0.8813546421189398,2
2025-12-03,SBA_NAI,100XIAV060,2025-12-03::SBA_NAI::100XIAV060::100XIAV060::577,0.6652134334418143,8
2025-12-03,SBA_NAI,100XIAV060,2025-12-03::SBA_NAI::100XIAV060::100XIAV060::583,-0.9178515741200081,1
2025-12-03,SBA_NAI,100XIAV060,2025-12-03::SBA_NAI::100XIAV060::100XIAV060::588,-0.6432269479382399,2
2025-12-03,SBA_NAI,100XIAV060,2025-12-03::SBA_NAI::100XIAV060::100XIAV060::59,0.26967486073090186,1
2025-12-03,SBA_NAI,100XIAV060,2025-12-03::SBA_NAI::100XIAV060::100XIAV060::597,0.42919104317887413,7
2025-12-03,SBA_NAI,100XIAV060,2025-12-03::SBA_NAI::100XIAV060::100XIAV060::621,-0.9761542363227209,1
2025-12-03,SBA_NAI,100XIAV060,2025-12-03::SBA_NAI::100XIAV060::100XIAV060::6213,0.2398395776726455,5
2025-12-03,SBA_NAI,100XIAV060,2025-12-03::SBA_NAI::100XIAV060::100XIAV060::639,0.20529215330836095,6
2025-12-03,SBA_NAI,100XIAV060,2025-12-03::SBA_NAI::100XIAV060::100XIAV060::65,0.9134558142545327,10
2025-12-03,SBA_NAI,100XIAV060,2025-12-03::SBA_NAI::100XIAV060::100XIAV060::653,-0.8451704141184803,1
2025-12-03,SBA_NAI,100XIAV060,2025-12-03::SBA_NAI::100XIAV060::100XIAV060::656,0.664057538156925,1
2025-12-03,SBA_NAI,100XIAV060,2025-12-03::SBA_NAI::100XIAV060::100XIAV060::6572,-0.4195784741298553,11
2025-12-03,SBA_NAI,100XIAV060,2025-12-03::SBA_NAI::100XIAV060::100XIAV060::66,-0.3894296167115065,1
2025-12-03,SBA_NAI,100XIAV060,2025-12-03::SBA_NAI::100XIAV060::100XIAV060::665,0.9389806678867378,1
2025-12-03,SBA_NAI,100XIAV060,2025-12-03::SBA_NAI::100XIAV060::100XIAV060::668,0.9405258778198076,2
2025-12-03,SBA_NAI,100XIAV060,2025-12-03::SBA_NAI::100XIAV060::100XIAV060::67,-0.5686167975195113,1
2025-12-03,SBA_NAI,100XIAV060,2025-12-03::SBA_NAI::100XIAV060::100XIAV060::672,0.45331254625927847,1
2025-12-03,SBA_NAI,100XIAV060,2025-12-03::SBA_NAI::100XIAV060::100XIAV060::674,0.9166482181947364,6
2025-12-03,SBA_NAI,100XIAV060,2025-12-03::SBA_NAI::100XIAV060::100XIAV060::68,0.9537001059003585,2
2025-12-03,SBA_NAI,100XIAV060,2025-12-03::SBA_NAI::100XIAV060::100XIAV060::6897,-0.18276232553967864,6
2025-12-03,SBA_NAI,100XIAV060,2025-12-03::SBA_NAI::100XIAV060::100XIAV060::691,-0.549370542306562,2
2025-12-03,SBA_NAI,100XIAV060,2025-12-03::SBA_NAI::100XIAV060::100XIAV060::6993,0.3524116450088643,3
2025-12-03,SBA_NAI,100XIAV060,2025-12-03::SBA_NAI::100XIAV060::100XIAV060::7,0.9986526146228805,2
2025-12-03,SBA_NAI,100XIAV060,2025-12-03::SBA_NAI::100XIAV060::100XIAV060::70,0.4308200324335513,12
2025-12-03,SBA_NAI,100XIAV060,2025-12-03::SBA_NAI::100XIAV060::100XIAV060::7110,-0.16327280891749957,1
2025-12-03,SBA_NAI,100XIAV060,2025-12-03::SBA_NAI::100XIAV060::100XIAV060::712,-0.6933330153807975,2
2025-12-03,SBA_NAI,100XIAV060,2025-12-03::SBA_NAI::100XIAV060::100XIAV060::714,0.13957480603146866,2
2025-12-03,SBA_NAI,100XIAV060,2025-12-03::SBA_NAI::100XIAV060::100XIAV060::7150,-0.6832080183103573,3
2025-12-03,SBA_NAI,100XIAV060,2025-12-03::SBA_NAI::100XIAV060::100XIAV060::7163,0.6575848242977544,5
2025-12-03,SBA_NAI,100XIAV060,2025-12-03::SBA_NAI::100XIAV060::100XIAV060::7165,0.20302071476780015,1
2025-12-03,SBA_NAI,100XIAV060,2025-12-03::SBA_NAI::100XIAV060::100XIAV060::720,-0.4944569591685881,1
2025-12-03,SBA_NAI,100XIAV060,2025-12-03::SBA_NAI::100XIAV060::100XIAV060::7232,0.9907183491396859,1
2025-12-03,SBA_NAI,100XIAV060,2025-12-03::SBA_NAI::100XIAV060::100XIAV060::7250,-0.3353372558857181,3
2025-12-03,SBA_NAI,100XIAV060,2025-12-03::SBA_NAI::100XIAV060::100XIAV060::732,0.02677767607075419,3
2025-12-03,SBA_NAI,100XIAV060,2025-12-03::SBA_NAI::100XIAV060::100XIAV060::738,0.926245363659327,4
2025-12-03,SBA_NAI,100XIAV060,2025-12-03::SBA_NAI::100XIAV060::100XIAV060::7391,0.4796216021477822,6
2025-12-03,SBA_NAI,100XIAV060,2025-12-03::SBA_NAI::100XIAV060::100XIAV060::7408,0.4208486187878598,5
2025-12-03,SBA_NAI,100XIAV060,2025-12-03::SBA_NAI::100XIAV060::100XIAV060::7409,-0.39942692909681765,1
2025-12-03,SBA_NAI,100XIAV060,2025-12-03::SBA_NAI::100XIAV060::100XIAV060::741,0.35492662639565165,5
2025-12-03,SBA_NAI,100XIAV060,2025-12-03::SBA_NAI::100XIAV060::100XIAV060::744,0.5774935223676047,5
2025-12-03,SBA_NAI,100XIAV060,2025-12-03::SBA_NAI::100XIAV060::100XIAV060::7453,-0.12290485287860886,2
2025-12-03,SBA_NAI,100XIAV060,2025-12-03::SBA_NAI::100XIAV060::100XIAV060::748,0.6016051391974718,8
2025-12-03,SBA_NAI,100XIAV060,2025-12-03::SBA_NAI::100XIAV060::100XIAV060::7526,0.7607949179751496,5
2025-12-03,SBA_NAI,100XIAV060,2025-12-03::SBA_NAI::100XIAV060::100XIAV060::7560,0.804791925710985,3
2025-12-03,SBA_NAI,100XIAV060,2025-12-03::SBA_NAI::100XIAV060::100XIAV060::760,-0.7081308462977559,2
2025-12-03,SBA_NAI,100XIAV060,2025-12-03::SBA_NAI::100XIAV060::100XIAV060::762,0.48325411237527877,3
2025-12-03,SBA_NAI,100XIAV060,2025-12-03::SBA_NAI::100XIAV060::100XIAV060::766,0.5032788733005908,2
2025-12-03,SBA_NAI,100XIAV060,2025-12-03::SBA_NAI::100XIAV060::100XIAV060::7663,0.9538820322405247,2
2025-12-03,SBA_NAI,100XIAV060,2025-12-03::SBA_NAI::100XIAV060::100XIAV060::7665,0.9807922550929817,1
2025-12-03,SBA_NAI,100XIAV060,2025-12-03::SBA_NAI::100XIAV060::100XIAV060::77,0.13926725664534317,5
2025-12-03,SBA_NAI,100XIAV060,2025-12-03::SBA_NAI::100XIAV060::100XIAV060::7716,0.9096159130913737,2
2025-12-03,SBA_NAI,100XIAV060,2025-12-03::SBA_NAI::100XIAV060::100XIAV060::7731,-0.1563677216822994,2
2025-12-03,SBA_NAI,100XIAV060,2025-12-03::SBA_NAI::100XIAV060::100XIAV060::7865,-0.010778355094618441,2
2025-12-03,SBA_NAI,100XIAV060,2025-12-03::SBA_NAI::100XIAV060::100XIAV060::788,0.9230551142460781,3
2025-12-03,SBA_NAI,100XIAV060,2025-12-03::SBA_NAI::100XIAV060::100XIAV060::7902,0.761050836124421,2
2025-12-03,SBA_NAI,100XIAV060,2025-12-03::SBA_NAI::100XIAV060::100XIAV060::8005,-0.9159173153677175,3
2025-12-03,SBA_NAI,100XIAV060,2025-12-03::SBA_NAI::100XIAV060::100XIAV060::8040,0.9986413929712447,1
2025-12-03,SBA_NAI,100XIAV060,2025-12-03::SBA_NAI::100XIAV060::100XIAV060::807,0.8082037991374648,4
2025-12-03,SBA_NAI,100XIAV060,2025-12-03::SBA_NAI::100XIAV060::100XIAV060::809,0.8360881484605317,1
2025-12-03,SBA_NAI,100XIAV060,2025-12-03::SBA_NAI::100XIAV060::100XIAV060::8238,0.8657501828399078,6
2025-12-03,SBA_NAI,100XIAV060,2025-12-03::SBA_NAI::100XIAV060::100XIAV060::8350,0.5688988470503653,6
2025-12-03,SBA_NAI,100XIAV060,2025-12-03::SBA_NAI::100XIAV060::100XIAV060::8378,0.733178282163667,1
2025-12-03,SBA_NAI,100XIAV060,2025-12-03::SBA_NAI::100XIAV060::100XIAV060::8395,0.3582349942474635,4
2025-12-03,SBA_NAI,100XIAV060,2025-12-03::SBA_NAI::100XIAV060::100XIAV060::844,0.8743732067893274,3
2025-12-03,SBA_NAI,100XIAV060,2025-12-03::SBA_NAI::100XIAV060::100XIAV060::85,0.2927101588834434,3
2025-12-03,SBA_NAI,100XIAV060,2025-12-03::SBA_NAI::100XIAV060::100XIAV060::8509,0.9461528056290152,2
2025-12-03,SBA_NAI,100XIAV060,2025-12-03::SBA_NAI::100XIAV060::100XIAV060::851,-0.04374696754874264,3
2025-12-03,SBA_NAI,100XIAV060,2025-12-03::SBA_NAI::100XIAV060::100XIAV060::852,0.9438996289750501,2
2025-12-03,SBA_NAI,100XIAV060,2025-12-03::SBA_NAI::100XIAV060::100XIAV060::858,0.9629254355885671,1
2025-12-03,SBA_NAI,100XIAV060,2025-12-03::SBA_NAI::100XIAV060::100XIAV060::8588,-0.2534202108082359,2
2025-12-03,SBA_NAI,100XIAV060,2025-12-03::SBA_NAI::100XIAV060::100XIAV060::8613,0.47777816501028714,4
2025-12-03,SBA_NAI,100XIAV060,2025-12-03::SBA_NAI::100XIAV060::100XIAV060::862,-0.238530451365062,1
2025-12-03,SBA_NAI,100XIAV060,2025-12-03::SBA_NAI::100XIAV060::100XIAV060::865,-0.008633989904047751,10
2025-12-03,SBA_NAI,100XIAV060,2025-12-03::SBA_NAI::100XIAV060::100XIAV060::8662,-0.43839719999198284,3
2025-12-03,SBA_NAI,100XIAV060,2025-12-03::SBA_NAI::100XIAV060::100XIAV060::869,0.429145792681235,3
2025-12-03,SBA_NAI,100XIAV060,2025-12-03::SBA_NAI::100XIAV060::100XIAV060::8721,-0.11181824314225122,4
2025-12-03,SBA_NAI,100XIAV060,2025-12-03::SBA_NAI::100XIAV060::100XIAV060::88,-0.9530233555133648,2
2025-12-03,SBA_NAI,100XIAV060,2025-12-03::SBA_NAI::100XIAV060::100XIAV060::8912,0.6225186199135929,2
2025-12-03,SBA_NAI,100XIAV060,2025-12-03::SBA_NAI::100XIAV060::100XIAV060::895,0.2104499127126978,1
2025-12-03,SBA_NAI,100XIAV060,2025-12-03::SBA_NAI::100XIAV060::100XIAV060::8968,-0.16053691790204097,2
2025-12-03,SBA_NAI,100XIAV060,2025-12-03::SBA_NAI::100XIAV060::100XIAV060::901,-0.4021622670266082,2
2025-12-03,SBA_NAI,100XIAV060,2025-12-03::SBA_NAI::100XIAV060::100XIAV060::9012,0.09879581591625858,2
2025-12-03,SBA_NAI,100XIAV060,2025-12-03::SBA_NAI::100XIAV060::100XIAV060::9019,0.46518470772690296,3
2025-12-03,SBA_NAI,100XIAV060,2025-12-03::SBA_NAI::100XIAV060::100XIAV060::9026,0.5384762603955141,1
2025-12-03,SBA_NAI,100XIAV060,2025-12-03::SBA_NAI::100XIAV060::100XIAV060::9073,0.6023829660155468,4
2025-12-03,SBA_NAI,100XIAV060,2025-12-03::SBA_NAI::100XIAV060::100XIAV060::909,-0.9074451020812628,1
2025-12-03,SBA_NAI,100XIAV060,2025-12-03::SBA_NAI::100XIAV060::100XIAV060::9205,-0.050364202748320375,2
2025-12-03,SBA_NAI,100XIAV060,2025-12-03::SBA_NAI::100XIAV060::100XIAV060::925,-0.42412440817695773,3
2025-12-03,SBA_NAI,100XIAV060,2025-12-03::SBA_NAI::100XIAV060::100XIAV060::926,0.9956281339481667,1
2025-12-03,SBA_NAI,100XIAV060,2025-12-03::SBA_NAI::100XIAV060::100XIAV060::9315,0.8949342224918357,3
2025-12-03,SBA_NAI,100XIAV060,2025-12-03::SBA_NAI::100XIAV060::100XIAV060::9418,0.7579919833431181,8
2025-12-03,SBA_NAI,100XIAV060,2025-12-03::SBA_NAI::100XIAV060::100XIAV060::9468,0.39710282592010454,2
2025-12-03,SBA_NAI,100XIAV060,2025-12-03::SBA_NAI::100XIAV060::100XIAV060::9474,-0.4947330204064087,2
2025-12-03,SBA_NAI,100XIAV060,2025-12-03::SBA_NAI::100XIAV060::100XIAV060::951,-0.005021064437784939,2
2025-12-03,SBA_NAI,100XIAV060,2025-12-03::SBA_NAI::100XIAV060::100XIAV060::952,-0.9349174727683327,1
2025-12-03,SBA_NAI,100XIAV060,2025-12-03::SBA_NAI::100XIAV060::100XIAV060::9558,-0.04723347081673768,4
2025-12-03,SBA_NAI,100XIAV060,2025-12-03::SBA_NAI::100XIAV060::100XIAV060::958,0.22595747604908376,6
2025-12-03,SBA_NAI,100XIAV060,2025-12-03::SBA_NAI::100XIAV060::100XIAV060::960,0.26352086187549034,10
2025-12-03,SBA_NAI,100XIAV060,2025-12-03::SBA_NAI::100XIAV060::100XIAV060::971,-0.03087087320827995,5
2025-12-03,SBA_NAI,100XIAV060,2025-12-03::SBA_NAI::100XIAV060::100XIAV060::9748,-0.020187302116629224,2
2025-12-03,SBA_NAI,100XIAV060,2025-12-03::SBA_NAI::100XIAV060::100XIAV060::9779,0.9998525798898735,1
2025-12-03,SBA_NAI,100XIAV060,2025-12-03::SBA_NAI::100XIAV060::100XIAV060::9885,-0.6760078189860205,4
2025-12-03,SBA_NAI,100XIAV060,2025-12-03::SBA_NAI::100XIAV060::100XIAV060::9959,0.0015010645093073427,1
2025-12-03,SBA_NAI,100XIAV060,2025-12-03::SBA_NAI::100XIAV060::100XIAV060::9969,0.7243576614524737,1
2025-12-03,SBA_NAI,100XIAV061,2025-12-03::SBA_NAI::100XIAV061::100XIAV061::100,-0.8912624394406393,1
2025-12-03,SBA_NAI,100XIAV061,2025-12-03::SBA_NAI::100XIAV061::100XIAV061::118,0.4126876806972779,4
2025-12-03,SBA_NAI,100XIAV061,2025-12-03::SBA_NAI::100XIAV061::100XIAV061::120,0.12229913491457037,1
2025-12-03,SBA_NAI,100XIAV061,2025-12-03::SBA_NAI::100XIAV061::100XIAV061::122,0.38803742993946033,2
2025-12-03,SBA_NAI,100XIAV061,2025-12-03::SBA_NAI::100XIAV061::100XIAV061::1494,-0.8118428895155082,1
2025-12-03,SBA_NAI,100XIAV061,2025-12-03::SBA_NAI::100XIAV061::100XIAV061::15,0.8522684736873496,8
2025-12-03,SBA_NAI,100XIAV061,2025-12-03::SBA_NAI::100XIAV061::100XIAV061::155,0.878794219464966,1
2025-12-03,SBA_NAI,100XIAV061,2025-12-03::SBA_NAI::100XIAV061::100XIAV061::1571,-0.8209699452604418,1
2025-12-03,SBA_NAI,100XIAV061,2025-12-03::SBA_NAI::100XIAV061::100XIAV061::168,0.20175174570523213,2
2025-12-03,SBA_NAI,100XIAV061,2025-12-03::SBA_NAI::100XIAV061::100XIAV061::1723,-0.047216573611547685,2
2025-12-03,SBA_NAI,100XIAV061,2025-12-03::SBA_NAI::100XIAV061::100XIAV061::1903,-0.38279107941312923,4
2025-12-03,SBA_NAI,100XIAV061,2025-12-03::SBA_NAI::100XIAV061::100XIAV061::202,-0.06236414947300068,28
2025-12-03,SBA_NAI,100XIAV061,2025-12-03::SBA_NAI::100XIAV061::100XIAV061::2059,0.9987523764946409,2
2025-12-03,SBA_NAI,100XIAV061,2025-12-03::SBA_NAI::100XIAV061::100XIAV061::2187,-0.2422094037704329,7
2025-12-03,SBA_NAI,100XIAV061,2025-12-03::SBA_NAI::100XIAV061::100XIAV061::2287,0.46173194346242297,4
2025-12-03,SBA_NAI,100XIAV061,2025-12-03::SBA_NAI::100XIAV061::100XIAV061::2426,0.3834107548822598,2
2025-12-03,SBA_NAI,100XIAV061,2025-12-03::SBA_NAI::100XIAV061::100XIAV061::243,0.9526176116220095,1
2025-12-03,SBA_NAI,100XIAV061,2025-12-03::SBA_NAI::100XIAV061::100XIAV061::249,0.9392454389415543,1
2025-12-03,SBA_NAI,100XIAV061,2025-12-03::SBA_NAI::100XIAV061::100XIAV061::2562,-0.1309364125596141,4
2025-12-03,SBA_NAI,100XIAV061,2025-12-03::SBA_NAI::100XIAV061::100XIAV061::262,-0.5299367399306849,1
2025-12-03,SBA_NAI,100XIAV061,2025-12-03::SBA_NAI::100XIAV061::100XIAV061::274,0.9742648063647679,2
2025-12-03,SBA_NAI,100XIAV061,2025-12-03::SBA_NAI::100XIAV061::100XIAV061::2755,0.1384250020350687,2
2025-12-03,SBA_NAI,100XIAV061,2025-12-03::SBA_NAI::100XIAV061::100XIAV061::292,-0.301712308539871,1
2025-12-03,SBA_NAI,100XIAV061,2025-12-03::SBA_NAI::100XIAV061::100XIAV061::301,0.3846258540072256,1
2025-12-03,SBA_NAI,100XIAV061,2025-12-03::SBA_NAI::100XIAV061::100XIAV061::3152,0.8683415833016033,2
2025-12-03,SBA_NAI,100XIAV061,2025-12-03::SBA_NAI::100XIAV061::100XIAV061::3260,-0.6012863321125946,4
2025-12-03,SBA_NAI,100XIAV061,2025-12-03::SBA_NAI::100XIAV061::100XIAV061::3656,-0.21935592133872128,2
2025-12-03,SBA_NAI,100XIAV061,2025-12-03::SBA_NAI::100XIAV061::100XIAV061::38,-0.5597508094158978,2
2025-12-03,SBA_NAI,100XIAV061,2025-12-03::SBA_NAI::100XIAV061::100XIAV061::3862,-0.9809253314208786,1
2025-12-03,SBA_NAI,100XIAV061,2025-12-03::SBA_NAI::100XIAV061::100XIAV061::3865,0.0024714203893416997,4
2025-12-03,SBA_NAI,100XIAV061,2025-12-03::SBA_NAI::100XIAV061::100XIAV061::387,0.0015211589156905458,1
2025-12-03,SBA_NAI,100XIAV061,2025-12-03::SBA_NAI::100XIAV061::100XIAV061::3977,0.9881702481422889,1
2025-12-03,SBA_NAI,100XIAV061,2025-12-03::SBA_NAI::100XIAV061::100XIAV061::399,0.6899549865663233,1
2025-12-03,SBA_NAI,100XIAV061,2025-12-03::SBA_NAI::100XIAV061::100XIAV061::4081,-0.00945123907505896,2
2025-12-03,SBA_NAI,100XIAV061,2025-12-03::SBA_NAI::100XIAV061::100XIAV061::42,-0.2161303179010644,2
2025-12-03,SBA_NAI,100XIAV061,2025-12-03::SBA_NAI::100XIAV061::100XIAV061::4257,0.4032601121344984,1
2025-12-03,SBA_NAI,100XIAV061,2025-12-03::SBA_NAI::100XIAV061::100XIAV061::4447,-0.7197258208200815,1
2025-12-03,SBA_NAI,100XIAV061,2025-12-03::SBA_NAI::100XIAV061::100XIAV061::4531,-0.2111893832449895,2
2025-12-03,SBA_NAI,100XIAV061,2025-12-03::SBA_NAI::100XIAV061::100XIAV061::4552,-0.2328086206351192,5
2025-12-03,SBA_NAI,100XIAV061,2025-12-03::SBA_NAI::100XIAV061::100XIAV061::4598,-0.3765366025973107,2
2025-12-03,SBA_NAI,100XIAV061,2025-12-03::SBA_NAI::100XIAV061::100XIAV061::4712,0.5712902306327667,1
2025-12-03,SBA_NAI,100XIAV061,2025-12-03::SBA_NAI::100XIAV061::100XIAV061::4869,0.8632800709682463,1
2025-12-03,SBA_NAI,100XIAV061,2025-12-03::SBA_NAI::100XIAV061::100XIAV061::4908,0.7802527526392652,1
2025-12-03,SBA_NAI,100XIAV061,2025-12-03::SBA_NAI::100XIAV061::100XIAV061::5047,-0.9965682841230951,1
2025-12-03,SBA_NAI,100XIAV061,2025-12-03::SBA_NAI::100XIAV061::100XIAV061::5137,-0.23644699766922983,4
2025-12-03,SBA_NAI,100XIAV061,2025-12-03::SBA_NAI::100XIAV061::100XIAV061::52,0.02220264455106502,1
2025-12-03,SBA_NAI,100XIAV061,2025-12-03::SBA_NAI::100XIAV061::100XIAV061::5280,0.7873823722829245,1
2025-12-03,SBA_NAI,100XIAV061,2025-12-03::SBA_NAI::100XIAV061::100XIAV061::53,0.3514380247677219,1
2025-12-03,SBA_NAI,100XIAV061,2025-12-03::SBA_NAI::100XIAV061::100XIAV061::5309,0.22969361563507545,5
2025-12-03,SBA_NAI,100XIAV061,2025-12-03::SBA_NAI::100XIAV061::100XIAV061::5454,-0.6636882375849812,3
2025-12-03,SBA_NAI,100XIAV061,2025-12-03::SBA_NAI::100XIAV061::100XIAV061::556,0.4110945706723308,3
2025-12-03,SBA_NAI,100XIAV061,2025-12-03::SBA_NAI::100XIAV061::100XIAV061::5691,-0.459992171994942,1
2025-12-03,SBA_NAI,100XIAV061,2025-12-03::SBA_NAI::100XIAV061::100XIAV061::80,0.9609513942827531,5
2025-12-03,SBA_NAI,100XIAV061,2025-12-03::SBA_NAI::100XIAV061::100XIAV061::958,0.018807270134953268,5
2025-12-03,SBA_NAI,100XIAV062,2025-12-03::SBA_NAI::100XIAV062::100XIAV062::1,0.9989172363839747,1
2025-12-03,SBA_NAI,100XIAV062,2025-12-03::SBA_NAI::100XIAV062::100XIAV062::207,0.8996178690516117,1
2025-12-03,SBA_NAI,100XIAV062,2025-12-03::SBA_NAI::100XIAV062::100XIAV062::27,-0.009202150661805852,2
2025-12-03,SBA_NAI,100XIAV062,2025-12-03::SBA_NAI::100XIAV062::100XIAV062::271,0.9150704874586812,1
2025-12-03,SBA_NAI,100XIAV062,2025-12-03::SBA_NAI::100XIAV062::100XIAV062::32,0.8601850766452456,1
2025-12-03,SBA_NAI,100XIAV062,2025-12-03::SBA_NAI::100XIAV062::100XIAV062::33,-0.7482877380356131,2
2025-12-03,SBA_NAI,100XIAV062,2025-12-03::SBA_NAI::100XIAV062::100XIAV062::38,0.3581303051110541,2
2025-12-03,SBA_NAI,100XIAV062,2025-12-03::SBA_NAI::100XIAV062::100XIAV062::68,-0.34751784762693183,1
2025-12-03,SBA_NAI,100XIAV062,2025-12-03::SBA_NAI::100XIAV062::100XIAV062::909,0.5433174448121956,1
2025-12-03,SBA_NAI,100XIAV063,2025-12-03::SBA_NAI::100XIAV063::100XIAV063::114,-0.38255258123747304,1
2025-12-03,SBA_NAI,100XIAV063,2025-12-03::SBA_NAI::100XIAV063::100XIAV063::132,-0.47239908515019535,2
2025-12-03,SBA_NAI,100XIAV063,2025-12-03::SBA_NAI::100XIAV063::100XIAV063::1495,0.6355559039269506,1
2025-12-03,SBA_NAI,100XIAV063,2025-12-03::SBA_NAI::100XIAV063::100XIAV063::154,-0.49486038079118033,1
2025-12-03,SBA_NAI,100XIAV063,2025-12-03::SBA_NAI::100XIAV063::100XIAV063::169,-0.3254866737659493,2
2025-12-03,SBA_NAI,100XIAV063,2025-12-03::SBA_NAI::100XIAV063::100XIAV063::1706,0.8843398376436258,2
2025-12-03,SBA_NAI,100XIAV063,2025-12-03::SBA_NAI::100XIAV063::100XIAV063::173,0.1766954745933123,4
2025-12-03,SBA_NAI,100XIAV063,2025-12-03::SBA_NAI::100XIAV063::100XIAV063::177,-0.34442773152833794,1
2025-12-03,SBA_NAI,100XIAV063,2025-12-03::SBA_NAI::100XIAV063::100XIAV063::2549,0.7170391345759554,4
2025-12-03,SBA_NAI,100XIAV063,2025-12-03::SBA_NAI::100XIAV063::100XIAV063::2770,0.27014683285440133,2
2025-12-03,SBA_NAI,100XIAV063,2025-12-03::SBA_NAI::100XIAV063::100XIAV063::285,0.9684682709155542,4
2025-12-03,SBA_NAI,100XIAV063,2025-12-03::SBA_NAI::100XIAV063::100XIAV063::31,0.765061261930488,2
2025-12-03,SBA_NAI,100XIAV063,2025-12-03::SBA_NAI::100XIAV063::100XIAV063::3142,0.6458538256171101,4
2025-12-03,SBA_NAI,100XIAV063,2025-12-03::SBA_NAI::100XIAV063::100XIAV063::32,-0.28416901736726685,2
2025-12-03,SBA_NAI,100XIAV063,2025-12-03::SBA_NAI::100XIAV063::100XIAV063::327,0.9207790551219069,2
2025-12-03,SBA_NAI,100XIAV063,2025-12-03::SBA_NAI::100XIAV063::100XIAV063::3622,-0.017930666584394683,2
2025-12-03,SBA_NAI,100XIAV063,2025-12-03::SBA_NAI::100XIAV063::100XIAV063::3786,0.02483983754429847,2
2025-12-03,SBA_NAI,100XIAV063,2025-12-03::SBA_NAI::100XIAV063::100XIAV063::38,0.5439672346827247,2
2025-12-03,SBA_NAI,100XIAV063,2025-12-03::SBA_NAI::100XIAV063::100XIAV063::3822,0.7533382167124101,1
2025-12-03,SBA_NAI,100XIAV063,2025-12-03::SBA_NAI::100XIAV063::100XIAV063::390,0.9956383335925011,1
2025-12-03,SBA_NAI,100XIAV063,2025-12-03::SBA_NAI::100XIAV063::100XIAV063::395,0.955289662988838,3
2025-12-03,SBA_NAI,100XIAV063,2025-12-03::SBA_NAI::100XIAV063::100XIAV063::4440,-0.3544455496340745,1
2025-12-03,SBA_NAI,100XIAV063,2025-12-03::SBA_NAI::100XIAV063::100XIAV063::4725,-0.13915420072745954,3
2025-12-03,SBA_NAI,100XIAV063,2025-12-03::SBA_NAI::100XIAV063::100XIAV063::5282,-0.999732362918922,1
2025-12-03,SBA_NAI,100XIAV063,2025-12-03::SBA_NAI::100XIAV063::100XIAV063::5876,-0.4662112862366122,1
2025-12-03,SBA_NAI,100XIAV063,2025-12-03::SBA_NAI::100XIAV063::100XIAV063::93,-0.8114212270311815,1
2025-12-03,SBA_NAI,100XIAV063,2025-12-03::SBA_NAI::100XIAV063::100XIAV063::945,0.72720241457894,7
2025-12-03,SBA_NAI,100XIAV064,2025-12-03::SBA_NAI::100XIAV064::100XIAV064::320,-0.9413289048298259,1
2025-12-03,SBA_NAI,100XIAV064,2025-12-03::SBA_NAI::100XIAV064::100XIAV064::39,0.003405024283018837,4
2025-12-03,SBA_NAI,100XIAV064,2025-12-03::SBA_NAI::100XIAV064::100XIAV064::49,0.9721730028179532,1
2025-12-03,SBA_NAI,100XIAV064,2025-12-03::SBA_NAI::100XIAV064::100XIAV064::553,0.18749610421985563,1
2025-12-03,SBA_NAI,100XIAV064,2025-12-03::SBA_NAI::100XIAV064::100XIAV064::70,0.9785074127015276,1
2025-12-03,SBA_NAI,100XIAV064,2025-12-03::SBA_NAI::100XIAV064::100XIAV064::75,-0.9609575113474655,1
2025-12-03,SBA_noNAI,100XIAV070,2025-12-03::SBA_noNAI::100XIAV070::100XIAV070::1028,0.970532426653956,1
2025-12-03,SBA_noNAI,100XIAV070,2025-12-03::SBA_noNAI::100XIAV070::100XIAV070::119,0.9953146524146749,2
2025-12-03,SBA_noNAI,100XIAV070,2025-12-03::SBA_noNAI::100XIAV070::100XIAV070::123,0.8738716785383316,2
2025-12-03,SBA_noNAI,100XIAV070,2025-12-03::SBA_noNAI::100XIAV070::100XIAV070::1391,0.9798712620053718,2
2025-12-03,SBA_noNAI,100XIAV070,2025-12-03::SBA_noNAI::100XIAV070::100XIAV070::148,0.9824318274525523,1
2025-12-03,SBA_noNAI,100XIAV070,2025-12-03::SBA_noNAI::100XIAV070::100XIAV070::152,0.7935186696033234,4
2025-12-03,SBA_noNAI,100XIAV070,2025-12-03::SBA_noNAI::100XIAV070::100XIAV070::160,-0.48082286736453295,1
2025-12-03,SBA_noNAI,100XIAV070,2025-12-03::SBA_noNAI::100XIAV070::100XIAV070::1634,-0.986429103585982,1
2025-12-03,SBA_noNAI,100XIAV070,2025-12-03::SBA_noNAI::100XIAV070::100XIAV070::1670,-0.37146242533172613,1
2025-12-03,SBA_noNAI,100XIAV070,2025-12-03::SBA_noNAI::100XIAV070::100XIAV070::1699,0.9764889040878101,3
2025-12-03,SBA_noNAI,100XIAV070,2025-12-03::SBA_noNAI::100XIAV070::100XIAV070::17,-0.2636140033784145,1
2025-12-03,SBA_noNAI,100XIAV070,2025-12-03::SBA_noNAI::100XIAV070::100XIAV070::176,0.0826499830750927,3
2025-12-03,SBA_noNAI,100XIAV070,2025-12-03::SBA_noNAI::100XIAV070::100XIAV070::186,0.8857898681547149,1
2025-12-03,SBA_noNAI,100XIAV070,2025-12-03::SBA_noNAI::100XIAV070::100XIAV070::190,0.9873062640980312,1
2025-12-03,SBA_noNAI,100XIAV070,2025-12-03::SBA_noNAI::100XIAV070::100XIAV070::205,-0.5613265985421347,1
2025-12-03,SBA_noNAI,100XIAV070,2025-12-03::SBA_noNAI::100XIAV070::100XIAV070::206,0.2759544031109919,2
2025-12-03,SBA_noNAI,100XIAV070,2025-12-03::SBA_noNAI::100XIAV070::100XIAV070::2193,-0.5201142727609267,1
2025-12-03,SBA_noNAI,100XIAV070,2025-12-03::SBA_noNAI::100XIAV070::100XIAV070::2222,0.7329298456363244,2
2025-12-03,SBA_noNAI,100XIAV070,2025-12-03::SBA_noNAI::100XIAV070::100XIAV070::2225,0.1781928830183227,2
2025-12-03,SBA_noNAI,100XIAV070,2025-12-03::SBA_noNAI::100XIAV070::100XIAV070::229,0.6077949250381895,2
2025-12-03,SBA_noNAI,100XIAV070,2025-12-03::SBA_noNAI::100XIAV070::100XIAV070::2311,-0.7916621037420544,1
2025-12-03,SBA_noNAI,100XIAV070,2025-12-03::SBA_noNAI::100XIAV070::100XIAV070::252,0.8015409739271544,1
2025-12-03,SBA_noNAI,100XIAV070,2025-12-03::SBA_noNAI::100XIAV070::100XIAV070::2622,0.6155851910780634,2
2025-12-03,SBA_noNAI,100XIAV070,2025-12-03::SBA_noNAI::100XIAV070::100XIAV070::2650,-0.9750694354403207,1
2025-12-03,SBA_noNAI,100XIAV070,2025-12-03::SBA_noNAI::100XIAV070::100XIAV070::2673,-0.9877054042274838,1
2025-12-03,SBA_noNAI,100XIAV070,2025-12-03::SBA_noNAI::100XIAV070::100XIAV070::2737,0.14088837845480884,5
2025-12-03,SBA_noNAI,100XIAV070,2025-12-03::SBA_noNAI::100XIAV070::100XIAV070::2741,-0.06833279004289539,2
2025-12-03,SBA_noNAI,100XIAV070,2025-12-03::SBA_noNAI::100XIAV070::100XIAV070::3,0.9235598700703178,1
2025-12-03,SBA_noNAI,100XIAV070,2025-12-03::SBA_noNAI::100XIAV070::100XIAV070::3180,0.37831920361527727,1
2025-12-03,SBA_noNAI,100XIAV070,2025-12-03::SBA_noNAI::100XIAV070::100XIAV070::338,0.005655059581317068,2
2025-12-03,SBA_noNAI,100XIAV070,2025-12-03::SBA_noNAI::100XIAV070::100XIAV070::3405,-0.572385401683546,5
2025-12-03,SBA_noNAI,100XIAV070,2025-12-03::SBA_noNAI::100XIAV070::100XIAV070::3419,0.3594013409634993,3
2025-12-03,SBA_noNAI,100XIAV070,2025-12-03::SBA_noNAI::100XIAV070::100XIAV070::347,-0.24451377733464025,1
2025-12-03,SBA_noNAI,100XIAV070,2025-12-03::SBA_noNAI::100XIAV070::100XIAV070::3744,0.9353976798204877,1
2025-12-03,SBA_noNAI,100XIAV070,2025-12-03::SBA_noNAI::100XIAV070::100XIAV070::382,-0.7824307171189744,1
2025-12-03,SBA_noNAI,100XIAV070,2025-12-03::SBA_noNAI::100XIAV070::100XIAV070::3823,-0.10928583492691549,5
2025-12-03,SBA_noNAI,100XIAV070,2025-12-03::SBA_noNAI::100XIAV070::100XIAV070::3858,0.7346081768882629,1
2025-12-03,SBA_noNAI,100XIAV070,2025-12-03::SBA_noNAI::100XIAV070::100XIAV070::390,-0.9857128197633073,1
2025-12-03,SBA_noNAI,100XIAV070,2025-12-03::SBA_noNAI::100XIAV070::100XIAV070::3907,0.9728642270606742,1
2025-12-03,SBA_noNAI,100XIAV070,2025-12-03::SBA_noNAI::100XIAV070::100XIAV070::3943,0.9935871960667306,3
2025-12-03,SBA_noNAI,100XIAV070,2025-12-03::SBA_noNAI::100XIAV070::100XIAV070::395,-0.23226526546691625,1
2025-12-03,SBA_noNAI,100XIAV070,2025-12-03::SBA_noNAI::100XIAV070::100XIAV070::436,0.6595856195740064,1
2025-12-03,SBA_noNAI,100XIAV070,2025-12-03::SBA_noNAI::100XIAV070::100XIAV070::4458,0.9990382582892596,1
2025-12-03,SBA_noNAI,100XIAV070,2025-12-03::SBA_noNAI::100XIAV070::100XIAV070::4531,-0.004439849416142931,3
2025-12-03,SBA_noNAI,100XIAV070,2025-12-03::SBA_noNAI::100XIAV070::100XIAV070::4561,0.02334694571833935,5
2025-12-03,SBA_noNAI,100XIAV070,2025-12-03::SBA_noNAI::100XIAV070::100XIAV070::4673,-0.7240579037037354,1
2025-12-03,SBA_noNAI,100XIAV070,2025-12-03::SBA_noNAI::100XIAV070::100XIAV070::4910,0.40733506727448054,5
2025-12-03,SBA_noNAI,100XIAV070,2025-12-03::SBA_noNAI::100XIAV070::100XIAV070::4913,0.9968389179776067,1
2025-12-03,SBA_noNAI,100XIAV070,2025-12-03::SBA_noNAI::100XIAV070::100XIAV070::5198,0.5156972498164375,2
2025-12-03,SBA_noNAI,100XIAV070,2025-12-03::SBA_noNAI::100XIAV070::100XIAV070::5238,0.9770033873636754,1
2025-12-03,SBA_noNAI,100XIAV070,2025-12-03::SBA_noNAI::100XIAV070::100XIAV070::552,-0.8840587447240951,1
2025-12-03,SBA_noNAI,100XIAV070,2025-12-03::SBA_noNAI::100XIAV070::100XIAV070::5569,0.08238963613748657,2
2025-12-03,SBA_noNAI,100XIAV070,2025-12-03::SBA_noNAI::100XIAV070::100XIAV070::5636,0.8670332596493038,1
2025-12-03,SBA_noNAI,100XIAV070,2025-12-03::SBA_noNAI::100XIAV070::100XIAV070::5656,0.34150569790307744,5
2025-12-03,SBA_noNAI,100XIAV070,2025-12-03::SBA_noNAI::100XIAV070::100XIAV070::5668,-0.9950581915386514,1
2025-12-03,SBA_noNAI,100XIAV070,2025-12-03::SBA_noNAI::100XIAV070::100XIAV070::5682,0.9409349032716797,3
2025-12-03,SBA_noNAI,100XIAV070,2025-12-03::SBA_noNAI::100XIAV070::100XIAV070::600,-0.47209179742688495,1
2025-12-03,SBA_noNAI,100XIAV070,2025-12-03::SBA_noNAI::100XIAV070::100XIAV070::6005,-0.5031023923560747,1
2025-12-03,SBA_noNAI,100XIAV070,2025-12-03::SBA_noNAI::100XIAV070::100XIAV070::612,-0.27066982892964503,2
2025-12-03,SBA_noNAI,100XIAV070,2025-12-03::SBA_noNAI::100XIAV070::100XIAV070::6178,0.1948544850698246,1
2025-12-03,SBA_noNAI,100XIAV070,2025-12-03::SBA_noNAI::100XIAV070::100XIAV070::6193,0.7065697923761153,1
2025-12-03,SBA_noNAI,100XIAV070,2025-12-03::SBA_noNAI::100XIAV070::100XIAV070::6248,0.9992175931799874,1
2025-12-03,SBA_noNAI,100XIAV070,2025-12-03::SBA_noNAI::100XIAV070::100XIAV070::647,0.24109407830443405,3
2025-12-03,SBA_noNAI,100XIAV070,2025-12-03::SBA_noNAI::100XIAV070::100XIAV070::6593,0.901910244495215,1
2025-12-03,SBA_noNAI,100XIAV070,2025-12-03::SBA_noNAI::100XIAV070::100XIAV070::6595,0.1844219982534061,4
2025-12-03,SBA_noNAI,100XIAV070,2025-12-03::SBA_noNAI::100XIAV070::100XIAV070::663,-0.7148327282542918,5
2025-12-03,SBA_noNAI,100XIAV070,2025-12-03::SBA_noNAI::100XIAV070::100XIAV070::667,-0.45185287348032965,1
2025-12-03,SBA_noNAI,100XIAV070,2025-12-03::SBA_noNAI::100XIAV070::100XIAV070::672,0.6292477734050099,1
2025-12-03,SBA_noNAI,100XIAV070,2025-12-03::SBA_noNAI::100XIAV070::100XIAV070::699,-0.04965928351715726,2
2025-12-03,SBA_noNAI,100XIAV070,2025-12-03::SBA_noNAI::100XIAV070::100XIAV070::713,0.6836338288017136,4
2025-12-03,SBA_noNAI,100XIAV070,2025-12-03::SBA_noNAI::100XIAV070::100XIAV070::73,-0.04706885838766456,2
2025-12-03,SBA_noNAI,100XIAV070,2025-12-03::SBA_noNAI::100XIAV070::100XIAV070::735,0.7329664112450471,2
2025-12-03,SBA_noNAI,100XIAV070,2025-12-03::SBA_noNAI::100XIAV070::100XIAV070::7408,-0.7726274979198865,1
2025-12-03,SBA_noNAI,100XIAV070,2025-12-03::SBA_noNAI::100XIAV070::100XIAV070::7447,0.296686668026308,2
2025-12-03,SBA_noNAI,100XIAV070,2025-12-03::SBA_noNAI::100XIAV070::100XIAV070::761,0.3415530927290546,3
2025-12-03,SBA_noNAI,100XIAV070,2025-12-03::SBA_noNAI::100XIAV070::100XIAV070::7690,-0.9684383729948158,1
2025-12-03,SBA_noNAI,100XIAV070,2025-12-03::SBA_noNAI::100XIAV070::100XIAV070::793,-0.12794334213241942,2
2025-12-03,SBA_noNAI,100XIAV070,2025-12-03::SBA_noNAI::100XIAV070::100XIAV070::823,0.8640814559081261,3
2025-12-03,SBA_noNAI,100XIAV070,2025-12-03::SBA_noNAI::100XIAV070::100XIAV070::835,0.9511552456534372,1
2025-12-03,SBA_noNAI,100XIAV070,2025-12-03::SBA_noNAI::100XIAV070::100XIAV070::869,-0.9712110894146027,1
2025-12-03,SBA_noNAI,100XIAV070,2025-12-03::SBA_noNAI::100XIAV070::100XIAV070::966,0.9448587043471443,1
2025-12-03,SBA_noNAI,100XIAV070,2025-12-03::SBA_noNAI::100XIAV070::100XIAV070::97,-0.14352472385214282,1
2025-12-03,SBA_noNAI,100XIAV070,2025-12-03::SBA_noNAI::100XIAV070::100XIAV070::988,0.23896479379139784,2
2025-12-03,SBA_noNAI,100XIAV070,2025-12-03::SBA_noNAI::100XIAV070::100XIAV070::993,0.4525227129394896,4
2025-12-03,SBA_noNAI,100XIAV071,2025-12-03::SBA_noNAI::100XIAV071::100XIAV071::1037,0.9574907117977997,1
2025-12-03,SBA_noNAI,100XIAV071,2025-12-03::SBA_noNAI::100XIAV071::100XIAV071::10410,0.15616547567441208,3
2025-12-03,SBA_noNAI,100XIAV071,2025-12-03::SBA_noNAI::100XIAV071::100XIAV071::10466,0.10717039159157442,1
2025-12-03,SBA_noNAI,100XIAV071,2025-12-03::SBA_noNAI::100XIAV071::100XIAV071::10619,-0.5476843671044592,2
2025-12-03,SBA_noNAI,100XIAV071,2025-12-03::SBA_noNAI::100XIAV071::100XIAV071::10979,-0.5922050744471218,1
2025-12-03,SBA_noNAI,100XIAV071,2025-12-03::SBA_noNAI::100XIAV071::100XIAV071::11175,0.3140200723560562,1
2025-12-03,SBA_noNAI,100XIAV071,2025-12-03::SBA_noNAI::100XIAV071::100XIAV071::11333,-0.25233803840539515,3
2025-12-03,SBA_noNAI,100XIAV071,2025-12-03::SBA_noNAI::100XIAV071::100XIAV071::11489,0.8994915273658193,3
2025-12-03,SBA_noNAI,100XIAV071,2025-12-03::SBA_noNAI::100XIAV071::100XIAV071::11631,0.9588970336841343,1
2025-12-03,SBA_noNAI,100XIAV071,2025-12-03::SBA_noNAI::100XIAV071::100XIAV071::11729,-0.42605746441990977,1
2025-12-03,SBA_noNAI,100XIAV071,2025-12-03::SBA_noNAI::100XIAV071::100XIAV071::11783,0.2042199383820496,2
2025-12-03,SBA_noNAI,100XIAV071,2025-12-03::SBA_noNAI::100XIAV071::100XIAV071::12037,0.7094831766582534,1
2025-12-03,SBA_noNAI,100XIAV071,2025-12-03::SBA_noNAI::100XIAV071::100XIAV071::12630,0.870968944586234,1
2025-12-03,SBA_noNAI,100XIAV071,2025-12-03::SBA_noNAI::100XIAV071::100XIAV071::12702,-0.8594147499268995,1
2025-12-03,SBA_noNAI,100XIAV071,2025-12-03::SBA_noNAI::100XIAV071::100XIAV071::13076,-0.9574875754493763,1
2025-12-03,SBA_noNAI,100XIAV071,2025-12-03::SBA_noNAI::100XIAV071::100XIAV071::13080,0.6540741610211326,1
2025-12-03,SBA_noNAI,100XIAV071,2025-12-03::SBA_noNAI::100XIAV071::100XIAV071::13588,0.2255713487811424,1
2025-12-03,SBA_noNAI,100XIAV071,2025-12-03::SBA_noNAI::100XIAV071::100XIAV071::13748,-0.6287977029430529,2
2025-12-03,SBA_noNAI,100XIAV071,2025-12-03::SBA_noNAI::100XIAV071::100XIAV071::13834,0.24988741097148748,2
2025-12-03,SBA_noNAI,100XIAV071,2025-12-03::SBA_noNAI::100XIAV071::100XIAV071::14499,-0.3919769453214931,2
2025-12-03,SBA_noNAI,100XIAV071,2025-12-03::SBA_noNAI::100XIAV071::100XIAV071::14638,0.17476265027254648,2
2025-12-03,SBA_noNAI,100XIAV071,2025-12-03::SBA_noNAI::100XIAV071::100XIAV071::15130,-0.9651311387120394,1
2025-12-03,SBA_noNAI,100XIAV071,2025-12-03::SBA_noNAI::100XIAV071::100XIAV071::15276,0.9267457180552671,1
2025-12-03,SBA_noNAI,100XIAV071,2025-12-03::SBA_noNAI::100XIAV071::100XIAV071::15353,0.9303976413477052,1
2025-12-03,SBA_noNAI,100XIAV071,2025-12-03::SBA_noNAI::100XIAV071::100XIAV071::15397,-0.45402215421208286,3
2025-12-03,SBA_noNAI,100XIAV071,2025-12-03::SBA_noNAI::100XIAV071::100XIAV071::15491,0.6815876444078075,1
2025-12-03,SBA_noNAI,100XIAV071,2025-12-03::SBA_noNAI::100XIAV071::100XIAV071::1577,0.8717061123282575,1
2025-12-03,SBA_noNAI,100XIAV071,2025-12-03::SBA_noNAI::100XIAV071::100XIAV071::15791,-0.3303428802496006,1
2025-12-03,SBA_noNAI,100XIAV071,2025-12-03::SBA_noNAI::100XIAV071::100XIAV071::15815,0.9633241298858907,1
2025-12-03,SBA_noNAI,100XIAV071,2025-12-03::SBA_noNAI::100XIAV071::100XIAV071::15818,-0.8446870498704906,1
2025-12-03,SBA_noNAI,100XIAV071,2025-12-03::SBA_noNAI::100XIAV071::100XIAV071::16090,0.4923044771976802,1
2025-12-03,SBA_noNAI,100XIAV071,2025-12-03::SBA_noNAI::100XIAV071::100XIAV071::16402,-0.9669872064552731,2
2025-12-03,SBA_noNAI,100XIAV071,2025-12-03::SBA_noNAI::100XIAV071::100XIAV071::16503,0.6644613977966941,2
2025-12-03,SBA_noNAI,100XIAV071,2025-12-03::SBA_noNAI::100XIAV071::100XIAV071::1664,0.7844771730685819,3
2025-12-03,SBA_noNAI,100XIAV071,2025-12-03::SBA_noNAI::100XIAV071::100XIAV071::17080,0.614002353500041,4
2025-12-03,SBA_noNAI,100XIAV071,2025-12-03::SBA_noNAI::100XIAV071::100XIAV071::17336,-0.7759004145349878,3
2025-12-03,SBA_noNAI,100XIAV071,2025-12-03::SBA_noNAI::100XIAV071::100XIAV071::17714,-0.7642253888100359,3
2025-12-03,SBA_noNAI,100XIAV071,2025-12-03::SBA_noNAI::100XIAV071::100XIAV071::17764,-0.21659826634480256,1
2025-12-03,SBA_noNAI,100XIAV071,2025-12-03::SBA_noNAI::100XIAV071::100XIAV071::179,-0.1676545550385088,1
2025-12-03,SBA_noNAI,100XIAV071,2025-12-03::SBA_noNAI::100XIAV071::100XIAV071::18101,-0.9999999506485394,1
2025-12-03,SBA_noNAI,100XIAV071,2025-12-03::SBA_noNAI::100XIAV071::100XIAV071::1839,0.7273642369752716,8
2025-12-03,SBA_noNAI,100XIAV071,2025-12-03::SBA_noNAI::100XIAV071::100XIAV071::18421,0.7029497663810131,1
2025-12-03,SBA_noNAI,100XIAV071,2025-12-03::SBA_noNAI::100XIAV071::100XIAV071::19221,0.4339400807743204,4
2025-12-03,SBA_noNAI,100XIAV071,2025-12-03::SBA_noNAI::100XIAV071::100XIAV071::1995,0.1464285808273125,4
2025-12-03,SBA_noNAI,100XIAV071,2025-12-03::SBA_noNAI::100XIAV071::100XIAV071::2014,0.012345079199717168,4
2025-12-03,SBA_noNAI,100XIAV071,2025-12-03::SBA_noNAI::100XIAV071::100XIAV071::2238,0.0866964075301529,1
2025-12-03,SBA_noNAI,100XIAV071,2025-12-03::SBA_noNAI::100XIAV071::100XIAV071::2258,0.7260730255209609,4
2025-12-03,SBA_noNAI,100XIAV071,2025-12-03::SBA_noNAI::100XIAV071::100XIAV071::240,0.9467568655897869,2
2025-12-03,SBA_noNAI,100XIAV071,2025-12-03::SBA_noNAI::100XIAV071::100XIAV071::252,0.6441177634356383,9
2025-12-03,SBA_noNAI,100XIAV071,2025-12-03::SBA_noNAI::100XIAV071::100XIAV071::286,-0.4804085438680996,1
2025-12-03,SBA_noNAI,100XIAV071,2025-12-03::SBA_noNAI::100XIAV071::100XIAV071::304,0.9061787962098393,2
2025-12-03,SBA_noNAI,100XIAV071,2025-12-03::SBA_noNAI::100XIAV071::100XIAV071::3094,-0.3838315903464456,3
2025-12-03,SBA_noNAI,100XIAV071,2025-12-03::SBA_noNAI::100XIAV071::100XIAV071::3123,0.05891655825146654,3
2025-12-03,SBA_noNAI,100XIAV071,2025-12-03::SBA_noNAI::100XIAV071::100XIAV071::337,0.9847113242575007,2
2025-12-03,SBA_noNAI,100XIAV071,2025-12-03::SBA_noNAI::100XIAV071::100XIAV071::382,-0.4086767232114076,1
2025-12-03,SBA_noNAI,100XIAV071,2025-12-03::SBA_noNAI::100XIAV071::100XIAV071::3880,0.657713262738,2
2025-12-03,SBA_noNAI,100XIAV071,2025-12-03::SBA_noNAI::100XIAV071::100XIAV071::3901,-0.20773473822117688,2
2025-12-03,SBA_noNAI,100XIAV071,2025-12-03::SBA_noNAI::100XIAV071::100XIAV071::391,0.9046606655710421,1
2025-12-03,SBA_noNAI,100XIAV071,2025-12-03::SBA_noNAI::100XIAV071::100XIAV071::400,-0.8913127418612965,1
2025-12-03,SBA_noNAI,100XIAV071,2025-12-03::SBA_noNAI::100XIAV071::100XIAV071::436,0.5202997595517574,2
2025-12-03,SBA_noNAI,100XIAV071,2025-12-03::SBA_noNAI::100XIAV071::100XIAV071::4626,0.9811037769444513,1
2025-12-03,SBA_noNAI,100XIAV071,2025-12-03::SBA_noNAI::100XIAV071::100XIAV071::4657,0.9000103938231447,1
2025-12-03,SBA_noNAI,100XIAV071,2025-12-03::SBA_noNAI::100XIAV071::100XIAV071::4853,0.8526563837931266,3
2025-12-03,SBA_noNAI,100XIAV071,2025-12-03::SBA_noNAI::100XIAV071::100XIAV071::4949,0.7476638661487318,1
2025-12-03,SBA_noNAI,100XIAV071,2025-12-03::SBA_noNAI::100XIAV071::100XIAV071::5135,0.2581474416327008,1
2025-12-03,SBA_noNAI,100XIAV071,2025-12-03::SBA_noNAI::100XIAV071::100XIAV071::5447,0.5653402277809388,2
2025-12-03,SBA_noNAI,100XIAV071,2025-12-03::SBA_noNAI::100XIAV071::100XIAV071::6016,0.8788298935696652,2
2025-12-03,SBA_noNAI,100XIAV071,2025-12-03::SBA_noNAI::100XIAV071::100XIAV071::6332,-0.9493599261996459,1
2025-12-03,SBA_noNAI,100XIAV071,2025-12-03::SBA_noNAI::100XIAV071::100XIAV071::6474,0.7053741486149882,2
2025-12-03,SBA_noNAI,100XIAV071,2025-12-03::SBA_noNAI::100XIAV071::100XIAV071::6536,-0.5734065417388994,1
2025-12-03,SBA_noNAI,100XIAV071,2025-12-03::SBA_noNAI::100XIAV071::100XIAV071::6543,0.9999605133997094,1
2025-12-03,SBA_noNAI,100XIAV071,2025-12-03::SBA_noNAI::100XIAV071::100XIAV071::6566,0.891483666385122,2
2025-12-03,SBA_noNAI,100XIAV071,2025-12-03::SBA_noNAI::100XIAV071::100XIAV071::6765,-0.04695511479165568,2
2025-12-03,SBA_noNAI,100XIAV071,2025-12-03::SBA_noNAI::100XIAV071::100XIAV071::6903,0.7204190500133353,2
2025-12-03,SBA_noNAI,100XIAV071,2025-12-03::SBA_noNAI::100XIAV071::100XIAV071::6945,-0.08746761587200981,7
2025-12-03,SBA_noNAI,100XIAV071,2025-12-03::SBA_noNAI::100XIAV071::100XIAV071::7084,0.4975083641927977,3
2025-12-03,SBA_noNAI,100XIAV071,2025-12-03::SBA_noNAI::100XIAV071::100XIAV071::7192,0.3252264262660065,2
2025-12-03,SBA_noNAI,100XIAV071,2025-12-03::SBA_noNAI::100XIAV071::100XIAV071::7212,-0.36666232438443525,1
2025-12-03,SBA_noNAI,100XIAV071,2025-12-03::SBA_noNAI::100XIAV071::100XIAV071::7431,-0.9898490586261883,1
2025-12-03,SBA_noNAI,100XIAV071,2025-12-03::SBA_noNAI::100XIAV071::100XIAV071::7674,0.9999846548590766,1
2025-12-03,SBA_noNAI,100XIAV071,2025-12-03::SBA_noNAI::100XIAV071::100XIAV071::7822,-0.8781099739731031,1
2025-12-03,SBA_noNAI,100XIAV071,2025-12-03::SBA_noNAI::100XIAV071::100XIAV071::8051,0.8647196890262435,1
2025-12-03,SBA_noNAI,100XIAV071,2025-12-03::SBA_noNAI::100XIAV071::100XIAV071::8179,-0.997112806445748,1
2025-12-03,SBA_noNAI,100XIAV071,2025-12-03::SBA_noNAI::100XIAV071::100XIAV071::8299,0.6367743284467906,4
2025-12-03,SBA_noNAI,100XIAV071,2025-12-03::SBA_noNAI::100XIAV071::100XIAV071::86,-0.8162658760293365,1
2025-12-03,SBA_noNAI,100XIAV071,2025-12-03::SBA_noNAI::100XIAV071::100XIAV071::9335,-0.00251493102396246,3
2025-12-03,SBA_noNAI,100XIAV071,2025-12-03::SBA_noNAI::100XIAV071::100XIAV071::94,-0.479640836956708,1
2025-12-03,SBA_noNAI,100XIAV071,2025-12-03::SBA_noNAI::100XIAV071::100XIAV071::9423,-0.22760589968522066,2
2025-12-03,SBA_noNAI,100XIAV071,2025-12-03::SBA_noNAI::100XIAV071::100XIAV071::9445,0.019899092947979053,5
2025-12-03,SBA_noNAI,100XIAV071,2025-12-03::SBA_noNAI::100XIAV071::100XIAV071::9465,-0.7654120481912875,1
2025-12-03,SBA_noNAI,100XIAV071,2025-12-03::SBA_noNAI::100XIAV071::100XIAV071::953,-0.027945007386512455,2
2025-12-03,SBA_noNAI,100XIAV071,2025-12-03::SBA_noNAI::100XIAV071::100XIAV071::97,0.33444044397588146,2
2025-12-03,SBA_noNAI,100XIAV071,2025-12-03::SBA_noNAI::100XIAV071::100XIAV071::9839,0.7350818415353765,1
2025-12-03,SBA_noNAI,100XIAV072,2025-12-03::SBA_noNAI::100XIAV072::100XIAV072::1018,0.2446276344460786,3
2025-12-03,SBA_noNAI,100XIAV072,2025-12-03::SBA_noNAI::100XIAV072::100XIAV072::1019,0.4144807048275186,3
2025-12-03,SBA_noNAI,100XIAV072,2025-12-03::SBA_noNAI::100XIAV072::100XIAV072::1039,0.8844677031555684,1
2025-12-03,SBA_noNAI,100XIAV072,2025-12-03::SBA_noNAI::100XIAV072::100XIAV072::1047,-0.2598971869985369,1
2025-12-03,SBA_noNAI,100XIAV072,2025-12-03::SBA_noNAI::100XIAV072::100XIAV072::1082,-0.9375485911284329,1
2025-12-03,SBA_noNAI,100XIAV072,2025-12-03::SBA_noNAI::100XIAV072::100XIAV072::1084,0.02545489692919517,2
2025-12-03,SBA_noNAI,100XIAV072,2025-12-03::SBA_noNAI::100XIAV072::100XIAV072::1090,-0.9887872821768107,1
2025-12-03,SBA_noNAI,100XIAV072,2025-12-03::SBA_noNAI::100XIAV072::100XIAV072::112,0.2248236884112123,9
2025-12-03,SBA_noNAI,100XIAV072,2025-12-03::SBA_noNAI::100XIAV072::100XIAV072::1152,-0.09021017383583457,2
2025-12-03,SBA_noNAI,100XIAV072,2025-12-03::SBA_noNAI::100XIAV072::100XIAV072::1163,-0.1318792727637575,1
2025-12-03,SBA_noNAI,100XIAV072,2025-12-03::SBA_noNAI::100XIAV072::100XIAV072::1197,0.19368103201345632,5
2025-12-03,SBA_noNAI,100XIAV072,2025-12-03::SBA_noNAI::100XIAV072::100XIAV072::1204,0.1776252265164913,3
2025-12-03,SBA_noNAI,100XIAV072,2025-12-03::SBA_noNAI::100XIAV072::100XIAV072::1219,-0.43254865709214857,5
2025-12-03,SBA_noNAI,100XIAV072,2025-12-03::SBA_noNAI::100XIAV072::100XIAV072::1254,0.934042970172863,1
2025-12-03,SBA_noNAI,100XIAV072,2025-12-03::SBA_noNAI::100XIAV072::100XIAV072::1285,0.2527156800185131,2
2025-12-03,SBA_noNAI,100XIAV072,2025-12-03::SBA_noNAI::100XIAV072::100XIAV072::129,0.9860235620299841,1
2025-12-03,SBA_noNAI,100XIAV072,2025-12-03::SBA_noNAI::100XIAV072::100XIAV072::1391,-0.25475628051716676,1
2025-12-03,SBA_noNAI,100XIAV072,2025-12-03::SBA_noNAI::100XIAV072::100XIAV072::1457,0.5491668335673557,1
2025-12-03,SBA_noNAI,100XIAV072,2025-12-03::SBA_noNAI::100XIAV072::100XIAV072::146,0.339492448209092,3
2025-12-03,SBA_noNAI,100XIAV072,2025-12-03::SBA_noNAI::100XIAV072::100XIAV072::148,0.9612200892793883,1
2025-12-03,SBA_noNAI,100XIAV072,2025-12-03::SBA_noNAI::100XIAV072::100XIAV072::160,0.8107341829290295,1
2025-12-03,SBA_noNAI,100XIAV072,2025-12-03::SBA_noNAI::100XIAV072::100XIAV072::1612,0.28713264669158683,2
2025-12-03,SBA_noNAI,100XIAV072,2025-12-03::SBA_noNAI::100XIAV072::100XIAV072::164,0.6028665672938691,2
2025-12-03,SBA_noNAI,100XIAV072,2025-12-03::SBA_noNAI::100XIAV072::100XIAV072::1712,0.9672017413348803,1
2025-12-03,SBA_noNAI,100XIAV072,2025-12-03::SBA_noNAI::100XIAV072::100XIAV072::1739,-0.05567706202647282,2
2025-12-03,SBA_noNAI,100XIAV072,2025-12-03::SBA_noNAI::100XIAV072::100XIAV072::1773,-0.07480068590600725,1
2025-12-03,SBA_noNAI,100XIAV072,2025-12-03::SBA_noNAI::100XIAV072::100XIAV072::1803,0.8836641985509107,3
2025-12-03,SBA_noNAI,100XIAV072,2025-12-03::SBA_noNAI::100XIAV072::100XIAV072::185,0.8524918630273649,1
2025-12-03,SBA_noNAI,100XIAV072,2025-12-03::SBA_noNAI::100XIAV072::100XIAV072::1860,-0.8419458085638476,1
2025-12-03,SBA_noNAI,100XIAV072,2025-12-03::SBA_noNAI::100XIAV072::100XIAV072::1977,-0.3977399684618121,3
2025-12-03,SBA_noNAI,100XIAV072,2025-12-03::SBA_noNAI::100XIAV072::100XIAV072::2069,0.9922100274572401,1
2025-12-03,SBA_noNAI,100XIAV072,2025-12-03::SBA_noNAI::100XIAV072::100XIAV072::2117,0.42220154231074236,3
2025-12-03,SBA_noNAI,100XIAV072,2025-12-03::SBA_noNAI::100XIAV072::100XIAV072::2197,0.9872851750946261,1
2025-12-03,SBA_noNAI,100XIAV072,2025-12-03::SBA_noNAI::100XIAV072::100XIAV072::22,0.9615398419661999,1
2025-12-03,SBA_noNAI,100XIAV072,2025-12-03::SBA_noNAI::100XIAV072::100XIAV072::222,0.28242945070789555,3
2025-12-03,SBA_noNAI,100XIAV072,2025-12-03::SBA_noNAI::100XIAV072::100XIAV072::225,-0.9133120307455034,1
2025-12-03,SBA_noNAI,100XIAV072,2025-12-03::SBA_noNAI::100XIAV072::100XIAV072::2315,-0.5137509670575018,1
2025-12-03,SBA_noNAI,100XIAV072,2025-12-03::SBA_noNAI::100XIAV072::100XIAV072::2321,-0.817981877426041,1
2025-12-03,SBA_noNAI,100XIAV072,2025-12-03::SBA_noNAI::100XIAV072::100XIAV072::242,0.2454298816718193,3
2025-12-03,SBA_noNAI,100XIAV072,2025-12-03::SBA_noNAI::100XIAV072::100XIAV072::2422,-0.9993708245154258,1
2025-12-03,SBA_noNAI,100XIAV072,2025-12-03::SBA_noNAI::100XIAV072::100XIAV072::2445,0.9947121382373523,1
2025-12-03,SBA_noNAI,100XIAV072,2025-12-03::SBA_noNAI::100XIAV072::100XIAV072::2547,0.975153887695537,1
2025-12-03,SBA_noNAI,100XIAV072,2025-12-03::SBA_noNAI::100XIAV072::100XIAV072::2662,0.16026824992836908,2
2025-12-03,SBA_noNAI,100XIAV072,2025-12-03::SBA_noNAI::100XIAV072::100XIAV072::270,0.1881440160058515,1
2025-12-03,SBA_noNAI,100XIAV072,2025-12-03::SBA_noNAI::100XIAV072::100XIAV072::29,-0.8554237623955823,2
2025-12-03,SBA_noNAI,100XIAV072,2025-12-03::SBA_noNAI::100XIAV072::100XIAV072::3121,0.2852678492694748,4
2025-12-03,SBA_noNAI,100XIAV072,2025-12-03::SBA_noNAI::100XIAV072::100XIAV072::352,-0.023250673005581812,1
2025-12-03,SBA_noNAI,100XIAV072,2025-12-03::SBA_noNAI::100XIAV072::100XIAV072::3530,0.8904405450612259,2
2025-12-03,SBA_noNAI,100XIAV072,2025-12-03::SBA_noNAI::100XIAV072::100XIAV072::3649,-0.9984941415170197,1
2025-12-03,SBA_noNAI,100XIAV072,2025-12-03::SBA_noNAI::100XIAV072::100XIAV072::3684,0.5380590906569404,4
2025-12-03,SBA_noNAI,100XIAV072,2025-12-03::SBA_noNAI::100XIAV072::100XIAV072::376,-0.9660198202622233,1
2025-12-03,SBA_noNAI,100XIAV072,2025-12-03::SBA_noNAI::100XIAV072::100XIAV072::4086,-0.7854520279168835,2
2025-12-03,SBA_noNAI,100XIAV072,2025-12-03::SBA_noNAI::100XIAV072::100XIAV072::4101,0.701594077741035,1
2025-12-03,SBA_noNAI,100XIAV072,2025-12-03::SBA_noNAI::100XIAV072::100XIAV072::412,0.6361463137495559,1
2025-12-03,SBA_noNAI,100XIAV072,2025-12-03::SBA_noNAI::100XIAV072::100XIAV072::4139,-0.9753025488428426,1
2025-12-03,SBA_noNAI,100XIAV072,2025-12-03::SBA_noNAI::100XIAV072::100XIAV072::4158,-0.8992737325156122,1
2025-12-03,SBA_noNAI,100XIAV072,2025-12-03::SBA_noNAI::100XIAV072::100XIAV072::4268,-0.7153862067069782,1
2025-12-03,SBA_noNAI,100XIAV072,2025-12-03::SBA_noNAI::100XIAV072::100XIAV072::429,0.6547772246589834,1
2025-12-03,SBA_noNAI,100XIAV072,2025-12-03::SBA_noNAI::100XIAV072::100XIAV072::4551,0.6855885745140302,2
2025-12-03,SBA_noNAI,100XIAV072,2025-12-03::SBA_noNAI::100XIAV072::100XIAV072::4569,0.5038150291622996,2
2025-12-03,SBA_noNAI,100XIAV072,2025-12-03::SBA_noNAI::100XIAV072::100XIAV072::4577,-0.2866637864943189,1
2025-12-03,SBA_noNAI,100XIAV072,2025-12-03::SBA_noNAI::100XIAV072::100XIAV072::472,-0.2874284424365403,1
2025-12-03,SBA_noNAI,100XIAV072,2025-12-03::SBA_noNAI::100XIAV072::100XIAV072::476,0.7822065482842544,2
2025-12-03,SBA_noNAI,100XIAV072,2025-12-03::SBA_noNAI::100XIAV072::100XIAV072::4784,-0.8725749410857082,1
2025-12-03,SBA_noNAI,100XIAV072,2025-12-03::SBA_noNAI::100XIAV072::100XIAV072::49,0.20326120567450606,1
2025-12-03,SBA_noNAI,100XIAV072,2025-12-03::SBA_noNAI::100XIAV072::100XIAV072::515,-0.06144788279529841,3
2025-12-03,SBA_noNAI,100XIAV072,2025-12-03::SBA_noNAI::100XIAV072::100XIAV072::521,-0.9671244175336726,1
2025-12-03,SBA_noNAI,100XIAV072,2025-12-03::SBA_noNAI::100XIAV072::100XIAV072::524,-0.9627422405761897,1
2025-12-03,SBA_noNAI,100XIAV072,2025-12-03::SBA_noNAI::100XIAV072::100XIAV072::5240,0.9918852906822793,1
2025-12-03,SBA_noNAI,100XIAV072,2025-12-03::SBA_noNAI::100XIAV072::100XIAV072::562,-0.9967523111687177,1
2025-12-03,SBA_noNAI,100XIAV072,2025-12-03::SBA_noNAI::100XIAV072::100XIAV072::564,-0.18453636031024878,1
2025-12-03,SBA_noNAI,100XIAV072,2025-12-03::SBA_noNAI::100XIAV072::100XIAV072::57,-0.37620528921705704,1
2025-12-03,SBA_noNAI,100XIAV072,2025-12-03::SBA_noNAI::100XIAV072::100XIAV072::59,-0.5508136938093037,1
2025-12-03,SBA_noNAI,100XIAV072,2025-12-03::SBA_noNAI::100XIAV072::100XIAV072::595,-0.6068064686605322,1
2025-12-03,SBA_noNAI,100XIAV072,2025-12-03::SBA_noNAI::100XIAV072::100XIAV072::60,-0.9508871406323343,2
2025-12-03,SBA_noNAI,100XIAV072,2025-12-03::SBA_noNAI::100XIAV072::100XIAV072::66,0.8641201069598841,1
2025-12-03,SBA_noNAI,100XIAV072,2025-12-03::SBA_noNAI::100XIAV072::100XIAV072::672,-0.6062356431510378,4
2025-12-03,SBA_noNAI,100XIAV072,2025-12-03::SBA_noNAI::100XIAV072::100XIAV072::704,-0.10254045246657162,2
2025-12-03,SBA_noNAI,100XIAV072,2025-12-03::SBA_noNAI::100XIAV072::100XIAV072::709,-0.8674978480546932,2
2025-12-03,SBA_noNAI,100XIAV072,2025-12-03::SBA_noNAI::100XIAV072::100XIAV072::716,-0.9863227714411276,1
2025-12-03,SBA_noNAI,100XIAV072,2025-12-03::SBA_noNAI::100XIAV072::100XIAV072::72,-0.9997335185896686,1
2025-12-03,SBA_noNAI,100XIAV072,2025-12-03::SBA_noNAI::100XIAV072::100XIAV072::749,-0.9958786398133703,1
2025-12-03,SBA_noNAI,100XIAV072,2025-12-03::SBA_noNAI::100XIAV072::100XIAV072::785,-0.9529141359525137,1
2025-12-03,SBA_noNAI,100XIAV072,2025-12-03::SBA_noNAI::100XIAV072::100XIAV072::795,0.9885035114716328,1
2025-12-03,SBA_noNAI,100XIAV072,2025-12-03::SBA_noNAI::100XIAV072::100XIAV072::876,-0.2147929299466119,1
2025-12-03,SBA_noNAI,100XIAV072,2025-12-03::SBA_noNAI::100XIAV072::100XIAV072::909,0.43825306393486363,1
2025-12-03,SBA_noNAI,100XIAV072,2025-12-03::SBA_noNAI::100XIAV072::100XIAV072::91,-0.9921371270843624,1
2025-12-03,SBA_noNAI,100XIAV072,2025-12-03::SBA_noNAI::100XIAV072::100XIAV072::974,-0.10655924425389232,1
2025-12-03,SBA_noNAI,100XIAV072,2025-12-03::SBA_noNAI::100XIAV072::100XIAV072::976,-0.9955392006293127,1
2025-12-03,SBA_noNAI,100XIAV072,2025-12-03::SBA_noNAI::100XIAV072::100XIAV072::99,-0.2822874379028003,1
2025-12-03,SBA_noNAI,100XIAV072,2025-12-03::SBA_noNAI::100XIAV072::100XIAV072::996,0.9572238175674,1
2025-12-03,SBA_noNAI,100XIAV073,2025-12-03::SBA_noNAI::100XIAV073::100XIAV073::1081,0.9910725714259818,1
2025-12-03,SBA_noNAI,100XIAV073,2025-12-03::SBA_noNAI::100XIAV073::100XIAV073::11,-0.9111344943974633,1
2025-12-03,SBA_noNAI,100XIAV073,2025-12-03::SBA_noNAI::100XIAV073::100XIAV073::1127,-0.4190963981718733,2
2025-12-03,SBA_noNAI,100XIAV073,2025-12-03::SBA_noNAI::100XIAV073::100XIAV073::115,0.9242436172287363,1
2025-12-03,SBA_noNAI,100XIAV073,2025-12-03::SBA_noNAI::100XIAV073::100XIAV073::1174,0.979467974640464,1
2025-12-03,SBA_noNAI,100XIAV073,2025-12-03::SBA_noNAI::100XIAV073::100XIAV073::126,0.9995053185576941,1
2025-12-03,SBA_noNAI,100XIAV073,2025-12-03::SBA_noNAI::100XIAV073::100XIAV073::1288,-0.32135163538059075,1
2025-12-03,SBA_noNAI,100XIAV073,2025-12-03::SBA_noNAI::100XIAV073::100XIAV073::1928,-0.999577705195458,1
2025-12-03,SBA_noNAI,100XIAV073,2025-12-03::SBA_noNAI::100XIAV073::100XIAV073::2,-0.6967557203855845,1
2025-12-03,SBA_noNAI,100XIAV073,2025-12-03::SBA_noNAI::100XIAV073::100XIAV073::2142,0.7333063403599774,2
2025-12-03,SBA_noNAI,100XIAV073,2025-12-03::SBA_noNAI::100XIAV073::100XIAV073::2166,-0.9155536060236902,1
2025-12-03,SBA_noNAI,100XIAV073,2025-12-03::SBA_noNAI::100XIAV073::100XIAV073::2428,0.2512407620233239,2
2025-12-03,SBA_noNAI,100XIAV073,2025-12-03::SBA_noNAI::100XIAV073::100XIAV073::245,0.7778795820478676,3
2025-12-03,SBA_noNAI,100XIAV073,2025-12-03::SBA_noNAI::100XIAV073::100XIAV073::2650,-0.5039324748350895,2
2025-12-03,SBA_noNAI,100XIAV073,2025-12-03::SBA_noNAI::100XIAV073::100XIAV073::2721,-0.5857874482810382,1
2025-12-03,SBA_noNAI,100XIAV073,2025-12-03::SBA_noNAI::100XIAV073::100XIAV073::2922,0.9883425568627252,2
2025-12-03,SBA_noNAI,100XIAV073,2025-12-03::SBA_noNAI::100XIAV073::100XIAV073::3298,0.1911346035087534,1
2025-12-03,SBA_noNAI,100XIAV073,2025-12-03::SBA_noNAI::100XIAV073::100XIAV073::3318,0.5182469702513723,1
2025-12-03,SBA_noNAI,100XIAV073,2025-12-03::SBA_noNAI::100XIAV073::100XIAV073::3435,-0.43257747764090626,2
2025-12-03,SBA_noNAI,100XIAV073,2025-12-03::SBA_noNAI::100XIAV073::100XIAV073::3541,0.9985998430457532,1
2025-12-03,SBA_noNAI,100XIAV073,2025-12-03::SBA_noNAI::100XIAV073::100XIAV073::4051,-0.4957570691482783,1
2025-12-03,SBA_noNAI,100XIAV073,2025-12-03::SBA_noNAI::100XIAV073::100XIAV073::4065,-0.9751429961137914,1
2025-12-03,SBA_noNAI,100XIAV073,2025-12-03::SBA_noNAI::100XIAV073::100XIAV073::419,0.936755173447106,2
2025-12-03,SBA_noNAI,100XIAV073,2025-12-03::SBA_noNAI::100XIAV073::100XIAV073::4254,0.13168595023517676,1
2025-12-03,SBA_noNAI,100XIAV073,2025-12-03::SBA_noNAI::100XIAV073::100XIAV073::4327,0.03788274135710068,1
2025-12-03,SBA_noNAI,100XIAV073,2025-12-03::SBA_noNAI::100XIAV073::100XIAV073::433,0.9885981909210655,1
2025-12-03,SBA_noNAI,100XIAV073,2025-12-03::SBA_noNAI::100XIAV073::100XIAV073::4331,0.9851139120334246,1
2025-12-03,SBA_noNAI,100XIAV073,2025-12-03::SBA_noNAI::100XIAV073::100XIAV073::53,-0.703155497248028,6
2025-12-03,SBA_noNAI,100XIAV073,2025-12-03::SBA_noNAI::100XIAV073::100XIAV073::543,0.5607988745126409,3
2025-12-03,SBA_noNAI,100XIAV073,2025-12-03::SBA_noNAI::100XIAV073::100XIAV073::6096,-0.8382271035902222,1
2025-12-03,SBA_noNAI,100XIAV073,2025-12-03::SBA_noNAI::100XIAV073::100XIAV073::70,0.914970462812977,1
2025-12-03,SBA_noNAI,100XIAV073,2025-12-03::SBA_noNAI::100XIAV073::100XIAV073::723,0.7045257529937705,1
2025-12-03,SBA_noNAI,100XIAV073,2025-12-03::SBA_noNAI::100XIAV073::100XIAV073::748,0.960429968964098,2
2025-12-03,SBA_noNAI,100XIAV073,2025-12-03::SBA_noNAI::100XIAV073::100XIAV073::8367,-0.9970505940594845,1
2025-12-03,SBA_noNAI,100XIAV073,2025-12-03::SBA_noNAI::100XIAV073::100XIAV073::8443,-0.1834646536650879,6
