date,condition,selection_label,min_bbox_span_um,movie,particle,track_uid,contiguous_points,duration_s,bbox_x_span_um,bbox_y_span_um,bbox_max_span_um,bbox_diag_um,stuck_by_bbox_0p20,body_scale_mobile_bbox_0p50,fit_lag_min_s,fit_lag_max_s,fit_points,msd_slope_um2_s,intercept_um2,d_eff_um2_s,d_eff_um2_s_clipped,log10_d_eff_clipped_floor,fit_r2,passes_fit_qc,passes_diffusion_qc,fast_tail_d_eff_gt_1e_minus_3,fast_tail_d_eff_gt_1e_minus_2,plot_condition,plot_color,log10_d_eff_um2_s
2025-11-17,noSBA_noNAI,bboxspan_0p50,0.5,100XIAV001,12,2025-11-17::noSBA_noNAI::100XIAV001::12,62,121.88951977539062,3.2717834605591065,3.011089438814551,3.2717834605591065,4.446484748801985,False,True,1.999710937499998,19.9981689453125,10,0.1174104592495306,-0.0344742685984319,0.0293526148123826,0.0293526148123826,-1.5323532045354005,0.9995370636935368,True,True,True,True,- NAI,#191C23,-1.5323532045354011
2025-11-17,noSBA_noNAI,bboxspan_0p50,0.5,100XIAV001,75,2025-11-17::noSBA_noNAI::100XIAV001::75,62,121.88951977539062,0.6478892979678221,0.6407082841092677,0.6478892979678221,0.911190236859175,False,True,1.999710937499998,19.9981689453125,10,0.0017837884809002,0.0432401216099572,0.000445947120225,0.000445947120225,-3.3507166362564766,0.7435834775559771,True,True,False,False,- NAI,#191C23,-3.3507166362565464
2025-11-17,noSBA_noNAI,bboxspan_0p50,0.5,100XIAV002,7,2025-11-17::noSBA_noNAI::100XIAV002::7,62,121.91913208007811,5.22300543314492,2.8676524107893613,5.22300543314492,5.95845752722694,False,True,1.999450195312498,20.004733032226564,10,0.1575726465729011,-0.1726160859984297,0.0393931616432252,0.0393931616432252,-1.40457916188941,0.9977749574074531,True,True,True,True,- NAI,#191C23,-1.4045791618894108
2025-11-17,noSBA_noNAI,bboxspan_0p50,0.5,100XIAV002,104,2025-11-17::noSBA_noNAI::100XIAV002::104,38,74.11581298828125,3.649831304049478,6.252198491182668,6.252198491182668,7.23956176306041,False,True,1.999450195312498,18.006308105468747,9,0.5051182815949998,-1.046436836409929,0.1262795703987499,0.1262795703987499,-0.8986669042407774,0.979545502850947,True,True,True,True,- NAI,#191C23,-0.8986669042407777
2025-11-17,noSBA_noNAI,bboxspan_0p50,0.5,100XIAV003,33,2025-11-17::noSBA_noNAI::100XIAV003::33,48,93.95290698242188,0.3884980179081836,0.6546727659460174,0.6546727659460174,0.7612667997423743,False,True,1.998983154296873,20.005739501953123,10,0.0015882405608694,0.0183748491000633,0.0003970601402173,0.0003970601402173,-3.4011437083844007,0.9310441543215184,True,True,False,False,- NAI,#191C23,-3.4011437083844767
2025-11-17,noSBA_noNAI,bboxspan_0p50,0.5,100XIAV003,64,2025-11-17::noSBA_noNAI::100XIAV003::64,48,93.95290698242188,3.107777414842815,4.299768169300876,4.299768169300876,5.305307415215455,False,True,1.998983154296873,20.005739501953123,10,0.1193684235765099,0.2442147326555038,0.0298421058941274,0.0298421058941274,-1.5251705328773728,0.9787409579461458,True,True,True,True,- NAI,#191C23,-1.5251705328773741
2025-11-17,noSBA_noNAI,bboxspan_0p50,0.5,100XIAV003,67,2025-11-17::noSBA_noNAI::100XIAV003::67,37,71.95687377929687,5.976553425824179,2.6130534928758493,5.976553425824179,6.522824496210319,False,True,1.9992908935546856,18.001218139648437,9,0.2107994256596003,-0.0319505172421066,0.0526998564149,0.0526998564149,-1.278190568056932,0.9922373762073952,True,True,True,True,- NAI,#191C23,-1.2781905680569328
2025-11-17,noSBA_noNAI,bboxspan_0p50,0.5,100XIAV003,70,2025-11-17::noSBA_noNAI::100XIAV003::70,46,90.0417431640625,3.7678249628476976,4.0202902386367185,4.0202902386367185,5.509921828259992,False,True,1.998983154296873,20.006205566406248,10,0.1674956051851658,0.00017742922936,0.0418739012962914,0.0418739012962914,-1.3780565749931348,0.9969472581557868,True,True,True,True,- NAI,#191C23,-1.3780565749931355
2025-11-17,noSBA_noNAI,bboxspan_0p50,0.5,100XIAV003,71,2025-11-17::noSBA_noNAI::100XIAV003::71,37,71.95687377929687,1.95449448409596,3.6297850768326185,3.6297850768326185,4.122546348115241,False,True,1.9992908935546856,18.001218139648437,9,0.118946075303196,-0.0715524305579714,0.029736518825799,0.029736518825799,-1.526709874524117,0.996158068686853,True,True,True,True,- NAI,#191C23,-1.5267098745241172
2025-11-17,noSBA_noNAI,bboxspan_0p50,0.5,100XIAV004,179,2025-11-17::noSBA_noNAI::100XIAV004::179,33,63.89776489257812,1.1748037078425249,1.3177300811877617,1.3177300811877617,1.7653827683614818,False,True,1.9946386718749984,15.995688964843753,8,0.0206997906632205,0.0288042588931818,0.0051749476658051,0.0051749476658051,-2.2860940378646624,0.9885733205473276,True,True,True,False,- NAI,#191C23,-2.286094037864665
2025-11-17,noSBA_noNAI,bboxspan_0p50,0.5,100XIAV005,36,2025-11-17::noSBA_noNAI::100XIAV005::36,148,293.8928449707031,3.274490761999445,3.354540172142009,3.354540172142009,4.687774473770496,False,True,1.9997290039062536,19.998513916015625,10,0.0463752021480048,-0.017445584323164,0.0115938005370012,0.0115938005370012,-1.9357741756251468,0.999262023315496,True,True,True,True,- NAI,#191C23,-1.9357741756251474
2025-11-17,noSBA_noNAI,bboxspan_0p50,0.5,100XIAV005,1073,2025-11-17::noSBA_noNAI::100XIAV005::1073,112,222.07080712890624,6.255497074696152,4.92738693875917,6.255497074696152,7.963063838484945,False,True,1.9997480468749984,19.998513916015625,10,0.190147957517546,0.0112895451068286,0.0475369893793865,0.0475369893793865,-1.3229683265481402,0.9988600517275972,True,True,True,True,- NAI,#191C23,-1.3229683265481402
2025-11-17,noSBA_noNAI,bboxspan_0p50,0.5,100XIAV005,2055,2025-11-17::noSBA_noNAI::100XIAV005::2055,73,144.00674194335934,4.4130346120855535,5.460823026332683,5.460823026332683,7.021072753674494,False,True,1.999813476562494,19.997460205078113,10,0.1117386529784588,0.0509455685736721,0.0279346632446147,0.0279346632446147,-1.553856559739189,0.997007511555842,True,True,True,True,- NAI,#191C23,-1.553856559739189
2025-11-17,noSBA_noNAI,bboxspan_0p50,0.5,100XIAV031,38,2025-11-17::noSBA_noNAI::100XIAV031::38,32,62.00616992187499,0.7665438119730936,1.036432027227974,1.036432027227974,1.2891007574034428,False,True,1.9997480468749984,15.996389038085937,8,0.0123396849023203,0.0220229861897202,0.00308492122558,0.00308492122558,-2.510755921333391,0.9669017574295218,True,True,True,False,- NAI,#191C23,-2.5107559213334025
2025-11-17,noSBA_noNAI,bboxspan_0p50,0.5,100XIAV031,40,2025-11-17::noSBA_noNAI::100XIAV031::40,32,62.00616992187499,0.4990609564597079,0.6470514081232359,0.6470514081232359,0.8171519828139322,False,True,1.9997480468749984,15.996389038085937,8,0.0040364671060372,0.0217575179324885,0.0010091167765093,0.0010091167765093,-2.99605857364508,0.9199462201407388,True,True,True,False,- NAI,#191C23,-2.9960585736450907
2025-11-17,noSBA_noNAI,bboxspan_0p50,0.5,100XIAV031,229,2025-11-17::noSBA_noNAI::100XIAV031::229,32,62.00616992187499,2.0661340364333896,1.8102221937367773,2.0661340364333896,2.746964551501479,False,True,1.9997480468749984,15.996389038085937,8,0.0374420192754061,0.1644387405557355,0.0093605048188515,0.0093605048188515,-2.0287007288121517,0.8882937616579524,True,True,True,False,- NAI,#191C23,-2.028700728812154
2025-11-17,noSBA_noNAI,bboxspan_0p50,0.5,100XIAV032,62,2025-11-17::noSBA_noNAI::100XIAV032::62,40,77.88177197265624,0.7733626868322574,1.4226058160436563,1.4226058160436563,1.619227332163599,False,True,1.999262939453132,19.99696606445313,10,0.015050289886885,-0.0111032854426243,0.0037625724717212,0.0037625724717212,-2.424515126277696,0.965199449481215,True,True,True,False,- NAI,#191C23,-2.424515126277703
2025-11-17,noSBA_noNAI,bboxspan_0p50,0.5,100XIAV032,64,2025-11-17::noSBA_noNAI::100XIAV032::64,42,81.88093188476562,1.0682804140817552,1.562861156264617,1.562861156264617,1.8930816244608848,False,True,1.9993369140625,19.996732543945313,10,0.0325232620073578,-0.0230434485041502,0.0081308155018394,0.0081308155018394,-2.0898658934973033,0.997787811819883,True,True,True,False,- NAI,#191C23,-2.089865893497306
2025-11-17,noSBA_noNAI,bboxspan_0p50,0.5,100XIAV032,81,2025-11-17::noSBA_noNAI::100XIAV032::81,61,119.882630859375,2.6271732505283723,2.7349052663063844,2.7349052663063844,3.79232726751822,False,True,1.9995799560546883,19.99718017578125,10,0.0714963907459353,0.1964930779403632,0.0178740976864838,0.0178740976864838,-1.747775872865173,0.9800870243211744,True,True,True,True,- NAI,#191C23,-1.7477758728651742
2025-11-17,noSBA_noNAI,bboxspan_0p50,0.5,100XIAV032,97,2025-11-17::noSBA_noNAI::100XIAV032::97,59,116.00501318359376,2.62215420393958,3.510814818887539,3.510814818887539,4.381953144632922,False,True,1.9995799560546883,20.004695068359375,10,0.1205434301817952,0.2493137366184496,0.0301358575454488,0.0301358575454488,-1.520916445743856,0.9670660347069858,True,True,True,True,- NAI,#191C23,-1.5209164457438562
2025-11-17,noSBA_noNAI,bboxspan_0p50,0.5,100XIAV032,98,2025-11-17::noSBA_noNAI::100XIAV032::98,69,135.88835302734375,0.6536642141639675,0.9018648142695014,0.9018648142695014,1.1138388788760964,False,True,1.9995799560546883,19.99718017578125,10,0.0020609206869813,0.0083328980480714,0.0005152301717453,0.0005152301717453,-3.2879987127312487,0.9919711971300402,True,True,False,False,- NAI,#191C23,-3.2879987127312815
2025-11-17,noSBA_noNAI,bboxspan_0p50,0.5,100XIAV032,134,2025-11-17::noSBA_noNAI::100XIAV032::134,69,135.88835302734375,1.0585838689845488,1.5631532883243795,1.5631532883243795,1.8878686422719184,False,True,1.9995799560546883,19.99718017578125,10,0.0132257932178642,-0.0013686866226329,0.003306448304466,0.003306448304466,-2.4806382629979944,0.9683338698697314,True,True,True,False,- NAI,#191C23,-2.480638262998004
2025-11-17,noSBA_noNAI,bboxspan_0p50,0.5,100XIAV032,153,2025-11-17::noSBA_noNAI::100XIAV032::153,69,135.88835302734375,0.511920811283872,0.2519818864269663,0.511920811283872,0.5705767153615982,False,True,1.9995799560546883,19.99718017578125,10,8.413436017022091e-05,0.006821790712586,2.1033590042555227e-05,2.1033590042555227e-05,-4.677086594997643,0.4017262596798349,True,True,False,False,- NAI,#191C23,-4.677086594997643
2025-11-17,noSBA_noNAI,bboxspan_0p50,0.5,100XIAV032,178,2025-11-17::noSBA_noNAI::100XIAV032::178,60,117.97292993164062,0.1431637046467386,0.6561667810450373,0.6561667810450373,0.6716030753913986,False,True,1.9996179199218889,19.997320190429686,10,0.0002029084544365,0.0166176766456334,5.0727113609137726e-05,5.0727113609137726e-05,-4.294759848490539,0.5179457856366354,True,True,False,False,- NAI,#191C23,-4.294759848490539
2025-11-17,noSBA_noNAI,bboxspan_0p50,0.5,100XIAV032,196,2025-11-17::noSBA_noNAI::100XIAV032::196,37,71.99428002929687,1.319109663652469,1.972665252050362,1.972665252050362,2.373069426162717,False,True,1.9996269531250024,17.99694750976562,9,0.0251990478598752,0.0011330009485801,0.0062997619649688,0.0062997619649688,-2.2006758599517457,0.9856311047941868,True,True,True,False,- NAI,#191C23,-2.2006758599517466
2025-11-17,noSBA_noNAI,bboxspan_0p50,0.5,100XIAV032,391,2025-11-17::noSBA_noNAI::100XIAV032::391,67,132.01019311523436,0.792215570725034,0.6452380650054721,0.792215570725034,1.0217326808080465,False,True,1.9995799560546883,19.99718017578125,10,0.0003739902631311,0.0306339244011504,9.349756578278908e-05,9.349756578278908e-05,-4.029199695874691,0.7179016245564611,True,True,False,False,- NAI,#191C23,-4.029199695874691
2025-11-17,noSBA_noNAI,bboxspan_0p50,0.5,100XIAV032,401,2025-11-17::noSBA_noNAI::100XIAV032::401,65,128.00116918945312,1.157989857997627,0.7722313786359223,1.157989857997627,1.3918627135516284,False,True,1.9995139160156157,19.996976074218747,10,0.0069306637270505,0.0184756534930483,0.0017326659317626,0.0017326659317626,-2.7612851637590725,0.9936126911302932,True,True,True,False,- NAI,#191C23,-2.761285163759083
2025-11-17,noSBA_noNAI,bboxspan_0p50,0.5,100XIAV032,605,2025-11-17::noSBA_noNAI::100XIAV032::605,65,128.00116918945312,3.634173103652603,3.6406995846048993,3.6406995846048993,5.1441138802182715,False,True,1.9995139160156157,19.996976074218747,10,0.1932796861664886,0.0169152512839644,0.0483199215416221,0.0483199215416221,-1.3158737795621775,0.9874494839307804,True,True,True,True,- NAI,#191C23,-1.315873779562178
2025-11-17,noSBA_noNAI,bboxspan_0p50,0.5,100XIAV032,660,2025-11-17::noSBA_noNAI::100XIAV032::660,64,126.00248413085936,3.776791153148139,1.971093514440078,3.776791153148139,4.260206691836182,False,True,1.9995419921874884,19.99707812499999,10,0.0629947950836997,0.2934494586502099,0.0157486987709249,0.0157486987709249,-1.8027553237761331,0.9787097961256588,True,True,True,True,- NAI,#191C23,-1.8027553237761342
2025-11-17,noSBA_noNAI,bboxspan_0p50,0.5,100XIAV032,790,2025-11-17::noSBA_noNAI::100XIAV032::790,34,65.99593115234374,0.5068800136976961,0.5360392592380521,0.5360392592380521,0.7377434755595309,False,True,1.9992629394531176,15.997200073242189,8,0.0034241099508254,0.0120783611923192,0.0008560274877063,0.0008560274877063,-3.0675122895663876,0.9707158190551196,True,True,False,False,- NAI,#191C23,-3.0675122895664226
2025-11-17,noSBA_noNAI,bboxspan_0p50,0.5,100XIAV032,1724,2025-11-17::noSBA_noNAI::100XIAV032::1724,54,106.00597509765625,1.0569802629804317,0.7634283843157519,1.0569802629804317,1.3038520523085206,False,True,1.9995419921874884,20.004918945312493,10,0.0010637461156367,0.0285748413709578,0.0002659365289091,0.0002659365289091,-3.575222004097215,0.5879051847517114,True,True,False,False,- NAI,#191C23,-3.5752220040973697
2025-11-17,noSBA_noNAI,bboxspan_0p50,0.5,100XIAV032,2801,2025-11-17::noSBA_noNAI::100XIAV032::2801,44,86.0003291015625,2.478877459037747,0.66097943664266,2.478877459037747,2.565487726064946,False,True,1.9996179199218889,19.997068115234377,10,0.0323697451655713,0.0302997885438522,0.0080924362913928,0.0080924362913928,-2.091920710943672,0.9246917861309524,True,True,True,False,- NAI,#191C23,-2.0919207109436737
2025-11-17,noSBA_noNAI,bboxspan_0p50,0.5,100XIAV033,5,2025-11-17::noSBA_noNAI::100XIAV033::5,37,71.9824951171875,2.5977367950042023,2.2197427152727016,2.5977367950042023,3.416942226337011,False,True,2.0005405273437495,18.01111950683594,9,0.0706054416635218,0.1581624992682177,0.0176513604158804,0.0176513604158804,-1.7532218172822962,0.9639171087761622,True,True,True,True,- NAI,#191C23,-1.7532218172822975
2025-11-17,noSBA_noNAI,bboxspan_0p50,0.5,100XIAV033,8,2025-11-17::noSBA_noNAI::100XIAV033::8,50,97.86409106445312,4.5493811945479194,4.287631860647323,4.5493811945479194,6.251452329318707,False,True,1.9999899902343756,19.99546496582031,10,0.1033798874905145,-0.0023251914226588,0.0258449718726286,0.0258449718726286,-1.5876239361435651,0.9788863485895888,True,True,True,True,- NAI,#191C23,-1.5876239361435658
2025-11-17,noSBA_noNAI,bboxspan_0p50,0.5,100XIAV033,20,2025-11-17::noSBA_noNAI::100XIAV033::20,65,127.86911010742188,0.8844774213544824,1.0362017986287384,1.0362017986287384,1.3623562222734946,False,True,1.9996639404296932,19.995427001953132,10,0.0055970051980069,0.0293466656586844,0.0013992512995017,0.0013992512995017,-2.854104281086463,0.9518381976655664,True,True,True,False,- NAI,#191C23,-2.854104281086478
2025-11-17,noSBA_noNAI,bboxspan_0p50,0.5,100XIAV034,3,2025-11-17::noSBA_noNAI::100XIAV034::3,53,103.92669702148436,0.5166385303733989,0.5382652542156592,0.5382652542156592,0.7460863589171387,False,True,1.9992438964843728,20.00391210937501,10,0.0024303622227599,0.005512399893751,0.0006075905556899,0.0006075905556899,-3.2163889853747483,0.9902576413416376,True,True,False,False,- NAI,#191C23,-3.2163889853748193
2025-11-17,noSBA_noNAI,bboxspan_0p50,0.5,100XIAV034,4,2025-11-17::noSBA_noNAI::100XIAV034::4,122,241.96729394531252,0.938365783114346,0.7760535344241362,0.938365783114346,1.2176984155413826,False,True,1.999448974609379,20.00495642089844,10,0.0036194657755222,0.0151420369561277,0.0009048664438805,0.0009048664438805,-3.043415516889844,0.982207152567622,True,True,False,False,- NAI,#191C23,-3.04341551688987
2025-11-17,noSBA_noNAI,bboxspan_0p50,0.5,100XIAV034,27,2025-11-17::noSBA_noNAI::100XIAV034::27,122,241.96729394531252,1.4406686733260798,1.1680572120083923,1.4406686733260798,1.8546923941257605,False,True,1.999448974609379,20.00495642089844,10,0.0036391892725995,0.0241890978371642,0.0009097973181498,0.0009097973181498,-3.0410553476933777,0.9278073422822178,True,True,False,False,- NAI,#191C23,-3.0410553476934234
2025-11-17,noSBA_noNAI,bboxspan_0p50,0.5,100XIAV034,33,2025-11-17::noSBA_noNAI::100XIAV034::33,76,149.8962470703125,1.8040761596378552,1.1911836633387942,1.8040761596378552,2.161853211848321,False,True,1.999150878906249,20.00495642089844,10,0.0238291922131722,-0.0381580252632199,0.005957298053293,0.005957298053293,-2.2249506708995916,0.9964336140236753,True,True,True,False,- NAI,#191C23,-2.2249506708995956
2025-11-17,noSBA_noNAI,bboxspan_0p50,0.5,100XIAV034,40,2025-11-17::noSBA_noNAI::100XIAV034::40,68,133.90171411132815,1.009157478828584,0.2747203405159766,1.009157478828584,1.045882442040633,False,True,1.999150878906249,20.005096069335934,10,0.0044684682979396,0.0104976569956496,0.0011171170744849,0.0011171170744849,-2.951901310198272,0.936679764920884,True,True,True,False,- NAI,#191C23,-2.951901310198277
2025-11-17,noSBA_noNAI,bboxspan_0p50,0.5,100XIAV034,165,2025-11-17::noSBA_noNAI::100XIAV034::165,102,202.0662060546875,3.233753873003675,2.849283195078627,3.233753873003675,4.309939539822309,False,True,1.9998229980468525,20.00648547363282,10,0.0614807380201257,0.0432326761126968,0.0153701845050314,0.0153701845050314,-1.813320919160236,0.999414204229692,True,True,True,True,- NAI,#191C23,-1.8133209191602369
2025-11-17,noSBA_noNAI,bboxspan_0p50,0.5,100XIAV034,177,2025-11-17::noSBA_noNAI::100XIAV034::177,34,66.09726000976562,4.973830988601463,2.496300567892689,4.973830988601463,5.565115562900161,False,True,1.999448974609379,16.006523437500004,8,0.15999255136299,-0.0239958989392097,0.0399981378407475,0.0399981378407475,-1.397960227279864,0.9958300833112936,True,True,True,True,- NAI,#191C23,-1.3979602272798641
2025-11-17,noSBA_noNAI,bboxspan_0p50,0.5,100XIAV034,1031,2025-11-17::noSBA_noNAI::100XIAV034::1031,36,69.97124194335936,3.7540620009246695,2.223361983879805,3.7540620009246695,4.363063146248112,False,True,1.9998229980468525,17.99765576171876,9,0.1122675409744318,0.0166155733777624,0.0280668852436079,0.0280668852436079,-1.551805781044603,0.99793075712335,True,True,True,True,- NAI,#191C23,-1.5518057810446038
2025-11-17,noSBA_NAI,bboxspan_0p50,0.5,100XIAV020,5,2025-11-17::noSBA_NAI::100XIAV020::5,37,72.00578515625,1.9524696839330888,0.6614392299457421,1.9524696839330888,2.061465430607312,False,True,2.0002885742187466,18.01509155273437,9,0.0203142350244109,-0.0001876338886562,0.0050785587561027,0.0050785587561027,-2.294259518637096,0.9855277520739631,True,True,True,False,+ NAI,#BE5AA7,-2.2942595186371006
2025-11-17,noSBA_NAI,bboxspan_0p50,0.5,100XIAV020,24,2025-11-17::noSBA_NAI::100XIAV020::24,49,95.90551513671876,0.5184608619985553,0.3971582144660459,0.5184608619985553,0.6530974756819558,False,True,1.9999436035156264,20.005124023437503,10,0.0002421951202063,0.0158825319428606,6.054878005159245e-05,6.054878005159245e-05,-4.217894602681111,0.7646827682171742,True,True,False,False,+ NAI,#BE5AA7,-4.217894602681111
2025-11-17,noSBA_NAI,bboxspan_0p50,0.5,100XIAV020,34,2025-11-17::noSBA_NAI::100XIAV020::34,35,67.92849414062499,2.346360325534853,1.9826415446471373,2.346360325534853,3.071851928691357,False,True,1.9999436035156264,16.007456054687502,8,0.067813243799763,-0.0305585852347034,0.0169533109499407,0.0169533109499407,-1.7707454722769618,0.99447045341278,True,True,True,True,+ NAI,#BE5AA7,-1.7707454722769636
2025-11-17,noSBA_NAI,bboxspan_0p50,0.5,100XIAV020,116,2025-11-17::noSBA_NAI::100XIAV020::116,37,71.90773901367187,1.047591662749454,0.653135533630973,1.047591662749454,1.2345178480498291,False,True,1.9998129882812512,18.00561901855469,9,0.0017375063926089,0.0474431717568147,0.0004343765981522,0.0004343765981522,-3.3621335802127614,0.4264785484257704,True,True,False,False,+ NAI,#BE5AA7,-3.3621335802127925
2025-11-17,noSBA_NAI,bboxspan_0p50,0.5,100XIAV020,127,2025-11-17::noSBA_NAI::100XIAV020::127,47,91.96347119140624,0.6502827443528858,0.5231425188523389,0.6502827443528858,0.8345931599493794,False,True,1.9999436035156264,20.00519897460937,10,0.0003541082205984,0.0279832388749274,8.852705514961734e-05,8.852705514961734e-05,-4.0529239823357015,0.4937993170997767,True,True,False,False,+ NAI,#BE5AA7,-4.0529239823357015
2025-11-17,noSBA_NAI,bboxspan_0p50,0.5,100XIAV020,129,2025-11-17::noSBA_NAI::100XIAV020::129,49,95.90551513671876,0.3895044284383999,0.5085385715092912,0.5085385715092912,0.6405662951528398,False,True,1.9999436035156264,20.005124023437503,10,0.0015555714315531,0.0155979288851968,0.0003888928578882,0.0003888928578882,-3.4101700327028532,0.9269404859678726,True,True,False,False,+ NAI,#BE5AA7,-3.4101700327029545
2025-11-17,noSBA_NAI,bboxspan_0p50,0.5,100XIAV020,137,2025-11-17::noSBA_NAI::100XIAV020::137,30,57.9722880859375,0.2654791989767773,0.6533649241513686,0.6533649241513686,0.705241043332473,False,True,1.999953125,14.0067939453125,7,0.0002957339797171,0.0205554448313349,7.393349492927931e-05,7.393349492927931e-05,-4.1311587636709355,0.4015345320007215,True,True,False,False,+ NAI,#BE5AA7,-4.1311587636709355
2025-11-17,noSBA_NAI,bboxspan_0p50,0.5,100XIAV020,146,2025-11-17::noSBA_NAI::100XIAV020::146,31,59.98160205078125,1.2739941558147478,1.1807632838839908,1.2739941558147478,1.7370270699153303,False,True,2.0000465087890618,14.00705505371094,7,0.0175718615289633,0.0666689422968025,0.0043929653822408,0.0043929653822408,-2.3572422190795512,0.9691037948182664,True,True,True,False,+ NAI,#BE5AA7,-2.357242219079554
2025-11-17,noSBA_NAI,bboxspan_0p50,0.5,100XIAV020,220,2025-11-17::noSBA_NAI::100XIAV020::220,37,71.90773901367187,0.2806725420549867,1.1791874271452372,1.1791874271452372,1.212130382508834,False,True,1.9998129882812512,18.00561901855469,9,0.0057375937446891,0.0425228616410082,0.0014343984361722,0.0014343984361722,-2.8433301969275524,0.752346380812586,True,True,True,False,+ NAI,#BE5AA7,-2.8433301969275764
2025-11-17,noSBA_NAI,bboxspan_0p50,0.5,100XIAV020,222,2025-11-17::noSBA_NAI::100XIAV020::222,31,59.98160205078125,0.7688414559442052,0.646806986007654,0.7688414559442052,1.0047270582236305,False,True,2.0000465087890618,14.00705505371094,7,0.0023458611976485,0.0458172972876773,0.0005864652994121,0.0005864652994121,-3.2317576795751695,0.3615946230084232,True,True,False,False,+ NAI,#BE5AA7,-3.23175767957519
2025-11-17,noSBA_NAI,bboxspan_0p50,0.5,100XIAV020,258,2025-11-17::noSBA_NAI::100XIAV020::258,31,60.000230957031256,0.5005309709910648,0.5299691456912399,0.5299691456912399,0.72897088303029,False,True,2.0002885742187466,14.012453491210938,7,0.0029222607744247,0.0346867430554293,0.0007305651936061,0.0007305651936061,-3.136341022768572,0.9757280882486368,True,True,False,False,+ NAI,#BE5AA7,-3.13634102276863
2025-11-17,noSBA_NAI,bboxspan_0p50,0.5,100XIAV020,339,2025-11-17::noSBA_NAI::100XIAV020::339,49,95.90551513671876,1.049261317232407,1.6765420831059856,1.6765420831059856,1.9778125968517957,False,True,1.9999436035156264,20.005124023437503,10,0.0150869359414835,0.0047699722750689,0.0037717339853708,0.0037717339853708,-2.4234589449801662,0.9913906978867276,True,True,True,False,+ NAI,#BE5AA7,-2.4234589449801764
2025-11-17,noSBA_NAI,bboxspan_0p50,0.5,100XIAV020,470,2025-11-17::noSBA_NAI::100XIAV020::470,32,61.99897216796875,0.5480538314595762,0.5386482754927187,0.5480538314595762,0.768443209917819,False,True,1.9999340820312528,16.016648437500006,8,0.0012702073346355,0.0245817662850756,0.0003175518336588,0.0003175518336588,-3.4981853751445833,0.5455429031059704,True,True,False,False,+ NAI,#BE5AA7,-3.498185375144717
2025-11-17,noSBA_NAI,bboxspan_0p50,0.5,100XIAV020,497,2025-11-17::noSBA_NAI::100XIAV020::497,36,70.0052919921875,0.8825535704185512,0.2611675361565773,0.8825535704185512,0.9203854011231544,False,True,1.9996359863281228,18.01503491210937,9,0.0006705015553151,0.0385740151289208,0.0001676253888287,0.0001676253888287,-3.775660201736905,0.8626990324223626,True,True,False,False,+ NAI,#BE5AA7,-3.7756602017371352
2025-11-17,noSBA_NAI,bboxspan_0p50,0.5,100XIAV020,516,2025-11-17::noSBA_NAI::100XIAV020::516,41,79.9353720703125,0.5240994335587317,1.0442171970113563,1.0442171970113563,1.1683620033152555,False,True,1.9998129882812512,20.005106201171877,10,0.00200308129117,0.0345388037426384,0.0005007703227925,0.0005007703227925,-3.3003614166773203,0.8453364878693554,True,True,False,False,+ NAI,#BE5AA7,-3.3003614166773367
2025-11-17,noSBA_NAI,bboxspan_0p50,0.5,100XIAV020,533,2025-11-17::noSBA_NAI::100XIAV020::533,32,61.94047607421875,1.1703638030559915,1.6611803036946853,1.6611803036946853,2.0320608831643923,False,True,1.999953125,16.007586547851563,8,0.0224233173323479,0.1399667218570164,0.0056058293330869,0.0056058293330869,-2.2513601282715623,0.7827992426534733,True,True,True,False,+ NAI,#BE5AA7,-2.2513601282715694
2025-11-17,noSBA_NAI,bboxspan_0p50,0.5,100XIAV020,537,2025-11-17::noSBA_NAI::100XIAV020::537,49,95.90551513671876,0.2607700540614388,0.5067220770079182,0.5067220770079182,0.5698844483072198,False,True,1.9999436035156264,20.005124023437503,10,0.0004363511818225,0.0207441463782375,0.0001090877954556,0.0001090877954556,-3.962223834771498,0.6000600009976136,True,True,False,False,+ NAI,#BE5AA7,-3.962223834771637
2025-11-17,noSBA_NAI,bboxspan_0p50,0.5,100XIAV020,598,2025-11-17::noSBA_NAI::100XIAV020::598,49,95.90551513671876,0.4088996825504267,0.5115420884933641,0.5115420884933641,0.6548849201882668,False,True,1.9999436035156264,20.005124023437503,10,0.0002873565578164,0.0260070956909316,7.183913945411869e-05,7.183913945411869e-05,-4.143638878631482,0.3735110983815204,True,True,False,False,+ NAI,#BE5AA7,-4.143638878631482
2025-11-17,noSBA_NAI,bboxspan_0p50,0.5,100XIAV020,599,2025-11-17::noSBA_NAI::100XIAV020::599,49,95.90551513671876,1.0264617871420256,0.6693289549353452,1.0264617871420256,1.225408115844531,False,True,1.9999436035156264,20.005124023437503,10,0.0057939962805352,0.0206568500900395,0.0014484990701338,0.0014484990701338,-2.8390817792561354,0.9858037530312558,True,True,True,False,+ NAI,#BE5AA7,-2.839081779256139
2025-11-17,noSBA_NAI,bboxspan_0p50,0.5,100XIAV020,657,2025-11-17::noSBA_NAI::100XIAV020::657,49,95.90551513671876,0.360747544524358,0.5222873729443762,0.5222873729443762,0.6347620741801542,False,True,1.9999436035156264,20.005124023437503,10,0.0020404476417222,0.0013925671901305,0.0005101119104305,0.0005101119104305,-3.2923345361553773,0.9970515145946308,True,True,False,False,+ NAI,#BE5AA7,-3.292334536155432
2025-11-17,noSBA_NAI,bboxspan_0p50,0.5,100XIAV020,665,2025-11-17::noSBA_NAI::100XIAV020::665,49,95.90551513671876,0.6515772841113439,0.1362308398047149,0.6515772841113439,0.6656664321443683,False,True,1.9999436035156264,20.005124023437503,10,0.0003220175710771,0.0222516586285242,8.050439276929182e-05,8.050439276929182e-05,-4.0941804214530775,0.6235799733054888,True,True,False,False,+ NAI,#BE5AA7,-4.0941804214530775
2025-11-17,noSBA_NAI,bboxspan_0p50,0.5,100XIAV020,706,2025-11-17::noSBA_NAI::100XIAV020::706,49,95.90551513671876,0.6707908209805993,0.5043901053103284,0.6707908209805993,0.8392673613615571,False,True,1.9999436035156264,20.005124023437503,10,0.0005556160181041,0.0322869682626909,0.000138904004526,0.000138904004526,-3.857285233610877,0.4101237974458149,True,True,False,False,+ NAI,#BE5AA7,-3.8572852336110173
2025-11-17,noSBA_NAI,bboxspan_0p50,0.5,100XIAV020,779,2025-11-17::noSBA_NAI::100XIAV020::779,38,73.90838208007811,0.2756712631699471,0.6595326703949311,0.6595326703949311,0.7148272439240009,False,True,1.9999340820312528,18.005489013671873,9,0.0002624223297743,0.0293646929093704,6.560558244359153e-05,6.560558244359153e-05,-4.183059204507021,0.4872056145844518,True,True,False,False,+ NAI,#BE5AA7,-4.183059204507021
2025-11-17,noSBA_NAI,bboxspan_0p50,0.5,100XIAV020,802,2025-11-17::noSBA_NAI::100XIAV020::802,49,95.90551513671876,0.778815551337118,0.2773537350587318,0.778815551337118,0.8267277407681252,False,True,1.9999436035156264,20.005124023437503,10,0.0004897569273622,0.0262909644496426,0.0001224392318405,0.0001224392318405,-3.912079403743574,0.6317446220200942,True,True,False,False,+ NAI,#BE5AA7,-3.912079403743754
2025-11-17,noSBA_NAI,bboxspan_0p50,0.5,100XIAV020,878,2025-11-17::noSBA_NAI::100XIAV020::878,49,95.90551513671876,0.6482367716378548,0.6604645389199533,0.6604645389199533,0.9254319636117042,False,True,1.9999436035156264,20.005124023437503,10,0.0044314196110501,0.0246186856737446,0.0011078549027625,0.0011078549027625,-2.9555171160118863,0.984397938192498,True,True,True,False,+ NAI,#BE5AA7,-2.955517116011903
2025-11-17,noSBA_NAI,bboxspan_0p50,0.5,100XIAV020,904,2025-11-17::noSBA_NAI::100XIAV020::904,49,95.90551513671876,0.5059528228365053,0.2733241306707938,0.5059528228365053,0.5750602919200503,False,True,1.9999436035156264,20.005124023437503,10,0.00100294551354,0.0065773667513367,0.000250736378385,0.000250736378385,-3.600782651340092,0.977174972812858,True,True,False,False,+ NAI,#BE5AA7,-3.6007826513401193
2025-11-17,noSBA_NAI,bboxspan_0p50,0.5,100XIAV020,919,2025-11-17::noSBA_NAI::100XIAV020::919,32,62.02455493164062,1.5618465418197758,0.5190901110963893,1.5618465418197758,1.6458490707329316,False,True,1.9996359863281228,16.011073608398437,8,0.0045234303358717,0.1141197096940982,0.0011308575839679,0.0011308575839679,-2.9465920850757055,0.7917574504805309,True,True,True,False,+ NAI,#BE5AA7,-2.9465920850757152
2025-11-17,noSBA_NAI,bboxspan_0p50,0.5,100XIAV020,922,2025-11-17::noSBA_NAI::100XIAV020::922,48,93.903791015625,0.7913595014038819,0.6547421412164027,0.7913595014038819,1.027101325063326,False,True,1.9999340820312528,20.005161499023437,10,0.0006910690246353,0.0433940355789718,0.0001727672561588,0.0001727672561588,-3.762538564038954,0.6126130999043014,True,True,False,False,+ NAI,#BE5AA7,-3.7625385640390516
2025-11-17,noSBA_NAI,bboxspan_0p50,0.5,100XIAV020,934,2025-11-17::noSBA_NAI::100XIAV020::934,49,95.90551513671876,1.2774178885659353,0.4151470330620981,1.2774178885659353,1.3431840979882523,False,True,1.9999436035156264,20.005124023437503,10,0.0115413488869751,0.0230303889743381,0.0028853372217437,0.0028853372217437,-2.53980342168196,0.9522326098705662,True,True,True,False,+ NAI,#BE5AA7,-2.539803421681974
2025-11-17,noSBA_NAI,bboxspan_0p50,0.5,100XIAV020,942,2025-11-17::noSBA_NAI::100XIAV020::942,49,95.90551513671876,0.7641998653964777,0.7918783844212669,0.7918783844212669,1.1004875328624266,False,True,1.9999436035156264,20.005124023437503,10,0.0005259362223919,0.0391051142360204,0.0001314840555979,0.0001314840555979,-3.881126908662064,0.6648917328067068,True,True,False,False,+ NAI,#BE5AA7,-3.8811269086623277
2025-11-17,noSBA_NAI,bboxspan_0p50,0.5,100XIAV020,958,2025-11-17::noSBA_NAI::100XIAV020::958,34,65.99755395507813,0.7564326486223223,0.2537104368732557,0.7564326486223223,0.7978466880799844,False,True,1.9999340820312528,16.015492553710942,8,0.0012424017601567,0.0389820299246097,0.0003106004400391,0.0003106004400391,-3.507797933325907,0.3523098328033767,True,True,False,False,+ NAI,#BE5AA7,-3.507797933326013
2025-11-17,noSBA_NAI,bboxspan_0p50,0.5,100XIAV020,991,2025-11-17::noSBA_NAI::100XIAV020::991,49,95.90551513671876,0.6481147330834389,0.517742285089021,0.6481147330834389,0.8295238278729662,False,True,1.9999436035156264,20.005124023437503,10,0.0005650782458446,0.0318192998655197,0.0001412695614611,0.0001412695614611,-3.849951403002754,0.7118408123563446,True,True,False,False,+ NAI,#BE5AA7,-3.8499514030029722
2025-11-17,noSBA_NAI,bboxspan_0p50,0.5,100XIAV020,1006,2025-11-17::noSBA_NAI::100XIAV020::1006,49,95.90551513671876,0.9200119909684048,1.0443969029382814,1.0443969029382814,1.3918286368632893,False,True,1.9999436035156264,20.005124023437503,10,0.0018335101733877,0.0559241907824496,0.0004583775433469,0.0004583775433469,-3.338776667304649,0.3988386214816609,True,True,False,False,+ NAI,#BE5AA7,-3.338776667304676
2025-11-17,noSBA_NAI,bboxspan_0p50,0.5,100XIAV020,1444,2025-11-17::noSBA_NAI::100XIAV020::1444,46,90.00174511718751,1.1741367773305456,1.052631656104623,1.1741367773305456,1.5769053793153602,False,True,2.000139892578124,20.00521752929687,10,0.0014434625281086,0.06058516112222,0.0003608656320271,0.0003608656320271,-3.442654477130527,0.5277631421022494,True,True,False,False,+ NAI,#BE5AA7,-3.442654477130606
2025-11-17,noSBA_NAI,bboxspan_0p50,0.5,100XIAV020,2134,2025-11-17::noSBA_NAI::100XIAV020::2134,38,73.99628393554687,0.7933225380977262,1.0434883170747042,1.0434883170747042,1.3108121594359798,False,True,1.9999340820312528,18.01503491210937,9,0.0022649937714783,0.0497048178647253,0.0005662484428695,0.0005662484428695,-3.246992979246794,0.6398890385497709,True,True,False,False,+ NAI,#BE5AA7,-3.246992979246862
2025-11-17,noSBA_NAI,bboxspan_0p50,0.5,100XIAV020,2299,2025-11-17::noSBA_NAI::100XIAV020::2299,39,75.98644799804688,0.6375865166852179,0.7821310373048362,0.7821310373048362,1.0090815258314507,False,True,1.9997850341796877,18.01492346191406,9,0.0002107889949301,0.0294805042380777,5.2697248732530626e-05,5.2697248732530626e-05,-4.278212058249898,0.4798315242112885,True,True,False,False,+ NAI,#BE5AA7,-4.278212058249898
2025-11-17,noSBA_NAI,bboxspan_0p50,0.5,100XIAV020,2433,2025-11-17::noSBA_NAI::100XIAV020::2433,38,73.99628393554687,2.071385841538131,0.6785371041228814,2.071385841538131,2.1796907822432283,False,True,1.9999340820312528,18.01503491210937,9,0.0327673816184319,-0.080414000443601,0.0081918454046079,0.0081918454046079,-2.086618252237287,0.9697090991144744,True,True,True,False,+ NAI,#BE5AA7,-2.0866182522372925
2025-11-17,noSBA_NAI,bboxspan_0p50,0.5,100XIAV020,2436,2025-11-17::noSBA_NAI::100XIAV020::2436,34,66.05446508789062,0.6701702388060653,1.2711349571061987,1.2711349571061987,1.4369802462660215,False,True,1.9999340820312528,16.022456909179688,8,0.0028977943390971,0.1080029113740602,0.0007244485847742,0.0007244485847742,-3.1399924316436985,0.6327867872639603,True,True,False,False,+ NAI,#BE5AA7,-3.1399924316437464
2025-11-17,noSBA_NAI,bboxspan_0p50,0.5,100XIAV021,13,2025-11-17::noSBA_NAI::100XIAV021::13,151,299.88828393554684,3.002883213921052,3.5038027148996207,3.5038027148996207,4.6145358446312645,False,True,1.9994584960937516,19.996993896484355,10,0.0233972469938885,-0.0062975970956701,0.0058493117484721,0.0058493117484721,-2.232895231597321,0.9981247221108136,True,True,True,False,+ NAI,#BE5AA7,-2.232895231597324
2025-11-17,noSBA_NAI,bboxspan_0p50,0.5,100XIAV021,53,2025-11-17::noSBA_NAI::100XIAV021::53,151,299.88828393554684,6.897857130451769,3.74580808079034,6.897857130451769,7.849300043331158,False,True,1.9994584960937516,19.996993896484355,10,0.0452823376727035,0.0007282591926653,0.0113205844181758,0.0113205844181758,-1.946131152384724,0.9998342888942192,True,True,True,True,+ NAI,#BE5AA7,-1.946131152384728
2025-11-17,noSBA_NAI,bboxspan_0p50,0.5,100XIAV021,60,2025-11-17::noSBA_NAI::100XIAV021::60,151,299.88828393554684,0.91074573943078,1.5790165917200127,1.5790165917200127,1.8228415177459625,False,True,1.9994584960937516,19.996993896484355,10,0.0041526308778916,0.0101846562193854,0.0010381577194729,0.0010381577194729,-2.983736662389856,0.9863649251571082,True,True,True,False,+ NAI,#BE5AA7,-2.983736662389861
2025-11-17,noSBA_NAI,bboxspan_0p50,0.5,100XIAV021,68,2025-11-17::noSBA_NAI::100XIAV021::68,151,299.88828393554684,0.7715146029128235,1.561921678663797,1.561921678663797,1.742077527777586,False,True,1.9994584960937516,19.996993896484355,10,0.0043453609904717,0.0090997568444261,0.0010863402476179,0.0010863402476179,-2.9640341300697135,0.9969530057308796,True,True,True,False,+ NAI,#BE5AA7,-2.9640341300697277
2025-11-17,noSBA_NAI,bboxspan_0p50,0.5,100XIAV021,96,2025-11-17::noSBA_NAI::100XIAV021::96,151,299.88828393554684,1.5753973687635678,1.9325901487692363,1.9325901487692363,2.4933474592657703,False,True,1.9994584960937516,19.996993896484355,10,0.0064027346980144,0.0134739736099794,0.0016006836745036,0.0016006836745036,-2.795694484439829,0.9967650222622968,True,True,True,False,+ NAI,#BE5AA7,-2.795694484439832
2025-11-17,noSBA_NAI,bboxspan_0p50,0.5,100XIAV021,617,2025-11-17::noSBA_NAI::100XIAV021::617,113,223.9996770019531,0.7930598098769508,0.8047740991092951,0.8047740991092951,1.1298695555856184,False,True,1.9994215087890697,19.99652709960938,10,0.000420977736616,0.0144123553978604,0.000105244434154,0.000105244434154,-3.977800862524273,0.7975808552361641,True,True,False,False,+ NAI,#BE5AA7,-3.9778008625243224
2025-11-17,noSBA_NAI,bboxspan_0p50,0.5,100XIAV021,860,2025-11-17::noSBA_NAI::100XIAV021::860,44,85.87912182617187,3.010767699213531,5.343592028347146,5.343592028347146,6.133408343167989,False,True,1.998908935546865,19.99403845214843,10,0.1860139417337703,-0.2033043315218373,0.0465034854334425,0.0465034854334425,-1.332514495544805,0.9931934564256528,True,True,True,True,+ NAI,#BE5AA7,-1.3325144955448058
2025-11-17,noSBA_NAI,bboxspan_0p50,0.5,100XIAV021,958,2025-11-17::noSBA_NAI::100XIAV021::958,90,178.00172802734374,0.2536966657087305,1.0548233810690846,1.0548233810690846,1.0849029281192593,False,True,1.999448974609379,19.99622998046874,10,0.000427872242778,0.015875727919512,0.0001069680606945,0.0001069680606945,-3.9707458777800304,0.4956748055959632,True,True,False,False,+ NAI,#BE5AA7,-3.9707458777801197
2025-11-17,noSBA_NAI,bboxspan_0p50,0.5,100XIAV021,1560,2025-11-17::noSBA_NAI::100XIAV021::1560,34,66.00650488281252,1.1761940779170317,2.088689624833549,2.088689624833549,2.397093418666534,False,True,1.999599121093752,15.998504882812512,8,0.0372792403993953,-0.0437035424081961,0.0093198100998488,0.0093198100998488,-2.0305929367262743,0.979316579791088,True,True,True,False,+ NAI,#BE5AA7,-2.0305929367262765
2025-11-17,noSBA_NAI,bboxspan_0p50,0.5,100XIAV021,1597,2025-11-17::noSBA_NAI::100XIAV021::1597,49,95.99888110351564,1.1870911727293958,0.7665682294230507,1.1870911727293958,1.41308609176258,False,True,1.9994769287109475,20.004005126953132,10,0.0057194529693362,0.074586599105645,0.001429863242334,0.001429863242334,-2.844705498157233,0.5608416558629754,True,True,True,False,+ NAI,#BE5AA7,-2.844705498157249
2025-11-17,noSBA_NAI,bboxspan_0p50,0.5,100XIAV021,1722,2025-11-17::noSBA_NAI::100XIAV021::1722,42,82.00187695312499,4.807140182632125,3.371060888100544,4.807140182632125,5.871341264716066,False,True,1.999448974609379,19.99728295898437,10,0.1900075200306214,-0.4114238689997135,0.0475018800076553,0.0475018800076553,-1.3232892017268518,0.9774208440684884,True,True,True,True,+ NAI,#BE5AA7,-1.3232892017268525
2025-11-17,noSBA_NAI,bboxspan_0p50,0.5,100XIAV021,1770,2025-11-17::noSBA_NAI::100XIAV021::1770,39,75.99388793945312,1.5463277670249769,3.903483666519051,3.903483666519051,4.198608614511891,False,True,1.9994584960937516,17.997134521484384,9,0.104418557538089,-0.0256986765002012,0.0261046393845222,0.0261046393845222,-1.583282301855442,0.999543290737046,True,True,True,True,+ NAI,#BE5AA7,-1.583282301855443
2025-11-17,noSBA_NAI,bboxspan_0p50,0.5,100XIAV021,1854,2025-11-17::noSBA_NAI::100XIAV021::1854,31,59.998311035156235,0.5332963510796631,1.552467251406405,1.552467251406405,1.641511366017379,False,True,1.9994584960937516,13.998570434570311,7,0.0130196114705771,0.042496496383459,0.0032549028676442,0.0032549028676442,-2.4874619670575453,0.8418328181905849,True,True,True,False,+ NAI,#BE5AA7,-2.4874619670575577
2025-11-17,noSBA_NAI,bboxspan_0p50,0.5,100XIAV022,46,2025-11-17::noSBA_NAI::100XIAV022::46,79,155.80635717773438,1.544292529426329,0.6536658115629592,1.544292529426329,1.67693721100351,False,True,1.9996826171875064,19.99744091796875,10,0.0065071929412121,0.0060692406951019,0.001626798235303,0.001626798235303,-2.7886663073754963,0.9984095279277402,True,True,True,False,+ NAI,#BE5AA7,-2.7886663073755056
2025-11-17,noSBA_NAI,bboxspan_0p50,0.5,100XIAV022,66,2025-11-17::noSBA_NAI::100XIAV022::66,137,271.88668505859374,1.1928270107786716,2.1899987311953737,2.1899987311953737,2.493778402400768,False,True,1.999682617187517,19.999940185546876,10,0.0106672837612924,0.025039816993129,0.0026668209403231,0.0026668209403231,-2.5740061433803314,0.9340775136217704,True,True,True,False,+ NAI,#BE5AA7,-2.574006143380332
2025-11-17,noSBA_NAI,bboxspan_0p50,0.5,100XIAV022,79,2025-11-17::noSBA_NAI::100XIAV022::79,68,133.8068371582031,1.1557078398512033,0.9213794726737916,1.1557078398512033,1.4780394933012342,False,True,1.9995432128906288,19.996826416015622,10,0.0012035534987448,0.0419632206018431,0.0003008883746862,0.0003008883746862,-3.521594591612391,0.5391500513398084,True,True,False,False,+ NAI,#BE5AA7,-3.5215945916124185
2025-11-17,noSBA_NAI,bboxspan_0p50,0.5,100XIAV022,87,2025-11-17::noSBA_NAI::100XIAV022::87,47,91.87974609375,0.5205794137988384,0.3974835341497709,0.5205794137988384,0.6549779278657674,False,True,1.9994591064453149,19.995800048828116,10,0.0005721838714579,0.0144897619617755,0.0001430459678644,0.0001430459678644,-3.844524379444787,0.6930189561640969,True,True,False,False,+ NAI,#BE5AA7,-3.8445243794450263
2025-11-17,noSBA_NAI,bboxspan_0p50,0.5,100XIAV022,90,2025-11-17::noSBA_NAI::100XIAV022::90,137,271.88668505859374,1.3219277710735753,0.6325069625382156,1.3219277710735753,1.4654549087552542,False,True,1.999682617187517,19.999940185546876,10,0.0037609795490814,0.0243918062817436,0.0009402448872703,0.0009402448872703,-3.026759019443774,0.9347293119505344,True,True,False,False,+ NAI,#BE5AA7,-3.0267590194438063
2025-11-17,noSBA_NAI,bboxspan_0p50,0.5,100XIAV022,111,2025-11-17::noSBA_NAI::100XIAV022::111,135,267.88030908203126,0.7647190501886882,0.6625108743915717,0.7647190501886882,1.0117884583293952,False,True,1.999682617187517,19.999940185546876,10,0.0016500775292434,0.0332775540799728,0.0004125193823108,0.0004125193823108,-3.3845556412161284,0.8130248273702371,True,True,False,False,+ NAI,#BE5AA7,-3.3845556412161852
2025-11-17,noSBA_NAI,bboxspan_0p50,0.5,100XIAV022,129,2025-11-17::noSBA_NAI::100XIAV022::129,137,271.88668505859374,1.4611850179472723,1.8207759106197017,1.8207759106197017,2.3345848824505344,False,True,1.999682617187517,19.999940185546876,10,0.0081746325188526,0.0486564874576951,0.0020436581297131,0.0020436581297131,-2.689591752762813,0.8309848790778683,True,True,True,False,+ NAI,#BE5AA7,-2.6895917527628264
2025-11-17,noSBA_NAI,bboxspan_0p50,0.5,100XIAV022,134,2025-11-17::noSBA_NAI::100XIAV022::134,137,271.88668505859374,1.1709685604126037,0.7624870402052046,1.1709685604126037,1.3973381322914145,False,True,1.999682617187517,19.999940185546876,10,0.0007451724556077,0.0305323048061662,0.0001862931139019,0.0001862931139019,-3.7298031979736703,0.6108767720255741,True,True,False,False,+ NAI,#BE5AA7,-3.7298031979737405
2025-11-17,noSBA_NAI,bboxspan_0p50,0.5,100XIAV022,159,2025-11-17::noSBA_NAI::100XIAV022::159,135,267.88030908203126,1.5667791248908003,1.3156550472650572,1.5667791248908003,2.045909340510376,False,True,1.999682617187517,19.999940185546876,10,0.009004857504364,-0.0051050424570621,0.002251214376091,0.002251214376091,-2.6475831465275483,0.9836214675329712,True,True,True,False,+ NAI,#BE5AA7,-2.647583146527552
2025-11-17,noSBA_NAI,bboxspan_0p50,0.5,100XIAV022,168,2025-11-17::noSBA_NAI::100XIAV022::168,124,245.83251098632812,0.6450990932569951,0.2639391041776461,0.6450990932569951,0.6970055170765118,False,True,1.9996730957031232,20.000229003906245,10,0.0001367367175803,0.0116772897605593,3.418417939509752e-05,3.418417939509752e-05,-4.466174841051599,0.5277206478307341,True,True,False,False,+ NAI,#BE5AA7,-4.466174841051599
2025-11-17,noSBA_NAI,bboxspan_0p50,0.5,100XIAV022,180,2025-11-17::noSBA_NAI::100XIAV022::180,137,271.88668505859374,1.8138438841496376,4.9445254546934905,4.9445254546934905,5.266722093311827,False,True,1.999682617187517,19.999940185546876,10,0.0219803916695108,0.0884705916614182,0.0054950979173777,0.0054950979173777,-2.2600245644601555,0.966005876618924,True,True,True,False,+ NAI,#BE5AA7,-2.260024564460156
2025-11-17,noSBA_NAI,bboxspan_0p50,0.5,100XIAV022,207,2025-11-17::noSBA_NAI::100XIAV022::207,68,133.8068371582031,0.9164338355509116,0.6236889773851146,0.9164338355509116,1.1085300697113476,False,True,1.9995432128906288,19.996826416015622,10,0.0017032223610259,0.0148340164781729,0.0004258055902564,0.0004258055902564,-3.3707886411560084,0.9751592807043332,True,True,False,False,+ NAI,#BE5AA7,-3.3707886411561043
2025-11-17,noSBA_NAI,bboxspan_0p50,0.5,100XIAV022,630,2025-11-17::noSBA_NAI::100XIAV022::630,126,250.0826240234375,0.2567617936287263,0.6509198971578058,0.6509198971578058,0.6997308991200611,False,True,1.9996921386718896,19.99979113769531,10,0.0001010145848226,0.005453570223256,2.525364620565117e-05,2.525364620565117e-05,-4.597675908132598,0.9197662009374474,True,True,False,False,+ NAI,#BE5AA7,-4.597675908132598
2025-11-17,noSBA_NAI,bboxspan_0p50,0.5,100XIAV022,802,2025-11-17::noSBA_NAI::100XIAV022::802,32,62.00575903320313,0.5329681953054717,0.5333095115407289,0.5333095115407289,0.7539722357666642,False,True,1.9996730957031232,15.995651977539062,8,0.0007630969087528,0.0281604373222485,0.0001907742271882,0.0001907742271882,-3.719480297063624,0.5404042373304618,True,True,False,False,+ NAI,#BE5AA7,-3.71948029706367
2025-11-17,noSBA_NAI,bboxspan_0p50,0.5,100XIAV022,1155,2025-11-17::noSBA_NAI::100XIAV022::1155,52,101.93535888671876,0.9270950557284294,0.1516002579280169,0.9270950557284294,0.9394082608535764,False,True,1.9995798339843984,19.996620971679683,10,0.0001771149248336,0.0254452809355446,4.427873120841765e-05,4.427873120841765e-05,-4.353804832171761,0.7833386596386803,True,True,False,False,+ NAI,#BE5AA7,-4.353804832171761
2025-11-17,noSBA_NAI,bboxspan_0p50,0.5,100XIAV022,1278,2025-11-17::noSBA_NAI::100XIAV022::1278,35,67.89737207031251,0.5351170805902825,0.6768019325075088,0.6768019325075088,0.862792643562383,False,True,1.9993094482421867,15.996546874999993,8,0.004239096666033,0.0099276469869849,0.0010597741665082,0.0010597741665082,-2.974786671233894,0.9620186047871676,True,True,True,False,+ NAI,#BE5AA7,-2.9747866712339177
2025-11-17,noSBA_NAI,bboxspan_0p50,0.5,100XIAV022,2484,2025-11-17::noSBA_NAI::100XIAV022::2484,58,114.06353686523438,0.775999550459403,0.525244839138729,0.775999550459403,0.9370471937715116,False,True,1.9996921386718896,20.000434448242174,10,0.0003922863792994,0.0323891606148939,9.807159482485824e-05,9.807159482485824e-05,-4.00845676221395,0.3658031772249898,True,True,False,False,+ NAI,#BE5AA7,-4.00845676221395
2025-11-17,noSBA_NAI,bboxspan_0p50,0.5,100XIAV023,6,2025-11-17::noSBA_NAI::100XIAV023::6,143,283.80659399414066,2.8773007554768384,2.3427421409520406,2.8773007554768384,3.71043129251306,False,True,1.9998034667968625,19.996602050781235,10,0.0257706844718081,0.0475137866724797,0.006442671117952,0.006442671117952,-2.190934037721505,0.9970570473577276,True,True,True,False,+ NAI,#BE5AA7,-2.190934037721507
2025-11-17,noSBA_NAI,bboxspan_0p50,0.5,100XIAV023,16,2025-11-17::noSBA_NAI::100XIAV023::16,134,265.8603291015625,1.1782719679747655,0.6559854447167339,1.1782719679747655,1.3485702555652557,False,True,1.9998220214843627,20.004266479492188,10,0.0017247955488027,0.0112159558131617,0.0004311988872006,0.0004311988872006,-3.365322368608006,0.969765600937671,True,True,False,False,+ NAI,#BE5AA7,-3.3653223686081044
2025-11-17,noSBA_NAI,bboxspan_0p50,0.5,100XIAV023,27,2025-11-17::noSBA_NAI::100XIAV023::27,68,133.84890502929687,1.1798119961730151,2.871740145670522,2.871740145670522,3.1046493860933,False,True,1.9998591308593736,20.005338989257815,10,0.0643894947192137,-0.1166846205019838,0.0160973736798034,0.0160973736798034,-1.7932449742420238,0.9971411793694668,True,True,True,True,+ NAI,#BE5AA7,-1.7932449742420247
2025-11-17,noSBA_NAI,bboxspan_0p50,0.5,100XIAV023,35,2025-11-17::noSBA_NAI::100XIAV023::35,30,57.80554711914063,3.244863878263061,1.54422202167963,3.244863878263061,3.593572489973831,False,True,1.9996550292968749,13.996985839843749,7,0.1220631076663757,-0.1048536106909578,0.0305157769165939,0.0305157769165939,-1.5154755686438306,0.965560173943507,True,True,True,True,+ NAI,#BE5AA7,-1.5154755686438313
2025-11-17,noSBA_NAI,bboxspan_0p50,0.5,100XIAV023,57,2025-11-17::noSBA_NAI::100XIAV023::57,87,171.93225903320314,0.7731971963221476,1.0575346839541029,1.0575346839541029,1.3100433245379075,False,True,1.999896972656245,19.99593115234376,10,0.0005915371062208,0.0262087621059249,0.0001478842765552,0.0001478842765552,-3.830077998878759,0.4728114393438939,True,True,False,False,+ NAI,#BE5AA7,-3.8300779988788203
2025-11-17,noSBA_NAI,bboxspan_0p50,0.5,100XIAV023,71,2025-11-17::noSBA_NAI::100XIAV023::71,92,181.9989670410156,3.2500607767552836,4.964715487696644,4.964715487696644,5.933910593055652,False,True,1.9997849121093625,20.004723510742192,10,0.116333275449291,0.091980841651665,0.0290833188623227,0.0290833188623227,-1.5363560351806491,0.9760629203439908,True,True,True,True,+ NAI,#BE5AA7,-1.53635603518065
2025-11-17,noSBA_NAI,bboxspan_0p50,0.5,100XIAV023,250,2025-11-17::noSBA_NAI::100XIAV023::250,73,143.99788403320315,4.699260004742911,4.171962066299294,4.699260004742911,6.283972634792152,False,True,1.9998034667968625,19.996377929687497,10,0.1501835731174539,-0.0343013718574674,0.0375458932793634,0.0375458932793634,-1.4254375586237935,0.9871863856737716,True,True,True,True,+ NAI,#BE5AA7,-1.4254375586237946
2025-11-17,noSBA_NAI,bboxspan_0p50,0.5,100XIAV023,271,2025-11-17::noSBA_NAI::100XIAV023::271,103,203.97558886718753,0.3887525748694145,0.7818827317380954,0.7818827317380954,0.8731948068202342,False,True,2.000036987304682,19.99593115234376,10,0.0035830146260864,0.0017615578495717,0.0008957536565216,0.0008957536565216,-3.047811410341403,0.9985636564881316,True,True,False,False,+ NAI,#BE5AA7,-3.047811410341408
2025-11-17,noSBA_NAI,bboxspan_0p50,0.5,100XIAV023,434,2025-11-17::noSBA_NAI::100XIAV023::434,75,148.00588305664064,2.223245308073693,0.5285764596791722,2.223245308073693,2.285216132797653,False,True,1.9998034667968625,19.996377929687497,10,0.0074518816481127,0.0305270672824801,0.0018629704120281,0.0018629704120281,-2.7297940425782237,0.8840238512093981,True,True,True,False,+ NAI,#BE5AA7,-2.7297940425782437
2025-11-17,noSBA_NAI,bboxspan_0p50,0.5,100XIAV023,458,2025-11-17::noSBA_NAI::100XIAV023::458,45,87.99772705078126,1.6839458363883466,1.1537588100706628,1.6839458363883466,2.04128218816148,False,True,1.9996639404296983,19.99596801757812,10,0.0180622096453672,0.2080405270603507,0.0045155524113418,0.0045155524113418,-2.345289112565932,0.7905788129866607,True,True,True,False,+ NAI,#BE5AA7,-2.345289112565933
2025-11-17,noSBA_NAI,bboxspan_0p50,0.5,100XIAV023,561,2025-11-17::noSBA_NAI::100XIAV023::561,62,122.0029880371094,0.7588502687730347,1.0391783606777167,1.0391783606777167,1.286757706686746,False,True,2.000102050781237,20.000359497070303,10,0.0046816886471622,0.0040167015295959,0.0011704221617905,0.0011704221617905,-2.931657463495677,0.9808658310846056,True,True,True,False,+ NAI,#BE5AA7,-2.9316574634956973
2025-11-17,noSBA_NAI,bboxspan_0p50,0.5,100XIAV023,605,2025-11-17::noSBA_NAI::100XIAV023::605,54,105.99758300781252,2.338124518142479,1.5518459388451902,2.338124518142479,2.806252319419854,False,True,1.9998220214843627,19.99648999023437,10,0.0127644426187179,0.0524977713996791,0.0031911106546794,0.0031911106546794,-2.496058135987159,0.9110716731098228,True,True,True,False,+ NAI,#BE5AA7,-2.496058135987171
2025-11-17,noSBA_NAI,bboxspan_0p50,0.5,100XIAV023,807,2025-11-17::noSBA_NAI::100XIAV023::807,32,61.99628710937501,1.4282132798505387,1.6881934546147548,1.6881934546147548,2.21128702635943,False,True,2.0002519531250016,15.996407958984378,8,0.0078406684695716,0.1507405121057921,0.0019601671173929,0.0019601671173929,-2.7077069005478136,0.3284636150007005,True,True,True,False,+ NAI,#BE5AA7,-2.707706900547814
2025-11-24,noSBA_noNAI,bboxspan_0p50,0.5,100XIAV045,2,2025-11-24::noSBA_noNAI::100XIAV045::2,56,109.98542504882812,1.965228242719892,1.187521656089075,1.965228242719892,2.296155423673331,False,True,1.9997670898437576,19.995921508789053,10,0.0425248800314344,-0.0039256152871336,0.0106312200078586,0.0106312200078586,-1.9734168942464012,0.9967161212600884,True,True,True,True,- NAI,#191C23,-1.9734168942464019
2025-11-24,noSBA_noNAI,bboxspan_0p50,0.5,100XIAV045,3,2025-11-24::noSBA_noNAI::100XIAV045::3,83,163.81182006835937,1.433222457746183,0.3892933668005014,1.433222457746183,1.4851518234924264,False,True,1.9997761230468785,19.996975097656247,10,0.005158588376762,0.0227870190130401,0.0012896470941905,0.0012896470941905,-2.889529116068123,0.9777592723145796,True,True,True,False,- NAI,#191C23,-2.889529116068124
2025-11-24,noSBA_noNAI,bboxspan_0p50,0.5,100XIAV045,4,2025-11-24::noSBA_noNAI::100XIAV045::4,83,163.81182006835937,0.5057820070318897,0.3917588950163519,0.5057820070318897,0.6397581343458163,False,True,1.9997761230468785,19.996975097656247,10,0.0011197977162474,0.0058015304275522,0.0002799494290618,0.0002799494290618,-3.552920413882663,0.9908820405153764,True,True,False,False,- NAI,#191C23,-3.5529204138827413
2025-11-24,noSBA_noNAI,bboxspan_0p50,0.5,100XIAV045,22,2025-11-24::noSBA_noNAI::100XIAV045::22,31,59.82455688476563,0.9124482068333464,0.7818100156577259,0.9124482068333464,1.2015775591846425,False,True,1.9996359863281228,14.00657958984375,7,0.0021616826341091,0.0524783659999489,0.0005404206585272,0.0005404206585272,-3.2672680576645843,0.5029243089934541,True,True,False,False,- NAI,#191C23,-3.267268057664659
2025-11-24,noSBA_noNAI,bboxspan_0p50,0.5,100XIAV045,25,2025-11-24::noSBA_noNAI::100XIAV045::25,83,163.81182006835937,0.6576087045310004,0.7568689229021714,0.7568689229021714,1.0026463856864165,False,True,1.9997761230468785,19.996975097656247,10,0.0001286698322137,0.0154934554308054,3.216745805342831e-05,3.216745805342831e-05,-4.492583256691648,0.4618540466193338,True,True,False,False,- NAI,#191C23,-4.492583256691648
2025-11-24,noSBA_noNAI,bboxspan_0p50,0.5,100XIAV045,35,2025-11-24::noSBA_noNAI::100XIAV045::35,44,85.80843090820312,0.5186302097678492,1.0276334304163868,1.0276334304163868,1.151089814824714,False,True,1.999468017578124,19.99525,10,0.0058954724549822,0.009292143945383,0.0014738681137455,0.0014738681137455,-2.831541376745049,0.9901815119033804,True,True,True,False,- NAI,#191C23,-2.8315413767450637
2025-11-24,noSBA_noNAI,bboxspan_0p50,0.5,100XIAV045,74,2025-11-24::noSBA_noNAI::100XIAV045::74,65,127.80997998046874,1.317573326143986,1.9440843261065908,1.9440843261065908,2.3485023603946926,False,True,1.999654541015623,19.9967890625,10,0.0146334917889789,0.0198866612673954,0.0036583729472447,0.0036583729472447,-2.436712023114846,0.9768143508191086,True,True,True,False,- NAI,#191C23,-2.436712023114852
2025-11-24,noSBA_noNAI,bboxspan_0p50,0.5,100XIAV045,91,2025-11-24::noSBA_noNAI::100XIAV045::91,36,69.8126669921875,0.7767640419975947,0.5194190336632687,0.7767640419975947,0.9344295101676344,False,True,1.999916015624997,17.99759985351563,9,0.0009918389035527,0.03186207111715,0.0002479597258881,0.0002479597258881,-3.60561885241934,0.6859561935393037,True,True,False,False,- NAI,#191C23,-3.6056188524194774
2025-11-24,noSBA_noNAI,bboxspan_0p50,0.5,100XIAV045,162,2025-11-24::noSBA_noNAI::100XIAV045::162,77,151.8150100097656,2.2057994640924505,1.7080029003280544,2.2057994640924505,2.7897715288746476,False,True,1.9997761230468785,19.9967890625,10,0.0315070086600222,-0.0021218197473897,0.0078767521650055,0.0078767521650055,-2.103652819004948,0.9945134554282644,True,True,True,False,- NAI,#191C23,-2.1036528190049517
2025-11-24,noSBA_noNAI,bboxspan_0p50,0.5,100XIAV045,169,2025-11-24::noSBA_noNAI::100XIAV045::169,36,69.8126669921875,2.0664178970113483,1.944912635111848,2.0664178970113483,2.8377399604802616,False,True,1.999916015624997,17.99759985351563,9,0.0625955663950021,-0.0162914025942092,0.0156488915987505,0.0156488915987505,-1.8055164178359755,0.9958159737874236,True,True,True,True,- NAI,#191C23,-1.8055164178359768
2025-11-24,noSBA_noNAI,bboxspan_0p50,0.5,100XIAV045,176,2025-11-24::noSBA_noNAI::100XIAV045::176,83,163.81182006835937,1.156602841133541,0.2477106540132894,1.156602841133541,1.1828316449224168,False,True,1.9997761230468785,19.996975097656247,10,0.0005982720457673,0.0383959974168257,0.0001495680114418,0.0001495680114418,-3.825161280400702,0.7985466436020141,True,True,False,False,- NAI,#191C23,-3.825161280400801
2025-11-24,noSBA_noNAI,bboxspan_0p50,0.5,100XIAV045,210,2025-11-24::noSBA_noNAI::100XIAV045::210,83,163.81182006835937,0.5213203588045161,0.3938910967019069,0.5213203588045161,0.6533950662234146,False,True,1.9997761230468785,19.996975097656247,10,0.0021210302867079,-0.0047695730853086,0.0005302575716769,0.0005302575716769,-3.275513121370463,0.9866298583846967,True,True,False,False,- NAI,#191C23,-3.275513121370535
2025-11-24,noSBA_noNAI,bboxspan_0p50,0.5,100XIAV045,219,2025-11-24::noSBA_noNAI::100XIAV045::219,41,79.81125805664063,1.4293576157264454,2.6022895115910956,2.6022895115910956,2.969002171735853,False,True,1.9996920166015608,20.00527294921875,10,0.0298734558238786,0.3055372175694691,0.0074683639559696,0.0074683639559696,-2.12677452572326,0.931752093739947,True,True,True,False,- NAI,#191C23,-2.1267745257232646
2025-11-24,noSBA_noNAI,bboxspan_0p50,0.5,100XIAV045,242,2025-11-24::noSBA_noNAI::100XIAV045::242,38,73.81247998046875,0.3844957054751177,0.5201864678691379,0.5201864678691379,0.6468623569840636,False,True,1.999916015624997,17.996872802734373,9,0.0031154727111179,0.0023910174142956,0.0007788681777794,0.0007788681777794,-3.108536039769533,0.9713228198118738,True,True,False,False,- NAI,#191C23,-3.1085360397695836
2025-11-24,noSBA_noNAI,bboxspan_0p50,0.5,100XIAV045,246,2025-11-24::noSBA_noNAI::100XIAV045::246,83,163.81182006835937,0.519607254549328,0.2294383821365357,0.519607254549328,0.568008512416602,False,True,1.9997761230468785,19.996975097656247,10,0.0006229537013297,0.0100584658275949,0.0001557384253324,0.0001557384253324,-3.807604220758998,0.9664602073807468,True,True,False,False,- NAI,#191C23,-3.8076042207590874
2025-11-24,noSBA_noNAI,bboxspan_0p50,0.5,100XIAV045,249,2025-11-24::noSBA_noNAI::100XIAV045::249,35,67.81457885742188,1.428673053437059,3.642963122966279,3.642963122966279,3.913091745526726,False,True,2.0001489257812484,16.00689599609375,8,0.0948736888124343,-0.03070009075629,0.0237184222031085,0.0237184222031085,-1.624914204484604,0.9920366798490527,True,True,True,True,- NAI,#191C23,-1.6249142044846057
2025-11-24,noSBA_noNAI,bboxspan_0p50,0.5,100XIAV045,257,2025-11-24::noSBA_noNAI::100XIAV045::257,41,79.99118286132813,1.813285517269449,1.0593923967607992,1.813285517269449,2.1000753837550032,False,True,1.999449462890624,19.99497998046874,10,0.014939733251541,0.0513088264216207,0.0037349333128852,0.0037349333128852,-2.427717148093428,0.9696945696099232,True,True,True,False,- NAI,#191C23,-2.4277171480934356
2025-11-24,noSBA_noNAI,bboxspan_0p50,0.5,100XIAV045,285,2025-11-24::noSBA_noNAI::100XIAV045::285,42,82.00325708007813,0.2702273585568662,1.678301486989625,1.678301486989625,1.6999172646173717,False,True,1.9995419921874884,19.995315429687498,10,0.0032633122651014,0.0589476197013748,0.0008158280662753,0.0008158280662753,-3.088401358078931,0.7312940844369289,True,True,False,False,- NAI,#191C23,-3.0884013580789595
2025-11-24,noSBA_noNAI,bboxspan_0p50,0.5,100XIAV045,289,2025-11-24::noSBA_noNAI::100XIAV045::289,33,63.81336791992187,3.4846038166993623,2.9914049143909978,3.4846038166993623,4.592490296255222,False,True,1.9996359863281228,16.016406005859373,8,0.0993018173672197,0.1191281240792684,0.0248254543418049,0.0248254543418049,-1.605102794541215,0.9965256463919894,True,True,True,True,- NAI,#191C23,-1.6051027945412155
2025-11-24,noSBA_noNAI,bboxspan_0p50,0.5,100XIAV045,312,2025-11-24::noSBA_noNAI::100XIAV045::312,59,115.81322705078124,1.4445125076326022,2.0844800668908334,2.0844800668908334,2.536074433839086,False,True,1.9998415527343776,20.004004882812495,10,0.0262719184666229,0.0192803247753711,0.0065679796166557,0.0065679796166557,-2.18256820369429,0.9918080575594314,True,True,True,False,- NAI,#191C23,-2.182568203694293
2025-11-24,noSBA_noNAI,bboxspan_0p50,0.5,100XIAV045,313,2025-11-24::noSBA_noNAI::100XIAV045::313,52,101.97794897460938,0.6613519089539039,0.1391136679378348,0.6613519089539039,0.6758246518765729,False,True,1.999599121093752,19.995828002929684,10,0.0003540274216166,0.0252000242528474,8.850685540416284e-05,8.850685540416284e-05,-4.053023089201695,0.4752273218775582,True,True,False,False,- NAI,#191C23,-4.053023089201695
2025-11-24,noSBA_noNAI,bboxspan_0p50,0.5,100XIAV045,343,2025-11-24::noSBA_noNAI::100XIAV045::343,83,163.81182006835937,1.1617467589463608,1.4549227073510167,1.4549227073510167,1.8618419955216357,False,True,1.9997761230468785,19.996975097656247,10,0.0142766321456952,0.0420680262715767,0.0035691580364238,0.0035691580364238,-2.44743422177612,0.9937027447759722,True,True,True,False,- NAI,#191C23,-2.4474342217761227
2025-11-24,noSBA_noNAI,bboxspan_0p50,0.5,100XIAV045,360,2025-11-24::noSBA_noNAI::100XIAV045::360,83,163.81182006835937,0.6384928099338936,0.3892739966615721,0.6384928099338936,0.7478016533908927,False,True,1.9997761230468785,19.996975097656247,10,0.0009452120575284,0.0095735868379347,0.0002363030143821,0.0002363030143821,-3.626530738286535,0.9282208945015106,True,True,False,False,- NAI,#191C23,-3.6265307382865375
2025-11-24,noSBA_noNAI,bboxspan_0p50,0.5,100XIAV045,368,2025-11-24::noSBA_noNAI::100XIAV045::368,44,85.80843090820312,2.8554697119953403,1.8335168064160283,2.8554697119953403,3.393448269169987,False,True,1.999468017578124,19.99525,10,0.0776752888416614,-0.0524815872705436,0.0194188222104153,0.0194188222104153,-1.7117771144398115,0.9933499328264976,True,True,True,True,- NAI,#191C23,-1.7117771144398126
2025-11-24,noSBA_noNAI,bboxspan_0p50,0.5,100XIAV045,394,2025-11-24::noSBA_noNAI::100XIAV045::394,83,163.81182006835937,4.426087794963621,2.996011182232806,4.426087794963621,5.344748466746583,False,True,1.9997761230468785,19.996975097656247,10,0.0760229161502297,-0.1216544854962992,0.0190057290375574,0.0190057290375574,-1.721115466712512,0.993221830290829,True,True,True,True,- NAI,#191C23,-1.7211154667125126
2025-11-24,noSBA_noNAI,bboxspan_0p50,0.5,100XIAV045,395,2025-11-24::noSBA_noNAI::100XIAV045::395,30,57.99912182617187,0.6785681323539876,0.7693831063013192,0.7693831063013192,1.025867961537081,False,True,2.0005681152343726,13.996407958984378,7,0.0034126114229387,0.0432142476573465,0.0008531528557346,0.0008531528557346,-3.0689731511831844,0.7343374618663803,True,True,False,False,- NAI,#191C23,-3.0689731511832337
2025-11-24,noSBA_noNAI,bboxspan_0p50,0.5,100XIAV045,403,2025-11-24::noSBA_noNAI::100XIAV045::403,83,163.81182006835937,0.3943147010261896,0.5058667806697628,0.5058667806697628,0.6413932360343093,False,True,1.9997761230468785,19.996975097656247,10,0.0001479847684723,0.0188064190091588,3.699619211809861e-05,3.699619211809861e-05,-4.431842973965475,0.4527214853640593,True,True,False,False,- NAI,#191C23,-4.431842973965475
2025-11-24,noSBA_noNAI,bboxspan_0p50,0.5,100XIAV045,414,2025-11-24::noSBA_noNAI::100XIAV045::414,64,125.97136206054688,0.5190417424304599,0.760407978310397,0.760407978310397,0.9206653158794204,False,True,1.999599121093752,19.996135986328127,10,0.0027235500114667,0.0502350882286613,0.0006808875028666,0.0006808875028666,-3.1669246368685693,0.8559262909893532,True,True,False,False,- NAI,#191C23,-3.166924636868629
2025-11-24,noSBA_noNAI,bboxspan_0p50,0.5,100XIAV045,439,2025-11-24::noSBA_noNAI::100XIAV045::439,43,83.80942895507812,1.8293612332410552,1.948094039776457,1.948094039776457,2.672383376220147,False,True,1.9995050048828065,19.996061035156245,10,0.043375231123621,0.0470571493709341,0.0108438077809052,0.0108438077809052,-1.964818189397716,0.986238909503524,True,True,True,True,- NAI,#191C23,-1.9648181893977186
2025-11-24,noSBA_noNAI,bboxspan_0p50,0.5,100XIAV045,458,2025-11-24::noSBA_noNAI::100XIAV045::458,83,163.81182006835937,0.393521431248665,0.5177370531779459,0.5177370531779459,0.6503159025315166,False,True,1.9997761230468785,19.996975097656247,10,0.0001300152648759,0.0126269152744998,3.250381621898419e-05,3.250381621898419e-05,-4.488065646235013,0.536257753136903,True,True,False,False,- NAI,#191C23,-4.488065646235013
2025-11-24,noSBA_noNAI,bboxspan_0p50,0.5,100XIAV045,459,2025-11-24::noSBA_noNAI::100XIAV045::459,83,163.81182006835937,2.2378974412989123,2.7209729247446823,2.7209729247446823,3.523049618578462,False,True,1.9997761230468785,19.996975097656247,10,0.0276754908787036,0.0014407084386084,0.0069188727196759,0.0069188727196759,-2.159964658650856,0.9984846470527076,True,True,True,False,- NAI,#191C23,-2.1599646586508565
2025-11-24,noSBA_noNAI,bboxspan_0p50,0.5,100XIAV045,471,2025-11-24::noSBA_noNAI::100XIAV045::471,37,71.81334790039062,0.6321631821742173,0.1633551020027859,0.6321631821742173,0.6529281570333548,False,True,2.0001489257812484,17.997236328125002,9,0.0003425851104524,0.0186661162349357,8.564627761310927e-05,8.564627761310927e-05,-4.067291507738943,0.5411790025571215,True,True,False,False,- NAI,#191C23,-4.067291507738943
2025-11-24,noSBA_noNAI,bboxspan_0p50,0.5,100XIAV045,492,2025-11-24::noSBA_noNAI::100XIAV045::492,69,135.81864990234374,0.7721786268571549,0.3773366027157472,0.7721786268571549,0.8594432753382056,False,True,1.9997761230468785,19.99630395507812,10,0.0004051699453252,0.0239458487835816,0.0001012924863313,0.0001012924863313,-3.994422768518036,0.5798469897059835,True,True,False,False,- NAI,#191C23,-3.99442276851809
2025-11-24,noSBA_noNAI,bboxspan_0p50,0.5,100XIAV045,503,2025-11-24::noSBA_noNAI::100XIAV045::503,43,84.00056201171874,0.3898229063609655,0.5363771105591191,0.5363771105591191,0.6630703605617276,False,True,1.9997761230468785,20.00434106445313,10,0.0022179718532441,0.0086904003585239,0.000554492963311,0.000554492963311,-3.2561039608125175,0.9974560180955954,True,True,False,False,- NAI,#191C23,-3.2561039608125566
2025-11-24,noSBA_noNAI,bboxspan_0p50,0.5,100XIAV045,564,2025-11-24::noSBA_noNAI::100XIAV045::564,65,127.97127807617188,0.5115935261308806,0.3859479106155183,0.5115935261308806,0.6408461014061896,False,True,1.9996831054687547,19.99621093750001,10,0.0004344597766829,0.0155800869850916,0.0001086149441707,0.0001086149441707,-3.9641104166957466,0.5693567719972699,True,True,False,False,- NAI,#191C23,-3.9641104166959322
2025-11-24,noSBA_noNAI,bboxspan_0p50,0.5,100XIAV045,567,2025-11-24::noSBA_noNAI::100XIAV045::567,83,163.81182006835937,2.2084633841682404,3.770814741086801,3.770814741086801,4.369937566008163,False,True,1.9997761230468785,19.996975097656247,10,0.0280671832699538,-0.0269965676303802,0.0070167958174884,0.0070167958174884,-2.153861160870107,0.9827367723027672,True,True,True,False,- NAI,#191C23,-2.1538611608701106
2025-11-24,noSBA_noNAI,bboxspan_0p50,0.5,100XIAV045,569,2025-11-24::noSBA_noNAI::100XIAV045::569,81,159.8736728515625,1.2908564920067391,0.9304440981979742,1.2908564920067391,1.5912374753088825,False,True,1.999850585937498,19.996975097656247,10,0.0069958376926197,-0.0100829697144155,0.0017489594231549,0.0017489594231549,-2.7572202662813705,0.9938521176117306,True,True,True,False,- NAI,#191C23,-2.7572202662813816
2025-11-24,noSBA_noNAI,bboxspan_0p50,0.5,100XIAV045,591,2025-11-24::noSBA_noNAI::100XIAV045::591,63,123.81160302734376,1.0196088274368265,0.3988226977323243,1.0196088274368265,1.0948340994020918,False,True,1.9997761230468785,19.9967890625,10,0.0041210047672115,0.0123620177747323,0.0010302511918028,0.0010302511918028,-2.9870568744077195,0.9973861686113926,True,True,True,False,- NAI,#191C23,-2.9870568744077612
2025-11-24,noSBA_noNAI,bboxspan_0p50,0.5,100XIAV045,603,2025-11-24::noSBA_noNAI::100XIAV045::603,83,163.81182006835937,0.5075760973751571,0.2659094637765946,0.5075760973751571,0.5730107656515286,False,True,1.9997761230468785,19.996975097656247,10,0.0010521042070194,0.0100109620519741,0.0002630260517548,0.0002630260517548,-3.580001234122234,0.9266331808880488,True,True,False,False,- NAI,#191C23,-3.58000123412232
2025-11-24,noSBA_noNAI,bboxspan_0p50,0.5,100XIAV045,673,2025-11-24::noSBA_noNAI::100XIAV045::673,35,67.81457885742188,1.1742440272834926,1.8204177525110197,1.8204177525110197,2.1662801825406213,False,True,2.0001489257812484,16.00689599609375,8,0.0162874540115144,0.1196482647082172,0.0040718635028786,0.0040718635028786,-2.390206788858968,0.8086581400099483,True,True,True,False,- NAI,#191C23,-2.3902067888589698
2025-11-24,noSBA_noNAI,bboxspan_0p50,0.5,100XIAV045,689,2025-11-24::noSBA_noNAI::100XIAV045::689,63,123.81160302734376,0.2542650986321746,0.5256021570290557,0.5256021570290557,0.5838735889351612,False,True,1.9997761230468785,19.9967890625,10,0.0004024375513698,0.0243037568621862,0.0001006093878424,0.0001006093878424,-3.997361493455437,0.3043921045086918,True,True,False,False,- NAI,#191C23,-3.9973614934557453
2025-11-24,noSBA_noNAI,bboxspan_0p50,0.5,100XIAV045,717,2025-11-24::noSBA_noNAI::100XIAV045::717,56,109.91527514648438,0.9001766561164715,0.7903952449938032,0.9001766561164715,1.1979326590112844,False,True,1.9995419921874884,19.995828002929684,10,0.0006550242291546,0.0463868904843842,0.0001637560572886,0.0001637560572886,-3.7858026266131817,0.6995624294922873,True,True,False,False,- NAI,#191C23,-3.7858026266133686
2025-11-24,noSBA_noNAI,bboxspan_0p50,0.5,100XIAV045,751,2025-11-24::noSBA_noNAI::100XIAV045::751,68,133.8088698730469,1.0566329388934506,1.1670507367944154,1.1670507367944154,1.5743190876715554,False,True,1.9997670898437576,19.996257446289064,10,0.0043278718212166,0.0381389619236703,0.0010819679553041,0.0010819679553041,-2.96578560155908,0.8351842640044546,True,True,True,False,- NAI,#191C23,-2.965785601559107
2025-11-24,noSBA_noNAI,bboxspan_0p50,0.5,100XIAV045,756,2025-11-24::noSBA_noNAI::100XIAV045::756,83,163.81182006835937,0.5008066953240018,0.4004168808372341,0.5008066953240018,0.6412027951754167,False,True,1.9997761230468785,19.996975097656247,10,0.0013313605399191,0.005222141185897,0.0003328401349797,0.0003328401349797,-3.4777643105384635,0.9804449526138814,True,True,False,False,- NAI,#191C23,-3.4777643105385714
2025-11-24,noSBA_noNAI,bboxspan_0p50,0.5,100XIAV045,776,2025-11-24::noSBA_noNAI::100XIAV045::776,83,163.81182006835937,1.022413402796289,2.076356888773496,2.076356888773496,2.314430188140191,False,True,1.9997761230468785,19.996975097656247,10,0.0208562621651208,0.0083220522857799,0.0052140655412802,0.0052140655412802,-2.282823514012063,0.996783884687574,True,True,True,False,- NAI,#191C23,-2.282823514012065
2025-11-24,noSBA_noNAI,bboxspan_0p50,0.5,100XIAV045,781,2025-11-24::noSBA_noNAI::100XIAV045::781,54,105.8140029296875,0.5059620496296446,0.757859881134813,0.757859881134813,0.9112349834697436,False,True,1.9995419921874884,19.99577258300781,10,0.0004226868923014,0.0191143902074972,0.0001056717230753,0.0001056717230753,-3.9760412109449415,0.5612717981749811,True,True,False,False,- NAI,#191C23,-3.976041210945178
2025-11-24,noSBA_noNAI,bboxspan_0p50,0.5,100XIAV045,798,2025-11-24::noSBA_noNAI::100XIAV045::798,79,155.883462890625,0.5320495381630437,0.2732562259190061,0.5320495381630437,0.5981184465162456,False,True,1.999850585937498,19.996844970703137,10,0.0012706958334175,0.0078641755366833,0.0003176739583543,0.0003176739583543,-3.498018385445261,0.98994487436415,True,True,False,False,- NAI,#191C23,-3.4980183854453686
2025-11-24,noSBA_noNAI,bboxspan_0p50,0.5,100XIAV045,816,2025-11-24::noSBA_noNAI::100XIAV045::816,58,113.97509399414062,0.7685877575847115,0.5271912583583926,0.7685877575847115,0.9320181135571352,False,True,1.999599121093752,19.996257446289064,10,0.0005733745564319,0.0435184501529156,0.0001433436391079,0.0001433436391079,-3.843621574162198,0.3955539594214223,True,True,False,False,- NAI,#191C23,-3.8436215741624307
2025-11-24,noSBA_noNAI,bboxspan_0p50,0.5,100XIAV045,819,2025-11-24::noSBA_noNAI::100XIAV045::819,42,81.97157495117187,0.5205702982858753,0.7818447190554423,0.7818447190554423,0.9392947355182656,False,True,1.999468017578124,19.995828002929684,10,0.0051561733318474,0.0460016219125175,0.0012890433329618,0.0012890433329618,-2.889732482995781,0.9213523864673084,True,True,True,False,- NAI,#191C23,-2.8897324829958033
2025-11-24,noSBA_noNAI,bboxspan_0p50,0.5,100XIAV045,823,2025-11-24::noSBA_noNAI::100XIAV045::823,83,163.81182006835937,0.9184641197795856,0.9180234254357842,0.9184641197795856,1.2985928341752622,False,True,1.9997761230468785,19.996975097656247,10,0.0074163032019144,0.0021647205134801,0.0018540758004786,0.0018540758004786,-2.7318725144975375,0.9987289211004052,True,True,True,False,- NAI,#191C23,-2.7318725144975406
2025-11-24,noSBA_noNAI,bboxspan_0p50,0.5,100XIAV045,834,2025-11-24::noSBA_noNAI::100XIAV045::834,83,163.81182006835937,4.551960510617022,2.4862343810833067,4.551960510617022,5.186685443315169,False,True,1.9997761230468785,19.996975097656247,10,0.0418807373892848,0.0274078016480592,0.0104701843473212,0.0104701843473212,-1.9800456716812775,0.9974244576431656,True,True,True,True,- NAI,#191C23,-1.9800456716812787
2025-11-24,noSBA_noNAI,bboxspan_0p50,0.5,100XIAV045,1123,2025-11-24::noSBA_noNAI::100XIAV045::1123,47,91.97982495117188,2.215359357607696,2.465239085307516,2.465239085307516,3.31439599792599,False,True,1.9995050048828065,19.99574389648437,10,0.0423929106452041,0.345921406839566,0.010598227661301,0.010598227661301,-1.974766755610061,0.8126847158756335,True,True,True,True,- NAI,#191C23,-1.9747667556100623
2025-11-24,noSBA_noNAI,bboxspan_0p50,0.5,100XIAV045,1829,2025-11-24::noSBA_noNAI::100XIAV045::1829,42,82.00193310546874,1.0349754004400893,0.887011586263796,1.0349754004400893,1.3630713971330843,False,True,1.9997851562499989,20.004509033203128,10,0.0098687914903057,0.0262961279731527,0.0024671978725764,0.0024671978725764,-2.60779601811386,0.9725537977100752,True,True,True,False,- NAI,#191C23,-2.607796018113868
2025-11-24,noSBA_noNAI,bboxspan_0p50,0.5,100XIAV045,2030,2025-11-24::noSBA_noNAI::100XIAV045::2030,68,133.91952221679688,2.7370161474491503,1.8312765800994055,2.7370161474491503,3.2931491469743612,False,True,1.999599121093752,19.996257446289064,10,0.0170753292814988,0.1654576847542696,0.0042688323203747,0.0042688323203747,-2.3696909039372573,0.8525205056115315,True,True,True,False,- NAI,#191C23,-2.3696909039372587
2025-11-24,noSBA_noNAI,bboxspan_0p50,0.5,100XIAV045,3119,2025-11-24::noSBA_noNAI::100XIAV045::3119,35,68.00463110351562,0.8805839826595729,0.5211394287468067,0.8805839826595729,1.0232372426329797,False,True,1.999962036132814,15.997591064453118,8,0.0050343680325374,0.0232981027055854,0.0012585920081343,0.0012585920081343,-2.9001150302829304,0.9878945692959188,True,True,True,False,- NAI,#191C23,-2.90011503028295
2025-11-24,noSBA_noNAI,bboxspan_0p50,0.5,100XIAV045,3164,2025-11-24::noSBA_noNAI::100XIAV045::3164,60,117.98367114257812,0.5328236462678717,0.8909474753661257,0.8909474753661257,1.038117739894403,False,True,1.999599121093752,19.996135986328127,10,0.0005511256889169,0.0201226322898016,0.0001377814222292,0.0001377814222292,-3.860809336617378,0.6793207227797552,True,True,False,False,- NAI,#191C23,-3.860809336617507
2025-11-24,noSBA_noNAI,bboxspan_0p50,0.5,100XIAV045,3360,2025-11-24::noSBA_noNAI::100XIAV045::3360,41,79.96214990234374,0.7699294782142942,0.6448326584901451,0.7699294782142942,1.004291072786572,False,True,1.999654541015623,19.996061035156245,10,0.0008987665521535,0.0227262062562336,0.0002246916380383,0.0002246916380383,-3.648413089669684,0.6140329520229777,True,True,False,False,- NAI,#191C23,-3.64841308966987
2025-11-24,noSBA_noNAI,bboxspan_0p50,0.5,100XIAV045,4869,2025-11-24::noSBA_noNAI::100XIAV045::4869,46,89.99934008789062,0.5115151606694042,0.79849346005863,0.79849346005863,0.9482824291059332,False,True,1.9997670898437576,20.00421948242187,10,0.0033120019696495,0.0301468294585532,0.0008280004924123,0.0008280004924123,-3.081969404939852,0.748291650528476,True,True,False,False,- NAI,#191C23,-3.081969404939901
2025-11-24,noSBA_noNAI,bboxspan_0p50,0.5,100XIAV045,5008,2025-11-24::noSBA_noNAI::100XIAV045::5008,44,86.00049707031249,3.5095843919536556,2.063276247540714,3.5095843919536556,4.071153580732419,False,True,1.9997851562499989,20.00421948242187,10,0.0934590171225525,-0.0700914789169613,0.0233647542806381,0.0233647542806381,-1.6314387819464982,0.9796892800929174,True,True,True,True,- NAI,#191C23,-1.631438781946499
2025-11-24,noSBA_noNAI,bboxspan_0p50,0.5,100XIAV045,5046,2025-11-24::noSBA_noNAI::100XIAV045::5046,42,82.06234985351563,1.034299533513931,1.6988799366488836,1.6988799366488836,1.9889616799162444,False,True,1.9999350585937492,20.00421948242187,10,0.0220881058780167,0.0323591557866347,0.0055220264695041,0.0055220264695041,-2.2579015159270974,0.9915085414301202,True,True,True,False,- NAI,#191C23,-2.2579015159271036
2025-11-24,noSBA_noNAI,bboxspan_0p50,0.5,100XIAV045,5953,2025-11-24::noSBA_noNAI::100XIAV045::5953,36,69.993451171875,0.5121420265242236,0.5141135075981254,0.5141135075981254,0.72567358641967,False,True,1.9997851562499989,17.997021972656242,9,0.0004241434496759,0.0155836284503544,0.0001060358624189,0.0001060358624189,-3.9745472270315183,0.8249735133361522,True,True,False,False,- NAI,#191C23,-3.9745472270319118
2025-11-24,noSBA_noNAI,bboxspan_0p50,0.5,100XIAV045,6166,2025-11-24::noSBA_noNAI::100XIAV045::6166,35,68.00463110351562,2.0775594752483357,3.528514113021444,3.528514113021444,4.094711860312719,False,True,1.999962036132814,15.997591064453118,8,0.0740216241509639,0.230261179930837,0.0185054060377409,0.0185054060377409,-1.732701381359696,0.9752729314918028,True,True,True,True,- NAI,#191C23,-1.732701381359698
2025-11-24,noSBA_noNAI,bboxspan_0p50,0.5,100XIAV046,1,2025-11-24::noSBA_noNAI::100XIAV046::1,84,165.8122021484375,2.611941479860988,3.2692832159694305,3.2692832159694305,4.184549084481843,False,True,1.9989460449218797,19.996462524414067,10,0.0730525471700952,0.0419024440962624,0.0182631367925238,0.0182631367925238,-1.738424627968928,0.9953533998856798,True,True,True,True,- NAI,#191C23,-1.738424627968928
2025-11-24,noSBA_noNAI,bboxspan_0p50,0.5,100XIAV046,13,2025-11-24::noSBA_noNAI::100XIAV046::13,46,89.80820703124999,0.6469828762338281,0.2321102282671034,0.6469828762338281,0.6873587129046986,False,True,1.9991699218749996,19.997441528320316,10,0.002846034120571,0.0176766239674019,0.0007115085301427,0.0007115085301427,-3.1478198888731264,0.9622320918371856,True,True,False,False,- NAI,#191C23,-3.147819888873165
2025-11-24,noSBA_noNAI,bboxspan_0p50,0.5,100XIAV046,59,2025-11-24::noSBA_noNAI::100XIAV046::59,84,165.8122021484375,2.46341049231561,2.598467932812881,2.598467932812881,3.580562365258771,False,True,1.9989460449218797,19.996462524414067,10,0.0397586350041995,-0.0012497449262821,0.0099396587510498,0.0099396587510498,-2.0026285255704943,0.9951850211029188,True,True,True,False,- NAI,#191C23,-2.0026285255704983
2025-11-24,noSBA_noNAI,bboxspan_0p50,0.5,100XIAV046,83,2025-11-24::noSBA_noNAI::100XIAV046::83,84,165.8122021484375,1.4287797999887315,2.2212893278728103,2.2212893278728103,2.6411243808229634,False,True,1.9989460449218797,19.996462524414067,10,0.0214577988683727,0.0053058549394406,0.0053644497170931,0.0053644497170931,-2.2704748211513346,0.9838547645359216,True,True,True,False,- NAI,#191C23,-2.2704748211513412
2025-11-24,noSBA_noNAI,bboxspan_0p50,0.5,100XIAV046,100,2025-11-24::noSBA_noNAI::100XIAV046::100,84,165.8122021484375,0.5189614589408045,1.285589445799218,1.285589445799218,1.3863842248872815,False,True,1.9989460449218797,19.996462524414067,10,0.0054225238328496,0.0110873884757661,0.0013556309582124,0.0013556309582124,-2.86785852184462,0.9709347724342818,True,True,True,False,- NAI,#191C23,-2.8678585218446226
2025-11-24,noSBA_noNAI,bboxspan_0p50,0.5,100XIAV046,110,2025-11-24::noSBA_noNAI::100XIAV046::110,84,165.8122021484375,4.000787174002916,3.360019961593277,4.000787174002916,5.224560474716656,False,True,1.9989460449218797,19.996462524414067,10,0.0446809795474786,-0.0140346829725191,0.0111702448868696,0.0111702448868696,-1.9519373056802387,0.9960501022864464,True,True,True,True,- NAI,#191C23,-1.9519373056802412
2025-11-24,noSBA_noNAI,bboxspan_0p50,0.5,100XIAV046,117,2025-11-24::noSBA_noNAI::100XIAV046::117,84,165.8122021484375,1.6723570318185637,1.5750397140310597,1.6723570318185637,2.2972871267318844,False,True,1.9989460449218797,19.996462524414067,10,0.0314531434626319,0.0460095222591306,0.0078632858656579,0.0078632858656579,-2.104395935497275,0.9714442245403212,True,True,True,False,- NAI,#191C23,-2.10439593549728
2025-11-24,noSBA_noNAI,bboxspan_0p50,0.5,100XIAV046,139,2025-11-24::noSBA_noNAI::100XIAV046::139,84,165.8122021484375,1.831661847024524,2.368942203764888,2.368942203764888,2.994473624299225,False,True,1.9989460449218797,19.996462524414067,10,0.0332266341905716,0.0644124024814306,0.0083066585476429,0.0083066585476429,-2.0805736412167533,0.9925072012622368,True,True,True,False,- NAI,#191C23,-2.0805736412167533
2025-11-24,noSBA_noNAI,bboxspan_0p50,0.5,100XIAV046,145,2025-11-24::noSBA_noNAI::100XIAV046::145,81,160.00390405273438,0.4049336532088805,0.7801346862015706,0.7801346862015706,0.878966092699777,False,True,1.9986665039062572,19.996528076171877,10,0.0009016854787065,0.0242546181027785,0.0002254213696766,0.0002254213696766,-3.6470049157401023,0.5501085985594396,True,True,False,False,- NAI,#191C23,-3.647004915740168
2025-11-24,noSBA_noNAI,bboxspan_0p50,0.5,100XIAV046,155,2025-11-24::noSBA_noNAI::100XIAV046::155,55,107.97558911132812,0.5214203028402551,0.3746553625053082,0.5214203028402551,0.6420636828757776,False,True,1.9982469482421903,19.995316162109376,10,0.0012030614374649,0.0166038658270566,0.0003007653593662,0.0003007653593662,-3.5217721850432344,0.9615522033129448,True,True,False,False,- NAI,#191C23,-3.5217721850432784
2025-11-24,noSBA_noNAI,bboxspan_0p50,0.5,100XIAV046,162,2025-11-24::noSBA_noNAI::100XIAV046::162,47,91.94003198242189,0.6602889641981875,0.8871478748584778,0.8871478748584778,1.105899122030499,False,True,1.9973239746093725,19.995986816406244,10,0.0006900784946955,0.0514437475026116,0.0001725196236738,0.0001725196236738,-3.7631614978743793,0.307117855747872,True,True,False,False,- NAI,#191C23,-3.763161497874627
2025-11-24,noSBA_noNAI,bboxspan_0p50,0.5,100XIAV046,398,2025-11-24::noSBA_noNAI::100XIAV046::398,34,66.10276098632812,0.6422088103661281,0.2639732246473159,0.6422088103661281,0.6943443090013627,False,True,1.9990021972656251,15.996351562500005,8,0.0008395591463491,0.0311283898188765,0.0002098897865872,0.0002098897865872,-3.678008694036486,0.3494685021092447,True,True,False,False,- NAI,#191C23,-3.678008694036653
2025-11-24,noSBA_noNAI,bboxspan_0p50,0.5,100XIAV046,466,2025-11-24::noSBA_noNAI::100XIAV046::466,66,130.00002197265624,2.8615797541475025,3.1368452450308766,3.1368452450308766,4.245990671282699,False,True,1.9981259765625057,19.995297119140623,10,0.1161127599665545,0.0617314437787184,0.0290281899916386,0.0290281899916386,-1.537180043091865,0.9741232494222228,True,True,True,True,- NAI,#191C23,-1.5371800430918656
2025-11-24,noSBA_noNAI,bboxspan_0p50,0.5,100XIAV046,470,2025-11-24::noSBA_noNAI::100XIAV046::470,53,103.896880859375,2.861749255817685,3.748050820145295,3.748050820145295,4.715664720223957,False,True,1.9983774414062552,19.995316162109376,10,0.0844138897462778,0.1376406368560628,0.0211034724365694,0.0211034724365694,-1.675646078542903,0.9978952663605334,True,True,True,True,- NAI,#191C23,-1.6756460785429046
2025-11-24,noSBA_noNAI,bboxspan_0p50,0.5,100XIAV046,838,2025-11-24::noSBA_noNAI::100XIAV046::838,32,62.00540502929687,0.881353545647336,0.2452410957397859,0.881353545647336,0.914837290158628,False,True,1.9965219726562395,16.021682983398442,8,0.0035088277615793,0.0783987332583796,0.0008772069403948,0.0008772069403948,-3.0568979408758965,0.3763065086204066,True,True,False,False,- NAI,#191C23,-3.0568979408759103
2025-11-24,noSBA_noNAI,bboxspan_0p50,0.5,100XIAV047,11,2025-11-24::noSBA_noNAI::100XIAV047::11,56,109.82321411132811,0.3972147721332533,0.6485544015218778,0.6485544015218778,0.7605277029367657,False,True,2.0000458984374987,19.99717102050781,10,0.0002795044135822,0.0214376064214866,6.987610339556505e-05,6.987610339556505e-05,-4.155671321218983,0.4745974208524821,True,True,False,False,- NAI,#191C23,-4.155671321218983
2025-11-24,noSBA_noNAI,bboxspan_0p50,0.5,100XIAV047,69,2025-11-24::noSBA_noNAI::100XIAV047::69,30,57.81565307617188,1.5755880457055935,1.2984048492596545,1.5755880457055935,2.041649539551624,False,True,2.001091064453128,13.995885986328126,7,0.0296780037270276,0.0602634115025185,0.0074195009317569,0.0074195009317569,-2.129625306294211,0.9774851650092028,True,True,True,False,- NAI,#191C23,-2.1296253062942125
2025-11-24,noSBA_noNAI,bboxspan_0p50,0.5,100XIAV047,146,2025-11-24::noSBA_noNAI::100XIAV047::146,54,105.81556909179687,0.7743409948550664,0.5178669303838319,0.7743409948550664,0.9315525395265188,False,True,2.0000458984374987,19.997311035156248,10,0.0029155990355674,0.0065365181191838,0.0007288997588918,0.0007288997588918,-3.137332193428906,0.9920794000882572,True,True,False,False,- NAI,#191C23,-3.137332193428948
2025-11-24,noSBA_noNAI,bboxspan_0p50,0.5,100XIAV047,179,2025-11-24::noSBA_noNAI::100XIAV047::179,39,75.81230200195313,0.3856965496284807,0.5116512311572308,0.5116512311572308,0.6407408296183607,False,True,2.000083496093751,17.996704956054685,9,0.0034035743637351,0.0115295176716834,0.0008508935909337,0.0008508935909337,-3.0701247475061875,0.9829849388902088,True,True,False,False,- NAI,#191C23,-3.070124747506233
2025-11-24,noSBA_noNAI,bboxspan_0p50,0.5,100XIAV047,180,2025-11-24::noSBA_noNAI::100XIAV047::180,56,109.82321411132811,1.4336213723863978,1.675751699431146,1.675751699431146,2.205314942929792,False,True,2.0000458984374987,19.99717102050781,10,0.0268549657930117,-0.0173881786131179,0.0067137414482529,0.0067137414482529,-2.1730353878063786,0.9970695785864354,True,True,True,False,- NAI,#191C23,-2.1730353878063813
2025-11-24,noSBA_noNAI,bboxspan_0p50,0.5,100XIAV047,290,2025-11-24::noSBA_noNAI::100XIAV047::290,56,109.82321411132811,0.5186365510251179,0.3842897910463314,0.5186365510251179,0.6454940089277845,False,True,2.0000458984374987,19.99717102050781,10,0.0016787632915882,0.0194297149895371,0.000419690822897,0.000419690822897,-3.377070527116221,0.8621722773296844,True,True,False,False,- NAI,#191C23,-3.377070527116285
2025-11-24,noSBA_noNAI,bboxspan_0p50,0.5,100XIAV047,321,2025-11-24::noSBA_noNAI::100XIAV047::321,41,79.80998901367188,0.7931848627794409,1.5613178908715994,1.5613178908715994,1.7512440671985674,False,True,1.9998784179687483,19.99524096679687,10,0.0127288008721768,0.0208280068281753,0.0031822002180442,0.0031822002180442,-2.497272498838954,0.975284529449653,True,True,True,False,- NAI,#191C23,-2.497272498838954
2025-11-24,noSBA_noNAI,bboxspan_0p50,0.5,100XIAV047,362,2025-11-24::noSBA_noNAI::100XIAV047::362,56,109.82321411132811,1.3039522944219757,1.939559296206284,1.939559296206284,2.337131115198407,False,True,2.0000458984374987,19.99717102050781,10,0.0195282134417148,0.0005061832014933,0.0048820533604287,0.0048820533604287,-2.3113974780910755,0.9950045131239,True,True,True,False,- NAI,#191C23,-2.3113974780910773
2025-11-24,noSBA_noNAI,bboxspan_0p50,0.5,100XIAV047,369,2025-11-24::noSBA_noNAI::100XIAV047::369,45,87.81989013671875,0.3982389480689789,0.5055618929192747,0.5055618929192747,0.6435736844613886,False,True,1.999990478515624,19.99652709960938,10,0.0006758458495881,0.0289841647888943,0.000168961462397,0.000168961462397,-3.7722123402198378,0.6812190663898992,True,True,False,False,- NAI,#191C23,-3.772212340219915
2025-11-24,noSBA_noNAI,bboxspan_0p50,0.5,100XIAV047,446,2025-11-24::noSBA_noNAI::100XIAV047::446,55,107.81350805664064,1.1760194335350462,2.3373131542259458,2.3373131542259458,2.6164966059541777,False,True,1.999990478515624,19.99721801757812,10,0.0252303757802619,0.0570147603058198,0.0063075939450654,0.0063075939450654,-2.2001362723966404,0.9763463657799604,True,True,True,False,- NAI,#191C23,-2.200136272396647
2025-11-24,noSBA_noNAI,bboxspan_0p50,0.5,100XIAV047,449,2025-11-24::noSBA_noNAI::100XIAV047::449,31,59.815698974609376,0.2680650691446224,1.4094450592922882,1.4094450592922882,1.434710513120662,False,True,2.0007830810546885,13.991578002929684,7,0.0190303387286438,0.0321600187550287,0.0047575846821609,0.0047575846821609,-2.322613472790199,0.9041342873467296,True,True,True,False,- NAI,#191C23,-2.3226134727902035
2025-11-24,noSBA_noNAI,bboxspan_0p50,0.5,100XIAV047,451,2025-11-24::noSBA_noNAI::100XIAV047::451,56,109.82321411132811,1.4063552012421496,3.7584423739620902,3.7584423739620902,4.012944558607138,False,True,2.0000458984374987,19.99717102050781,10,0.0553007940277032,-0.0737233948441842,0.0138251985069258,0.0138251985069258,-1.8593286242298772,0.9974663244606656,True,True,True,True,- NAI,#191C23,-1.8593286242298774
2025-11-24,noSBA_noNAI,bboxspan_0p50,0.5,100XIAV047,456,2025-11-24::noSBA_noNAI::100XIAV047::456,53,103.91548999023438,0.5281044689634413,0.5107982403235098,0.5281044689634413,0.7347170696647469,False,True,2.000083496093751,19.99721801757812,10,0.0005933171803505,0.0146095757334213,0.0001483292950876,0.0001483292950876,-3.828773067188385,0.8455238504981165,True,True,False,False,- NAI,#191C23,-3.8287730671884725
2025-11-24,noSBA_noNAI,bboxspan_0p50,0.5,100XIAV047,505,2025-11-24::noSBA_noNAI::100XIAV047::505,46,89.8288681640625,1.1552581832132631,1.3101816862929,1.3101816862929,1.7467677352694937,False,True,2.0000458984374987,19.99682556152344,10,0.0210722489218409,0.0208817333636928,0.0052680622304602,0.0052680622304602,-2.2783491034547754,0.9944927906933784,True,True,True,False,- NAI,#191C23,-2.278349103454779
2025-11-24,noSBA_noNAI,bboxspan_0p50,0.5,100XIAV047,528,2025-11-24::noSBA_noNAI::100XIAV047::528,31,59.815698974609376,0.914369167699718,1.2982595527879894,1.2982595527879894,1.5879385508404111,False,True,2.0007830810546885,13.991578002929684,7,0.0339322031534676,0.0760600369978292,0.0084830507883669,0.0084830507883669,-2.071447932851989,0.9833042448685904,True,True,True,False,- NAI,#191C23,-2.071447932851989
2025-11-24,noSBA_noNAI,bboxspan_0p50,0.5,100XIAV047,531,2025-11-24::noSBA_noNAI::100XIAV047::531,56,109.82321411132811,0.7926799826563098,0.6743099319153671,0.7926799826563098,1.040689886173453,False,True,2.0000458984374987,19.99717102050781,10,0.0012370920790978,0.0318669343796317,0.0003092730197744,0.0003092730197744,-3.5096579651379525,0.8840534514276311,True,True,False,False,- NAI,#191C23,-3.5096579651380457
2025-11-24,noSBA_noNAI,bboxspan_0p50,0.5,100XIAV047,534,2025-11-24::noSBA_noNAI::100XIAV047::534,56,109.82321411132811,0.2811200047056594,0.5228372513904773,0.5228372513904773,0.5936221428545765,False,True,2.0000458984374987,19.99717102050781,10,0.0011522740815974,0.010234056740751,0.0002880685203993,0.0002880685203993,-3.5405041980327323,0.9922380670738118,True,True,False,False,- NAI,#191C23,-3.540504198032822
2025-11-24,noSBA_noNAI,bboxspan_0p50,0.5,100XIAV047,583,2025-11-24::noSBA_noNAI::100XIAV047::583,52,101.97563696289065,2.082762900661219,1.0587374018936515,2.082762900661219,2.3364131027151975,False,True,1.9999350585937492,19.99682556152344,10,0.0052907843490081,0.065458762271473,0.001322696087252,0.001322696087252,-2.8785399311651045,0.8578949481310109,True,True,True,False,- NAI,#191C23,-2.87853993116512
2025-11-24,noSBA_noNAI,bboxspan_0p50,0.5,100XIAV047,1101,2025-11-24::noSBA_noNAI::100XIAV047::1101,30,58.01448706054688,0.534353094518238,0.5036203169991254,0.534353094518238,0.7342796833056983,False,True,1.9999350585937492,13.99838403320313,7,0.0077422927994579,-0.0011353244528849,0.0019355731998644,0.0019355731998644,-2.713190399805586,0.9796730792657852,True,True,True,False,- NAI,#191C23,-2.7131903998056037
2025-11-24,noSBA_noNAI,bboxspan_0p50,0.5,100XIAV048,58,2025-11-24::noSBA_noNAI::100XIAV048::58,32,61.998133056640626,0.8863535666462212,0.3713998420980786,0.8863535666462212,0.9610205449504996,False,True,2.000531005859372,15.998673339843748,8,0.0024413096024999,0.0212899224439882,0.0006103274006249,0.0006103274006249,-3.2144371319717964,0.8189664959986801,True,True,False,False,- NAI,#191C23,-3.2144371319718568
2025-11-24,noSBA_noNAI,bboxspan_0p50,0.5,100XIAV048,71,2025-11-24::noSBA_noNAI::100XIAV048::71,46,89.81072509765625,0.9137958863419442,0.7778784581351204,0.9137958863419442,1.200049089631808,False,True,1.9997658691406173,20.00076037597656,10,0.004323841520628,0.0334237674082108,0.001080960380157,0.001080960380157,-2.966190223710438,0.961972994205888,True,True,True,False,- NAI,#191C23,-2.966190223710444
2025-11-24,noSBA_noNAI,bboxspan_0p50,0.5,100XIAV048,149,2025-11-24::noSBA_noNAI::100XIAV048::149,46,89.81072509765625,1.3105351410269606,1.1652572362992544,1.3105351410269606,1.7536609656984248,False,True,1.9997658691406173,20.00076037597656,10,0.0159597925889027,0.0334919604729984,0.0039899481472256,0.0039899481472256,-2.3990327483032483,0.9952697336424656,True,True,True,False,- NAI,#191C23,-2.399032748303257
2025-11-24,noSBA_noNAI,bboxspan_0p50,0.5,100XIAV048,188,2025-11-24::noSBA_noNAI::100XIAV048::188,46,89.81072509765625,0.5077771074111652,0.3866274128196778,0.5077771074111652,0.6382149693907905,False,True,1.9997658691406173,20.00076037597656,10,0.000661386029701,0.0255025861744159,0.0001653465074252,0.0001653465074252,-3.781604974151895,0.3523522989633602,True,True,False,False,- NAI,#191C23,-3.7816049741520485
2025-11-24,noSBA_noNAI,bboxspan_0p50,0.5,100XIAV048,199,2025-11-24::noSBA_noNAI::100XIAV048::199,30,57.8572919921875,0.5308660813149686,0.6657327013357417,0.6657327013357417,0.8514803731845466,False,True,1.9999160156250009,14.002374999999995,7,0.0022372140199249,0.1107238138131198,0.0005593035049812,0.0005593035049812,-3.2523524590746793,0.345993679271649,True,True,False,False,- NAI,#191C23,-3.2523524590747113
2025-11-24,noSBA_noNAI,bboxspan_0p50,0.5,100XIAV048,216,2025-11-24::noSBA_noNAI::100XIAV048::216,43,83.9996669921875,1.9336761144682413,3.114373641709552,3.114373641709552,3.6658459454592753,False,True,1.999840942382809,19.999212890625,10,0.053731224084114,-0.0218802143477438,0.0134328060210285,0.0134328060210285,-1.8718332567164513,0.9896468541958764,True,True,True,True,- NAI,#191C23,-1.8718332567164515
2025-11-24,noSBA_noNAI,bboxspan_0p50,0.5,100XIAV048,284,2025-11-24::noSBA_noNAI::100XIAV048::284,30,57.8572919921875,2.8631468582801887,3.8914858340996368,3.8914858340996368,4.83128056824253,False,True,1.9999160156250009,14.002374999999995,7,0.2120648767100227,-0.306621994845504,0.0530162191775056,0.0530162191775056,-1.2755912469705937,0.9826699595008926,True,True,True,True,- NAI,#191C23,-1.2755912469705941
2025-11-24,noSBA_noNAI,bboxspan_0p50,0.5,100XIAV048,285,2025-11-24::noSBA_noNAI::100XIAV048::285,46,89.81072509765625,0.5279264060001623,0.7753010917411061,0.7753010917411061,0.93797551834107,False,True,1.9997658691406173,20.00076037597656,10,0.0008340861111958,0.0318326097523066,0.0002085215277989,0.0002085215277989,-3.6808491017374103,0.8806265033731813,True,True,False,False,- NAI,#191C23,-3.6808491017375324
2025-11-24,noSBA_noNAI,bboxspan_0p50,0.5,100XIAV048,286,2025-11-24::noSBA_noNAI::100XIAV048::286,46,89.81072509765625,0.6581770508431077,0.2600341711106644,0.6581770508431077,0.7076826975430027,False,True,1.9997658691406173,20.00076037597656,10,0.0016253924756017,0.0487603790895083,0.0004063481189004,0.0004063481189004,-3.3911017463776116,0.3577179292471305,True,True,False,False,- NAI,#191C23,-3.3911017463776627
2025-11-24,noSBA_noNAI,bboxspan_0p50,0.5,100XIAV048,287,2025-11-24::noSBA_noNAI::100XIAV048::287,46,89.81072509765625,0.5063154227422118,0.5355319127550704,0.5355319127550704,0.7369869312855751,False,True,1.9997658691406173,20.00076037597656,10,0.0006518951054249,0.0319458214908959,0.0001629737763562,0.0001629737763562,-3.787882271056177,0.4454670480324955,True,True,False,False,- NAI,#191C23,-3.7878822710562687
2025-11-24,noSBA_noNAI,bboxspan_0p50,0.5,100XIAV048,302,2025-11-24::noSBA_noNAI::100XIAV048::302,46,89.81072509765625,0.7681183885797012,0.3773620160211504,0.7681183885797012,0.8558083605631717,False,True,1.9997658691406173,20.00076037597656,10,0.0013619313591179,0.0394191504535845,0.0003404828397794,0.0003404828397794,-3.467904771495321,0.7758773662586248,True,True,False,False,- NAI,#191C23,-3.4679047714954416
2025-11-24,noSBA_noNAI,bboxspan_0p50,0.5,100XIAV048,356,2025-11-24::noSBA_noNAI::100XIAV048::356,40,78.00443310546875,1.0368461618855491,1.025565969178544,1.0368461618855491,1.4583674161725912,False,True,1.9999160156250009,19.999044921874997,10,0.0090722781789478,0.0684826777842088,0.0022680695447369,0.0022680695447369,-2.644343633009973,0.9407109967336904,True,True,True,False,- NAI,#191C23,-2.6443436330099828
2025-11-24,noSBA_noNAI,bboxspan_0p50,0.5,100XIAV048,375,2025-11-24::noSBA_noNAI::100XIAV048::375,46,89.81072509765625,0.5299466907430883,0.6379266079005674,0.6379266079005674,0.8293333781399822,False,True,1.9997658691406173,20.00076037597656,10,0.000737986310302,0.0331811704777856,0.0001844965775755,0.0001844965775755,-3.7340116856233743,0.7573387376224513,True,True,False,False,- NAI,#191C23,-3.734011685623408
2025-11-24,noSBA_noNAI,bboxspan_0p50,0.5,100XIAV048,398,2025-11-24::noSBA_noNAI::100XIAV048::398,43,83.81397998046874,0.6576314905423821,0.3782718260443403,0.6576314905423821,0.7586624755000836,False,True,2.000130493164063,20.002307861328127,10,0.0007812664498223,0.0182592225947871,0.0001953166124555,0.0001953166124555,-3.709260816666257,0.757045770257824,True,True,False,False,- NAI,#191C23,-3.7092608166664394
2025-11-24,noSBA_noNAI,bboxspan_0p50,0.5,100XIAV048,705,2025-11-24::noSBA_noNAI::100XIAV048::705,37,71.9945791015625,0.2439109983725984,0.646459811687417,0.646459811687417,0.6909434587967732,False,True,1.999840942382809,18.000845458984372,9,0.000602785225554,0.0208837729474078,0.0001506963063885,0.0001506963063885,-3.8218973922424246,0.661770931475911,True,True,False,False,- NAI,#191C23,-3.8218973922424437
2025-11-24,noSBA_noNAI,bboxspan_0p50,0.5,100XIAV048,818,2025-11-24::noSBA_noNAI::100XIAV048::818,43,83.9996669921875,2.247638266119729,1.5782357217881184,2.247638266119729,2.7463986908046993,False,True,1.999840942382809,19.999212890625,10,0.0425637383689923,0.2584501580702943,0.010640934592248,0.010640934592248,-1.9730202263237624,0.8918516622069695,True,True,True,True,- NAI,#191C23,-1.9730202263237666
2025-11-24,noSBA_noNAI,bboxspan_0p50,0.5,100XIAV048,1357,2025-11-24::noSBA_noNAI::100XIAV048::1357,39,75.99370214843749,4.789062039383452,2.4914587239649677,4.789062039383452,5.39837769985435,False,True,1.999840942382809,18.000845458984372,9,0.1382128876413017,-0.0461807721583178,0.0345532219103254,0.0345532219103254,-1.46151145067367,0.9925149630250476,True,True,True,True,- NAI,#191C23,-1.4615114506736706
2025-11-24,noSBA_noNAI,bboxspan_0p50,0.5,100XIAV049,52,2025-11-24::noSBA_noNAI::100XIAV049::52,31,59.88760302734375,0.1358192412628796,0.5201666704587353,0.5201666704587353,0.5376060187101246,False,True,1.9987130126953132,14.014896484375,7,0.0005726084257997,0.0200389800635642,0.0001431521064499,0.0001431521064499,-3.8442022570530896,0.574030040032901,True,True,False,False,- NAI,#191C23,-3.8442022570532295
2025-11-24,noSBA_noNAI,bboxspan_0p50,0.5,100XIAV049,65,2025-11-24::noSBA_noNAI::100XIAV049::65,34,65.88524291992188,1.0640880896726657,0.8988658804169489,1.0640880896726657,1.3929261766371397,False,True,1.998666992187509,16.006887084960937,8,0.0027291704940227,0.0783026948208071,0.0006822926235056,0.0006822926235056,-3.1660293239979636,0.4162647292928784,True,True,False,False,- NAI,#191C23,-3.166029323998023
2025-11-24,noSBA_noNAI,bboxspan_0p50,0.5,100XIAV049,71,2025-11-24::noSBA_noNAI::100XIAV049::71,47,91.88513500976562,0.663402295504838,0.3809459021367587,0.663402295504838,0.7649982915248094,False,True,1.9992354736328135,20.005572021484376,10,0.0007149944056036,0.0266842525549516,0.0001787486014009,0.0001787486014009,-3.747757347603789,0.5871157635134809,True,True,False,False,- NAI,#191C23,-3.7477573476037924
2025-11-24,noSBA_noNAI,bboxspan_0p50,0.5,100XIAV049,91,2025-11-24::noSBA_noNAI::100XIAV049::91,36,69.88507397460937,0.9008143847867416,1.8201339721076124,1.8201339721076124,2.030850617908405,False,True,1.9987600097656248,18.006886962890626,9,0.0305838510280304,0.003901261718094,0.0076459627570076,0.0076459627570076,-2.116567821732302,0.9971904608732328,True,True,True,False,- NAI,#191C23,-2.1165678217323034
2025-11-24,noSBA_noNAI,bboxspan_0p50,0.5,100XIAV049,103,2025-11-24::noSBA_noNAI::100XIAV049::103,47,91.88513500976562,1.3077696184665086,0.7787623425906745,1.3077696184665086,1.522081522528065,False,True,1.9992354736328135,20.005572021484376,10,0.0115726891513906,-0.0238736749436808,0.0028931722878476,0.0028931722878476,-2.538625703429919,0.9797058337418209,True,True,True,False,- NAI,#191C23,-2.538625703429929
2025-11-24,noSBA_noNAI,bboxspan_0p50,0.5,100XIAV049,136,2025-11-24::noSBA_noNAI::100XIAV049::136,36,69.88507397460937,0.4101858874660067,1.0235281503413347,1.0235281503413347,1.1026614787945708,False,True,1.9987600097656248,18.006886962890626,9,0.0019538103565485,0.0606391540331041,0.0004884525891371,0.0004884525891371,-3.311177583993046,0.567604274881054,True,True,False,False,- NAI,#191C23,-3.311177583993086
2025-11-24,noSBA_noNAI,bboxspan_0p50,0.5,100XIAV049,577,2025-11-24::noSBA_noNAI::100XIAV049::577,47,91.88513500976562,0.4981739610454525,0.7652022715290983,0.7652022715290983,0.913078206845946,False,True,1.9992354736328135,20.005572021484376,10,0.003428664632915,0.0427501555557637,0.0008571661582287,0.0008571661582287,-3.066934983669219,0.9482875727496816,True,True,False,False,- NAI,#191C23,-3.0669349836692446
2025-11-24,noSBA_noNAI,bboxspan_0p50,0.5,100XIAV049,580,2025-11-24::noSBA_noNAI::100XIAV049::580,37,71.88590405273438,1.942891422135162,1.5628763512172057,1.942891422135162,2.4934733941633302,False,True,1.9989744873046873,18.006056884765627,9,0.0579758680948352,0.0200486952624355,0.0144939670237088,0.0144939670237088,-1.8388127311119584,0.9860122767116282,True,True,True,True,- NAI,#191C23,-1.8388127311119584
2025-11-24,noSBA_noNAI,bboxspan_0p50,0.5,100XIAV049,663,2025-11-24::noSBA_noNAI::100XIAV049::663,36,69.88507397460937,1.048781279553566,0.5016417910999991,1.048781279553566,1.1625775926449085,False,True,1.9987600097656248,18.006886962890626,9,0.0088680622569118,-3.595995483153416e-05,0.0022170155642279,0.0022170155642279,-2.6542312579750065,0.9996706682711552,True,True,True,False,- NAI,#191C23,-2.654231257975018
2025-11-24,noSBA_NAI,bboxspan_0p50,0.5,100XIAV036,27,2025-11-24::noSBA_NAI::100XIAV036::27,71,139.89892504882815,0.525038643430058,1.175165599915459,1.175165599915459,1.2871207263965323,False,True,1.9995704345703136,19.9972548828125,10,0.0052371973304378,0.0139516779313331,0.0013092993326094,0.0013092993326094,-2.882961053495652,0.9959666713658932,True,True,True,False,+ NAI,#BE5AA7,-2.8829610534956727
2025-11-24,noSBA_NAI,bboxspan_0p50,0.5,100XIAV036,30,2025-11-24::noSBA_NAI::100XIAV036::30,71,139.89892504882815,0.512075543889722,0.3903247309412876,0.512075543889722,0.6438748001237066,False,True,1.9995704345703136,19.9972548828125,10,0.0003980362897035,0.0103425839127536,9.9509072425876e-05,9.9509072425876e-05,-4.002137322019333,0.8553474219710354,True,True,False,False,+ NAI,#BE5AA7,-4.002137322019333
2025-11-24,noSBA_NAI,bboxspan_0p50,0.5,100XIAV036,38,2025-11-24::noSBA_NAI::100XIAV036::38,71,139.89892504882815,0.5262596297661872,0.2579066910472249,0.5262596297661872,0.5860589212771812,False,True,1.9995704345703136,19.9972548828125,10,0.0006162772835465,0.0041528629251353,0.0001540693208866,0.0001540693208866,-3.812283831730049,0.9682950555387648,True,True,False,False,+ NAI,#BE5AA7,-3.8122838317301313
2025-11-24,noSBA_NAI,bboxspan_0p50,0.5,100XIAV036,53,2025-11-24::noSBA_NAI::100XIAV036::53,71,139.89892504882815,0.5144362976550951,0.773409957232559,0.773409957232559,0.9288744082444894,False,True,1.9995704345703136,19.9972548828125,10,0.0004155346655865,0.0250629723001748,0.0001038836663966,0.0001038836663966,-3.9834527310900167,0.4325353662839005,True,True,False,False,+ NAI,#BE5AA7,-3.983452731090166
2025-11-24,noSBA_NAI,bboxspan_0p50,0.5,100XIAV036,66,2025-11-24::noSBA_NAI::100XIAV036::66,71,139.89892504882815,0.5203011957343975,0.2735844289503433,0.5203011957343975,0.5878450255354121,False,True,1.9995704345703136,19.9972548828125,10,0.000566077418367,0.0088866183860745,0.0001415193545917,0.0001415193545917,-3.849184160722114,0.9111904730701678,True,True,False,False,+ NAI,#BE5AA7,-3.8491841607222903
2025-11-24,noSBA_NAI,bboxspan_0p50,0.5,100XIAV036,83,2025-11-24::noSBA_NAI::100XIAV036::83,71,139.89892504882815,0.9201474572926004,1.4377463738292988,1.4377463738292988,1.7069815402110635,False,True,1.9995704345703136,19.9972548828125,10,0.0046555511218993,0.0643982357349846,0.0011638877804748,0.0011638877804748,-2.9340888913957475,0.3695121706420567,True,True,True,False,+ NAI,#BE5AA7,-2.9340888913957572
2025-11-24,noSBA_NAI,bboxspan_0p50,0.5,100XIAV036,87,2025-11-24::noSBA_NAI::100XIAV036::87,71,139.89892504882815,0.5057552446242255,0.6752796826300056,0.6752796826300056,0.8436770811381517,False,True,1.9995704345703136,19.9972548828125,10,0.0005493207215581,0.0132569477462705,0.0001373301803895,0.0001373301803895,-3.862234009476392,0.9316493939416012,True,True,False,False,+ NAI,#BE5AA7,-3.8622340094765324
2025-11-24,noSBA_NAI,bboxspan_0p50,0.5,100XIAV036,140,2025-11-24::noSBA_NAI::100XIAV036::140,32,61.89779296875,2.348452379950416,2.3350306450272456,2.348452379950416,3.3117362053930455,False,True,1.9994858398437496,15.9963701171875,8,0.0774696241620882,-0.1197910645016165,0.019367406040522,0.019367406040522,-1.7129285423023397,0.987964296636757,True,True,True,True,+ NAI,#BE5AA7,-1.712928542302341
2025-11-24,noSBA_NAI,bboxspan_0p50,0.5,100XIAV036,165,2025-11-24::noSBA_NAI::100XIAV036::165,71,139.89892504882815,0.5227836577847427,0.3819025082105582,0.5227836577847427,0.6474197082452082,False,True,1.9995704345703136,19.9972548828125,10,0.0004052195011849,0.0080636303315909,0.0001013048752962,0.0001013048752962,-3.994369653718673,0.911666079451674,True,True,False,False,+ NAI,#BE5AA7,-3.994369653718805
2025-11-24,noSBA_NAI,bboxspan_0p50,0.5,100XIAV036,174,2025-11-24::noSBA_NAI::100XIAV036::174,49,95.89865307617188,0.6381870908560643,1.0351271244400522,1.0351271244400522,1.2160472551208106,False,True,1.9994959716796887,19.996490234375003,10,0.0008329030875996,0.0472402022984359,0.0002082257718999,0.0002082257718999,-3.6814655192959873,0.4512497374959299,True,True,False,False,+ NAI,#BE5AA7,-3.6814655192960015
2025-11-24,noSBA_NAI,bboxspan_0p50,0.5,100XIAV036,182,2025-11-24::noSBA_NAI::100XIAV036::182,50,97.988876953125,0.6474214588685285,0.7832580712821908,0.7832580712821908,1.0161927728694744,False,True,1.9996738281249975,20.00035998535156,10,0.0027170788998477,0.0528537094642912,0.0006792697249619,0.0006792697249619,-3.1679577414743063,0.5480790739816386,True,True,False,False,+ NAI,#BE5AA7,-3.167957741474327
2025-11-24,noSBA_NAI,bboxspan_0p50,0.5,100XIAV036,204,2025-11-24::noSBA_NAI::100XIAV036::204,71,139.89892504882815,0.9190909603616788,0.5759890971114245,0.9190909603616788,1.0846619903959884,False,True,1.9995704345703136,19.9972548828125,10,0.0015641454019195,0.0339861682448724,0.0003910363504798,0.0003910363504798,-3.407782869000461,0.6081607963277418,True,True,False,False,+ NAI,#BE5AA7,-3.4077828690005445
2025-11-24,noSBA_NAI,bboxspan_0p50,0.5,100XIAV036,220,2025-11-24::noSBA_NAI::100XIAV036::220,71,139.89892504882815,0.5007705181262452,0.3856027068217855,0.5007705181262452,0.6320289228609052,False,True,1.9995704345703136,19.9972548828125,10,0.0029044413331307,0.0018715026313173,0.0007261103332826,0.0007261103332826,-3.138997382750141,0.9878261449237832,True,True,False,False,+ NAI,#BE5AA7,-3.138997382750199
2025-11-24,noSBA_NAI,bboxspan_0p50,0.5,100XIAV036,243,2025-11-24::noSBA_NAI::100XIAV036::243,71,139.89892504882815,0.5146944502809845,0.549247575228442,0.549247575228442,0.7527172616888548,False,True,1.9995704345703136,19.9972548828125,10,0.0025468189069725,0.004108762866724,0.0006367047267431,0.0006367047267431,-3.196061926026148,0.9822585125997244,True,True,False,False,+ NAI,#BE5AA7,-3.1960619260261756
2025-11-24,noSBA_NAI,bboxspan_0p50,0.5,100XIAV036,253,2025-11-24::noSBA_NAI::100XIAV036::253,58,113.90548413085936,1.0457801540769012,0.9047121225704656,1.0457801540769012,1.3828087920558882,False,True,1.999505859375006,19.99687255859375,10,0.0107840497296212,-0.0012180920687166,0.0026960124324053,0.0026960124324053,-2.5692781094243373,0.9965254497092793,True,True,True,False,+ NAI,#BE5AA7,-2.5692781094243404
2025-11-24,noSBA_NAI,bboxspan_0p50,0.5,100XIAV036,254,2025-11-24::noSBA_NAI::100XIAV036::254,71,139.89892504882815,0.5285141318621243,0.3658259174259015,0.5285141318621243,0.6427719575700837,False,True,1.9995704345703136,19.9972548828125,10,0.0004071228920055,0.008937179390604,0.0001017807230013,0.0001017807230013,-3.9923344684322983,0.8117048413779417,True,True,False,False,+ NAI,#BE5AA7,-3.9923344684326616
2025-11-24,noSBA_NAI,bboxspan_0p50,0.5,100XIAV036,278,2025-11-24::noSBA_NAI::100XIAV036::278,56,109.99499096679688,0.3881917707976434,0.5024936885675402,0.5024936885675402,0.6349746120635236,False,True,1.9997851562499989,20.00294250488281,10,0.0011773223251213,0.0283078810514978,0.0002943305812803,0.0002943305812803,-3.531164611868071,0.7773651944887368,True,True,False,False,+ NAI,#BE5AA7,-3.5311646118681437
2025-11-24,noSBA_NAI,bboxspan_0p50,0.5,100XIAV036,307,2025-11-24::noSBA_NAI::100XIAV036::307,71,139.89892504882815,1.4217582007973988,1.575004021186558,1.575004021186558,2.1217997191743816,False,True,1.9995704345703136,19.9972548828125,10,0.0247097572179173,0.0047729323680305,0.0061774393044793,0.0061774393044793,-2.2091915130014312,0.9978387106714792,True,True,True,False,+ NAI,#BE5AA7,-2.2091915130014335
2025-11-24,noSBA_NAI,bboxspan_0p50,0.5,100XIAV036,309,2025-11-24::noSBA_NAI::100XIAV036::309,71,139.89892504882815,0.3923749113277921,0.6358329198326658,0.6358329198326658,0.7471556551230981,False,True,1.9995704345703136,19.9972548828125,10,0.0002380859592589,0.0201163912768546,5.952148981473737e-05,5.952148981473737e-05,-4.225326206994738,0.3133269885003693,True,True,False,False,+ NAI,#BE5AA7,-4.225326206994738
2025-11-24,noSBA_NAI,bboxspan_0p50,0.5,100XIAV036,317,2025-11-24::noSBA_NAI::100XIAV036::317,71,139.89892504882815,0.511230236443069,0.6399370693084805,0.6399370693084805,0.8190700869454111,False,True,1.9995704345703136,19.9972548828125,10,0.0004167881608733,0.0143640048697864,0.0001041970402183,0.0001041970402183,-3.9821446172658344,0.5757804129463939,True,True,False,False,+ NAI,#BE5AA7,-3.9821446172660173
2025-11-24,noSBA_NAI,bboxspan_0p50,0.5,100XIAV036,323,2025-11-24::noSBA_NAI::100XIAV036::323,71,139.89892504882815,0.5178917079283707,0.2452640226997076,0.5178917079283707,0.5730325138871332,False,True,1.9995704345703136,19.9972548828125,10,0.0003672473216203,0.0074983744262476,9.18118304050827e-05,9.18118304050827e-05,-4.037101354216935,0.8583069502453045,True,True,False,False,+ NAI,#BE5AA7,-4.037101354216935
2025-11-24,noSBA_NAI,bboxspan_0p50,0.5,100XIAV036,333,2025-11-24::noSBA_NAI::100XIAV036::333,71,139.89892504882815,0.5215943016778652,0.2580834304773347,0.5215943016778652,0.5819516067765164,False,True,1.9995704345703136,19.9972548828125,10,0.0004877549124682,0.0064230412908579,0.000121938728117,0.000121938728117,-3.913858339202752,0.8249235698612678,True,True,False,False,+ NAI,#BE5AA7,-3.9138583392029727
2025-11-24,noSBA_NAI,bboxspan_0p50,0.5,100XIAV036,339,2025-11-24::noSBA_NAI::100XIAV036::339,35,67.99435595703126,0.2447359717467634,0.5304522172405868,0.5304522172405868,0.584187684432227,False,True,1.9998695068359424,15.998113037109364,8,0.002255531012224,0.016087662284321,0.000563882753056,0.000563882753056,-3.2488111885596287,0.857842977645492,True,True,False,False,+ NAI,#BE5AA7,-3.248811188559645
2025-11-24,noSBA_NAI,bboxspan_0p50,0.5,100XIAV036,341,2025-11-24::noSBA_NAI::100XIAV036::341,66,129.9026091308594,0.8058995251560503,0.1521245126232671,0.8058995251560503,0.820131643083971,False,True,1.999523925781249,19.9968447265625,10,0.0017680140727188,0.0107377243303103,0.0004420035181797,0.0004420035181797,-3.3545742738184225,0.930425394904852,True,True,False,False,+ NAI,#BE5AA7,-3.354574273818444
2025-11-24,noSBA_NAI,bboxspan_0p50,0.5,100XIAV036,344,2025-11-24::noSBA_NAI::100XIAV036::344,71,139.89892504882815,0.5474936879904675,1.287336985288917,1.287336985288917,1.39892310442074,False,True,1.9995704345703136,19.9972548828125,10,0.0050588572695187,-0.0011479687569716,0.0012647143173796,0.0012647143173796,-2.89800756492095,0.983235218917922,True,True,True,False,+ NAI,#BE5AA7,-2.8980075649209764
2025-11-24,noSBA_NAI,bboxspan_0p50,0.5,100XIAV036,369,2025-11-24::noSBA_NAI::100XIAV036::369,71,139.89892504882815,0.6716375838394839,0.2510868354792208,0.6716375838394839,0.7170367096437317,False,True,1.9995704345703136,19.9972548828125,10,0.0013146010365668,0.0023581062672422,0.0003286502591417,0.0003286502591417,-3.4832660209409863,0.9903995521150992,True,True,False,False,+ NAI,#BE5AA7,-3.483266020940997
2025-11-24,noSBA_NAI,bboxspan_0p50,0.5,100XIAV036,377,2025-11-24::noSBA_NAI::100XIAV036::377,31,59.89782104492187,0.8993458177749787,0.1461938518397971,0.8993458177749787,0.9111506693544716,False,True,1.9994208984374997,13.997088378906248,7,0.0021917801944583,0.0558052730227382,0.0005479450486145,0.0005479450486145,-3.2612629931216275,0.6314558860629651,True,True,False,False,+ NAI,#BE5AA7,-3.2612629931217003
2025-11-24,noSBA_NAI,bboxspan_0p50,0.5,100XIAV036,378,2025-11-24::noSBA_NAI::100XIAV036::378,52,101.90875,0.7648188392981865,0.795566567279316,0.795566567279316,1.1035732961240134,False,True,1.999505859375006,19.99687255859375,10,0.0031438848697889,0.0133892121233842,0.0007859712174472,0.0007859712174472,-3.104593357691785,0.9616303091357832,True,True,False,False,+ NAI,#BE5AA7,-3.104593357691804
2025-11-24,noSBA_NAI,bboxspan_0p50,0.5,100XIAV036,380,2025-11-24::noSBA_NAI::100XIAV036::380,34,65.90659301757812,0.7545197084804727,0.2676161575084137,0.7545197084804727,0.8005737931290441,False,True,1.9994870605468753,15.996435058593752,8,0.0018959185997994,0.0310194951273308,0.0004739796499498,0.0004739796499498,-3.324240304115364,0.6865924073140846,True,True,False,False,+ NAI,#BE5AA7,-3.324240304115432
2025-11-24,noSBA_NAI,bboxspan_0p50,0.5,100XIAV036,400,2025-11-24::noSBA_NAI::100XIAV036::400,71,139.89892504882815,0.5135247576664312,0.3850313485043415,0.5135247576664312,0.6418386215143481,False,True,1.9995704345703136,19.9972548828125,10,0.0005944823075033,0.0028038228103867,0.0001486205768758,0.0001486205768758,-3.827921057298406,0.9731765828973158,True,True,False,False,+ NAI,#BE5AA7,-3.827921057298515
2025-11-24,noSBA_NAI,bboxspan_0p50,0.5,100XIAV036,401,2025-11-24::noSBA_NAI::100XIAV036::401,71,139.89892504882815,0.3733281039490776,0.5205275793219784,0.5205275793219784,0.6405644651656941,False,True,1.9995704345703136,19.9972548828125,10,0.0003940400195212,0.0118118964718516,9.851000488031136e-05,9.851000488031136e-05,-4.0065196594145,0.8722832583925859,True,True,False,False,+ NAI,#BE5AA7,-4.0065196594145
2025-11-24,noSBA_NAI,bboxspan_0p50,0.5,100XIAV036,436,2025-11-24::noSBA_NAI::100XIAV036::436,71,139.89892504882815,0.7962387746064508,0.7763986913236209,0.7962387746064508,1.1121111068934677,False,True,1.9995704345703136,19.9972548828125,10,0.0013634755594786,0.0127917447212478,0.0003408688898696,0.0003408688898696,-3.4674126337798157,0.887389495979276,True,True,False,False,+ NAI,#BE5AA7,-3.467412633779905
2025-11-24,noSBA_NAI,bboxspan_0p50,0.5,100XIAV036,449,2025-11-24::noSBA_NAI::100XIAV036::449,71,139.89892504882815,0.6636295295468528,0.2618147289061596,0.6636295295468528,0.7134080913185546,False,True,1.9995704345703136,19.9972548828125,10,0.0009002406841533,0.0069017460142233,0.0002250601710383,0.0002250601710383,-3.647701355415956,0.9684345335601288,True,True,False,False,+ NAI,#BE5AA7,-3.6477013554160393
2025-11-24,noSBA_NAI,bboxspan_0p50,0.5,100XIAV036,538,2025-11-24::noSBA_NAI::100XIAV036::538,71,139.89892504882815,0.6452463953628111,0.7659377877617572,0.7659377877617572,1.0015006767097443,False,True,1.9995704345703136,19.9972548828125,10,0.0009916810740145,0.0238300727887489,0.0002479202685036,0.0002479202685036,-3.605687966417092,0.8986909373653365,True,True,False,False,+ NAI,#BE5AA7,-3.6056879664171735
2025-11-24,noSBA_NAI,bboxspan_0p50,0.5,100XIAV036,541,2025-11-24::noSBA_NAI::100XIAV036::541,71,139.89892504882815,0.5136454662476098,0.2476158658882781,0.5136454662476098,0.5702151190878108,False,True,1.9995704345703136,19.9972548828125,10,0.0003619498574912,0.0124316482569401,9.04874643728001e-05,9.04874643728001e-05,-4.043411581356167,0.8611785730847861,True,True,False,False,+ NAI,#BE5AA7,-4.043411581356167
2025-11-24,noSBA_NAI,bboxspan_0p50,0.5,100XIAV036,566,2025-11-24::noSBA_NAI::100XIAV036::566,40,78.05332495117189,0.513017159388383,0.5040476739795849,0.513017159388383,0.7192014067499837,False,True,1.9999531249999905,20.00294250488281,10,0.0004417295925255,0.0231864872092194,0.0001104323981313,0.0001104323981313,-3.956903496665353,0.4328326051439898,True,True,False,False,+ NAI,#BE5AA7,-3.956903496665674
2025-11-24,noSBA_NAI,bboxspan_0p50,0.5,100XIAV036,613,2025-11-24::noSBA_NAI::100XIAV036::613,71,139.89892504882815,2.7111074109252655,1.8050241112305088,2.7111074109252655,3.257025550359927,False,True,1.9995704345703136,19.9972548828125,10,0.0184371189664995,0.0679881930268099,0.0046092797416248,0.0046092797416248,-2.336366933325405,0.9657284107059748,True,True,True,False,+ NAI,#BE5AA7,-2.3363669333254133
2025-11-24,noSBA_NAI,bboxspan_0p50,0.5,100XIAV036,615,2025-11-24::noSBA_NAI::100XIAV036::615,71,139.89892504882815,0.7758511157682193,0.2522485809615062,0.7758511157682193,0.8158273717128425,False,True,1.9995704345703136,19.9972548828125,10,0.0002147685856409,0.0115855623014129,5.369214641022676e-05,5.369214641022676e-05,-4.270089234228516,0.5768994441320789,True,True,False,False,+ NAI,#BE5AA7,-4.270089234228516
2025-11-24,noSBA_NAI,bboxspan_0p50,0.5,100XIAV036,617,2025-11-24::noSBA_NAI::100XIAV036::617,58,113.99431909179688,0.7820155358125476,0.7660752694660431,0.7820155358125476,1.0947235343864936,False,True,1.9997851562499989,20.00035998535156,10,0.0024331948380045,0.0160926761671507,0.0006082987095011,0.0006082987095011,-3.2158831048869443,0.841275705474366,True,True,False,False,+ NAI,#BE5AA7,-3.2158831048869794
2025-11-24,noSBA_NAI,bboxspan_0p50,0.5,100XIAV036,625,2025-11-24::noSBA_NAI::100XIAV036::625,71,139.89892504882815,1.031149619722676,0.6610578310539807,1.031149619722676,1.2248538664885753,False,True,1.9995704345703136,19.9972548828125,10,0.0051702753679767,0.0004137246380497,0.0012925688419941,0.0012925688419941,-2.888546317168637,0.99108442772633,True,True,True,False,+ NAI,#BE5AA7,-2.888546317168663
2025-11-24,noSBA_NAI,bboxspan_0p50,0.5,100XIAV036,650,2025-11-24::noSBA_NAI::100XIAV036::650,71,139.89892504882815,1.4233797260205543,2.080342838101103,2.080342838101103,2.520681687259401,False,True,1.9995704345703136,19.9972548828125,10,0.0234258655365674,0.010338410689144,0.0058564663841418,0.0058564663841418,-2.2323643452020536,0.9973251413396106,True,True,True,False,+ NAI,#BE5AA7,-2.232364345202058
2025-11-24,noSBA_NAI,bboxspan_0p50,0.5,100XIAV036,655,2025-11-24::noSBA_NAI::100XIAV036::655,71,139.89892504882815,0.5023127682670534,0.2734555377762859,0.5023127682670534,0.5719231139800421,False,True,1.9995704345703136,19.9972548828125,10,0.0002552285963992,0.0087414708904437,6.380714909982318e-05,6.380714909982318e-05,-4.195130659199496,0.8106867927151019,True,True,False,False,+ NAI,#BE5AA7,-4.195130659199496
2025-11-24,noSBA_NAI,bboxspan_0p50,0.5,100XIAV036,694,2025-11-24::noSBA_NAI::100XIAV036::694,71,139.89892504882815,0.5062807386469359,0.2612511703355409,0.5062807386469359,0.5697125242844647,False,True,1.9995704345703136,19.9972548828125,10,0.0003611701957072,0.0123804581010182,9.02925489268019e-05,9.02925489268019e-05,-4.044348086823688,0.6149273696427041,True,True,False,False,+ NAI,#BE5AA7,-4.044348086823688
2025-11-24,noSBA_NAI,bboxspan_0p50,0.5,100XIAV036,716,2025-11-24::noSBA_NAI::100XIAV036::716,71,139.89892504882815,0.5098954927406822,0.3737413446014699,0.5098954927406822,0.6321993405420301,False,True,1.9995704345703136,19.9972548828125,10,0.0011381108139733,0.0033418012603905,0.0002845277034933,0.0002845277034933,-3.5458754414357543,0.9952172988359772,True,True,False,False,+ NAI,#BE5AA7,-3.5458754414358036
2025-11-24,noSBA_NAI,bboxspan_0p50,0.5,100XIAV036,722,2025-11-24::noSBA_NAI::100XIAV036::722,36,69.90595898437499,0.7573097571250216,0.5231121255023368,0.7573097571250216,0.9204153215175918,False,True,1.9994870605468753,17.9960341796875,9,0.001283389972771,0.0414964111552403,0.0003208474931927,0.0003208474931927,-3.493701349537215,0.8315054331384995,True,True,False,False,+ NAI,#BE5AA7,-3.493701349537293
2025-11-24,noSBA_NAI,bboxspan_0p50,0.5,100XIAV036,730,2025-11-24::noSBA_NAI::100XIAV036::730,71,139.89892504882815,0.6234396720046931,0.2480067160851717,0.6234396720046931,0.6709577899187625,False,True,1.9995704345703136,19.9972548828125,10,0.0002774969736979,0.0064249048165788,6.937424342449188e-05,6.937424342449188e-05,-4.1588017401339155,0.9419683827250882,True,True,False,False,+ NAI,#BE5AA7,-4.1588017401339155
2025-11-24,noSBA_NAI,bboxspan_0p50,0.5,100XIAV036,758,2025-11-24::noSBA_NAI::100XIAV036::758,71,139.89892504882815,1.0309454997928214,0.5075087863754817,1.0309454997928214,1.1490925949597728,False,True,1.9995704345703136,19.9972548828125,10,0.0004176772344643,0.0225159414688172,0.000104419308616,0.000104419308616,-3.981219186677973,0.734882218650093,True,True,False,False,+ NAI,#BE5AA7,-3.9812191866783593
2025-11-24,noSBA_NAI,bboxspan_0p50,0.5,100XIAV036,761,2025-11-24::noSBA_NAI::100XIAV036::761,71,139.89892504882815,0.5131399148811084,0.3809039636230409,0.5131399148811084,0.6390621266730913,False,True,1.9995704345703136,19.9972548828125,10,0.000754559195975,0.0173157873575752,0.0001886397989937,0.0001886397989937,-3.7243666750137487,0.8487631532721063,True,True,False,False,+ NAI,#BE5AA7,-3.7243666750139
2025-11-24,noSBA_NAI,bboxspan_0p50,0.5,100XIAV036,771,2025-11-24::noSBA_NAI::100XIAV036::771,30,57.89915502929688,1.6847729947462682,0.8948189874567554,1.6847729947462682,1.907658529228814,False,True,1.9994858398437496,13.997079833984372,7,0.015607771466856,0.1250238094954006,0.003901942866714,0.003901942866714,-2.4087190939503405,0.8604698507012477,True,True,True,False,+ NAI,#BE5AA7,-2.4087190939503422
2025-11-24,noSBA_NAI,bboxspan_0p50,0.5,100XIAV036,772,2025-11-24::noSBA_NAI::100XIAV036::772,56,109.99499096679688,0.6346841377815906,0.3792688460681361,0.6346841377815906,0.7393705514486066,False,True,1.9997851562499989,20.00294250488281,10,0.0004289013408949,0.0136223517025963,0.0001072253352237,0.0001072253352237,-3.9697025873309326,0.7586298519195996,True,True,False,False,+ NAI,#BE5AA7,-3.969702587331132
2025-11-24,noSBA_NAI,bboxspan_0p50,0.5,100XIAV036,826,2025-11-24::noSBA_NAI::100XIAV036::826,71,139.89892504882815,0.6286589453781914,0.797475268863721,0.797475268863721,1.0154697799803225,False,True,1.9995704345703136,19.9972548828125,10,0.0018722847759138,0.0063736952750232,0.0004680711939784,0.0004680711939784,-3.329688085386426,0.997264698704041,True,True,False,False,+ NAI,#BE5AA7,-3.329688085386492
2025-11-24,noSBA_NAI,bboxspan_0p50,0.5,100XIAV036,858,2025-11-24::noSBA_NAI::100XIAV036::858,71,139.89892504882815,1.0183455125538288,1.6737055618542591,1.6737055618542591,1.9591625483150703,False,True,1.9995704345703136,19.9972548828125,10,0.0084708136635042,-0.0048309918410818,0.002117703415876,0.002117703415876,-2.674134862862895,0.9961741282066376,True,True,True,False,+ NAI,#BE5AA7,-2.674134862862908
2025-11-24,noSBA_NAI,bboxspan_0p50,0.5,100XIAV036,898,2025-11-24::noSBA_NAI::100XIAV036::898,71,139.89892504882815,1.1373190985917176,0.6447277632446138,1.1373190985917176,1.3073517586020529,False,True,1.9995704345703136,19.9972548828125,10,0.0015953407921635,0.02383798688003,0.0003988351980408,0.0003988351980408,-3.399206521272146,0.8006014284865571,True,True,False,False,+ NAI,#BE5AA7,-3.3992065212722458
2025-11-24,noSBA_NAI,bboxspan_0p50,0.5,100XIAV036,925,2025-11-24::noSBA_NAI::100XIAV036::925,71,139.89892504882815,0.7900611014548247,0.5217344603675258,0.7900611014548247,0.946785821169183,False,True,1.9995704345703136,19.9972548828125,10,0.0029315749450756,0.0638319548021354,0.0007328937362689,0.0007328937362689,-3.134958990021284,0.8455733679814419,True,True,False,False,+ NAI,#BE5AA7,-3.134958990021292
2025-11-24,noSBA_NAI,bboxspan_0p50,0.5,100XIAV036,931,2025-11-24::noSBA_NAI::100XIAV036::931,71,139.89892504882815,0.5085872382442247,0.2596488294086896,0.5085872382442247,0.5710328305081859,False,True,1.9995704345703136,19.9972548828125,10,0.0003020782080118,0.0096159424119042,7.551955200297219e-05,7.551955200297219e-05,-4.121940595023735,0.7795803525769883,True,True,False,False,+ NAI,#BE5AA7,-4.121940595023735
2025-11-24,noSBA_NAI,bboxspan_0p50,0.5,100XIAV036,940,2025-11-24::noSBA_NAI::100XIAV036::940,71,139.89892504882815,0.5166345094535458,0.7815432340039479,0.7815432340039479,0.9368676763426388,False,True,1.9995704345703136,19.9972548828125,10,0.0013026636393129,0.0317501111897629,0.0003256659098282,0.0003256659098282,-3.487227700287892,0.9099639777599988,True,True,False,False,+ NAI,#BE5AA7,-3.4872277002879466
2025-11-24,noSBA_NAI,bboxspan_0p50,0.5,100XIAV036,951,2025-11-24::noSBA_NAI::100XIAV036::951,44,85.90157397460938,1.043396285736776,1.1784887526786498,1.1784887526786498,1.574011292614948,False,True,1.9995048828125024,19.996453125,10,0.0107226973730561,0.0030723642348889,0.002680674343264,0.002680674343264,-2.5717559422699416,0.9965163938177012,True,True,True,False,+ NAI,#BE5AA7,-2.571755942269947
2025-11-24,noSBA_NAI,bboxspan_0p50,0.5,100XIAV036,978,2025-11-24::noSBA_NAI::100XIAV036::978,71,139.89892504882815,1.8232346060319315,1.6962295619523573,1.8232346060319315,2.4902568452819276,False,True,1.9995704345703136,19.9972548828125,10,0.0339708065712044,-0.0040561122025107,0.0084927016428011,0.0084927016428011,-2.0709541328516687,0.997911007649997,True,True,True,False,+ NAI,#BE5AA7,-2.070954132851669
2025-11-24,noSBA_NAI,bboxspan_0p50,0.5,100XIAV036,1028,2025-11-24::noSBA_NAI::100XIAV036::1028,38,74.00400390625,0.2858680871543697,0.6279103661612577,0.6279103661612577,0.6899217283040614,False,True,1.9996738281249975,18.001404052734372,9,0.0030233884062508,0.0085311586471156,0.0007558471015627,0.0007558471015627,-3.1215660479689,0.934884454575006,True,True,False,False,+ NAI,#BE5AA7,-3.121566047968902
2025-11-24,noSBA_NAI,bboxspan_0p50,0.5,100XIAV036,1051,2025-11-24::noSBA_NAI::100XIAV036::1051,60,117.90512890625,1.4615602232081244,0.6708286556996512,1.4615602232081244,1.6081571351618549,False,True,1.999505859375006,19.99794494628906,10,0.0154160018023349,0.0017777425679182,0.0038540004505837,0.0038540004505837,-2.4140882389057823,0.9947003478470384,True,True,True,False,+ NAI,#BE5AA7,-2.4140882389057854
2025-11-24,noSBA_NAI,bboxspan_0p50,0.5,100XIAV036,1075,2025-11-24::noSBA_NAI::100XIAV036::1075,45,88.00119482421876,0.6784129128020737,0.9089895924443994,0.9089895924443994,1.1342425487649586,False,True,1.9997294921874984,20.003818847656262,10,0.0016455437662692,0.0214918821004832,0.0004113859415673,0.0004113859415673,-3.3857505536817936,0.8182494659709686,True,True,False,False,+ NAI,#BE5AA7,-3.385750553681808
2025-11-24,noSBA_NAI,bboxspan_0p50,0.5,100XIAV036,1100,2025-11-24::noSBA_NAI::100XIAV036::1100,71,139.89892504882815,0.5212912010443276,0.1475809277145625,0.5212912010443276,0.5417791492031864,False,True,1.9995704345703136,19.9972548828125,10,0.0006761027984743,0.0025778221396112,0.0001690256996185,0.0001690256996185,-3.7720472577887256,0.9685749491466532,True,True,False,False,+ NAI,#BE5AA7,-3.7720472577889743
2025-11-24,noSBA_NAI,bboxspan_0p50,0.5,100XIAV036,1108,2025-11-24::noSBA_NAI::100XIAV036::1108,71,139.89892504882815,0.5194373713455178,0.4141470246293028,0.5194373713455178,0.6643289401792201,False,True,1.9995704345703136,19.9972548828125,10,0.0008283798490703,0.0260229411138392,0.0002070949622675,0.0002070949622675,-3.683830465500547,0.7062353802861971,True,True,False,False,+ NAI,#BE5AA7,-3.683830465500736
2025-11-24,noSBA_NAI,bboxspan_0p50,0.5,100XIAV036,1121,2025-11-24::noSBA_NAI::100XIAV036::1121,50,97.99946801757812,1.1843685097628909,1.452812465779834,1.452812465779834,1.8744046595234585,False,True,1.9997851562499989,20.00035998535156,10,0.0272735671479223,0.0129336945322504,0.0068183917869805,0.0068183917869805,-2.166318047689822,0.9710595080087632,True,True,True,False,+ NAI,#BE5AA7,-2.166318047689827
2025-11-24,noSBA_NAI,bboxspan_0p50,0.5,100XIAV036,1130,2025-11-24::noSBA_NAI::100XIAV036::1130,71,139.89892504882815,0.6196467302819144,0.2687407490342064,0.6196467302819144,0.675413695849095,False,True,1.9995704345703136,19.9972548828125,10,0.000469390780555,0.0154319401872409,0.0001173476951387,0.0001173476951387,-3.9305254360896167,0.788888031929106,True,True,False,False,+ NAI,#BE5AA7,-3.930525436089883
2025-11-24,noSBA_NAI,bboxspan_0p50,0.5,100XIAV036,1132,2025-11-24::noSBA_NAI::100XIAV036::1132,71,139.89892504882815,0.906380161936312,1.8267916298891984,1.8267916298891984,2.0392872914292703,False,True,1.9995704345703136,19.9972548828125,10,0.0119015868970543,0.0175620173343681,0.0029753967242635,0.0029753967242635,-2.5264551194576073,0.9941944361558692,True,True,True,False,+ NAI,#BE5AA7,-2.526455119457622
2025-11-24,noSBA_NAI,bboxspan_0p50,0.5,100XIAV036,1157,2025-11-24::noSBA_NAI::100XIAV036::1157,32,61.89779296875,2.587090229688883,1.84612446769475,2.587090229688883,3.178240300350636,False,True,1.9994858398437496,15.9963701171875,8,0.0963329078160167,-0.037688165402416,0.0240832269540041,0.0240832269540041,-1.6182853216325723,0.9900413753425436,True,True,True,True,+ NAI,#BE5AA7,-1.6182853216325737
2025-11-24,noSBA_NAI,bboxspan_0p50,0.5,100XIAV036,1163,2025-11-24::noSBA_NAI::100XIAV036::1163,71,139.89892504882815,0.6449067147146224,0.7814569938698241,0.7814569938698241,1.0132026963801812,False,True,1.9995704345703136,19.9972548828125,10,0.0033276989679092,0.1457504385208567,0.0008319247419773,0.0008319247419773,-3.079915959312973,0.3612088780712971,True,True,False,False,+ NAI,#BE5AA7,-3.079915959312976
2025-11-24,noSBA_NAI,bboxspan_0p50,0.5,100XIAV036,1170,2025-11-24::noSBA_NAI::100XIAV036::1170,64,125.901751953125,0.824298861839651,2.4791630031033876,2.4791630031033876,2.6126074733083713,False,True,1.999505859375006,19.99687255859375,10,0.0283406062111516,-0.029793066056357,0.0070851515527879,0.0070851515527879,-2.149650855672616,0.9845351670092404,True,True,True,False,+ NAI,#BE5AA7,-2.1496508556726166
2025-11-24,noSBA_NAI,bboxspan_0p50,0.5,100XIAV036,1180,2025-11-24::noSBA_NAI::100XIAV036::1180,64,125.901751953125,0.6467284440913232,0.3979975111837177,0.6467284440913232,0.7593811291474244,False,True,1.999505859375006,19.99687255859375,10,0.0005441624877671,0.0205871545694348,0.0001360406219417,0.0001360406219417,-3.8663313912551103,0.6429752670607363,True,True,False,False,+ NAI,#BE5AA7,-3.866331391255407
2025-11-24,noSBA_NAI,bboxspan_0p50,0.5,100XIAV036,1183,2025-11-24::noSBA_NAI::100XIAV036::1183,71,139.89892504882815,0.5206511658508859,0.4994251152495224,0.5206511658508859,0.7214589955388216,False,True,1.9995704345703136,19.9972548828125,10,0.0005480831904134,0.0262723412471754,0.0001370207976033,0.0001370207976033,-3.8632135087643342,0.3130487927767821,True,True,False,False,+ NAI,#BE5AA7,-3.863213508764499
2025-11-24,noSBA_NAI,bboxspan_0p50,0.5,100XIAV036,1188,2025-11-24::noSBA_NAI::100XIAV036::1188,71,139.89892504882815,0.3775786697026859,0.7744621088437782,0.7744621088437782,0.8616015377477005,False,True,1.9995704345703136,19.9972548828125,10,0.0006514197418718,0.0136675235317524,0.0001628549354679,0.0001628549354679,-3.78819907520766,0.7963094329188747,True,True,False,False,+ NAI,#BE5AA7,-3.7881990752078294
2025-11-24,noSBA_NAI,bboxspan_0p50,0.5,100XIAV036,1201,2025-11-24::noSBA_NAI::100XIAV036::1201,71,139.89892504882815,0.5178744440358543,0.2460717580957805,0.5178744440358543,0.5733631047754935,False,True,1.9995704345703136,19.9972548828125,10,0.00035906743329,0.0087453229406629,8.976685832251709e-05,8.976685832251709e-05,-4.0468839740709885,0.8205936564701004,True,True,False,False,+ NAI,#BE5AA7,-4.0468839740709885
2025-11-24,noSBA_NAI,bboxspan_0p50,0.5,100XIAV036,1257,2025-11-24::noSBA_NAI::100XIAV036::1257,71,139.89892504882815,1.1901016530773347,1.1543042870366236,1.1901016530773347,1.6579385789975851,False,True,1.9995704345703136,19.9972548828125,10,0.018275283574177,0.0068424146225924,0.0045688208935442,0.0045688208935442,-2.340195866779061,0.9977780164935612,True,True,True,False,+ NAI,#BE5AA7,-2.3401958667790654
2025-11-24,noSBA_NAI,bboxspan_0p50,0.5,100XIAV036,1271,2025-11-24::noSBA_NAI::100XIAV036::1271,71,139.89892504882815,0.3795821645051127,0.647815814306604,0.647815814306604,0.7508315049837179,False,True,1.9995704345703136,19.9972548828125,10,0.0003970819443493,0.0121574055077436,9.927048608733267e-05,9.927048608733267e-05,-4.003179851551234,0.7799514918518705,True,True,False,False,+ NAI,#BE5AA7,-4.003179851551234
2025-11-24,noSBA_NAI,bboxspan_0p50,0.5,100XIAV036,1278,2025-11-24::noSBA_NAI::100XIAV036::1278,71,139.89892504882815,0.5043796789429109,0.1550834554928357,0.5043796789429109,0.5276833697380962,False,True,1.9995704345703136,19.9972548828125,10,0.0008514117702702,0.0045056248367417,0.0002128529425675,0.0002128529425675,-3.6719203415778794,0.9653652622751536,True,True,False,False,+ NAI,#BE5AA7,-3.671920341578015
2025-11-24,noSBA_NAI,bboxspan_0p50,0.5,100XIAV036,1302,2025-11-24::noSBA_NAI::100XIAV036::1302,46,89.90159106445311,1.419715143763035,0.3804043487985922,1.419715143763035,1.469795413659662,False,True,1.9995048828125024,19.996453125,10,0.0053126960124461,0.0422575248355885,0.0013281740031115,0.0013281740031115,-2.8767450246360204,0.5890710493322233,True,True,True,False,+ NAI,#BE5AA7,-2.8767450246360364
2025-11-24,noSBA_NAI,bboxspan_0p50,0.5,100XIAV036,1362,2025-11-24::noSBA_NAI::100XIAV036::1362,71,139.89892504882815,0.9227801580501592,0.5449532779446145,0.9227801580501592,1.071679660735267,False,True,1.9995704345703136,19.9972548828125,10,0.0022980747130425,0.0057363942927589,0.0005745186782606,0.0005745186782606,-3.2406958473348655,0.9721965256483758,True,True,False,False,+ NAI,#BE5AA7,-3.2406958473348855
2025-11-24,noSBA_NAI,bboxspan_0p50,0.5,100XIAV036,1363,2025-11-24::noSBA_NAI::100XIAV036::1363,71,139.89892504882815,0.521882365866972,0.3998741343032534,0.521882365866972,0.6574652288050559,False,True,1.9995704345703136,19.9972548828125,10,0.0014355421798224,0.0059233533150984,0.0003588855449556,0.0003588855449556,-3.445044033649042,0.9536113356480884,True,True,False,False,+ NAI,#BE5AA7,-3.445044033649048
2025-11-24,noSBA_NAI,bboxspan_0p50,0.5,100XIAV036,1369,2025-11-24::noSBA_NAI::100XIAV036::1369,71,139.89892504882815,0.392226842754134,0.5103704435461225,0.5103704435461225,0.6436768489097164,False,True,1.9995704345703136,19.9972548828125,10,0.0003336008997605,0.0104984744259818,8.340022494014781e-05,8.340022494014781e-05,-4.0788327780177385,0.7356380992284506,True,True,False,False,+ NAI,#BE5AA7,-4.0788327780177385
2025-11-24,noSBA_NAI,bboxspan_0p50,0.5,100XIAV036,1370,2025-11-24::noSBA_NAI::100XIAV036::1370,30,57.89915502929688,1.692126430716442,0.6688894956315536,1.692126430716442,1.8195342851662344,False,True,1.9994858398437496,13.997079833984372,7,0.025195302611029,0.0386863769771656,0.0062988256527572,0.0062988256527572,-2.200740412461901,0.9500543837412924,True,True,True,False,+ NAI,#BE5AA7,-2.2007404124619048
2025-11-24,noSBA_NAI,bboxspan_0p50,0.5,100XIAV036,1377,2025-11-24::noSBA_NAI::100XIAV036::1377,44,85.90157397460938,1.552892554483158,1.0390428497017936,1.552892554483158,1.8684446283702527,False,True,1.9995048828125024,19.996453125,10,0.0148118846386972,0.1205306003668324,0.0037029711596743,0.0037029711596743,-2.431449670408855,0.943612737164363,True,True,True,False,+ NAI,#BE5AA7,-2.431449670408857
2025-11-24,noSBA_NAI,bboxspan_0p50,0.5,100XIAV036,1393,2025-11-24::noSBA_NAI::100XIAV036::1393,71,139.89892504882815,0.5154164979951474,0.4047526102485577,0.5154164979951474,0.6553463526324097,False,True,1.9995704345703136,19.9972548828125,10,0.0014077538852574,0.0087447302659223,0.0003519384713143,0.0003519384713143,-3.45353325670469,0.9647034196269924,True,True,False,False,+ NAI,#BE5AA7,-3.453533256704769
2025-11-24,noSBA_NAI,bboxspan_0p50,0.5,100XIAV036,1442,2025-11-24::noSBA_NAI::100XIAV036::1442,71,139.89892504882815,1.952160008668244,1.1391888787783486,1.952160008668244,2.260238925639471,False,True,1.9995704345703136,19.9972548828125,10,0.013859607137671,-0.0088229459963109,0.0034649017844177,0.0034649017844177,-2.46030907132344,0.9943992949339362,True,True,True,False,+ NAI,#BE5AA7,-2.460309071323448
2025-11-24,noSBA_NAI,bboxspan_0p50,0.5,100XIAV036,1445,2025-11-24::noSBA_NAI::100XIAV036::1445,71,139.89892504882815,1.0394259842127695,1.160902343455234,1.160902343455234,1.5582363837674111,False,True,1.9995704345703136,19.9972548828125,10,0.0054999903765904,0.0205277078273155,0.0013749975941476,0.0013749975941476,-2.8616980617241428,0.9777968886023448,True,True,True,False,+ NAI,#BE5AA7,-2.8616980617241445
2025-11-24,noSBA_NAI,bboxspan_0p50,0.5,100XIAV036,1471,2025-11-24::noSBA_NAI::100XIAV036::1471,71,139.89892504882815,0.5207105063302642,0.1466968305812841,0.5207105063302642,0.5409800287490417,False,True,1.9995704345703136,19.9972548828125,10,0.0005141569681165,0.0056640423773901,0.0001285392420291,0.0001285392420291,-3.890964265368038,0.9727613566530376,True,True,False,False,+ NAI,#BE5AA7,-3.890964265368126
2025-11-24,noSBA_NAI,bboxspan_0p50,0.5,100XIAV036,1491,2025-11-24::noSBA_NAI::100XIAV036::1491,71,139.89892504882815,0.6513383274362923,0.5307623253211347,0.6513383274362923,0.8402084638753675,False,True,1.9995704345703136,19.9972548828125,10,0.0033390795200998,-0.00170039921891,0.0008347698800249,0.0008347698800249,-3.0784332294376173,0.989525408996884,True,True,False,False,+ NAI,#BE5AA7,-3.078433229437645
2025-11-24,noSBA_NAI,bboxspan_0p50,0.5,100XIAV036,1500,2025-11-24::noSBA_NAI::100XIAV036::1500,71,139.89892504882815,0.6285310317039645,1.2772451530764073,1.2772451530764073,1.423519033547506,False,True,1.9995704345703136,19.9972548828125,10,0.0067025483605772,0.0104725123202336,0.0016756370901443,0.0016756370901443,-2.7758200351174938,0.991619796317138,True,True,True,False,+ NAI,#BE5AA7,-2.7758200351174986
2025-11-24,noSBA_NAI,bboxspan_0p50,0.5,100XIAV036,1504,2025-11-24::noSBA_NAI::100XIAV036::1504,56,109.99499096679688,0.6597245945496439,0.511836661286516,0.6597245945496439,0.8349929990668303,False,True,1.9997851562499989,20.00294250488281,10,0.0012200656635161,0.0378391983235937,0.000305016415879,0.000305016415879,-3.515676786443937,0.3567754785259175,True,True,False,False,+ NAI,#BE5AA7,-3.5156767864439913
2025-11-24,noSBA_NAI,bboxspan_0p50,0.5,100XIAV036,1529,2025-11-24::noSBA_NAI::100XIAV036::1529,43,84.00155004882812,0.5256537671754415,0.2681862006302822,0.5256537671754415,0.5901150067183848,False,True,1.9997294921874984,20.00380004882813,10,0.0011607944922497,0.0135560320360334,0.0002901986230624,0.0002901986230624,-3.5373046525385345,0.9608213736760056,True,True,False,False,+ NAI,#BE5AA7,-3.537304652538601
2025-11-24,noSBA_NAI,bboxspan_0p50,0.5,100XIAV036,1851,2025-11-24::noSBA_NAI::100XIAV036::1851,66,129.99054907226565,0.514185489258125,0.2473427737650197,0.514185489258125,0.5705831798234077,False,True,1.999673095703116,19.9968447265625,10,0.0001968506153213,0.0058225384076497,4.921265383034365e-05,4.921265383034365e-05,-4.3079232146692785,0.7935002610283536,True,True,False,False,+ NAI,#BE5AA7,-4.3079232146692785
2025-11-24,noSBA_NAI,bboxspan_0p50,0.5,100XIAV036,2032,2025-11-24::noSBA_NAI::100XIAV036::2032,62,121.9889099121094,1.0463980601029306,0.5165999093772768,1.0463980601029306,1.166972307535953,False,True,1.9996738281249975,19.997227050781248,10,0.0004780830093174,0.0210136720132382,0.0001195207523293,0.0001195207523293,-3.9225566818317175,0.8294126636372453,True,True,False,False,+ NAI,#BE5AA7,-3.9225566818319293
2025-11-24,noSBA_NAI,bboxspan_0p50,0.5,100XIAV036,2262,2025-11-24::noSBA_NAI::100XIAV036::2262,41,80.00147583007814,1.9369972820384904,3.251478356100158,3.251478356100158,3.784715309083668,False,True,1.9996453857421876,20.003818847656262,10,0.0876590172162936,0.0592675673946451,0.0219147543040734,0.0219147543040734,-1.6592633940487302,0.9971802536443014,True,True,True,True,+ NAI,#BE5AA7,-1.6592633940487307
2025-11-24,noSBA_NAI,bboxspan_0p50,0.5,100XIAV036,2459,2025-11-24::noSBA_NAI::100XIAV036::2459,52,101.996,0.6426761541900063,1.1812238403547468,1.1812238403547468,1.3447387851128831,False,True,1.999841064453122,20.003837524414067,10,0.005190193228273,0.02201863153008,0.0012975483070682,0.0012975483070682,-2.8868764646142595,0.9845333173628502,True,True,True,False,+ NAI,#BE5AA7,-2.8868764646142844
2025-11-24,noSBA_NAI,bboxspan_0p50,0.5,100XIAV036,2470,2025-11-24::noSBA_NAI::100XIAV036::2470,52,101.996,2.874171395364666,4.274462044788887,4.274462044788887,5.150911276878419,False,True,1.999841064453122,20.003837524414067,10,0.1382485320470258,0.008132494498995,0.0345621330117564,0.0345621330117564,-1.4613994627599864,0.9980802556874564,True,True,True,True,+ NAI,#BE5AA7,-1.4613994627599871
2025-11-24,noSBA_NAI,bboxspan_0p50,0.5,100XIAV036,2533,2025-11-24::noSBA_NAI::100XIAV036::2533,50,97.99838696289063,0.8974953050199019,1.414191003609332,1.414191003609332,1.6749429892454062,False,True,1.999897949218763,20.004537109375,10,0.0104222545783274,0.0161188477937338,0.0026055636445818,0.0026055636445818,-2.5840983141099154,0.9335654867530312,True,True,True,False,+ NAI,#BE5AA7,-2.584098314109925
2025-11-24,noSBA_NAI,bboxspan_0p50,0.5,100XIAV036,2573,2025-11-24::noSBA_NAI::100XIAV036::2573,50,97.99838696289063,0.3873913378414286,0.5278594144289652,0.5278594144289652,0.6547576727582977,False,True,1.999897949218763,20.004537109375,10,0.000392819374463,0.0122787349485385,9.82048436157529e-05,9.82048436157529e-05,-4.007867091604926,0.7901635801084697,True,True,False,False,+ NAI,#BE5AA7,-4.007867091604926
2025-11-24,noSBA_NAI,bboxspan_0p50,0.5,100XIAV036,2623,2025-11-24::noSBA_NAI::100XIAV036::2623,49,95.99703613281253,3.0143215315536196,2.1943675439367496,3.0143215315536196,3.728455875221103,False,True,1.9998695068359424,20.00521801757813,10,0.0355121214320745,0.0942168299444988,0.0088780303580186,0.0088780303580186,-2.0516833742580007,0.979182412094745,True,True,True,False,+ NAI,#BE5AA7,-2.0516833742580034
2025-11-24,noSBA_NAI,bboxspan_0p50,0.5,100XIAV036,2956,2025-11-24::noSBA_NAI::100XIAV036::2956,42,81.99977001953127,0.7731281666875987,1.3203954947251333,1.3203954947251333,1.530088698283912,False,True,1.999897949218763,20.00294250488281,10,0.0017628036498389,0.057196545526441,0.0004407009124597,0.0004407009124597,-3.355856050293769,0.4366230673700483,True,True,False,False,+ NAI,#BE5AA7,-3.355856050293797
2025-11-24,noSBA_NAI,bboxspan_0p50,0.5,100XIAV036,3244,2025-11-24::noSBA_NAI::100XIAV036::3244,35,67.99435595703126,1.814132421458055,1.5607390064384958,1.814132421458055,2.393111507808169,False,True,1.9998695068359424,15.998113037109364,8,0.0362934525181527,0.0304174999433665,0.0090733631295381,0.0090733631295381,-2.0422317076613727,0.9869804214132945,True,True,True,False,+ NAI,#BE5AA7,-2.0422317076613767
2025-11-24,noSBA_NAI,bboxspan_0p50,0.5,100XIAV036,3341,2025-11-24::noSBA_NAI::100XIAV036::3341,30,58.07755102539062,0.9165748199898972,1.4413774932006795,1.4413774932006795,1.7081213301592446,False,True,1.999897949218763,13.997489013671869,7,0.0257931937893691,0.0329771549270024,0.0064482984473422,0.0064482984473422,-2.1905548702360957,0.93865127305947,True,True,True,False,+ NAI,#BE5AA7,-2.190554870236102
2025-11-24,noSBA_NAI,bboxspan_0p50,0.5,100XIAV036,3407,2025-11-24::noSBA_NAI::100XIAV036::3407,32,61.99434814453126,2.063664198297566,1.5847099423205506,2.063664198297566,2.601925349548818,False,True,1.999841064453122,15.99746105957032,8,0.0835464085979576,-0.0465628920160469,0.0208866021494894,0.0208866021494894,-1.6801322056756047,0.9976092386874742,True,True,True,True,+ NAI,#BE5AA7,-1.6801322056756047
2025-11-24,noSBA_NAI,bboxspan_0p50,0.5,100XIAV036,3433,2025-11-24::noSBA_NAI::100XIAV036::3433,31,59.99456298828126,0.7920846584187515,1.4296900826148369,1.4296900826148369,1.63444542228536,False,True,1.9998695068359424,13.998057983398446,7,0.0095157241165055,0.0391930065997407,0.0023789310291263,0.0023789310291263,-2.6236181490110857,0.8874642356637934,True,True,True,False,+ NAI,#BE5AA7,-2.6236181490111026
2025-11-24,noSBA_NAI,bboxspan_0p50,0.5,100XIAV037,46,2025-11-24::noSBA_NAI::100XIAV037::46,114,225.92649584960935,1.3051842102045157,0.918973286772129,1.3051842102045157,1.5962511470216567,False,True,1.9996911621093716,19.99661157226562,10,0.002753780229772,0.0353672455016051,0.000688445057443,0.000688445057443,-3.1621307136516994,0.7081901709580505,True,True,False,False,+ NAI,#BE5AA7,-3.1621307136517136
2025-11-24,noSBA_NAI,bboxspan_0p50,0.5,100XIAV037,109,2025-11-24::noSBA_NAI::100XIAV037::109,114,225.92649584960935,1.40449840876515,1.1522097893851253,1.40449840876515,1.8166461347710932,False,True,1.9996911621093716,19.99661157226562,10,0.0044085684294606,0.0181757855370787,0.0011021421073651,0.0011021421073651,-2.957762405061748,0.9744430566713318,True,True,True,False,+ NAI,#BE5AA7,-2.9577624050617746
2025-11-24,noSBA_NAI,bboxspan_0p50,0.5,100XIAV037,146,2025-11-24::noSBA_NAI::100XIAV037::146,42,82.003126953125,0.6580859745781567,0.5132609700872166,0.6580859745781567,0.8345741269362195,False,True,1.999654052734375,19.995810424804688,10,0.0032283805729224,0.0443746934343895,0.0008070951432306,0.0008070951432306,-3.093075266090242,0.7942192532976255,True,True,False,False,+ NAI,#BE5AA7,-3.093075266090247
2025-11-24,noSBA_NAI,bboxspan_0p50,0.5,100XIAV037,182,2025-11-24::noSBA_NAI::100XIAV037::182,37,71.89088183593749,4.028177569732435,1.050456102845274,4.028177569732435,4.162892330735973,False,True,1.9994218749999997,17.99602453613281,9,0.0869327863709276,0.080130522473836,0.0217331965927319,0.0217331965927319,-1.6628763914666749,0.9979882380477948,True,True,True,True,+ NAI,#BE5AA7,-1.662876391466675
2025-11-24,noSBA_NAI,bboxspan_0p50,0.5,100XIAV037,187,2025-11-24::noSBA_NAI::100XIAV037::187,65,127.89997094726564,0.9124116706888614,0.6621527839054693,0.9124116706888614,1.1273603532336067,False,True,1.9996726074218731,19.996509033203125,10,0.0005861726580343,0.042362188711642,0.0001465431645085,0.0001465431645085,-3.834034434376219,0.8001190641209984,True,True,False,False,+ NAI,#BE5AA7,-3.8340344343765103
2025-11-24,noSBA_NAI,bboxspan_0p50,0.5,100XIAV037,212,2025-11-24::noSBA_NAI::100XIAV037::212,53,103.89536987304687,0.9096390382259189,1.0672106922825364,1.0672106922825364,1.4022773768362466,False,True,1.9996726074218731,19.996248046875,10,0.0088237026706116,0.0240445344892329,0.0022059256676529,0.0022059256676529,-2.656409125926681,0.9893046176121152,True,True,True,False,+ NAI,#BE5AA7,-2.6564091259266833
2025-11-24,noSBA_NAI,bboxspan_0p50,0.5,100XIAV037,241,2025-11-24::noSBA_NAI::100XIAV037::241,55,107.89480981445313,0.4150445237844877,1.050911965990572,1.050911965990572,1.1299017289063955,False,True,1.9996726074218731,19.99619213867188,10,0.009515617787904,0.01691082916015,0.002378904446976,0.002378904446976,-2.623623001840186,0.9811621976281688,True,True,True,False,+ NAI,#BE5AA7,-2.6236230018401887
2025-11-24,noSBA_NAI,bboxspan_0p50,0.5,100XIAV037,287,2025-11-24::noSBA_NAI::100XIAV037::287,89,175.89893579101565,0.5227740996718353,0.644309557261721,0.644309557261721,0.8297153517119549,False,True,1.99963549804688,19.996564941406263,10,0.0012416125573734,0.044037235927508,0.0003104031393433,0.0003104031393433,-3.508073895040773,0.654941618220251,True,True,False,False,+ NAI,#BE5AA7,-3.5080738950408548
2025-11-24,noSBA_NAI,bboxspan_0p50,0.5,100XIAV037,294,2025-11-24::noSBA_NAI::100XIAV037::294,70,137.89755395507814,0.7995067966844829,0.3873722230359107,0.7995067966844829,0.8884077651194109,False,True,1.999654052734375,19.996565429687507,10,0.0007112191481914,0.0641628878094025,0.0001778047870478,0.0001778047870478,-3.7500565506746577,0.3959483701158248,True,True,False,False,+ NAI,#BE5AA7,-3.750056550674818
2025-11-24,noSBA_NAI,bboxspan_0p50,0.5,100XIAV037,297,2025-11-24::noSBA_NAI::100XIAV037::297,85,167.9610520019531,0.7868452082852286,0.6501509238293934,0.7868452082852286,1.0206966275821816,False,True,1.9996359863281228,19.996564941406263,10,0.0018894784367719,0.0189214683125183,0.0004723696091929,0.0004723696091929,-3.3257180513302225,0.8590913079365047,True,True,False,False,+ NAI,#BE5AA7,-3.3257180513303104
2025-11-24,noSBA_NAI,bboxspan_0p50,0.5,100XIAV037,318,2025-11-24::noSBA_NAI::100XIAV037::318,103,203.891919921875,0.7587829649512763,1.055827520011647,1.055827520011647,1.300201269001917,False,True,1.9996545410156177,19.996509033203125,10,0.0007040818798161,0.0243014422989497,0.000176020469954,0.000176020469954,-3.75443682382708,0.686925354603436,True,True,False,False,+ NAI,#BE5AA7,-3.754436823827185
2025-11-24,noSBA_NAI,bboxspan_0p50,0.5,100XIAV037,331,2025-11-24::noSBA_NAI::100XIAV037::331,114,225.92649584960935,0.4046042821148035,0.7721347656152773,0.7721347656152773,0.8717205523431202,False,True,1.9996911621093716,19.99661157226562,10,0.0017334530044696,0.0036339821004365,0.0004333632511174,0.0004333632511174,-3.3631479193050646,0.9927534643223196,True,True,False,False,+ NAI,#BE5AA7,-3.3631479193050824
2025-11-24,noSBA_NAI,bboxspan_0p50,0.5,100XIAV037,336,2025-11-24::noSBA_NAI::100XIAV037::336,114,225.92649584960935,0.6480330351177841,1.1867327175769589,1.1867327175769589,1.352139548113123,False,True,1.9996911621093716,19.99661157226562,10,0.0007388181967509,0.0495801332523744,0.0001847045491877,0.0001847045491877,-3.7335224079555207,0.3644416649903427,True,True,False,False,+ NAI,#BE5AA7,-3.733522407955617
2025-11-24,noSBA_NAI,bboxspan_0p50,0.5,100XIAV037,337,2025-11-24::noSBA_NAI::100XIAV037::337,114,225.92649584960935,0.6717230258196878,0.9026274938114368,0.9026274938114368,1.1251436423855723,False,True,1.9996911621093716,19.99661157226562,10,0.0001899450929613,0.0240939409087183,4.748627324033564e-05,4.748627324033564e-05,-4.323431912849377,0.4015346739471596,True,True,False,False,+ NAI,#BE5AA7,-4.323431912849377
2025-11-24,noSBA_NAI,bboxspan_0p50,0.5,100XIAV037,386,2025-11-24::noSBA_NAI::100XIAV037::386,91,179.8984509277344,0.3798203300196405,0.6450600724400246,0.6450600724400246,0.748575968190643,False,True,1.99963549804688,19.996565917968752,10,0.0011788705578399,0.0455816302938021,0.0002947176394599,0.0002947176394599,-3.5305938699496173,0.7243925958170521,True,True,False,False,+ NAI,#BE5AA7,-3.5305938699497394
2025-11-24,noSBA_NAI,bboxspan_0p50,0.5,100XIAV037,396,2025-11-24::noSBA_NAI::100XIAV037::396,114,225.92649584960935,1.9532933558652843,1.4309800595863322,1.9532933558652843,2.42137540769728,False,True,1.9996911621093716,19.99661157226562,10,0.0140521360930925,0.0507268398957524,0.0035130340232731,0.0035130340232731,-2.4543176441025865,0.9843085372718452,True,True,True,False,+ NAI,#BE5AA7,-2.4543176441025913
2025-11-24,noSBA_NAI,bboxspan_0p50,0.5,100XIAV037,401,2025-11-24::noSBA_NAI::100XIAV037::401,74,145.89594897460938,1.8252613629326504,2.981303657017591,2.981303657017591,3.495675977312717,False,True,1.999654052734375,19.996536987304697,10,0.0438728490177729,-0.0178130552357941,0.0109682122544432,0.0109682122544432,-1.959864153765451,0.9979880252811814,True,True,True,True,+ NAI,#BE5AA7,-1.9598641537654526
2025-11-24,noSBA_NAI,bboxspan_0p50,0.5,100XIAV037,404,2025-11-24::noSBA_NAI::100XIAV037::404,65,127.89997094726564,0.504486659923046,0.655250032157781,0.655250032157781,0.8269579159081096,False,True,1.9996726074218731,19.996509033203125,10,0.0020686404474015,0.0130246286698361,0.0005171601118503,0.0005171601118503,-3.2863749792891612,0.980762803338842,True,True,False,False,+ NAI,#BE5AA7,-3.286374979289233
2025-11-24,noSBA_NAI,bboxspan_0p50,0.5,100XIAV037,408,2025-11-24::noSBA_NAI::100XIAV037::408,114,225.92649584960935,0.7663186267197233,0.1522492380721516,0.7663186267197233,0.7812964022387107,False,True,1.9996911621093716,19.99661157226562,10,0.0002946075609168,0.0280260583738546,7.365189022920131e-05,7.365189022920131e-05,-4.132816102784997,0.5309209919170395,True,True,False,False,+ NAI,#BE5AA7,-4.132816102784997
2025-11-24,noSBA_NAI,bboxspan_0p50,0.5,100XIAV037,428,2025-11-24::noSBA_NAI::100XIAV037::428,114,225.92649584960935,0.2617388716538471,0.7719967141601671,0.7719967141601671,0.8151602073265867,False,True,1.9996911621093716,19.99661157226562,10,0.0005778569836627,0.0143332850644182,0.0001444642459156,0.0001444642459156,-3.8402396250381137,0.8389673988066846,True,True,False,False,+ NAI,#BE5AA7,-3.8402396250383917
2025-11-24,noSBA_NAI,bboxspan_0p50,0.5,100XIAV037,472,2025-11-24::noSBA_NAI::100XIAV037::472,114,225.92649584960935,0.3905339584752028,0.5303525356802936,0.5303525356802936,0.6586278044729272,False,True,1.9996911621093716,19.99661157226562,10,0.0010138346986183,0.059236319850373,0.0002534586746545,0.0002534586746545,-3.596092840403692,0.7382981352951002,True,True,False,False,+ NAI,#BE5AA7,-3.5960928404038386
2025-11-24,noSBA_NAI,bboxspan_0p50,0.5,100XIAV037,484,2025-11-24::noSBA_NAI::100XIAV037::484,114,225.92649584960935,2.332426321861,1.8058094734231815,2.332426321861,2.9497729406201656,False,True,1.9996911621093716,19.99661157226562,10,0.01946905612926,0.0086892545389697,0.004867264032315,0.004867264032315,-2.312715094137172,0.9983191572275504,True,True,True,False,+ NAI,#BE5AA7,-2.3127150941371744
2025-11-24,noSBA_NAI,bboxspan_0p50,0.5,100XIAV037,504,2025-11-24::noSBA_NAI::100XIAV037::504,56,109.99549511718747,1.0465541918815973,0.5069138471514947,1.0465541918815973,1.1628573966651596,False,True,1.999655029296861,19.996565429687507,10,0.00115296587558,0.0322076989635832,0.000288241468895,0.000288241468895,-3.540243537690339,0.6842975721814037,True,True,False,False,+ NAI,#BE5AA7,-3.5402435376903467
2025-11-24,noSBA_NAI,bboxspan_0p50,0.5,100XIAV037,505,2025-11-24::noSBA_NAI::100XIAV037::505,114,225.92649584960935,1.0403330730339846,1.5763823769922285,1.5763823769922285,1.888722928684883,False,True,1.9996911621093716,19.99661157226562,10,0.0096110314878776,-0.0042461277055578,0.0024027578719694,0.0024027578719694,-2.619289991229266,0.9921823442840508,True,True,True,False,+ NAI,#BE5AA7,-2.619289991229267
2025-11-24,noSBA_NAI,bboxspan_0p50,0.5,100XIAV037,508,2025-11-24::noSBA_NAI::100XIAV037::508,114,225.92649584960935,0.3920389858099895,0.6473475977684586,0.6473475977684586,0.756804782444931,False,True,1.9996911621093716,19.99661157226562,10,9.496623765077456e-05,0.012185053225054,2.3741559412693643e-05,2.3741559412693643e-05,-4.624490758756082,0.447363407207473,True,True,False,False,+ NAI,#BE5AA7,-4.624490758756082
2025-11-24,noSBA_NAI,bboxspan_0p50,0.5,100XIAV037,554,2025-11-24::noSBA_NAI::100XIAV037::554,46,90.02945385742188,1.0530716054979123,0.8951215783594364,1.0530716054979123,1.3821007366869609,False,True,1.9997670898437432,19.999138549804695,10,0.0034626277606968,0.0327296681817669,0.0008656569401742,0.0008656569401742,-3.0626541847812327,0.9062859021752264,True,True,False,False,+ NAI,#BE5AA7,-3.062654184781239
2025-11-24,noSBA_NAI,bboxspan_0p50,0.5,100XIAV037,562,2025-11-24::noSBA_NAI::100XIAV037::562,114,225.92649584960935,1.1816223197326536,1.1740999156047849,1.1816223197326536,1.665755659847368,False,True,1.9996911621093716,19.99661157226562,10,0.0038264238695175,0.0294071025074086,0.0009566059673793,0.0009566059673793,-3.0192669142942323,0.762264690261198,True,True,False,False,+ NAI,#BE5AA7,-3.019266914294268
2025-11-24,noSBA_NAI,bboxspan_0p50,0.5,100XIAV037,567,2025-11-24::noSBA_NAI::100XIAV037::567,114,225.92649584960935,0.769235212466377,0.3882403153006351,0.769235212466377,0.8616573301045658,False,True,1.9996911621093716,19.99661157226562,10,0.0011230714256668,0.0225378073953097,0.0002807678564167,0.0002807678564167,-3.551652613707144,0.8777737765958052,True,True,False,False,+ NAI,#BE5AA7,-3.5516526137071716
2025-11-24,noSBA_NAI,bboxspan_0p50,0.5,100XIAV037,568,2025-11-24::noSBA_NAI::100XIAV037::568,114,225.92649584960935,0.5213261041124042,0.3787352783486142,0.5213261041124042,0.6443766894409043,False,True,1.9996911621093716,19.99661157226562,10,0.0002927535457129,0.0093610881694195,7.318838642823371e-05,7.318838642823371e-05,-4.13555782755201,0.8808826613945095,True,True,False,False,+ NAI,#BE5AA7,-4.13555782755201
2025-11-24,noSBA_NAI,bboxspan_0p50,0.5,100XIAV037,593,2025-11-24::noSBA_NAI::100XIAV037::593,114,225.92649584960935,0.6555951147130941,0.3911759251005406,0.6555951147130941,0.7634288171230759,False,True,1.9996911621093716,19.99661157226562,10,0.0015232443994534,0.0036604142899278,0.0003808110998633,0.0003808110998633,-3.419290401308687,0.9918317136595504,True,True,False,False,+ NAI,#BE5AA7,-3.4192904013087686
2025-11-24,noSBA_NAI,bboxspan_0p50,0.5,100XIAV037,629,2025-11-24::noSBA_NAI::100XIAV037::629,114,225.92649584960935,0.645937581856046,1.4247104881861503,1.4247104881861503,1.564300270025437,False,True,1.9996911621093716,19.99661157226562,10,0.005335698856506,-0.0018944989555365,0.0013339247141265,0.0013339247141265,-2.874868681035723,0.9868709377516652,True,True,True,False,+ NAI,#BE5AA7,-2.8748686810357267
2025-11-24,noSBA_NAI,bboxspan_0p50,0.5,100XIAV037,646,2025-11-24::noSBA_NAI::100XIAV037::646,110,217.8985458984375,0.6622052297181966,1.1623516094947206,1.1623516094947206,1.3377507355113274,False,True,1.999655029296861,19.99656555175781,10,0.0058480437416575,0.0024398135376915,0.0014620109354143,0.0014620109354143,-2.8350493789702496,0.994875198930435,True,True,True,False,+ NAI,#BE5AA7,-2.8350493789702744
2025-11-24,noSBA_NAI,bboxspan_0p50,0.5,100XIAV037,677,2025-11-24::noSBA_NAI::100XIAV037::677,80,157.8915830078125,0.5245410624554836,0.8994975788035049,0.8994975788035049,1.0412680829043477,False,True,1.999616943359385,19.996387939453125,10,0.000837545466047,0.0167924713460211,0.0002093863665117,0.0002093863665117,-3.679051599359509,0.7072678800176342,True,True,False,False,+ NAI,#BE5AA7,-3.6790515993596355
2025-11-24,noSBA_NAI,bboxspan_0p50,0.5,100XIAV037,681,2025-11-24::noSBA_NAI::100XIAV037::681,114,225.92649584960935,0.7828898318427377,0.9048166946090248,0.9048166946090248,1.196498950958985,False,True,1.9996911621093716,19.99661157226562,10,0.0014577073641415,0.0259070015421241,0.0003644268410353,0.0003644268410353,-3.4383896435424424,0.900800814440702,True,True,False,False,+ NAI,#BE5AA7,-3.4383896435425436
2025-11-24,noSBA_NAI,bboxspan_0p50,0.5,100XIAV037,683,2025-11-24::noSBA_NAI::100XIAV037::683,114,225.92649584960935,0.7647800727695113,0.750642369495722,0.7647800727695113,1.0716121157338094,False,True,1.9996911621093716,19.99661157226562,10,0.0001530847778816,0.0181549592947762,3.8271194470423224e-05,3.8271194470423224e-05,-4.417127982933112,0.7064947773441093,True,True,False,False,+ NAI,#BE5AA7,-4.417127982933112
2025-11-24,noSBA_NAI,bboxspan_0p50,0.5,100XIAV037,699,2025-11-24::noSBA_NAI::100XIAV037::699,114,225.92649584960935,0.5035939985484106,0.2696729277011087,0.5035939985484106,0.5712533617484137,False,True,1.9996911621093716,19.99661157226562,10,0.0002619003005112,0.0060692078665938,6.54750751278135e-05,6.54750751278135e-05,-4.1839239945815985,0.9199410045554546,True,True,False,False,+ NAI,#BE5AA7,-4.1839239945815985
2025-11-24,noSBA_NAI,bboxspan_0p50,0.5,100XIAV037,723,2025-11-24::noSBA_NAI::100XIAV037::723,114,225.92649584960935,0.7739119280137743,0.3964107249266249,0.7739119280137743,0.8695292606685814,False,True,1.9996911621093716,19.99661157226562,10,0.0010665634248605,0.050581941708973,0.0002666408562151,0.0002666408562151,-3.5740733047746645,0.7037866642623463,True,True,False,False,+ NAI,#BE5AA7,-3.5740733047747084
2025-11-24,noSBA_NAI,bboxspan_0p50,0.5,100XIAV037,727,2025-11-24::noSBA_NAI::100XIAV037::727,46,89.9976611328125,2.5850066925212616,1.8206522591574128,2.5850066925212616,3.161808699013067,False,True,1.9994309082031236,19.99601513671875,10,0.0689885030897553,0.1622274273501563,0.0172471257724388,0.0172471257724388,-1.7632832695863545,0.9872058191896012,True,True,True,True,+ NAI,#BE5AA7,-1.7632832695863554
2025-11-24,noSBA_NAI,bboxspan_0p50,0.5,100XIAV037,756,2025-11-24::noSBA_NAI::100XIAV037::756,83,163.89218798828125,2.8449839598364264,0.9335123404386962,2.8449839598364264,2.99422427708378,False,True,1.99963549804688,19.99626684570313,10,0.0272713067293603,-0.032773525626693,0.00681782668234,0.00681782668234,-2.16635404327434,0.9929046533269246,True,True,True,False,+ NAI,#BE5AA7,-2.1663540432743447
2025-11-24,noSBA_NAI,bboxspan_0p50,0.5,100XIAV037,779,2025-11-24::noSBA_NAI::100XIAV037::779,114,225.92649584960935,0.5318223851488781,0.3712438850916868,0.5318223851488781,0.6485808134407086,False,True,1.9996911621093716,19.99661157226562,10,0.0001435239219499,0.0051464834201152,3.588098048747868e-05,3.588098048747868e-05,-4.445135697888717,0.7830255698749601,True,True,False,False,+ NAI,#BE5AA7,-4.445135697888717
2025-11-24,noSBA_NAI,bboxspan_0p50,0.5,100XIAV037,785,2025-11-24::noSBA_NAI::100XIAV037::785,114,225.92649584960935,1.1682522364047043,1.5667612044344423,1.5667612044344423,1.9543679181734073,False,True,1.9996911621093716,19.99661157226562,10,0.0087644203313994,0.0012862374595067,0.0021911050828498,0.0021911050828498,-2.659336793681891,0.9934281105536577,True,True,True,False,+ NAI,#BE5AA7,-2.659336793681902
2025-11-24,noSBA_NAI,bboxspan_0p50,0.5,100XIAV037,801,2025-11-24::noSBA_NAI::100XIAV037::801,58,113.89293383789062,3.2459157755140353,1.7008951324782515,3.2459157755140353,3.664561839213399,False,True,1.999654052734375,19.99622009277344,10,0.0421866052429493,0.0267543154205286,0.0105466513107373,0.0105466513107373,-1.976885412226536,0.9862211786990972,True,True,True,True,+ NAI,#BE5AA7,-1.9768854122265371
2025-11-24,noSBA_NAI,bboxspan_0p50,0.5,100XIAV037,813,2025-11-24::noSBA_NAI::100XIAV037::813,56,110.03452197265624,1.186884441244544,1.1875754177971487,1.1875754177971487,1.6789967390749887,False,True,1.9997480468749984,19.99695642089844,10,0.0091991395312538,0.0214366057391659,0.0022997848828134,0.0022997848828134,-2.6383127851025368,0.9913450463712082,True,True,True,False,+ NAI,#BE5AA7,-2.638312785102547
2025-11-24,noSBA_NAI,bboxspan_0p50,0.5,100XIAV037,815,2025-11-24::noSBA_NAI::100XIAV037::815,114,225.92649584960935,0.5305637957979386,0.4026655911959267,0.5305637957979386,0.6660611981977946,False,True,1.9996911621093716,19.99661157226562,10,0.0004215731931783,0.0091177952934194,0.0001053932982945,0.0001053932982945,-3.9771870039832344,0.6472989893199852,True,True,False,False,+ NAI,#BE5AA7,-3.977187003983551
2025-11-24,noSBA_NAI,bboxspan_0p50,0.5,100XIAV037,838,2025-11-24::noSBA_NAI::100XIAV037::838,114,225.92649584960935,0.7814943626302977,0.8955454914580905,0.8955454914580905,1.1885853634021617,False,True,1.9996911621093716,19.99661157226562,10,0.0001137569265157,0.0232562544816049,2.843923162894981e-05,2.843923162894981e-05,-4.546082141550396,0.5037527146979783,True,True,False,False,+ NAI,#BE5AA7,-4.546082141550396
2025-11-24,noSBA_NAI,bboxspan_0p50,0.5,100XIAV037,848,2025-11-24::noSBA_NAI::100XIAV037::848,114,225.92649584960935,1.6893184629478526,2.362417863469254,2.362417863469254,2.9042753021873,False,True,1.9996911621093716,19.99661157226562,10,0.0239249692053761,-0.0037822740620978,0.005981242301344,0.005981242301344,-2.223208603873598,0.999655978644914,True,True,True,False,+ NAI,#BE5AA7,-2.223208603873601
2025-11-24,noSBA_NAI,bboxspan_0p50,0.5,100XIAV037,849,2025-11-24::noSBA_NAI::100XIAV037::849,109,215.90071899414065,0.7737887542543831,0.660309403891528,0.7737887542543831,1.017230330396285,False,True,1.999673095703116,19.99656518554687,10,0.0001606984962714,0.0163949098377414,4.0174624067856215e-05,4.0174624067856215e-05,-4.396048178435669,0.4053926440024802,True,True,False,False,+ NAI,#BE5AA7,-4.396048178435669
2025-11-24,noSBA_NAI,bboxspan_0p50,0.5,100XIAV037,852,2025-11-24::noSBA_NAI::100XIAV037::852,114,225.92649584960935,0.5388047938058094,0.3832442653958665,0.5388047938058094,0.6612010078538433,False,True,1.9996911621093716,19.99661157226562,10,0.0006998646490851,0.0075236216853695,0.0001749661622712,0.0001749661622712,-3.757045933941137,0.9460207622978498,True,True,False,False,+ NAI,#BE5AA7,-3.757045933941331
2025-11-24,noSBA_NAI,bboxspan_0p50,0.5,100XIAV037,896,2025-11-24::noSBA_NAI::100XIAV037::896,114,225.92649584960935,0.5054363140726821,0.4036160404703217,0.5054363140726821,0.6468166476740679,False,True,1.9996911621093716,19.99661157226562,10,0.001068593905815,0.0041794815173445,0.0002671484764537,0.0002671484764537,-3.573247298252958,0.980679294303434,True,True,False,False,+ NAI,#BE5AA7,-3.5732472982530674
2025-11-24,noSBA_NAI,bboxspan_0p50,0.5,100XIAV037,902,2025-11-24::noSBA_NAI::100XIAV037::902,45,87.89919482421874,0.3801847442089254,0.7520112652109354,0.7520112652109354,0.8426514004814553,False,True,1.9995424804687492,19.995819824218756,10,0.0015784992016749,0.0641145293744679,0.0003946248004187,0.0003946248004187,-3.40381562474386,0.6941769954816253,True,True,False,False,+ NAI,#BE5AA7,-3.403815624743893
2025-11-24,noSBA_NAI,bboxspan_0p50,0.5,100XIAV037,914,2025-11-24::noSBA_NAI::100XIAV037::914,90,177.89892700195313,0.7622438039475128,0.550879623362956,0.7622438039475128,0.94047008250815,False,True,1.999654052734375,19.996565429687507,10,0.0001776623708764,0.0189861826510262,4.441559271912404e-05,4.441559271912404e-05,-4.35246453792455,0.6878377799917956,True,True,False,False,+ NAI,#BE5AA7,-4.35246453792455
2025-11-24,noSBA_NAI,bboxspan_0p50,0.5,100XIAV037,942,2025-11-24::noSBA_NAI::100XIAV037::942,114,225.92649584960935,0.773543640236916,1.823776869285421,1.823776869285421,1.9810431172217104,False,True,1.9996911621093716,19.99661157226562,10,0.0028039745785221,0.0053152093982343,0.0007009936446305,0.0007009936446305,-3.1542859194290584,0.9959378867882986,True,True,False,False,+ NAI,#BE5AA7,-3.1542859194290847
2025-11-24,noSBA_NAI,bboxspan_0p50,0.5,100XIAV037,957,2025-11-24::noSBA_NAI::100XIAV037::957,37,71.89088183593749,0.802659555593408,0.6742797652115158,0.802659555593408,1.0482917360921549,False,True,1.9994218749999997,17.99602453613281,9,0.0027930804210668,0.0672779750354577,0.0006982701052667,0.0006982701052667,-3.155976550821108,0.7255558798163158,True,True,False,False,+ NAI,#BE5AA7,-3.1559765508211153
2025-11-24,noSBA_NAI,bboxspan_0p50,0.5,100XIAV037,984,2025-11-24::noSBA_NAI::100XIAV037::984,46,89.90062182617187,0.8761044661978374,0.2670589882539254,0.8761044661978374,0.9159036733734656,False,True,1.999654052734375,19.995828979492188,10,0.000889282407459,0.0209234305403226,0.0002223206018647,0.0002223206018647,-3.653020290510118,0.7290408485266864,True,True,False,False,+ NAI,#BE5AA7,-3.6530202905102622
2025-11-24,noSBA_NAI,bboxspan_0p50,0.5,100XIAV037,985,2025-11-24::noSBA_NAI::100XIAV037::985,80,157.8915830078125,1.1829381686823697,1.67182159003427,1.67182159003427,2.0480063817845666,False,True,1.999616943359385,19.996387939453125,10,0.0225227062133709,0.0051728822504546,0.0056306765533427,0.0056306765533427,-2.2494394194060963,0.9884373468644692,True,True,True,False,+ NAI,#BE5AA7,-2.2494394194060994
2025-11-24,noSBA_NAI,bboxspan_0p50,0.5,100XIAV037,998,2025-11-24::noSBA_NAI::100XIAV037::998,73,143.89554882812502,0.6303186652542507,0.3774092129548201,0.6303186652542507,0.7346695405357956,False,True,1.99963549804688,19.996564941406263,10,0.0023453041231656,0.0035351034689296,0.0005863260307914,0.0005863260307914,-3.231860824256073,0.9972987557013404,True,True,False,False,+ NAI,#BE5AA7,-3.2318608242560876
2025-11-24,noSBA_NAI,bboxspan_0p50,0.5,100XIAV037,1040,2025-11-24::noSBA_NAI::100XIAV037::1040,114,225.92649584960935,0.257238754111853,0.6487324249987942,0.6487324249987942,0.6978721486503345,False,True,1.9996911621093716,19.99661157226562,10,0.00070818280176,0.0382981959148023,0.00017704570044,0.00017704570044,-3.751914615631964,0.5359010332871441,True,True,False,False,+ NAI,#BE5AA7,-3.751914615631969
2025-11-24,noSBA_NAI,bboxspan_0p50,0.5,100XIAV037,1058,2025-11-24::noSBA_NAI::100XIAV037::1058,114,225.92649584960935,2.9826467660459883,1.8241664769916976,2.9826467660459883,3.4962501436231497,False,True,1.9996911621093716,19.99661157226562,10,0.0454334054734455,-0.1106536719822877,0.0113583513683613,0.0113583513683613,-1.9446847006305352,0.9766944126819352,True,True,True,True,+ NAI,#BE5AA7,-1.944684700630538
2025-11-24,noSBA_NAI,bboxspan_0p50,0.5,100XIAV037,1061,2025-11-24::noSBA_NAI::100XIAV037::1061,114,225.92649584960935,3.5309813613579166,1.9376330659223695,3.5309813613579166,4.027685597512885,False,True,1.9996911621093716,19.99661157226562,10,0.0340208776602848,0.0364866874738917,0.0085052194150712,0.0085052194150712,-2.0703144781095517,0.9954203362520264,True,True,True,False,+ NAI,#BE5AA7,-2.0703144781095526
2025-11-24,noSBA_NAI,bboxspan_0p50,0.5,100XIAV037,1065,2025-11-24::noSBA_NAI::100XIAV037::1065,114,225.92649584960935,1.176149042734778,1.1677301033623628,1.176149042734778,1.65738352985198,False,True,1.9996911621093716,19.99661157226562,10,0.0049703681580652,0.0141391710120755,0.0012425920395163,0.0012425920395163,-2.9056714329579045,0.9916054065631136,True,True,True,False,+ NAI,#BE5AA7,-2.9056714329579094
2025-11-24,noSBA_NAI,bboxspan_0p50,0.5,100XIAV037,1080,2025-11-24::noSBA_NAI::100XIAV037::1080,114,225.92649584960935,3.5198070600831812,4.5483471953352055,4.5483471953352055,5.751217605822704,False,True,1.9996911621093716,19.99661157226562,10,0.0462484408651849,-0.0037064902986149,0.0115621102162962,0.0115621102162962,-1.93696289501097,0.9954793628979026,True,True,True,True,+ NAI,#BE5AA7,-1.9369628950109716
2025-11-24,noSBA_NAI,bboxspan_0p50,0.5,100XIAV037,1173,2025-11-24::noSBA_NAI::100XIAV037::1173,114,225.92649584960935,0.7583144245911058,0.514164341611977,0.7583144245911058,0.9161908844385092,False,True,1.9996911621093716,19.99661157226562,10,0.0013057222503884,0.005926750156966,0.0003264305625971,0.0003264305625971,-3.48620918648099,0.9916295161633404,True,True,False,False,+ NAI,#BE5AA7,-3.486209186481005
2025-11-24,noSBA_NAI,bboxspan_0p50,0.5,100XIAV037,1175,2025-11-24::noSBA_NAI::100XIAV037::1175,73,143.89554882812502,0.8752281182019956,0.5142356768710883,0.8752281182019956,1.0151170327890635,False,True,1.99963549804688,19.996564941406263,10,0.0002751357392104,0.0167737604014844,6.878393480261358e-05,6.878393480261358e-05,-4.162512983876268,0.3444412483519274,True,True,False,False,+ NAI,#BE5AA7,-4.162512983876268
2025-11-24,noSBA_NAI,bboxspan_0p50,0.5,100XIAV037,1192,2025-11-24::noSBA_NAI::100XIAV037::1192,108,213.9008779296875,0.5140910441603239,1.0269021109300596,1.0269021109300596,1.1483978174476233,False,True,1.999655029296861,19.996565063476567,10,0.000461265286394,0.0388710445522771,0.0001153163215985,0.0001153163215985,-3.9381092193444545,0.468070280168686,True,True,False,False,+ NAI,#BE5AA7,-3.9381092193444642
2025-11-24,noSBA_NAI,bboxspan_0p50,0.5,100XIAV037,1229,2025-11-24::noSBA_NAI::100XIAV037::1229,96,189.89545581054688,0.5057316954830977,0.259738870412205,0.5057316954830977,0.5685321702588314,False,True,1.999616943359385,19.99657495117188,10,0.0001740384293382,0.0076140667895645,4.350960733456431e-05,4.350960733456431e-05,-4.361414836109753,0.7185251958987308,True,True,False,False,+ NAI,#BE5AA7,-4.361414836109753
2025-11-24,noSBA_NAI,bboxspan_0p50,0.5,100XIAV037,1247,2025-11-24::noSBA_NAI::100XIAV037::1247,114,225.92649584960935,0.6274157743219178,0.5200454414108648,0.6274157743219178,0.8149219686572408,False,True,1.9996911621093716,19.99661157226562,10,0.0001333245806046,0.0131812659182919,3.3331145151159426e-05,3.3331145151159426e-05,-4.477149765118767,0.328239774669708,True,True,False,False,+ NAI,#BE5AA7,-4.477149765118767
2025-11-24,noSBA_NAI,bboxspan_0p50,0.5,100XIAV037,1249,2025-11-24::noSBA_NAI::100XIAV037::1249,114,225.92649584960935,0.5169641182300779,0.2743276801178069,0.5169641182300779,0.5852414677859216,False,True,1.9996911621093716,19.99661157226562,10,0.0001510065277767,0.0138191085723815,3.775163194418091e-05,3.775163194418091e-05,-4.423064269755764,0.3596392664541361,True,True,False,False,+ NAI,#BE5AA7,-4.423064269755764
2025-11-24,noSBA_NAI,bboxspan_0p50,0.5,100XIAV037,1257,2025-11-24::noSBA_NAI::100XIAV037::1257,114,225.92649584960935,0.6509602819463538,0.6413203661506941,0.6509602819463538,0.913805833156769,False,True,1.9996911621093716,19.99661157226562,10,0.0014802955134066,0.0087090175183491,0.0003700738783516,0.0003700738783516,-3.43171156847987,0.9722017279430946,True,True,False,False,+ NAI,#BE5AA7,-3.431711568479933
2025-11-24,noSBA_NAI,bboxspan_0p50,0.5,100XIAV037,1269,2025-11-24::noSBA_NAI::100XIAV037::1269,114,225.92649584960935,0.5269193971349324,0.2646195306060761,0.5269193971349324,0.5896334005593821,False,True,1.9996911621093716,19.99661157226562,10,0.0001587014173714,0.0147210945655554,3.967535434285964e-05,3.967535434285964e-05,-4.401479185846928,0.6497722810977324,True,True,False,False,+ NAI,#BE5AA7,-4.401479185846928
2025-11-24,noSBA_NAI,bboxspan_0p50,0.5,100XIAV037,1303,2025-11-24::noSBA_NAI::100XIAV037::1303,114,225.92649584960935,0.5011405198867891,0.2777096916414052,0.5011405198867891,0.5729437088440413,False,True,1.9996911621093716,19.99661157226562,10,0.0003141833132588,0.0132389350690858,7.854582831471735e-05,7.854582831471735e-05,-4.104876876034698,0.7041615478564999,True,True,False,False,+ NAI,#BE5AA7,-4.104876876034698
2025-11-24,noSBA_NAI,bboxspan_0p50,0.5,100XIAV037,1307,2025-11-24::noSBA_NAI::100XIAV037::1307,100,197.89330981445312,0.4078885944519967,0.9352830680384656,0.9352830680384656,1.020356566521464,False,True,1.999654052734375,19.996565429687507,10,8.515606853467851e-05,0.0107298628443718,2.1289017133669628e-05,2.1289017133669628e-05,-4.671844388504233,0.6491610596761965,True,True,False,False,+ NAI,#BE5AA7,-4.671844388504233
2025-11-24,noSBA_NAI,bboxspan_0p50,0.5,100XIAV037,1312,2025-11-24::noSBA_NAI::100XIAV037::1312,42,81.90036181640625,1.3154868444771637,1.4095537491102377,1.4095537491102377,1.928042377548588,False,True,1.999654052734375,19.995791381835943,10,0.0267787934197326,-0.0238395012496405,0.0066946983549331,0.0066946983549331,-2.1742689863501483,0.9950947192831464,True,True,True,False,+ NAI,#BE5AA7,-2.1742689863501528
2025-11-24,noSBA_NAI,bboxspan_0p50,0.5,100XIAV037,1317,2025-11-24::noSBA_NAI::100XIAV037::1317,114,225.92649584960935,0.5037348453221142,0.3921269755780869,0.5037348453221142,0.6383669472706994,False,True,1.9996911621093716,19.99661157226562,10,0.000533160562557,0.0039836272268382,0.0001332901406392,0.0001332901406392,-3.8752019737993857,0.9675065658441366,True,True,False,False,+ NAI,#BE5AA7,-3.8752019737995664
2025-11-24,noSBA_NAI,bboxspan_0p50,0.5,100XIAV037,1318,2025-11-24::noSBA_NAI::100XIAV037::1318,92,181.89782592773437,0.7768178954708631,0.3844090799085506,0.7768178954708631,0.8667273985746149,False,True,1.999616943359385,19.99657495117188,10,0.0002418659724501,0.0206845251231616,6.04664931125302e-05,6.04664931125302e-05,-4.218485218528859,0.6614967624648997,True,True,False,False,+ NAI,#BE5AA7,-4.218485218528859
2025-11-24,noSBA_NAI,bboxspan_0p50,0.5,100XIAV037,1350,2025-11-24::noSBA_NAI::100XIAV037::1350,114,225.92649584960935,0.3920757307522393,0.5228338922505387,0.5228338922505387,0.6535125534607199,False,True,1.9996911621093716,19.99661157226562,10,0.0005054447441851,0.0147921004348287,0.0001263611860462,0.0001263611860462,-3.898386306390307,0.8069474590005825,True,True,False,False,+ NAI,#BE5AA7,-3.8983863063906417
2025-11-24,noSBA_NAI,bboxspan_0p50,0.5,100XIAV037,1383,2025-11-24::noSBA_NAI::100XIAV037::1383,114,225.92649584960935,0.5293061256967526,0.3968892844327598,0.5293061256967526,0.6615784751619831,False,True,1.9996911621093716,19.99661157226562,10,0.001526897510957,0.0026591414340965,0.0003817243777392,0.0003817243777392,-3.4182501041861513,0.9959743746690676,True,True,False,False,+ NAI,#BE5AA7,-3.418250104186215
2025-11-24,noSBA_NAI,bboxspan_0p50,0.5,100XIAV037,1397,2025-11-24::noSBA_NAI::100XIAV037::1397,34,65.892048828125,0.3838547457352348,0.764801163687487,0.764801163687487,0.8557250059459499,False,True,1.9994309082031236,15.996696533203124,8,0.0023268070417835,0.0355428434508125,0.0005817017604458,0.0005817017604458,-3.235299621863004,0.550064267157974,True,True,False,False,+ NAI,#BE5AA7,-3.2352996218630734
2025-11-24,noSBA_NAI,bboxspan_0p50,0.5,100XIAV037,1408,2025-11-24::noSBA_NAI::100XIAV037::1408,114,225.92649584960935,0.5091713395245279,0.1347848242517244,0.5091713395245279,0.5267090295806313,False,True,1.9996911621093716,19.99661157226562,10,0.0001885153482089,0.0164619305543719,4.7128837052228055e-05,4.7128837052228055e-05,-4.326713276727347,0.5170131509844343,True,True,False,False,+ NAI,#BE5AA7,-4.326713276727347
2025-11-24,noSBA_NAI,bboxspan_0p50,0.5,100XIAV037,1414,2025-11-24::noSBA_NAI::100XIAV037::1414,57,111.89331689453124,0.4052487002840763,1.06189758685273,1.06189758685273,1.1365971115771782,False,True,1.9996726074218731,19.99619213867188,10,0.0011122642922633,0.0310732741266866,0.0002780660730658,0.0002780660730658,-3.5558519963178687,0.5657091036891392,True,True,False,False,+ NAI,#BE5AA7,-3.555851996317939
2025-11-24,noSBA_NAI,bboxspan_0p50,0.5,100XIAV037,1428,2025-11-24::noSBA_NAI::100XIAV037::1428,114,225.92649584960935,1.2945902591294676,1.5575729979681725,1.5575729979681725,2.025338881035088,False,True,1.9996911621093716,19.99661157226562,10,0.0095364604583603,-0.000736241974663,0.00238411511459,0.00238411511459,-2.6226727789551667,0.997917509315802,True,True,True,False,+ NAI,#BE5AA7,-2.6226727789551827
2025-11-24,noSBA_NAI,bboxspan_0p50,0.5,100XIAV037,1432,2025-11-24::noSBA_NAI::100XIAV037::1432,114,225.92649584960935,0.919131805354212,1.4458694374912753,1.4458694374912753,1.7132838952972824,False,True,1.9996911621093716,19.99661157226562,10,0.005095243511644,0.0036640119603902,0.001273810877911,0.001273810877911,-2.894895046707577,0.9904631498328867,True,True,True,False,+ NAI,#BE5AA7,-2.89489504670758
2025-11-24,noSBA_NAI,bboxspan_0p50,0.5,100XIAV037,1441,2025-11-24::noSBA_NAI::100XIAV037::1441,42,82.03094702148437,0.6510168509944663,0.6483975187976938,0.6510168509944663,0.9188265792094592,False,True,1.999841064453136,20.002840454101573,10,0.0017008938149043,0.0789550270064756,0.000425223453726,0.000425223453726,-3.3713827894382287,0.4202289648189035,True,True,False,False,+ NAI,#BE5AA7,-3.37138278943832
2025-11-24,noSBA_NAI,bboxspan_0p50,0.5,100XIAV037,1450,2025-11-24::noSBA_NAI::100XIAV037::1450,114,225.92649584960935,0.5081646480923965,0.1344368643444866,0.5081646480923965,0.5256468206558916,False,True,1.9996911621093716,19.99661157226562,10,6.675748453504456e-05,0.0051226651371221,1.668937113376114e-05,1.668937113376114e-05,-4.777560027507864,0.6863187450281201,True,True,False,False,+ NAI,#BE5AA7,-4.777560027507864
2025-11-24,noSBA_NAI,bboxspan_0p50,0.5,100XIAV037,1453,2025-11-24::noSBA_NAI::100XIAV037::1453,35,67.89492895507811,0.5397672210594919,0.6832765119444062,0.6832765119444062,0.8707556745179446,False,True,1.9995424804687492,15.99675219726562,8,0.0045500367140502,-0.0005593282690546,0.0011375091785125,0.0011375091785125,-2.944045090353246,0.9850295340246116,True,True,True,False,+ NAI,#BE5AA7,-2.944045090353269
2025-11-24,noSBA_NAI,bboxspan_0p50,0.5,100XIAV037,1467,2025-11-24::noSBA_NAI::100XIAV037::1467,114,225.92649584960935,0.6774254796426007,0.9192208968616526,0.9192208968616526,1.141872294828169,False,True,1.9996911621093716,19.99661157226562,10,0.0005348856545988,0.0228371614528855,0.0001337214136497,0.0001337214136497,-3.873799040866317,0.7320137596531713,True,True,False,False,+ NAI,#BE5AA7,-3.8737990408663454
2025-11-24,noSBA_NAI,bboxspan_0p50,0.5,100XIAV037,1468,2025-11-24::noSBA_NAI::100XIAV037::1468,114,225.92649584960935,0.5114860460986606,0.2692211732236913,0.5114860460986606,0.5780121239780199,False,True,1.9996911621093716,19.99661157226562,10,4.784410999250566e-05,0.0055783608067791,1.1961027498126415e-05,1.1961027498126415e-05,-4.922231511183796,0.3434059346794409,True,True,False,False,+ NAI,#BE5AA7,-4.922231511183796
2025-11-24,noSBA_NAI,bboxspan_0p50,0.5,100XIAV037,1472,2025-11-24::noSBA_NAI::100XIAV037::1472,114,225.92649584960935,0.3948645485682078,0.5220769249864929,0.5220769249864929,0.6545856149651677,False,True,1.9996911621093716,19.99661157226562,10,0.00010717469302,0.0114416238544925,2.6793673255016372e-05,2.6793673255016372e-05,-4.571967743091012,0.4356106689948459,True,True,False,False,+ NAI,#BE5AA7,-4.571967743091012
2025-11-24,noSBA_NAI,bboxspan_0p50,0.5,100XIAV037,1478,2025-11-24::noSBA_NAI::100XIAV037::1478,106,210.03064306640624,0.3928035845182069,0.5019910798392573,0.5019910798392573,0.6374085818754998,False,True,1.9996911621093716,19.99657495117188,10,0.0006723569287794,0.0061940142553355,0.0001680892321948,0.0001680892321948,-3.774460106597047,0.9952717158589428,True,True,False,False,+ NAI,#BE5AA7,-3.774460106597189
2025-11-24,noSBA_NAI,bboxspan_0p50,0.5,100XIAV037,1488,2025-11-24::noSBA_NAI::100XIAV037::1488,114,225.92649584960935,0.371997968265731,0.5090927481311738,0.5090927481311738,0.6305219382333834,False,True,1.9996911621093716,19.99661157226562,10,0.0001008024794044,0.0058692357681743,2.520061985111176e-05,2.520061985111176e-05,-4.598588776892792,0.8888179684885553,True,True,False,False,+ NAI,#BE5AA7,-4.598588776892792
2025-11-24,noSBA_NAI,bboxspan_0p50,0.5,100XIAV037,1496,2025-11-24::noSBA_NAI::100XIAV037::1496,114,225.92649584960935,0.4069669396538558,0.517653792213359,0.517653792213359,0.6584736430291622,False,True,1.9996911621093716,19.99661157226562,10,0.0006725290287594,0.0034838299945277,0.0001681322571898,0.0001681322571898,-3.77434895654501,0.985673598018942,True,True,False,False,+ NAI,#BE5AA7,-3.774348956545188
2025-11-24,noSBA_NAI,bboxspan_0p50,0.5,100XIAV037,1519,2025-11-24::noSBA_NAI::100XIAV037::1519,37,72.00356591796876,0.6294313958456357,0.3949085961011818,0.6294313958456357,0.7430590026039599,False,True,1.9995799560546956,18.00047192382813,9,0.0016690897148519,0.0311433531611646,0.0004172724287129,0.0004172724287129,-3.379580310359924,0.7634741788601472,True,True,False,False,+ NAI,#BE5AA7,-3.379580310360016
2025-11-24,noSBA_NAI,bboxspan_0p50,0.5,100XIAV037,1520,2025-11-24::noSBA_NAI::100XIAV037::1520,59,115.89197387695312,0.4217251199823693,0.7704098331288733,0.7704098331288733,0.8782843433682523,False,True,1.99963549804688,19.996248046875,10,0.0003785547913409,0.0165174674801181,9.463869783522848e-05,9.463869783522848e-05,-4.023931243938721,0.3013181061664182,True,True,False,False,+ NAI,#BE5AA7,-4.023931243938721
2025-11-24,noSBA_NAI,bboxspan_0p50,0.5,100XIAV037,1532,2025-11-24::noSBA_NAI::100XIAV037::1532,114,225.92649584960935,0.7785135689738354,0.1332773296105927,0.7785135689738354,0.7898393657349001,False,True,1.9996911621093716,19.99661157226562,10,0.0006191314066599,0.020976786668931,0.0001547828516649,0.0001547828516649,-3.810277156313377,0.6742073230244967,True,True,False,False,+ NAI,#BE5AA7,-3.8102771563136004
2025-11-24,noSBA_NAI,bboxspan_0p50,0.5,100XIAV037,1535,2025-11-24::noSBA_NAI::100XIAV037::1535,114,225.92649584960935,0.2681402749920707,0.6264694470606216,0.6264694470606216,0.6814419822503338,False,True,1.9996911621093716,19.99661157226562,10,0.0002021636874505,0.009959309852265,5.054092186263106e-05,5.054092186263106e-05,-4.296356840845022,0.7356334343724703,True,True,False,False,+ NAI,#BE5AA7,-4.296356840845022
2025-11-24,noSBA_NAI,bboxspan_0p50,0.5,100XIAV037,1536,2025-11-24::noSBA_NAI::100XIAV037::1536,37,72.0034541015625,2.070487808570846,1.442401031509,2.070487808570846,2.5233787866942867,False,True,1.9995424804687492,17.996388549804692,9,0.0269057726748085,0.0302615927644284,0.0067264431687021,0.0067264431687021,-2.1722145227809,0.9609139924079017,True,True,True,False,+ NAI,#BE5AA7,-2.172214522780902
2025-11-24,noSBA_NAI,bboxspan_0p50,0.5,100XIAV037,1550,2025-11-24::noSBA_NAI::100XIAV037::1550,114,225.92649584960935,0.2552209357620612,0.5227069192481153,0.5227069192481153,0.5816874156117853,False,True,1.9996911621093716,19.99661157226562,10,8.861266022600669e-05,0.0072116527415978,2.2153165056501672e-05,2.2153165056501672e-05,-4.654564216692573,0.5233845074456135,True,True,False,False,+ NAI,#BE5AA7,-4.654564216692573
2025-11-24,noSBA_NAI,bboxspan_0p50,0.5,100XIAV037,1578,2025-11-24::noSBA_NAI::100XIAV037::1578,114,225.92649584960935,1.0410531963620002,0.6689372358712262,1.0410531963620002,1.2374444566082852,False,True,1.9996911621093716,19.99661157226562,10,0.0009771551612181,0.0254950571023528,0.0002442887903045,0.0002442887903045,-3.6120964610682376,0.7835312962880634,True,True,False,False,+ NAI,#BE5AA7,-3.6120964610682904
2025-11-24,noSBA_NAI,bboxspan_0p50,0.5,100XIAV037,1601,2025-11-24::noSBA_NAI::100XIAV037::1601,114,225.92649584960935,0.5058860211368454,0.135993305613276,0.5058860211368454,0.523846204103165,False,True,1.9996911621093716,19.99661157226562,10,0.0004940170445323,0.0091812766336014,0.000123504261133,0.000123504261133,-3.908318058156062,0.8994437024772077,True,True,False,False,+ NAI,#BE5AA7,-3.9083180581563495
2025-11-24,noSBA_NAI,bboxspan_0p50,0.5,100XIAV037,1603,2025-11-24::noSBA_NAI::100XIAV037::1603,88,174.02966186523437,1.283376000990117,0.9108402185219262,1.283376000990117,1.57374834824201,False,True,1.9997102050781168,19.99687255859375,10,0.0038861387924114,0.0277323489260582,0.0009715346981028,0.0009715346981028,-3.01254168407552,0.9855501459633296,True,True,False,False,+ NAI,#BE5AA7,-3.0125416840755426
2025-11-24,noSBA_NAI,bboxspan_0p50,0.5,100XIAV037,1607,2025-11-24::noSBA_NAI::100XIAV037::1607,114,225.92649584960935,0.646710138827487,0.2639720361265461,0.646710138827487,0.6985092980906281,False,True,1.9996911621093716,19.99661157226562,10,0.00016866209615,0.0076906364593471,4.216552403750666e-05,4.216552403750666e-05,-4.375042497846466,0.6838407600273346,True,True,False,False,+ NAI,#BE5AA7,-4.375042497846466
2025-11-24,noSBA_NAI,bboxspan_0p50,0.5,100XIAV037,1610,2025-11-24::noSBA_NAI::100XIAV037::1610,114,225.92649584960935,0.6484093068032237,0.2401880112465662,0.6484093068032237,0.6914657691423471,False,True,1.9996911621093716,19.99661157226562,10,0.000689369669366,0.0177220406551907,0.0001723424173415,0.0001723424173415,-3.763607819765041,0.8864060661709274,True,True,False,False,+ NAI,#BE5AA7,-3.763607819765103
2025-11-24,noSBA_NAI,bboxspan_0p50,0.5,100XIAV037,1633,2025-11-24::noSBA_NAI::100XIAV037::1633,114,225.92649584960935,1.1938405956243372,1.5420938173009873,1.5420938173009873,1.9502073502883233,False,True,1.9996911621093716,19.99661157226562,10,0.0142086741816631,-0.0040489415914346,0.0035521685454157,0.0035521685454157,-2.449506435740446,0.995762840983169,True,True,True,False,+ NAI,#BE5AA7,-2.4495064357404575
2025-11-24,noSBA_NAI,bboxspan_0p50,0.5,100XIAV037,1638,2025-11-24::noSBA_NAI::100XIAV037::1638,114,225.92649584960935,0.2741696097115493,0.512325237306996,0.512325237306996,0.5810732515535826,False,True,1.9996911621093716,19.99661157226562,10,0.0003021644310469,0.0126270407885975,7.554110776173934e-05,7.554110776173934e-05,-4.1218166508126615,0.5659830584045913,True,True,False,False,+ NAI,#BE5AA7,-4.1218166508126615
2025-11-24,noSBA_NAI,bboxspan_0p50,0.5,100XIAV037,1683,2025-11-24::noSBA_NAI::100XIAV037::1683,77,152.03577294921877,2.341564269165086,1.298593637456321,2.341564269165086,2.677549002702409,False,True,1.9997291259765575,19.9969189453125,10,0.0115006342170228,0.0597652551991321,0.0028751585542557,0.0028751585542557,-2.5413382005953444,0.9539554135362908,True,True,True,False,+ NAI,#BE5AA7,-2.541338200595348
2025-11-24,noSBA_NAI,bboxspan_0p50,0.5,100XIAV037,1737,2025-11-24::noSBA_NAI::100XIAV037::1737,67,132.030126953125,1.1781543105572894,1.0277752557290167,1.1781543105572894,1.5634479702802928,False,True,1.9997291259765575,19.996993896484383,10,0.0105898475605862,0.0257047134804078,0.0026474618901465,0.0026474618901465,-2.577170282785419,0.9770750483675495,True,True,True,False,+ NAI,#BE5AA7,-2.5771702827854273
2025-11-24,noSBA_NAI,bboxspan_0p50,0.5,100XIAV037,1791,2025-11-24::noSBA_NAI::100XIAV037::1791,60,118.03168603515626,0.3963487518901374,0.5064588863117265,0.5064588863117265,0.6431119161149046,False,True,1.9997102050781168,19.99917602539064,10,0.00104758437597,0.0092646806482115,0.0002618960939925,0.0002618960939925,-3.5818709787421925,0.9693643636383816,True,True,False,False,+ NAI,#BE5AA7,-3.5818709787422116
2025-11-24,noSBA_NAI,bboxspan_0p50,0.5,100XIAV037,1796,2025-11-24::noSBA_NAI::100XIAV037::1796,112,222.0281979980469,1.160067868303415,1.049164009405743,1.160067868303415,1.5641299746831665,False,True,1.9996911621093716,19.996648559570307,10,0.0026610599006771,0.0137542407952161,0.0006652649751692,0.0006652649751692,-3.1770053406620424,0.9130604235048616,True,True,False,False,+ NAI,#BE5AA7,-3.1770053406621055
2025-11-24,noSBA_NAI,bboxspan_0p50,0.5,100XIAV037,1905,2025-11-24::noSBA_NAI::100XIAV037::1905,60,117.99508203125,1.2878206039001583,1.9411188090766984,1.9411188090766984,2.3294686387202357,False,True,1.999655029296861,19.996565429687507,10,0.0221161486215481,-0.0163557801689092,0.005529037155387,0.005529037155387,-2.2573504915723253,0.9965274464906598,True,True,True,False,+ NAI,#BE5AA7,-2.2573504915723275
2025-11-24,noSBA_NAI,bboxspan_0p50,0.5,100XIAV037,2087,2025-11-24::noSBA_NAI::100XIAV037::2087,108,214.0297099609375,0.2547447972508987,0.8963896549553141,0.8963896549553141,0.931884824019207,False,True,1.9996911621093716,19.99657495117188,10,8.321489298061044e-05,0.0093480869196993,2.080372324515261e-05,2.080372324515261e-05,-4.681858932339165,0.8486687847134264,True,True,False,False,+ NAI,#BE5AA7,-4.681858932339165
2025-11-24,noSBA_NAI,bboxspan_0p50,0.5,100XIAV037,2340,2025-11-24::noSBA_NAI::100XIAV037::2340,47,92.0283259277344,1.0260660234523726,0.921652630207504,1.0260660234523726,1.379222627153345,False,True,1.99973864746093,19.996993896484383,10,0.0137286894168045,0.05540817621697,0.0034321723542011,0.0034321723542011,-2.4644309112082365,0.9016137363426732,True,True,True,False,+ NAI,#BE5AA7,-2.4644309112082396
2025-11-24,noSBA_NAI,bboxspan_0p50,0.5,100XIAV037,2514,2025-11-24::noSBA_NAI::100XIAV037::2514,47,92.0283259277344,1.4118160959398551,2.3469250630574834,2.3469250630574834,2.73884682674337,False,True,1.99973864746093,19.996993896484383,10,0.0393122594249542,-0.0367873772176004,0.0098280648562385,0.0098280648562385,-2.0075319862361583,0.9662132609167792,True,True,True,False,+ NAI,#BE5AA7,-2.007531986236161
2025-11-24,noSBA_NAI,bboxspan_0p50,0.5,100XIAV037,2670,2025-11-24::noSBA_NAI::100XIAV037::2670,45,88.02894189453124,0.5189087053459858,0.2550007701970429,0.5189087053459858,0.5781795891286133,False,True,1.99973864746093,20.001358154296895,10,0.0021432836924903,0.0173775853995993,0.0005358209231225,0.0005358209231225,-3.270980331751947,0.9694539585747892,True,True,False,False,+ NAI,#BE5AA7,-3.270980331752017
2025-11-24,noSBA_NAI,bboxspan_0p50,0.5,100XIAV037,2732,2025-11-24::noSBA_NAI::100XIAV037::2732,90,178.02716186523438,0.8500966230908489,0.9411787932508632,0.9411787932508632,1.2682593541762723,False,True,1.9997102050781168,19.99677966308593,10,0.0020565962261454,0.0144755290197365,0.0005141490565363,0.0005141490565363,-3.2889109567892065,0.7485053108330684,True,True,False,False,+ NAI,#BE5AA7,-3.2889109567892643
2025-11-24,noSBA_NAI,bboxspan_0p50,0.5,100XIAV037,3013,2025-11-24::noSBA_NAI::100XIAV037::3013,49,95.9991799316406,0.930623244920774,2.0545354842946324,2.0545354842946324,2.2554768188151813,False,True,1.999673095703116,19.996583984375008,10,0.0183557737893925,0.0421378590036446,0.0045889434473481,0.0045889434473481,-2.338287294376811,0.9719603893722232,True,True,True,False,+ NAI,#BE5AA7,-2.3382872943768147
2025-11-24,noSBA_NAI,bboxspan_0p50,0.5,100XIAV037,3022,2025-11-24::noSBA_NAI::100XIAV037::3022,34,66.00585205078124,0.5314659575070237,0.274753434424877,0.5314659575070237,0.598285478444131,False,True,1.9995429687500064,15.997395019531249,8,0.0007155316143738,0.0149326468869885,0.0001788829035934,0.0001788829035934,-3.747431164350561,0.8169420769278923,True,True,False,False,+ NAI,#BE5AA7,-3.747431164350709
2025-11-24,noSBA_NAI,bboxspan_0p50,0.5,100XIAV037,3120,2025-11-24::noSBA_NAI::100XIAV037::3120,75,148.0088291015625,0.2734463475617161,0.7652045696350527,0.7652045696350527,0.8125951872766717,False,True,1.999700683593744,19.996826171875,10,0.0004394804776566,0.0170778752820397,0.0001098701194141,0.0001098701194141,-3.9591204034638223,0.8209377530093896,True,True,False,False,+ NAI,#BE5AA7,-3.959120403464039
2025-11-24,noSBA_NAI,bboxspan_0p50,0.5,100XIAV037,3175,2025-11-24::noSBA_NAI::100XIAV037::3175,35,68.00513403320313,0.7851220620746346,0.1444508544356892,0.7851220620746346,0.798299882064082,False,True,1.9995799560546956,15.99760986328124,8,0.0023282368167567,0.0937066982869438,0.0005820592041891,0.0005820592041891,-3.2350328388123466,0.3781052457242345,True,True,False,False,+ NAI,#BE5AA7,-3.235032838812421
2025-11-24,noSBA_NAI,bboxspan_0p50,0.5,100XIAV037,3300,2025-11-24::noSBA_NAI::100XIAV037::3300,41,79.99256396484375,1.060781407263363,1.684000588606068,1.684000588606068,1.9902550531078231,False,True,1.9996359863281228,20.00387402343749,10,0.0235733632236457,0.0505464244185142,0.0058933408059114,0.0058933408059114,-2.2296384433699767,0.9627324232572904,True,True,True,False,+ NAI,#BE5AA7,-2.229638443369979
2025-11-24,noSBA_NAI,bboxspan_0p50,0.5,100XIAV037,3404,2025-11-24::noSBA_NAI::100XIAV037::3404,77,152.03577294921877,0.2524550400484742,1.2812514007725326,1.2812514007725326,1.3058861739169512,False,True,1.9997291259765575,19.9969189453125,10,0.0008174593121529,0.0127900407181519,0.0002043648280382,0.0002043648280382,-3.689593845833191,0.9112231485300212,True,True,False,False,+ NAI,#BE5AA7,-3.689593845833283
2025-11-24,noSBA_NAI,bboxspan_0p50,0.5,100XIAV037,3423,2025-11-24::noSBA_NAI::100XIAV037::3423,42,82.00329492187501,0.9287398135135164,0.2546507945719973,0.9287398135135164,0.9630185192306898,False,True,1.999655029296861,20.00221545410156,10,0.0004861755000142,0.0249578238050069,0.0001215438750035,0.0001215438750035,-3.915266921799526,0.6062067960525342,True,True,False,False,+ NAI,#BE5AA7,-3.9152669217997067
2025-11-24,noSBA_NAI,bboxspan_0p50,0.5,100XIAV037,3428,2025-11-24::noSBA_NAI::100XIAV037::3428,80,158.03156689453124,1.431310857383636,2.0862530267450374,2.0862530267450374,2.5300400119498327,False,True,1.9997102050781168,19.99917602539064,10,0.0301917966673284,-0.043445128251376,0.0075479491668321,0.0075479491668321,-2.122171033339996,0.9883389529649425,True,True,True,False,+ NAI,#BE5AA7,-2.1221710333399963
2025-11-24,noSBA_NAI,bboxspan_0p50,0.5,100XIAV037,3458,2025-11-24::noSBA_NAI::100XIAV037::3458,33,64.00565600585936,2.578129116386563,4.033065986979665,4.033065986979665,4.786686849595701,False,True,1.999719604492185,16.00107910156251,8,0.1651688688624221,0.1027118036575251,0.0412922172156055,0.0412922172156055,-1.384131796741434,0.9791147382878056,True,True,True,True,+ NAI,#BE5AA7,-1.3841317967414342
2025-11-24,noSBA_NAI,bboxspan_0p50,0.5,100XIAV037,3492,2025-11-24::noSBA_NAI::100XIAV037::3492,79,156.03398193359374,1.7010265792649193,0.9167243519823672,1.7010265792649193,1.932323720519728,False,True,1.9997291259765575,19.996993896484383,10,0.0067977001305849,0.0267155277020393,0.0016994250326462,0.0016994250326462,-2.769697988848598,0.95002344667543,True,True,True,False,+ NAI,#BE5AA7,-2.7696979888486104
2025-11-24,noSBA_NAI,bboxspan_0p50,0.5,100XIAV037,3655,2025-11-24::noSBA_NAI::100XIAV037::3655,72,142.0277099609375,0.6704285132590826,0.5198899238699113,0.6704285132590826,0.8483866596854561,False,True,1.9997102050781168,19.99677966308593,10,0.0005158422002167,0.0125492513797343,0.0001289605500541,0.0001289605500541,-3.889543123142962,0.5091382747253523,True,True,False,False,+ NAI,#BE5AA7,-3.8895431231432736
2025-11-24,noSBA_NAI,bboxspan_0p50,0.5,100XIAV037,3698,2025-11-24::noSBA_NAI::100XIAV037::3698,75,148.0352138671875,4.1493962295029405,3.1432143340906293,4.1493962295029405,5.205505299146858,False,True,1.999700683593744,19.996826171875,10,0.0970661796357246,-0.1852079255961196,0.0242665449089311,0.0242665449089311,-1.6149920544799212,0.9821740269077044,True,True,True,True,+ NAI,#BE5AA7,-1.6149920544799223
2025-11-24,noSBA_NAI,bboxspan_0p50,0.5,100XIAV037,3916,2025-11-24::noSBA_NAI::100XIAV037::3916,58,114.03317895507811,1.1888072914204315,0.6293491451564801,1.1888072914204315,1.3451182560070971,False,True,1.9997102050781168,19.99695642089844,10,0.0019517483436054,0.031132835705581,0.0004879370859013,0.0004879370859013,-3.3116361718647305,0.8249171682699197,True,True,False,False,+ NAI,#BE5AA7,-3.3116361718647873
2025-11-24,noSBA_NAI,bboxspan_0p50,0.5,100XIAV037,4003,2025-11-24::noSBA_NAI::100XIAV037::4003,70,138.0273010253906,1.066972144003823,1.7021875382057468,1.7021875382057468,2.0089479762559943,False,True,1.9997102050781168,19.99687255859375,10,0.0164419386817977,-0.0260721486414681,0.0041104846704494,0.0041104846704494,-2.3861069671040416,0.9835889140956396,True,True,True,False,+ NAI,#BE5AA7,-2.386106967104046
2025-11-24,noSBA_NAI,bboxspan_0p50,0.5,100XIAV037,4109,2025-11-24::noSBA_NAI::100XIAV037::4109,68,134.02823388671874,1.0280807560097571,0.6562710973774415,1.0280807560097571,1.21968922030597,False,True,1.9997102050781168,19.99695642089844,10,0.0078373390306627,0.0175791048649997,0.0019593347576656,0.0019593347576656,-2.70789135727392,0.9905335700903352,True,True,True,False,+ NAI,#BE5AA7,-2.7078913572739403
2025-11-24,noSBA_NAI,bboxspan_0p50,0.5,100XIAV037,4118,2025-11-24::noSBA_NAI::100XIAV037::4118,68,134.02823388671874,0.7835664603591574,0.2766602178614334,0.7835664603591574,0.8309736902856281,False,True,1.9997102050781168,19.99695642089844,10,0.002556892670792,0.0045194557715934,0.000639223167698,0.000639223167698,-3.1943474930478413,0.9947749219906024,True,True,False,False,+ NAI,#BE5AA7,-3.1943474930478453
2025-11-24,noSBA_NAI,bboxspan_0p50,0.5,100XIAV037,4227,2025-11-24::noSBA_NAI::100XIAV037::4227,50,98.02652490234374,1.6820798431413664,1.432766735333729,1.6820798431413664,2.2095730620600342,False,True,1.9997102050781168,19.99695642089844,10,0.0194787791428674,0.0446978499783266,0.0048696947857168,0.0048696947857168,-2.312498257888618,0.9937052310814308,True,True,True,False,+ NAI,#BE5AA7,-2.3124982578886235
2025-11-24,noSBA_NAI,bboxspan_0p50,0.5,100XIAV037,4228,2025-11-24::noSBA_NAI::100XIAV037::4228,31,59.99642700195312,0.941396669510432,1.0467176542793624,1.0467176542793624,1.4077803582751909,False,True,1.9996359863281228,13.997479492187502,7,0.0162517753058422,0.0699570949215778,0.0040629438264605,0.0040629438264605,-2.39115918211042,0.9503749083891696,True,True,True,False,+ NAI,#BE5AA7,-2.391159182110428
2025-11-24,noSBA_NAI,bboxspan_0p50,0.5,100XIAV037,4264,2025-11-24::noSBA_NAI::100XIAV037::4264,35,68.03491284179688,0.5276442062761504,0.6569890679014776,0.6569890679014776,0.8426405187022762,False,True,1.9998499755859456,15.99863500976562,8,0.0052627568391561,-0.0003381888867106,0.001315689209789,0.001315689209789,-2.8808466870245995,0.9616671493569758,True,True,True,False,+ NAI,#BE5AA7,-2.8808466870246088
2025-11-24,noSBA_NAI,bboxspan_0p50,0.5,100XIAV037,4340,2025-11-24::noSBA_NAI::100XIAV037::4340,63,124.03122802734374,0.5034675150922396,1.431879742528551,1.431879742528551,1.5178139332002405,False,True,1.9997291259765575,20.002065917968736,10,0.0063454656619389,0.0368979371813227,0.0015863664154847,0.0015863664154847,-2.799596493031228,0.930982553423512,True,True,True,False,+ NAI,#BE5AA7,-2.799596493031236
2025-11-24,noSBA_NAI,bboxspan_0p50,0.5,100XIAV037,4372,2025-11-24::noSBA_NAI::100XIAV037::4372,58,114.03317895507811,0.3842980749614213,0.6590603248357638,0.6590603248357638,0.7629190797140131,False,True,1.9997102050781168,19.99695642089844,10,0.000289325133268,0.0086628429070769,7.233128331701894e-05,7.233128331701894e-05,-4.1406738294894225,0.5062821764390819,True,True,False,False,+ NAI,#BE5AA7,-4.1406738294894225
2025-11-24,noSBA_NAI,bboxspan_0p50,0.5,100XIAV037,4374,2025-11-24::noSBA_NAI::100XIAV037::4374,62,122.03112597656248,1.2969210072596056,1.5332369465236724,1.5332369465236724,2.008188146876807,False,True,1.9997102050781168,20.001712036132815,10,0.007771471859645,0.035841976885793,0.0019428679649112,0.0019428679649112,-2.71155671255455,0.9831974912363411,True,True,True,False,+ NAI,#BE5AA7,-2.711556712554562
2025-11-24,noSBA_NAI,bboxspan_0p50,0.5,100XIAV037,4669,2025-11-24::noSBA_NAI::100XIAV037::4669,56,110.03452197265624,0.8999476819895982,0.6608353937879308,0.8999476819895982,1.1165165686192482,False,True,1.9997480468749984,19.99695642089844,10,0.0063948863483603,0.0215128162440169,0.00159872158709,0.00159872158709,-2.7962271608430105,0.9907170841320004,True,True,True,False,+ NAI,#BE5AA7,-2.7962271608430336
2025-11-24,noSBA_NAI,bboxspan_0p50,0.5,100XIAV037,4670,2025-11-24::noSBA_NAI::100XIAV037::4670,58,114.03317895507811,0.7607957684376743,0.3902787328078441,0.7607957684376743,0.8550600508471716,False,True,1.9997102050781168,19.99695642089844,10,0.0005633186519112,0.0133845269920673,0.0001408296629778,0.0001408296629778,-3.851305860032227,0.7914375219065817,True,True,False,False,+ NAI,#BE5AA7,-3.851305860032246
2025-11-24,noSBA_NAI,bboxspan_0p50,0.5,100XIAV037,4726,2025-11-24::noSBA_NAI::100XIAV037::4726,52,102.00778515625,0.5345121239431165,1.0429561133851308,1.0429561133851308,1.1719473815362187,False,True,1.9997102050781168,19.99668615722655,10,0.0003320656798597,0.0164190561430416,8.301641996492669e-05,8.301641996492669e-05,-4.080835999251906,0.5765743327829576,True,True,False,False,+ NAI,#BE5AA7,-4.080835999251906
2025-11-24,noSBA_NAI,bboxspan_0p50,0.5,100XIAV037,4838,2025-11-24::noSBA_NAI::100XIAV037::4838,52,102.02631884765624,1.4331899562695298,2.8648240775839753,2.8648240775839753,3.203318661366167,False,True,1.9997102050781168,19.99682604980468,10,0.0356186836438731,0.100165328772986,0.0089046709109682,0.0089046709109682,-2.0503821260818675,0.9624535351694732,True,True,True,False,+ NAI,#BE5AA7,-2.050382126081872
2025-11-24,noSBA_NAI,bboxspan_0p50,0.5,100XIAV037,4991,2025-11-24::noSBA_NAI::100XIAV037::4991,52,102.02631884765624,1.545194986958407,1.1544731571321236,1.545194986958407,1.9288431295105375,False,True,1.9997102050781168,19.99682604980468,10,0.0151437281323241,0.0427943091378209,0.003785932033081,0.003785932033081,-2.4218271869709573,0.9028216328385816,True,True,True,False,+ NAI,#BE5AA7,-2.421827186970962
2025-11-24,noSBA_NAI,bboxspan_0p50,0.5,100XIAV037,5004,2025-11-24::noSBA_NAI::100XIAV037::5004,35,68.03491284179688,0.5097723316650331,0.6385920852545866,0.6385920852545866,0.8171093448743599,False,True,1.9998499755859456,15.99863500976562,8,0.0024016591194685,0.0201729283382142,0.0006004147798671,0.0006004147798671,-3.2215486256630426,0.866667102040817,True,True,False,False,+ NAI,#BE5AA7,-3.221548625663076
2025-11-24,noSBA_NAI,bboxspan_0p50,0.5,100XIAV037,5162,2025-11-24::noSBA_NAI::100XIAV037::5162,46,90.02945385742188,1.7982833782086374,1.3086745108817084,1.7982833782086374,2.2240620683274437,False,True,1.9997670898437432,19.999138549804695,10,0.0138777120654478,0.1041130107015723,0.0034694280163619,0.0034694280163619,-2.4597421188153183,0.7862824100997445,True,True,True,False,+ NAI,#BE5AA7,-2.4597421188153263
2025-11-24,noSBA_NAI,bboxspan_0p50,0.5,100XIAV037,5212,2025-11-24::noSBA_NAI::100XIAV037::5212,48,94.03883300781249,1.4540589550246068,1.5650430452900714,1.5650430452900714,2.136269453579785,False,True,1.9997670898437432,19.99917602539064,10,0.0184123284134031,0.0114863305599842,0.0046030821033507,0.0046030821033507,-2.3369512786984252,0.9575730456787248,True,True,True,False,+ NAI,#BE5AA7,-2.3369512786984323
2025-11-24,noSBA_NAI,bboxspan_0p50,0.5,100XIAV037,5652,2025-11-24::noSBA_NAI::100XIAV037::5652,35,68.03491284179688,0.920454949003826,0.7681821780426645,0.920454949003826,1.1988916430637124,False,True,1.9998499755859456,15.99863500976562,8,0.0092519713845648,0.0235377429134897,0.0023129928461412,0.0023129928461412,-2.6358257104573104,0.9948176522353164,True,True,True,False,+ NAI,#BE5AA7,-2.635825710457312
2025-11-24,noSBA_NAI,bboxspan_0p50,0.5,100XIAV037,5678,2025-11-24::noSBA_NAI::100XIAV037::5678,30,58.005573974609376,1.6650467237349886,1.9447887193359603,1.9447887193359603,2.560192132453544,False,True,1.9997670898437432,13.997303222656257,7,0.0293563075546021,0.3960081442477986,0.0073390768886505,0.0073390768886505,-2.1343585623423755,0.3598107194256854,True,True,True,False,+ NAI,#BE5AA7,-2.1343585623423778
2025-11-24,noSBA_NAI,bboxspan_0p50,0.5,100XIAV037,5710,2025-11-24::noSBA_NAI::100XIAV037::5710,38,74.02990502929688,1.1808701236149517,1.5711106727869186,1.5711106727869186,1.9654116604394496,False,True,1.9997670898437432,18.002281005859373,9,0.0171258556753318,0.0242931847949025,0.0042814639188329,0.0042814639188329,-2.368407711555261,0.9692981905814764,True,True,True,False,+ NAI,#BE5AA7,-2.3684077115552666
2025-11-24,noSBA_NAI,bboxspan_0p50,0.5,100XIAV037,5833,2025-11-24::noSBA_NAI::100XIAV037::5833,35,68.03491284179688,0.8768885726086779,0.9252172827930848,0.9252172827930848,1.2747394200975757,False,True,1.9998499755859456,15.99863500976562,8,0.0073952861248214,0.0066080305569404,0.0018488215312053,0.0018488215312053,-2.7331050097459375,0.992085943425454,True,True,True,False,+ NAI,#BE5AA7,-2.7331050097459526
2025-11-24,noSBA_NAI,bboxspan_0p50,0.5,100XIAV037,6242,2025-11-24::noSBA_NAI::100XIAV037::6242,31,60.01589404296874,0.7844948731210053,0.6493542212903378,0.7844948731210053,1.018377685665158,False,True,1.99980407714844,13.997452026367185,7,0.0046907859057835,0.0216153591825443,0.0011726964764458,0.0011726964764458,-2.9308143797533592,0.7433876458534304,True,True,True,False,+ NAI,#BE5AA7,-2.93081437975339
2025-11-24,noSBA_NAI,bboxspan_0p50,0.5,100XIAV038,5,2025-11-24::noSBA_NAI::100XIAV038::5,41,79.13278515625,1.2851075538882668,0.5332516814125796,1.2851075538882668,1.391351422463077,False,True,1.999478027343752,19.99669604492187,10,0.0011593614326607,0.0362473381316951,0.0002898403581651,0.0002898403581651,-3.53784114230133,0.4969639245626969,True,True,False,False,+ NAI,#BE5AA7,-3.5378411423014575
2025-11-24,noSBA_NAI,bboxspan_0p50,0.5,100XIAV038,31,2025-11-24::noSBA_NAI::100XIAV038::31,87,171.13323315429687,0.532942267331876,0.5041968886967965,0.532942267331876,0.7336497549105911,False,True,1.999486938476572,19.997777832031247,10,0.0021347381128122,0.0076743614011367,0.000533684528203,0.000533684528203,-3.2727153874408024,0.986873965113057,True,True,False,False,+ NAI,#BE5AA7,-3.272715387440856
2025-11-24,noSBA_NAI,bboxspan_0p50,0.5,100XIAV038,54,2025-11-24::noSBA_NAI::100XIAV038::54,87,171.13323315429687,0.9288810673339504,1.144025623300152,1.144025623300152,1.4736399370330462,False,True,1.999486938476572,19.997777832031247,10,0.0062696390873433,0.0083293206205402,0.0015674097718358,0.0015674097718358,-2.804817450000691,0.9968969328407772,True,True,True,False,+ NAI,#BE5AA7,-2.8048174500007
2025-11-24,noSBA_NAI,bboxspan_0p50,0.5,100XIAV038,92,2025-11-24::noSBA_NAI::100XIAV038::92,87,171.13323315429687,3.1215478808151857,3.114985763889365,3.1215478808151857,4.409897672447195,False,True,1.999486938476572,19.997777832031247,10,0.0376896789261076,-0.0246506048926771,0.0094224197315269,0.0094224197315269,-2.02583755356564,0.9960690809723424,True,True,True,False,+ NAI,#BE5AA7,-2.02583755356564
2025-11-24,noSBA_NAI,bboxspan_0p50,0.5,100XIAV038,94,2025-11-24::noSBA_NAI::100XIAV038::94,87,171.13323315429687,0.7937366818770926,0.7551645177858717,0.7937366818770926,1.0955780981199037,False,True,1.999486938476572,19.997777832031247,10,0.0002001013121955,0.0243455608348451,5.00253280488966e-05,5.00253280488966e-05,-4.300810054728563,0.458796310519849,True,True,False,False,+ NAI,#BE5AA7,-4.300810054728563
2025-11-24,noSBA_NAI,bboxspan_0p50,0.5,100XIAV038,95,2025-11-24::noSBA_NAI::100XIAV038::95,57,111.13680615234374,1.293826344273242,1.3133936481700772,1.3133936481700772,1.8436348565236464,False,True,1.9996359863281228,19.996638916015627,10,0.0149082796384307,0.0419764325840797,0.0037270699096076,0.0037270699096076,-2.428632460996604,0.9828052911751232,True,True,True,False,+ NAI,#BE5AA7,-2.428632460996613
2025-11-24,noSBA_NAI,bboxspan_0p50,0.5,100XIAV038,164,2025-11-24::noSBA_NAI::100XIAV038::164,32,61.12697900390625,0.8954600065443259,0.2607076059997268,0.8954600065443259,0.9326398442842088,False,True,1.999394042968753,15.99665954589844,8,0.0007483999536466,0.0286158647405222,0.0001870999884116,0.0001870999884116,-3.727926239398711,0.9753038450945678,True,True,False,False,+ NAI,#BE5AA7,-3.7279262393988586
2025-11-24,noSBA_NAI,bboxspan_0p50,0.5,100XIAV038,168,2025-11-24::noSBA_NAI::100XIAV038::168,87,171.13323315429687,0.2742083854569941,0.765786824788691,0.765786824788691,0.8134000858586609,False,True,1.999486938476572,19.997777832031247,10,0.0011773733196315,0.0126305955581124,0.0002943433299078,0.0002943433299078,-3.5311458012549757,0.9586820479292284,True,True,False,False,+ NAI,#BE5AA7,-3.5311458012551005
2025-11-24,noSBA_NAI,bboxspan_0p50,0.5,100XIAV038,186,2025-11-24::noSBA_NAI::100XIAV038::186,87,171.13323315429687,0.2778960060916517,0.6625601831352839,0.6625601831352839,0.718479078664057,False,True,1.999486938476572,19.997777832031247,10,0.0002557332684451,0.0145398905368339,6.393331711129539e-05,6.393331711129539e-05,-4.194272762080155,0.5526185762207543,True,True,False,False,+ NAI,#BE5AA7,-4.194272762080155
2025-11-24,noSBA_NAI,bboxspan_0p50,0.5,100XIAV038,194,2025-11-24::noSBA_NAI::100XIAV038::194,48,93.99905908203124,1.823612877894796,1.043398494395035,1.823612877894796,2.1010103156647197,False,True,1.9994868164062467,20.00417309570313,10,0.0195692705905218,0.0749531473980151,0.0048923176476304,0.0048923176476304,-2.3104853529165124,0.948476175170878,True,True,True,False,+ NAI,#BE5AA7,-2.310485352916518
2025-11-24,noSBA_NAI,bboxspan_0p50,0.5,100XIAV038,206,2025-11-24::noSBA_NAI::100XIAV038::206,46,89.13096508789062,1.0450282671495683,1.4408218493698968,1.4408218493698968,1.7799021548285512,False,True,1.999394042968753,19.99647192382812,10,0.0229382995999255,0.0028085693858359,0.0057345748999813,0.0057345748999813,-2.24149877051511,0.9955181116786548,True,True,True,False,+ NAI,#BE5AA7,-2.241498770515117
2025-11-24,noSBA_NAI,bboxspan_0p50,0.5,100XIAV038,247,2025-11-24::noSBA_NAI::100XIAV038::247,87,171.13323315429687,1.0501126623539392,0.9007773969936252,1.0501126623539392,1.3835232280560703,False,True,1.999486938476572,19.997777832031247,10,0.006378919082286,0.0036947912988623,0.0015947297705715,0.0015947297705715,-2.797312898244681,0.998010417944611,True,True,True,False,+ NAI,#BE5AA7,-2.7973128982446864
2025-11-24,noSBA_NAI,bboxspan_0p50,0.5,100XIAV038,256,2025-11-24::noSBA_NAI::100XIAV038::256,38,73.13410009765624,0.366515721767584,0.6567244816876467,0.6567244816876467,0.7520776682967799,False,True,1.999394042968753,17.997096923828117,9,0.0008926880175444,0.0247326836050785,0.0002231720043861,0.0002231720043861,-3.6513602860032672,0.7531306761356431,True,True,False,False,+ NAI,#BE5AA7,-3.6513602860032695
2025-11-24,noSBA_NAI,bboxspan_0p50,0.5,100XIAV038,277,2025-11-24::noSBA_NAI::100XIAV038::277,56,109.12760400390624,0.6419253194730254,0.2511146863679627,0.6419253194730254,0.6892943503977282,False,True,1.9995800781250068,19.99660205078125,10,0.0017127829763,0.0089285518203006,0.000428195744075,0.000428195744075,-3.3683576535617297,0.9642247571523606,True,True,False,False,+ NAI,#BE5AA7,-3.3683576535617306
2025-11-24,noSBA_NAI,bboxspan_0p50,0.5,100XIAV038,309,2025-11-24::noSBA_NAI::100XIAV038::309,71,139.1500029296875,1.1749185440446297,0.6810279776196637,1.1749185440446297,1.3580252911638582,False,True,1.9995245361328244,19.997777832031247,10,0.0038205878794929,0.0098005200354885,0.0009551469698732,0.0009551469698732,-3.01992979774188,0.9957127984949348,True,True,False,False,+ NAI,#BE5AA7,-3.0199297977418924
2025-11-24,noSBA_NAI,bboxspan_0p50,0.5,100XIAV038,345,2025-11-24::noSBA_NAI::100XIAV038::345,87,171.13323315429687,0.387100649461523,0.5331730757643101,0.5331730757643101,0.6588781689610816,False,True,1.999486938476572,19.997777832031247,10,0.0003835780950169,0.0171971827425979,9.589452375423874e-05,9.589452375423874e-05,-4.018206193363468,0.824121735292908,True,True,False,False,+ NAI,#BE5AA7,-4.018206193363468
2025-11-24,noSBA_NAI,bboxspan_0p50,0.5,100XIAV038,411,2025-11-24::noSBA_NAI::100XIAV038::411,57,111.13680615234374,0.8011363594408323,0.6597737102068066,0.8011363594408323,1.0378443115892506,False,True,1.9996359863281228,19.996638916015627,10,0.0016995190265834,0.039088429530903,0.0004248797566458,0.0004248797566458,-3.3717339603353587,0.6676835606918585,True,True,False,False,+ NAI,#BE5AA7,-3.3717339603354275
2025-11-24,noSBA_NAI,bboxspan_0p50,0.5,100XIAV038,421,2025-11-24::noSBA_NAI::100XIAV038::421,87,171.13323315429687,0.6584047987212074,0.6682473067839112,0.6682473067839112,0.9381105169451328,False,True,1.999486938476572,19.997777832031247,10,0.0032477522619939,0.008916190461391,0.0008119380654984,0.0008119380654984,-3.0904770974067266,0.980318368505652,True,True,False,False,+ NAI,#BE5AA7,-3.0904770974067786
2025-11-24,noSBA_NAI,bboxspan_0p50,0.5,100XIAV038,484,2025-11-24::noSBA_NAI::100XIAV038::484,87,171.13323315429687,0.9115827862039794,1.684369280002855,1.684369280002855,1.9152240201920885,False,True,1.999486938476572,19.997777832031247,10,0.0112624426072214,-0.0008936467216257,0.0028156106518053,0.0028156106518053,-2.550427400475631,0.996065706854649,True,True,True,False,+ NAI,#BE5AA7,-2.5504274004756393
2025-11-24,noSBA_NAI,bboxspan_0p50,0.5,100XIAV038,496,2025-11-24::noSBA_NAI::100XIAV038::496,49,95.99940307617187,0.2600945777077754,0.5191256225585477,0.5191256225585477,0.5806380984311879,False,True,1.999486938476572,20.00409912109376,10,0.0003117703583704,0.0161626185442717,7.794258959261985e-05,7.794258959261985e-05,-4.1082251691476115,0.8429308907627076,True,True,False,False,+ NAI,#BE5AA7,-4.1082251691476115
2025-11-24,noSBA_NAI,bboxspan_0p50,0.5,100XIAV038,533,2025-11-24::noSBA_NAI::100XIAV038::533,67,131.13165600585936,0.1301549416246814,0.8986714751452638,0.8986714751452638,0.9080477570420448,False,True,1.999571044921879,19.9974599609375,10,0.0011796028690662,0.0233151575218608,0.0002949007172665,0.0002949007172665,-3.530324171142573,0.5964232380112667,True,True,False,False,+ NAI,#BE5AA7,-3.5303241711426603
2025-11-24,noSBA_NAI,bboxspan_0p50,0.5,100XIAV038,621,2025-11-24::noSBA_NAI::100XIAV038::621,87,171.13323315429687,1.2840690883483603,1.2854212948600576,1.2854212948600576,1.8169043257506696,False,True,1.999486938476572,19.997777832031247,10,0.0087249067530645,0.0099366954123059,0.0021812266882661,0.0021812266882661,-2.6612991971690545,0.9989137633421508,True,True,True,False,+ NAI,#BE5AA7,-2.6612991971690643
2025-11-24,noSBA_NAI,bboxspan_0p50,0.5,100XIAV038,681,2025-11-24::noSBA_NAI::100XIAV038::681,30,57.13943603515625,0.9373588635689672,0.3946813062629246,0.9373588635689672,1.0170619315581102,False,True,1.9997480468749984,13.997563964843753,7,0.0015952239197364,0.0579530195616862,0.0003988059799341,0.0003988059799341,-3.3992383382417386,0.5548355997459391,True,True,False,False,+ NAI,#BE5AA7,-3.399238338241749
2025-11-24,noSBA_NAI,bboxspan_0p50,0.5,100XIAV038,707,2025-11-24::noSBA_NAI::100XIAV038::707,33,63.126541015625,0.7695234662877795,0.4169402245436657,0.7695234662877795,0.8752174107100942,False,True,1.999478027343752,15.996641113281251,8,0.0028669471532562,0.1136119157185046,0.000716736788314,0.000716736788314,-3.1446403037043753,0.3463441639711796,True,True,False,False,+ NAI,#BE5AA7,-3.144640303704406
2025-11-24,noSBA_NAI,bboxspan_0p50,0.5,100XIAV038,759,2025-11-24::noSBA_NAI::100XIAV038::759,61,119.13576000976562,0.5114191033583779,0.1481332648740903,0.5114191033583779,0.5324405726859521,False,True,1.9996359863281228,19.99669604492187,10,8.792822580151358e-05,0.0109966025867388,2.1982056450378396e-05,2.1982056450378396e-05,-4.657931681190291,0.6535613437487142,True,True,False,False,+ NAI,#BE5AA7,-4.657931681190291
2025-11-24,noSBA_NAI,bboxspan_0p50,0.5,100XIAV038,807,2025-11-24::noSBA_NAI::100XIAV038::807,49,95.99940307617187,1.8169924821661,2.7098484449420823,2.7098484449420823,3.262627817389404,False,True,1.999486938476572,20.00409912109376,10,0.0324585177699289,0.0956569407874502,0.0081146294424822,0.0081146294424822,-2.0907313076011045,0.9921085143734824,True,True,True,False,+ NAI,#BE5AA7,-2.0907313076011063
2025-11-24,noSBA_NAI,bboxspan_0p50,0.5,100XIAV038,815,2025-11-24::noSBA_NAI::100XIAV038::815,65,128.00217602539064,0.5093571539677839,0.1456890869335119,0.5093571539677839,0.5297829936395478,False,True,1.999486938476572,20.003072998046875,10,0.0004196190785509,0.013101327747345,0.0001049047696377,0.0001049047696377,-3.9792047655694858,0.5259650702821819,True,True,False,False,+ NAI,#BE5AA7,-3.979204765569617
2025-11-24,noSBA_NAI,bboxspan_0p50,0.5,100XIAV038,866,2025-11-24::noSBA_NAI::100XIAV038::866,87,171.13323315429687,0.6411366980690616,1.046567171478184,1.046567171478184,1.2273382215293167,False,True,1.999486938476572,19.997777832031247,10,0.0006388719279956,0.0186777531889626,0.0001597179819989,0.0001597179819989,-3.796646185656985,0.6106014089414379,True,True,False,False,+ NAI,#BE5AA7,-3.796646185657006
2025-11-24,noSBA_NAI,bboxspan_0p50,0.5,100XIAV038,867,2025-11-24::noSBA_NAI::100XIAV038::867,80,158.00551708984375,0.2726050930854455,0.5297510329384281,0.5297510329384281,0.5957765467651911,False,True,1.9994870605468975,20.00047143554688,10,0.0001749852736721,0.0093609430287414,4.374631841802756e-05,4.374631841802756e-05,-4.359058490253388,0.4166223850115134,True,True,False,False,+ NAI,#BE5AA7,-4.359058490253388
2025-11-24,noSBA_NAI,bboxspan_0p50,0.5,100XIAV038,891,2025-11-24::noSBA_NAI::100XIAV038::891,46,90.03005102539062,0.5136924244150691,0.1309069949310561,0.5136924244150691,0.5301099397514737,False,True,1.9994870605468975,20.00417309570313,10,0.0004866025467046,0.0093323483239578,0.0001216506366761,0.0001216506366761,-3.914885613784385,0.8484480515903504,True,True,False,False,+ NAI,#BE5AA7,-3.9148856137845938
2025-11-24,noSBA_NAI,bboxspan_0p50,0.5,100XIAV038,892,2025-11-24::noSBA_NAI::100XIAV038::892,87,171.13323315429687,0.6762840102030765,0.6475172815549399,0.6762840102030765,0.9362898548893148,False,True,1.999486938476572,19.997777832031247,10,0.0020037462905565,0.0198610483319914,0.0005009365726391,0.0005009365726391,-3.3002172599544317,0.9626700861996136,True,True,False,False,+ NAI,#BE5AA7,-3.3002172599544712
2025-11-24,noSBA_NAI,bboxspan_0p50,0.5,100XIAV038,893,2025-11-24::noSBA_NAI::100XIAV038::893,60,117.14602612304688,0.5262320867744137,0.2352095494006221,0.5262320867744137,0.5764058824129034,False,True,1.9996918945312387,19.99667700195312,10,0.0002343689755957,0.0152348783995316,5.8592243898931715e-05,5.8592243898931715e-05,-4.232159869559246,0.5719562701126635,True,True,False,False,+ NAI,#BE5AA7,-4.232159869559246
2025-11-24,noSBA_NAI,bboxspan_0p50,0.5,100XIAV038,897,2025-11-24::noSBA_NAI::100XIAV038::897,87,171.13323315429687,0.6474716206501228,1.0494129624612685,1.0494129624612685,1.2330803158468762,False,True,1.999486938476572,19.997777832031247,10,0.0013028082173208,0.0347417039072684,0.0003257020543302,0.0003257020543302,-3.487179502161373,0.6752252010867896,True,True,False,False,+ NAI,#BE5AA7,-3.4871795021613896
2025-11-24,noSBA_NAI,bboxspan_0p50,0.5,100XIAV038,904,2025-11-24::noSBA_NAI::100XIAV038::904,82,161.13650805664062,0.5439064303714787,0.5351801271358241,0.5439064303714787,0.7630543712479216,False,True,1.9994870605468975,20.00047143554688,10,0.0002193337770791,0.0177289424100176,5.483344426978376e-05,5.483344426978376e-05,-4.260954473788572,0.5025498225324969,True,True,False,False,+ NAI,#BE5AA7,-4.260954473788572
2025-11-24,noSBA_NAI,bboxspan_0p50,0.5,100XIAV038,938,2025-11-24::noSBA_NAI::100XIAV038::938,81,159.13556591796873,1.4522454512922494,0.7547000091951972,1.4522454512922494,1.636639531075264,False,True,1.999486938476572,20.003072998046875,10,0.0027268168378032,0.0389208183139544,0.0006817042094508,0.0006817042094508,-3.1664040242711455,0.5553193102147628,True,True,False,False,+ NAI,#BE5AA7,-3.166404024271149
2025-11-24,noSBA_NAI,bboxspan_0p50,0.5,100XIAV038,976,2025-11-24::noSBA_NAI::100XIAV038::976,87,171.13323315429687,0.5211235189631083,0.3955678380997902,0.5211235189631083,0.6542504387124513,False,True,1.999486938476572,19.997777832031247,10,0.0012085759803826,0.0076496049972081,0.0003021439950956,0.0003021439950956,-3.51978603263423,0.904467778447864,True,True,False,False,+ NAI,#BE5AA7,-3.519786032634324
2025-11-24,noSBA_NAI,bboxspan_0p50,0.5,100XIAV038,983,2025-11-24::noSBA_NAI::100XIAV038::983,44,85.13299804687499,2.0835371735739727,1.9446955608934076,2.0835371735739727,2.8500821002601215,False,True,1.9995620117187511,19.997078002929683,10,0.0506538493216946,0.1090139333109958,0.0126634623304236,0.0126634623304236,-1.897447537176589,0.9707408157809118,True,True,True,True,+ NAI,#BE5AA7,-1.8974475371765918
2025-11-24,noSBA_NAI,bboxspan_0p50,0.5,100XIAV038,1006,2025-11-24::noSBA_NAI::100XIAV038::1006,87,171.13323315429687,0.5006121991388142,0.1589106884060065,0.5006121991388142,0.5252286938241957,False,True,1.999486938476572,19.997777832031247,10,0.0007196173338341,0.0025039819975686,0.0001799043334585,0.0001799043334585,-3.744958375428998,0.9618063847636098,True,True,False,False,+ NAI,#BE5AA7,-3.7449583754290594
2025-11-24,noSBA_NAI,bboxspan_0p50,0.5,100XIAV038,1008,2025-11-24::noSBA_NAI::100XIAV038::1008,87,171.13323315429687,0.5106508197817519,1.043426572250695,1.043426572250695,1.1616812262503902,False,True,1.999486938476572,19.997777832031247,10,0.0022454782576394,0.005280739601225,0.0005613695644098,0.0005613695644098,-3.250751137065252,0.9706873633228738,True,True,False,False,+ NAI,#BE5AA7,-3.250751137065294
2025-11-24,noSBA_NAI,bboxspan_0p50,0.5,100XIAV038,1036,2025-11-24::noSBA_NAI::100XIAV038::1036,87,171.13323315429687,4.565966722261457,4.1685150531622135,4.565966722261457,6.182602191410911,False,True,1.999486938476572,19.997777832031247,10,0.1129816994776333,-0.1607438585043891,0.0282454248694083,0.0282454248694083,-1.5490518881943631,0.990744249818976,True,True,True,True,+ NAI,#BE5AA7,-1.5490518881943638
2025-11-24,noSBA_NAI,bboxspan_0p50,0.5,100XIAV038,1079,2025-11-24::noSBA_NAI::100XIAV038::1079,74,145.17908203125,1.0386171395803387,0.9350356373670096,1.0386171395803387,1.3975039197713812,False,True,1.9995620117187511,20.00047143554688,10,0.0063422651998785,-0.001485958062583,0.0015855662999696,0.0015855662999696,-2.7998155933663456,0.9989153256568654,True,True,True,False,+ NAI,#BE5AA7,-2.799815593366354
2025-11-24,noSBA_NAI,bboxspan_0p50,0.5,100XIAV038,1100,2025-11-24::noSBA_NAI::100XIAV038::1100,66,129.131703125,0.6729507839816051,1.5537205939577632,1.5537205939577632,1.6931953347886124,False,True,1.9995620117187511,19.997618896484376,10,0.0074613525268827,0.0095956801568087,0.0018653381317206,0.0018653381317206,-2.7292424317212767,0.9953501560004993,True,True,True,False,+ NAI,#BE5AA7,-2.7292424317212993
2025-11-24,noSBA_NAI,bboxspan_0p50,0.5,100XIAV038,1112,2025-11-24::noSBA_NAI::100XIAV038::1112,41,79.13278515625,0.6770325990371759,0.5400819508187267,0.6770325990371759,0.8660609988673978,False,True,1.999478027343752,19.99669604492187,10,0.0063516955991791,0.0067850248236621,0.0015879238997947,0.0015879238997947,-2.79917031468671,0.9886928570221288,True,True,True,False,+ NAI,#BE5AA7,-2.7991703146867364
2025-11-24,noSBA_NAI,bboxspan_0p50,0.5,100XIAV038,1203,2025-11-24::noSBA_NAI::100XIAV038::1203,87,171.13323315429687,1.5345585625678808,2.5905212861248064,2.5905212861248064,3.010925192663564,False,True,1.999486938476572,19.997777832031247,10,0.0309767876537266,-0.0301048726350465,0.0077441969134316,0.0077441969134316,-2.1110236126560773,0.9934930311487372,True,True,True,False,+ NAI,#BE5AA7,-2.111023612656081
2025-11-24,noSBA_NAI,bboxspan_0p50,0.5,100XIAV038,1214,2025-11-24::noSBA_NAI::100XIAV038::1214,86,169.1541279296875,1.6756036058585693,0.783679992836122,1.6756036058585693,1.849811280952158,False,True,1.9994870605468975,19.997823852539064,10,0.0027577906519515,0.0230904457984083,0.0006894476629878,0.0006894476629878,-3.1614986961861224,0.9618879793763886,True,True,False,False,+ NAI,#BE5AA7,-3.1614986961861704
2025-11-24,noSBA_NAI,bboxspan_0p50,0.5,100XIAV038,1232,2025-11-24::noSBA_NAI::100XIAV038::1232,71,139.99775415039062,0.6653658213705711,0.6552055022271119,0.6653658213705711,0.9338125756257604,False,True,1.999421386718744,19.997777832031247,10,0.0022849860583776,0.0056572359216152,0.0005712465145944,0.0005712465145944,-3.2431764367199616,0.996355202500052,True,True,False,False,+ NAI,#BE5AA7,-3.24317643671997
2025-11-24,noSBA_NAI,bboxspan_0p50,0.5,100XIAV038,1239,2025-11-24::noSBA_NAI::100XIAV038::1239,87,171.13323315429687,1.2929263752420326,0.5215148868511221,1.2929263752420326,1.3941436041541202,False,True,1.999486938476572,19.997777832031247,10,0.0036845414162773,0.0098082051111754,0.0009211353540693,0.0009211353540693,-3.035676548732245,0.99125507373675,True,True,False,False,+ NAI,#BE5AA7,-3.035676548732266
2025-11-24,noSBA_NAI,bboxspan_0p50,0.5,100XIAV038,1272,2025-11-24::noSBA_NAI::100XIAV038::1272,87,171.13323315429687,0.3890450325132164,0.5324574436576768,0.5324574436576768,0.6594444378639323,False,True,1.999486938476572,19.997777832031247,10,0.001727153710325,0.0061822391174322,0.0004317884275812,0.0004317884275812,-3.364729001429632,0.988930242531998,True,True,False,False,+ NAI,#BE5AA7,-3.3647290014297075
2025-11-24,noSBA_NAI,bboxspan_0p50,0.5,100XIAV038,1285,2025-11-24::noSBA_NAI::100XIAV038::1285,87,171.13323315429687,0.7784672014687573,0.781112790352779,0.781112790352779,1.1027911747086587,False,True,1.999486938476572,19.997777832031247,10,0.0012174988620051,0.0376043985301877,0.0003043747155012,0.0003043747155012,-3.5165914273756633,0.5082128096918332,True,True,False,False,+ NAI,#BE5AA7,-3.516591427375801
2025-11-24,noSBA_NAI,bboxspan_0p50,0.5,100XIAV038,1363,2025-11-24::noSBA_NAI::100XIAV038::1363,87,171.13323315429687,0.6346110845285011,0.3747320384746118,0.6346110845285011,0.7369907253594026,False,True,1.999486938476572,19.997777832031247,10,0.0012944083851508,0.0017324777642058,0.0003236020962877,0.0003236020962877,-3.4899886736999384,0.9903409321987562,True,True,False,False,+ NAI,#BE5AA7,-3.4899886736999637
2025-11-24,noSBA_NAI,bboxspan_0p50,0.5,100XIAV038,1364,2025-11-24::noSBA_NAI::100XIAV038::1364,87,171.13323315429687,0.6638718199535987,0.1400901920219439,0.6638718199535987,0.6784917503030147,False,True,1.999486938476572,19.997777832031247,10,0.0019133870875179,0.0040595853645809,0.0004783467718794,0.0004783467718794,-3.32025715252535,0.993820061534357,True,True,False,False,+ NAI,#BE5AA7,-3.32025715252543
2025-11-24,noSBA_NAI,bboxspan_0p50,0.5,100XIAV038,1421,2025-11-24::noSBA_NAI::100XIAV038::1421,87,171.13323315429687,0.6529854406417286,0.3958714020478524,0.6529854406417286,0.7636125671107076,False,True,1.999486938476572,19.997777832031247,10,0.000271299563253,0.0149698940993419,6.782489081325355e-05,6.782489081325355e-05,-4.168610896707386,0.4005163630027419,True,True,False,False,+ NAI,#BE5AA7,-4.168610896707386
2025-11-24,noSBA_NAI,bboxspan_0p50,0.5,100XIAV038,1430,2025-11-24::noSBA_NAI::100XIAV038::1430,78,153.14827514648437,2.3256156325062705,1.8353111667804924,2.3256156325062705,2.962575762586792,False,True,1.9994870605468975,20.00318505859375,10,0.0216383788221601,0.0134145678621652,0.00540959470554,0.00540959470554,-2.266835271629303,0.9944046966481302,True,True,True,False,+ NAI,#BE5AA7,-2.266835271629306
2025-11-24,noSBA_NAI,bboxspan_0p50,0.5,100XIAV038,1440,2025-11-24::noSBA_NAI::100XIAV038::1440,87,171.13323315429687,0.7742635168151395,0.2668991180037636,0.7742635168151395,0.8189744395658114,False,True,1.999486938476572,19.997777832031247,10,0.0002675793210963,0.0152166392810996,6.689483027409762e-05,6.689483027409762e-05,-4.174607443819405,0.7345400676461351,True,True,False,False,+ NAI,#BE5AA7,-4.174607443819405
2025-11-24,noSBA_NAI,bboxspan_0p50,0.5,100XIAV038,1478,2025-11-24::noSBA_NAI::100XIAV038::1478,74,145.17908203125,1.7016195708913244,0.7586743800649387,1.7016195708913244,1.8630877539738415,False,True,1.9995620117187511,20.00047143554688,10,0.0092809584416637,0.0451923292735814,0.0023202396104159,0.0023202396104159,-2.6344671633383814,0.9390059272362145,True,True,True,False,+ NAI,#BE5AA7,-2.63446716333839
2025-11-24,noSBA_NAI,bboxspan_0p50,0.5,100XIAV038,1491,2025-11-24::noSBA_NAI::100XIAV038::1491,87,171.13323315429687,0.757540255775524,1.046498365959195,1.046498365959195,1.2919079181875586,False,True,1.999486938476572,19.997777832031247,10,0.0059184271863531,0.0296163310702149,0.0014796067965882,0.0014796067965882,-2.8298536824161102,0.9674903809576166,True,True,True,False,+ NAI,#BE5AA7,-2.829853682416138
2025-11-24,noSBA_NAI,bboxspan_0p50,0.5,100XIAV038,1502,2025-11-24::noSBA_NAI::100XIAV038::1502,87,171.13323315429687,0.2681646584552482,0.6373081887564211,0.6373081887564211,0.6914289634520744,False,True,1.999486938476572,19.997777832031247,10,0.0004552153205123,0.0199075461026946,0.000113803830128,0.000113803830128,-3.943843121284501,0.9229768782782316,True,True,False,False,+ NAI,#BE5AA7,-3.9438431212848517
2025-11-24,noSBA_NAI,bboxspan_0p50,0.5,100XIAV038,1516,2025-11-24::noSBA_NAI::100XIAV038::1516,87,171.13323315429687,1.8490592661996743,0.7757113171954373,1.8490592661996743,2.005180345391396,False,True,1.999486938476572,19.997777832031247,10,0.0094916836137832,-0.004221644578802,0.0023729209034458,0.0023729209034458,-2.624716737876017,0.9881222329777902,True,True,True,False,+ NAI,#BE5AA7,-2.6247167378760174
2025-11-24,noSBA_NAI,bboxspan_0p50,0.5,100XIAV038,1548,2025-11-24::noSBA_NAI::100XIAV038::1548,80,158.00551708984375,0.7886299211174403,0.9189977603006056,0.9189977603006056,1.2109888669675,False,True,1.9994870605468975,20.00047143554688,10,0.0012299153723081,0.0899893837301854,0.000307478843077,0.000307478843077,-3.5121847616804542,0.326686935791647,True,True,False,False,+ NAI,#BE5AA7,-3.512184761680499
2025-11-24,noSBA_NAI,bboxspan_0p50,0.5,100XIAV038,1688,2025-11-24::noSBA_NAI::100XIAV038::1688,74,146.07630395507812,0.6364024818382887,2.181391184208067,2.181391184208067,2.2723282371679066,False,True,1.9995800781250068,20.003082519531247,10,0.0154625752462742,-0.0166973978976473,0.0038656438115685,0.0038656438115685,-2.4127781652575013,0.997009653643537,True,True,True,False,+ NAI,#BE5AA7,-2.4127781652575067
2025-11-24,noSBA_NAI,bboxspan_0p50,0.5,100XIAV038,1787,2025-11-24::noSBA_NAI::100XIAV038::1787,85,167.99167016601564,1.963271472969396,0.8225852200984463,1.963271472969396,2.128633674660774,False,True,1.999486938476572,19.99786987304688,10,0.0116334633197218,0.0308512556717945,0.0029083658299304,0.0029083658299304,-2.5363509664761925,0.9859136746166998,True,True,True,False,+ NAI,#BE5AA7,-2.536350966476202
2025-11-24,noSBA_NAI,bboxspan_0p50,0.5,100XIAV038,2104,2025-11-24::noSBA_NAI::100XIAV038::2104,33,64.0064580078125,0.6319648317701194,0.1287199124894051,0.6319648317701194,0.6449405898728312,False,True,1.9996459960937472,15.998449951171878,8,0.0001743208708077,0.0097015581878458,4.3580217701944606e-05,4.3580217701944606e-05,-4.360710604596484,0.8905079117003136,True,True,False,False,+ NAI,#BE5AA7,-4.360710604596484
2025-11-24,noSBA_NAI,bboxspan_0p50,0.5,100XIAV038,2282,2025-11-24::noSBA_NAI::100XIAV038::2282,44,86.0212880859375,0.7646012151605248,0.2940261359157716,0.7646012151605248,0.8191864176281922,False,True,1.9994870605468975,20.003175537109374,10,0.0007351517646967,0.0490365877232787,0.0001837879411741,0.0001837879411741,-3.7356829872552098,0.7651350621112114,True,True,False,False,+ NAI,#BE5AA7,-3.735682987255416
2025-11-24,noSBA_NAI,bboxspan_0p50,0.5,100XIAV038,2813,2025-11-24::noSBA_NAI::100XIAV038::2813,63,124.00236303710938,0.932357233509606,0.2694540818492612,0.932357233509606,0.9705130154216964,False,True,1.999486938476572,20.003072998046875,10,0.0049019814082042,0.0041731286791681,0.001225495352051,0.001225495352051,-2.9116883315619635,0.9961166398184746,True,True,True,False,+ NAI,#BE5AA7,-2.9116883315619897
2025-11-24,noSBA_NAI,bboxspan_0p50,0.5,100XIAV038,2816,2025-11-24::noSBA_NAI::100XIAV038::2816,42,82.00226806640626,0.8925131312312686,0.2609880006038452,0.8925131312312686,0.929889469711017,False,True,1.9994870605468975,20.00509558105469,10,0.0008470610223863,0.0327806371398848,0.0002117652555965,0.0002117652555965,-3.674145293239224,0.8644112065095619,True,True,False,False,+ NAI,#BE5AA7,-3.6741452932394076
2025-11-24,noSBA_NAI,bboxspan_0p50,0.5,100XIAV038,3167,2025-11-24::noSBA_NAI::100XIAV038::3167,42,82.00226806640626,1.4226651722931507,1.563574801503151,1.563574801503151,2.1139400068004575,False,True,1.9994870605468975,20.00509558105469,10,0.0326640925122404,-0.0041832408903352,0.0081660231280601,0.0081660231280601,-2.0879893943891843,0.9972124165736148,True,True,True,False,+ NAI,#BE5AA7,-2.0879893943891843
2025-11-24,noSBA_NAI,bboxspan_0p50,0.5,100XIAV038,3236,2025-11-24::noSBA_NAI::100XIAV038::3236,45,88.03052709960939,0.4112181949091393,0.8909826953016164,0.8909826953016164,0.9813004469331826,False,True,1.999533569335952,20.004247070312505,10,0.0013283987395357,0.0238624275232392,0.0003320996848839,0.0003320996848839,-3.4787315364860256,0.6961856578589369,True,True,False,False,+ NAI,#BE5AA7,-3.4787315364860723
2025-11-24,noSBA_NAI,bboxspan_0p50,0.5,100XIAV038,3401,2025-11-24::noSBA_NAI::100XIAV038::3401,52,101.99654003906252,1.4233964030244337,1.031421494838238,1.4233964030244337,1.7578076175046122,False,True,1.9994868164062467,20.00047143554688,10,0.0110462289742651,-0.0060825938728251,0.0027615572435662,0.0027615572435662,-2.5588459499752307,0.994304509148368,True,True,True,False,+ NAI,#BE5AA7,-2.5588459499752454
2025-11-24,noSBA_NAI,bboxspan_0p50,0.5,100XIAV038,3449,2025-11-24::noSBA_NAI::100XIAV038::3449,50,97.99913305664064,0.51366031735013,0.6237913749511961,0.6237913749511961,0.8080610132185192,False,True,1.9994870605468975,20.003586059570317,10,0.00152892817138,0.0139784923982467,0.000382232042845,0.000382232042845,-3.4176729084702795,0.8578324368467372,True,True,False,False,+ NAI,#BE5AA7,-3.417672908470291
2025-11-24,noSBA_NAI,bboxspan_0p50,0.5,100XIAV038,3532,2025-11-24::noSBA_NAI::100XIAV038::3532,30,58.07669384765624,1.826706054753842,2.6308925089923374,2.6308925089923374,3.2028815782582942,False,True,1.9995800781250068,13.997583007812494,7,0.0985328782460322,-0.0842928991234379,0.024633219561508,0.024633219561508,-1.6084788221674624,0.98660145422388,True,True,True,True,+ NAI,#BE5AA7,-1.6084788221674635
2025-11-24,noSBA_NAI,bboxspan_0p50,0.5,100XIAV038,3593,2025-11-24::noSBA_NAI::100XIAV038::3593,41,80.00147607421876,0.6511185832013524,0.398377203462573,0.6511185832013524,0.7633215610925691,False,True,1.999486938476572,20.00514208984376,10,0.0018672193406951,0.0396265658702205,0.0004668048351737,0.0004668048351737,-3.3308646541724616,0.7023273794032174,True,True,False,False,+ NAI,#BE5AA7,-3.330864654172551
2025-11-24,noSBA_NAI,bboxspan_0p50,0.5,100XIAV038,3791,2025-11-24::noSBA_NAI::100XIAV038::3791,44,86.00023510742189,0.6615612031764471,0.4884126261460366,0.6615612031764471,0.8223199614062257,False,True,1.9994868164062467,20.00498400878906,10,0.0001591988733153,0.0159937797730481,3.9799718328829697e-05,3.9799718328829697e-05,-4.400120001510931,0.5657130635295504,True,True,False,False,+ NAI,#BE5AA7,-4.400120001510931
2025-11-24,noSBA_NAI,bboxspan_0p50,0.5,100XIAV038,3802,2025-11-24::noSBA_NAI::100XIAV038::3802,44,86.00023510742189,1.974477800414384,1.4282252185793567,1.974477800414384,2.436881174640092,False,True,1.9994868164062467,20.00498400878906,10,0.0169278473423062,0.0965725696732138,0.0042319618355765,0.0042319618355765,-2.3734582574835597,0.940028914549866,True,True,True,False,+ NAI,#BE5AA7,-2.373458257483567
2025-11-24,noSBA_NAI,bboxspan_0p50,0.5,100XIAV038,4007,2025-11-24::noSBA_NAI::100XIAV038::4007,41,80.00147607421876,0.7616954116072421,1.299179767928759,1.299179767928759,1.5060039739187114,False,True,1.999486938476572,20.00514208984376,10,0.01160127598533,0.0147259305520752,0.0029003189963325,0.0029003189963325,-2.5375542328844944,0.9584881398515976,True,True,True,False,+ NAI,#BE5AA7,-2.5375542328844958
2025-11-24,noSBA_NAI,bboxspan_0p50,0.5,100XIAV038,4206,2025-11-24::noSBA_NAI::100XIAV038::4206,36,70.00430322265626,0.6397411005473614,0.5308580907467686,0.6397411005473614,0.831311607185208,False,True,1.9993559570312416,18.00408886718749,9,0.0020382931185524,0.0234713708969621,0.0005095732796381,0.0005095732796381,-3.2927933530627564,0.8833220309384907,True,True,False,False,+ NAI,#BE5AA7,-3.292793353062764
2025-11-24,noSBA_NAI,bboxspan_0p50,0.5,100XIAV038,4566,2025-11-24::noSBA_NAI::100XIAV038::4566,30,57.996213134765625,1.8247615527402272,1.30211335311391,1.8247615527402272,2.241707810736376,False,True,1.998703857421873,13.997171874999992,7,0.0320596378444714,-0.0080551528756805,0.0080149094611178,0.0080149094611178,-2.096101379206156,0.9618444199001852,True,True,True,False,+ NAI,#BE5AA7,-2.096101379206159
2025-12-03,noSBA_noNAI,bboxspan_0p50,0.5,100XIAV058,12,2025-12-03::noSBA_noNAI::100XIAV058::12,142,281.79560302734376,0.6315745484818223,0.373623381176472,0.6315745484818223,0.7338125382219609,False,True,1.9995610351562616,19.997133544921866,10,0.0004413244063646,0.0152913320478109,0.0001103311015911,0.0001103311015911,-3.957302045624719,0.7470363474776076,True,True,False,False,- NAI,#191C23,-3.957302045624967
2025-12-03,noSBA_noNAI,bboxspan_0p50,0.5,100XIAV058,146,2025-12-03::noSBA_noNAI::100XIAV058::146,142,281.79560302734376,0.5281160346667946,0.5453601509834236,0.5453601509834236,0.7591602204757844,False,True,1.9995610351562616,19.997133544921866,10,0.0016819782824283,0.0124998501912823,0.000420494570607,0.000420494570607,-3.3762396074061582,0.9507811622930796,True,True,False,False,- NAI,#191C23,-3.376239607406242
2025-12-03,noSBA_noNAI,bboxspan_0p50,0.5,100XIAV058,166,2025-12-03::noSBA_noNAI::100XIAV058::166,142,281.79560302734376,3.7590036170738728,5.0595906344387656,5.0595906344387656,6.303139343317339,False,True,1.9995610351562616,19.997133544921866,10,0.0757201883706268,0.0449774221265204,0.0189300470926567,0.0189300470926567,-1.7228483056317916,0.9988848070102676,True,True,True,True,- NAI,#191C23,-1.722848305631792
2025-12-03,noSBA_noNAI,bboxspan_0p50,0.5,100XIAV058,196,2025-12-03::noSBA_noNAI::100XIAV058::196,66,129.98984008789063,0.4038888780199556,0.5226259160357642,0.5226259160357642,0.6605028946949743,False,True,1.9995429687500064,19.997217041015617,10,0.0005486567874843,0.0231933611583293,0.000137164196871,0.000137164196871,-3.8627592350613713,0.6485515089594166,True,True,False,False,- NAI,#191C23,-3.8627592350616746
2025-12-03,noSBA_noNAI,bboxspan_0p50,0.5,100XIAV058,209,2025-12-03::noSBA_noNAI::100XIAV058::209,142,281.79560302734376,1.8229843699677133,1.0683152351965717,1.8229843699677133,2.1129527810388207,False,True,1.9995610351562616,19.997133544921866,10,0.0068104006057388,0.0150869252351314,0.0017026001514347,0.0017026001514347,-2.7688873323161016,0.9976892723767772,True,True,True,False,- NAI,#191C23,-2.7688873323161065
2025-12-03,noSBA_noNAI,bboxspan_0p50,0.5,100XIAV058,228,2025-12-03::noSBA_noNAI::100XIAV058::228,142,281.79560302734376,0.4115508416623328,0.5066964721766212,0.5066964721766212,0.6527751605179289,False,True,1.9995610351562616,19.997133544921866,10,0.000227074266631,0.0103203194516897,5.67685666577503e-05,5.67685666577503e-05,-4.245892071081761,0.9154118482785588,True,True,False,False,- NAI,#191C23,-4.245892071081761
2025-12-03,noSBA_noNAI,bboxspan_0p50,0.5,100XIAV058,820,2025-12-03::noSBA_noNAI::100XIAV058::820,71,139.99713793945313,9.638395127376938,4.301449032072355,9.638395127376938,10.55467310753676,False,True,1.9995150146484375,19.996471923828125,10,0.2747755299291948,-0.3539010295303146,0.0686938824822987,0.0686938824822987,-1.1630819372123222,0.995643933732372,True,True,True,True,- NAI,#191C23,-1.1630819372123222
2025-12-03,noSBA_noNAI,bboxspan_0p50,0.5,100XIAV058,1475,2025-12-03::noSBA_noNAI::100XIAV058::1475,58,114.00103198242188,3.506351454356505,1.931890288473333,3.506351454356505,4.0033361847546045,False,True,1.999673095703116,19.997469482421863,10,0.0915213747910428,-0.0211124820953521,0.0228803436977607,0.0228803436977607,-1.640537456062588,0.9989543894594768,True,True,True,True,- NAI,#191C23,-1.6405374560625883
2025-12-03,noSBA_noNAI,bboxspan_0p50,0.5,100XIAV058,2350,2025-12-03::noSBA_noNAI::100XIAV058::2350,46,89.99747485351566,1.0191099554808574,0.3822713652249803,1.0191099554808574,1.0884468282976276,False,True,1.9995800781250068,20.00424804687499,10,0.0012378608052312,0.0560269719605275,0.0003094652013078,0.0003094652013078,-3.509388179373008,0.4993636707885056,True,True,False,False,- NAI,#191C23,-3.509388179373018
2025-12-03,noSBA_noNAI,bboxspan_0p50,0.5,100XIAV058,4084,2025-12-03::noSBA_noNAI::100XIAV058::4084,33,63.99450610351565,3.514299336579157,2.3365963083065253,3.514299336579157,4.220187452598804,False,True,1.9994870605468833,15.996883056640629,8,0.1476610242182805,0.0155744141549652,0.0369152560545701,0.0369152560545701,-1.4327941148427297,0.9972277561676302,True,True,True,True,- NAI,#191C23,-1.4327941148427301
2025-12-03,noSBA_noNAI,bboxspan_0p50,0.5,100XIAV058,4799,2025-12-03::noSBA_noNAI::100XIAV058::4799,57,111.99514892578128,2.852448927065609,2.860369439506151,2.860369439506151,4.03957648918528,False,True,1.9996270751953065,20.000686035156235,10,0.1080510480450353,0.0721390359805794,0.0270127620112588,0.0270127620112588,-1.5684310076332908,0.9978488385888828,True,True,True,True,- NAI,#191C23,-1.5684310076332915
2025-12-03,noSBA_noNAI,bboxspan_0p50,0.5,100XIAV059,17,2025-12-03::noSBA_noNAI::100XIAV059::17,44,85.99091088867188,5.085478759957354,3.3797085796777964,5.085478759957354,6.106105493809053,False,True,2.000195068359382,20.00148852539062,10,0.1387651564637795,0.2754709993918535,0.0346912891159448,0.0346912891159448,-1.4597795616298557,0.9841687600571678,True,True,True,True,- NAI,#191C23,-1.459779561629857
2025-12-03,noSBA_noNAI,bboxspan_0p50,0.5,100XIAV059,31,2025-12-03::noSBA_noNAI::100XIAV059::31,47,91.80722705078124,3.0072265974217913,1.961868687201928,3.0072265974217913,3.590590557842047,False,True,2.000102050781255,20.000108886718746,10,0.0348453646399455,0.2224928501381429,0.0087113411599863,0.0087113411599863,-2.059914977765843,0.9063395257892812,True,True,True,False,- NAI,#191C23,-2.059914977765847
2025-12-03,noSBA_noNAI,bboxspan_0p50,0.5,100XIAV059,40,2025-12-03::noSBA_noNAI::100XIAV059::40,33,63.81513916015626,1.026078577601595,0.3736188865954091,1.026078577601595,1.091983662805312,False,True,2.0002044677734396,15.997161865234377,8,0.0053187031295667,0.1117460332507783,0.0013296757823916,0.0013296757823916,-2.8762542410504555,0.3869633202633687,True,True,True,False,- NAI,#191C23,-2.8762542410504848
2025-12-03,noSBA_noNAI,bboxspan_0p50,0.5,100XIAV059,58,2025-12-03::noSBA_noNAI::100XIAV059::58,31,59.99534594726563,0.3861023872026337,0.8912019805288693,0.8912019805288693,0.9712445745033284,False,True,1.9996174316406223,13.99789953613281,7,0.0026707863659205,0.0770950126107951,0.0006676965914801,0.0006676965914801,-3.175420840787857,0.385483350599452,True,True,False,False,- NAI,#191C23,-3.175420840787878
2025-12-03,noSBA_NAI,bboxspan_0p50,0.5,100XIAV054,10,2025-12-03::noSBA_NAI::100XIAV054::10,67,131.8110988769531,0.399888236785582,0.6536076387303211,0.6536076387303211,0.7662333504397388,False,True,1.9993470458984373,20.00452807617188,10,0.0035331832936485,0.0019032792046022,0.0008832958234121,0.0008832958234121,-3.053893823082116,0.9891299204851998,True,True,False,False,+ NAI,#BE5AA7,-3.053893823082132
2025-12-03,noSBA_NAI,bboxspan_0p50,0.5,100XIAV054,11,2025-12-03::noSBA_NAI::100XIAV054::11,50,97.81767797851565,1.1820491878059158,1.2744955059241647,1.2744955059241647,1.7382689886819926,False,True,1.999394042968753,20.004471435546876,10,0.0020341780702778,0.0518678442213558,0.0005085445175694,0.0005085445175694,-3.293671023294807,0.5056595595759243,True,True,False,False,+ NAI,#BE5AA7,-3.2936710232948574
2025-12-03,noSBA_NAI,bboxspan_0p50,0.5,100XIAV054,33,2025-12-03::noSBA_NAI::100XIAV054::33,44,86.000123046875,0.5165887785501297,0.4969032525886661,0.5165887785501297,0.7167822602137351,False,True,1.999468017578124,20.010839477539054,10,0.0056756583424034,0.0213001404835539,0.0014189145856008,0.0014189145856008,-2.8480437469799513,0.9862306908414702,True,True,True,False,+ NAI,#BE5AA7,-2.8480437469799673
2025-12-03,noSBA_NAI,bboxspan_0p50,0.5,100XIAV054,34,2025-12-03::noSBA_NAI::100XIAV054::34,51,99.81835888671876,0.5333670383988505,0.1482195708399274,0.5333670383988505,0.553578755761394,False,True,1.9994310302734384,20.00441479492187,10,0.0001525577457704,0.015648246519037,3.813943644261727e-05,3.813943644261727e-05,-4.418625728481145,0.3204261746726006,True,True,False,False,+ NAI,#BE5AA7,-4.418625728481145
2025-12-03,noSBA_NAI,bboxspan_0p50,0.5,100XIAV054,77,2025-12-03::noSBA_NAI::100XIAV054::77,67,131.8110988769531,0.396514669907269,0.788425815242288,0.788425815242288,0.882518639798694,False,True,1.9993470458984373,20.00452807617188,10,0.0043968781947127,0.0018658821235392,0.0010992195486781,0.0010992195486781,-2.9589155566604624,0.9986522506455038,True,True,True,False,+ NAI,#BE5AA7,-2.9589155566604943
2025-12-03,noSBA_NAI,bboxspan_0p50,0.5,100XIAV054,132,2025-12-03::noSBA_NAI::100XIAV054::132,67,131.8110988769531,0.2529069342835299,0.5180821896860976,0.5180821896860976,0.5765163247286546,False,True,1.9993470458984373,20.00452807617188,10,0.0024479709587011,0.0026830574761283,0.0006119927396752,0.0006119927396752,-3.2132537300401536,0.9971854429727938,True,True,False,False,+ NAI,#BE5AA7,-3.213253730040224
2025-12-03,noSBA_NAI,bboxspan_0p50,0.5,100XIAV054,133,2025-12-03::noSBA_NAI::100XIAV054::133,67,131.8110988769531,0.7958542576808085,0.5397665041486022,0.7958542576808085,0.9616298032348384,False,True,1.9993470458984373,20.00452807617188,10,0.0047155190585557,0.0129392849114435,0.0011788797646389,0.0011788797646389,-2.928530486861324,0.9822708193199996,True,True,True,False,+ NAI,#BE5AA7,-2.9285304868613404
2025-12-03,noSBA_NAI,bboxspan_0p50,0.5,100XIAV054,150,2025-12-03::noSBA_NAI::100XIAV054::150,59,115.99365698242188,0.53725407888615,0.538661875834265,0.538661875834265,0.7607881188327631,False,True,1.9992449951171896,20.015119140625004,10,0.0046665251489289,0.0394108052926147,0.0011666312872322,0.0011666312872322,-2.933066380648924,0.9390265698919302,True,True,True,False,+ NAI,#BE5AA7,-2.9330663806489365
2025-12-03,noSBA_NAI,bboxspan_0p50,0.5,100XIAV054,199,2025-12-03::noSBA_NAI::100XIAV054::199,50,97.99614892578126,0.5079194032424681,0.2718296773552282,0.5079194032424681,0.5760846237153291,False,True,1.999394042968753,20.004471435546876,10,0.0001250525082466,0.0105814787822719,3.1263127061666475e-05,3.1263127061666475e-05,-4.504967584291736,0.3166667022513518,True,True,False,False,+ NAI,#BE5AA7,-4.504967584291736
2025-12-03,noSBA_NAI,bboxspan_0p50,0.5,100XIAV054,204,2025-12-03::noSBA_NAI::100XIAV054::204,47,91.96934497070312,1.04030318901642,1.152803406698581,1.152803406698581,1.5527995426240913,False,True,1.999169921875005,20.00441479492187,10,0.0009098133050856,0.0418560950837257,0.0002274533262714,0.0002274533262714,-3.643107707676589,0.8490225807267926,True,True,False,False,+ NAI,#BE5AA7,-3.6431077076766223
2025-12-03,noSBA_NAI,bboxspan_0p50,0.5,100XIAV054,305,2025-12-03::noSBA_NAI::100XIAV054::305,55,108.09698217773438,0.6501776754905109,0.9020973746517172,0.9020973746517172,1.1119850192604954,False,True,1.999468017578124,20.01534301757812,10,0.0002342959722793,0.0239341979423766,5.857399306983181e-05,5.857399306983181e-05,-4.23229516850948,0.4656153885221994,True,True,False,False,+ NAI,#BE5AA7,-4.23229516850948
2025-12-03,noSBA_NAI,bboxspan_0p50,0.5,100XIAV054,333,2025-12-03::noSBA_NAI::100XIAV054::333,40,77.96210302734374,1.459238301298555,2.3355385548921035,2.3355385548921035,2.7539275156336607,False,True,1.9989458007812573,20.010904663085935,10,0.0321244699251841,0.084540875849291,0.008031117481296,0.008031117481296,-2.0952240210731814,0.964090312590801,True,True,True,False,+ NAI,#BE5AA7,-2.095224021073183
2025-12-03,noSBA_NAI,bboxspan_0p50,0.5,100XIAV054,337,2025-12-03::noSBA_NAI::100XIAV054::337,49,96.00026098632812,1.035185293990068,0.7608762784619643,1.035185293990068,1.2847339428922364,False,True,1.999169921875005,20.00441479492187,10,0.0019508465900164,0.0258604782132325,0.0004877116475041,0.0004877116475041,-3.311836872486437,0.8991943973337526,True,True,False,False,+ NAI,#BE5AA7,-3.311836872486442
2025-12-03,noSBA_NAI,bboxspan_0p50,0.5,100XIAV054,503,2025-12-03::noSBA_NAI::100XIAV054::503,47,91.96934497070312,0.5200661799262463,0.3896400266683213,0.5200661799262463,0.6498370425615709,False,True,1.999169921875005,20.00441479492187,10,0.0002429213691834,0.0110993849447207,6.073034229586786e-05,6.073034229586786e-05,-4.216594271046255,0.8948927575243028,True,True,False,False,+ NAI,#BE5AA7,-4.216594271046255
2025-12-03,noSBA_NAI,bboxspan_0p50,0.5,100XIAV054,559,2025-12-03::noSBA_NAI::100XIAV054::559,43,83.911,0.3719937697822288,0.92772957459907,0.92772957459907,0.999530654028462,False,True,1.9987034912109392,20.00452807617188,10,0.0044296675832623,0.025476262625795,0.0011074168958155,0.0011074168958155,-2.95568885475988,0.8504399567466852,True,True,True,False,+ NAI,#BE5AA7,-2.9556888547599147
2025-12-03,noSBA_NAI,bboxspan_0p50,0.5,100XIAV054,565,2025-12-03::noSBA_NAI::100XIAV054::565,38,73.993673828125,0.2307535918425713,0.5177610298784678,0.5177610298784678,0.5668542177747817,False,True,1.9989458007812573,18.016657958984386,9,0.0010412703144156,0.0169280497856949,0.0002603175786039,0.0002603175786039,-3.584496504065519,0.7207511143123976,True,True,False,False,+ NAI,#BE5AA7,-3.5844965040655428
2025-12-03,noSBA_NAI,bboxspan_0p50,0.5,100XIAV054,573,2025-12-03::noSBA_NAI::100XIAV054::573,41,80.00397509765625,0.5029788272475173,0.5400544339019859,0.5400544339019859,0.7380016885051702,False,True,1.9994213867187511,20.006690185546873,10,0.0001660553966365,0.0118225959831973,4.151384915913101e-05,4.151384915913101e-05,-4.381806997022114,0.909996173547616,True,True,False,False,+ NAI,#BE5AA7,-4.381806997022114
2025-12-03,noSBA_NAI,bboxspan_0p50,0.5,100XIAV054,914,2025-12-03::noSBA_NAI::100XIAV054::914,30,57.9974248046875,2.0776071762065556,0.8067079518235047,2.0776071762065556,2.228728179514104,False,True,1.9989458007812573,13.997005126953129,7,0.0334800900234777,-0.0055490218107075,0.0083700225058694,0.0083700225058694,-2.077273374245478,0.9987652804270204,True,True,True,False,+ NAI,#BE5AA7,-2.0772733742454794
2025-12-03,noSBA_NAI,bboxspan_0p50,0.5,100XIAV055,11,2025-12-03::noSBA_NAI::100XIAV055::11,71,139.99809008789063,1.6739434910053037,2.2001778354841406,2.2001778354841406,2.76457398505352,False,True,1.999673461914064,19.99680810546875,10,0.0208760195315171,0.0195701271457148,0.0052190048828792,0.0052190048828792,-2.2824122968202367,0.9819789032031132,True,True,True,False,+ NAI,#BE5AA7,-2.282412296820244
2025-12-03,noSBA_NAI,bboxspan_0p50,0.5,100XIAV055,26,2025-12-03::noSBA_NAI::100XIAV055::26,55,107.90377905273438,1.0469415199423864,1.043630419321964,1.0469415199423864,1.478259448917345,False,True,1.999589477539062,19.996191894531243,10,0.0087974079957758,0.0316355275655891,0.0021993519989439,0.0021993519989439,-2.6577052576946523,0.9875706852974728,True,True,True,False,+ NAI,#BE5AA7,-2.657705257694664
2025-12-03,noSBA_NAI,bboxspan_0p50,0.5,100XIAV055,34,2025-12-03::noSBA_NAI::100XIAV055::34,51,99.90737915039062,0.3734860465764242,0.6436964427646217,0.6436964427646217,0.7442022154059439,False,True,1.999663940429686,19.99680810546875,10,0.0016233762806552,0.0169664129035508,0.0004058440701638,0.0004058440701638,-3.391640795179072,0.9231481221361804,True,True,False,False,+ NAI,#BE5AA7,-3.3916407951790837
2025-12-03,noSBA_NAI,bboxspan_0p50,0.5,100XIAV055,47,2025-12-03::noSBA_NAI::100XIAV055::47,51,99.90737915039062,0.6633654736899643,0.4951834891430593,0.6633654736899643,0.82780459022876,False,True,1.999663940429686,19.99680810546875,10,0.0020151312610148,0.002156141677062,0.0005037828152537,0.0005037828152537,-3.297756650985939,0.991313125139123,True,True,False,False,+ NAI,#BE5AA7,-3.2977566509859417
2025-12-03,noSBA_NAI,bboxspan_0p50,0.5,100XIAV055,55,2025-12-03::noSBA_NAI::100XIAV055::55,77,151.90477807617188,0.2414745805090632,0.6461928006072952,0.6461928006072952,0.6898370159600945,False,True,1.999589477539062,19.99680810546875,10,0.0018996673888377,0.0058784065997528,0.0004749168472094,0.0004749168472094,-3.323382423973842,0.9857112327570314,True,True,False,False,+ NAI,#BE5AA7,-3.3233824239738863
2025-12-03,noSBA_NAI,bboxspan_0p50,0.5,100XIAV055,74,2025-12-03::noSBA_NAI::100XIAV055::74,30,57.91614208984375,1.0478282337054026,1.044818131341806,1.0478282337054026,1.479725966160886,False,True,1.9994870605468744,13.996649902343751,7,0.00341137887112,0.0584452691767514,0.00085284471778,0.00085284471778,-3.069130036066166,0.6050125276015628,True,True,False,False,+ NAI,#BE5AA7,-3.0691300360661673
2025-12-03,noSBA_NAI,bboxspan_0p50,0.5,100XIAV055,88,2025-12-03::noSBA_NAI::100XIAV055::88,51,99.90737915039062,0.9210393246557532,1.3056552088969935,1.3056552088969935,1.5978263241298092,False,True,1.999663940429686,19.99680810546875,10,0.0031235155907052,0.0914354314882933,0.0007808788976763,0.0007808788976763,-3.107416313304496,0.3307292986237392,True,True,False,False,+ NAI,#BE5AA7,-3.1074163133044976
2025-12-03,noSBA_NAI,bboxspan_0p50,0.5,100XIAV055,99,2025-12-03::noSBA_NAI::100XIAV055::99,77,151.90477807617188,0.2526962866323146,0.5091062165425342,0.5091062165425342,0.5683700845400069,False,True,1.999589477539062,19.99680810546875,10,0.0001678976726196,0.0088437678471573,4.1974418154914586e-05,4.1974418154914586e-05,-4.377015315293816,0.6144925581203329,True,True,False,False,+ NAI,#BE5AA7,-4.377015315293816
2025-12-03,noSBA_NAI,bboxspan_0p50,0.5,100XIAV055,126,2025-12-03::noSBA_NAI::100XIAV055::126,32,61.986049072265615,0.5162021554084149,0.2548511160745903,0.5162021554084149,0.5756854667374864,False,True,1.9997299804687572,15.997265014648438,8,0.0026654527436106,0.0069517837588874,0.0006663631859026,0.0006663631859026,-3.176289004099717,0.90608212672017,True,True,False,False,+ NAI,#BE5AA7,-3.1762890040997567
2025-12-03,noSBA_NAI,bboxspan_0p50,0.5,100XIAV055,132,2025-12-03::noSBA_NAI::100XIAV055::132,39,75.90093212890626,0.2378880957626776,0.7731239075135505,0.7731239075135505,0.8088951245214759,False,True,1.999524536132812,17.99548352050781,9,0.0003684723534837,0.0137536793869065,9.211808837092542e-05,9.211808837092542e-05,-4.035655083067476,0.5848961119339762,True,True,False,False,+ NAI,#BE5AA7,-4.035655083067476
2025-12-03,noSBA_NAI,bboxspan_0p50,0.5,100XIAV055,144,2025-12-03::noSBA_NAI::100XIAV055::144,31,59.904758056640624,0.5030961805109584,1.1521281945559425,1.1521281945559425,1.2571814282494989,False,True,1.999412597656252,13.996640869140627,7,0.001800592091402,0.0434447240967859,0.0004501480228505,0.0004501480228505,-3.3466446530325182,0.910053649109178,True,True,False,False,+ NAI,#BE5AA7,-3.346644653032525
2025-12-03,noSBA_NAI,bboxspan_0p50,0.5,100XIAV055,160,2025-12-03::noSBA_NAI::100XIAV055::160,52,101.90671704101564,0.512517188147271,0.6628290083319115,0.6628290083319115,0.8378640477026392,False,True,1.9996169433593745,19.996499999999997,10,0.0005403959784047,0.0245249012653064,0.0001350989946011,0.0001350989946011,-3.8693478829600263,0.7624754115358865,True,True,False,False,+ NAI,#BE5AA7,-3.869347882960346
2025-12-03,noSBA_NAI,bboxspan_0p50,0.5,100XIAV055,190,2025-12-03::noSBA_NAI::100XIAV055::190,51,99.90737915039062,0.2443096280050198,0.531777732375275,0.531777732375275,0.5852134234500613,False,True,1.999663940429686,19.99680810546875,10,0.0020160743891012,0.0086298764794376,0.0005040185972753,0.0005040185972753,-3.297553438663523,0.8935067787709305,True,True,False,False,+ NAI,#BE5AA7,-3.2975534386635372
2025-12-03,noSBA_NAI,bboxspan_0p50,0.5,100XIAV055,214,2025-12-03::noSBA_NAI::100XIAV055::214,74,145.99649511718752,0.7656440667871145,1.063933654759012,1.063933654759012,1.3107881822534029,False,True,1.99963598632813,19.99684509277344,10,0.0006715482961942,0.0212152323888298,0.0001678870740485,0.0001678870740485,-3.774982739749272,0.5530126672100686,True,True,False,False,+ NAI,#BE5AA7,-3.774982739749431
2025-12-03,noSBA_NAI,bboxspan_0p50,0.5,100XIAV055,225,2025-12-03::noSBA_NAI::100XIAV055::225,51,99.90737915039062,0.3875110449642562,0.7682296661649417,0.7682296661649417,0.8604310721639401,False,True,1.999663940429686,19.99680810546875,10,0.0026587239309253,0.0692437460452809,0.0006646809827313,0.0006646809827313,-3.1773867467005017,0.8282503951112921,True,True,False,False,+ NAI,#BE5AA7,-3.1773867467005203
2025-12-03,noSBA_NAI,bboxspan_0p50,0.5,100XIAV055,288,2025-12-03::noSBA_NAI::100XIAV055::288,69,135.99880004882814,0.3951236720053401,0.918531834005636,0.918531834005636,0.9999117192336237,False,True,1.999673461914064,19.996807861328136,10,0.0005522598288327,0.019758369682043,0.0001380649572081,0.0001380649572081,-3.859916537368717,0.5844820023889814,True,True,False,False,+ NAI,#BE5AA7,-3.8599165373690267
2025-12-03,noSBA_NAI,bboxspan_0p50,0.5,100XIAV055,291,2025-12-03::noSBA_NAI::100XIAV055::291,51,99.90737915039062,0.5176848301249777,0.3900498947203648,0.5176848301249777,0.6481793761860174,False,True,1.999663940429686,19.99680810546875,10,0.0015076067148337,0.0191592024589929,0.0003769016787084,0.0003769016787084,-3.423771928211887,0.9128493273706334,True,True,False,False,+ NAI,#BE5AA7,-3.42377192821192
2025-12-03,noSBA_NAI,bboxspan_0p50,0.5,100XIAV055,309,2025-12-03::noSBA_NAI::100XIAV055::309,51,99.90737915039062,0.7707207542614896,0.5499443924092127,0.7707207542614896,0.9468100737696752,False,True,1.999663940429686,19.99680810546875,10,0.0078724279002218,-0.0023700865229342,0.0019681069750554,0.0019681069750554,-2.7059512994953026,0.9919475356594842,True,True,True,False,+ NAI,#BE5AA7,-2.7059512994953154
2025-12-03,noSBA_NAI,bboxspan_0p50,0.5,100XIAV055,323,2025-12-03::noSBA_NAI::100XIAV055::323,52,101.90671704101564,2.4633961313178503,3.512000956035518,3.512000956035518,4.289810160716455,False,True,1.9996169433593745,19.996499999999997,10,0.0844006348281726,0.0648192915173322,0.0211001587070431,0.0211001587070431,-1.6757142780988066,0.9983057089266436,True,True,True,True,+ NAI,#BE5AA7,-1.6757142780988077
2025-12-03,noSBA_NAI,bboxspan_0p50,0.5,100XIAV055,334,2025-12-03::noSBA_NAI::100XIAV055::334,31,59.986711181640615,0.777697351175263,1.0443736759836568,1.0443736759836568,1.3021250113228902,False,True,1.999738525390626,13.997507568359367,7,0.0088458599226638,0.0358069503178033,0.0022114649806659,0.0022114649806659,-2.6553199334474176,0.9335929570739002,True,True,True,False,+ NAI,#BE5AA7,-2.6553199334474304
2025-12-03,noSBA_NAI,bboxspan_0p50,0.5,100XIAV055,374,2025-12-03::noSBA_NAI::100XIAV055::374,51,99.90737915039062,0.650504754103757,0.2578701645401438,0.650504754103757,0.6997524254131243,False,True,1.999663940429686,19.99680810546875,10,0.0002486181897303,0.01648875709929,6.215454743258342e-05,6.215454743258342e-05,-4.206527091436978,0.5936680128588636,True,True,False,False,+ NAI,#BE5AA7,-4.206527091436978
2025-12-03,noSBA_NAI,bboxspan_0p50,0.5,100XIAV055,375,2025-12-03::noSBA_NAI::100XIAV055::375,51,99.90737915039062,1.326543981051934,1.4460501322488568,1.4460501322488568,1.9623404186435265,False,True,1.999663940429686,19.99680810546875,10,0.0192360498285396,-0.0092116626862392,0.0048090124571349,0.0048090124571349,-2.317944097940136,0.994167443338532,True,True,True,False,+ NAI,#BE5AA7,-2.3179440979401376
2025-12-03,noSBA_NAI,bboxspan_0p50,0.5,100XIAV055,393,2025-12-03::noSBA_NAI::100XIAV055::393,32,61.90573608398437,0.8911462608907073,1.1411218432972774,1.1411218432972774,1.4478607390041571,False,True,1.9994870605468744,15.996006591796874,8,0.02557660094977,-0.0349923126467921,0.0063941502374425,0.0063941502374425,-2.194217163728122,0.9863834390767932,True,True,True,False,+ NAI,#BE5AA7,-2.194217163728122
2025-12-03,noSBA_NAI,bboxspan_0p50,0.5,100XIAV055,412,2025-12-03::noSBA_NAI::100XIAV055::412,51,99.90737915039062,1.1445224719550708,1.5603077276636623,1.5603077276636623,1.935068963581683,False,True,1.999663940429686,19.99680810546875,10,0.0048853803510359,0.0453465479978808,0.0012213450877589,0.0012213450877589,-2.9131616099823385,0.8853616299607006,True,True,True,False,+ NAI,#BE5AA7,-2.913161609982368
2025-12-03,noSBA_NAI,bboxspan_0p50,0.5,100XIAV055,426,2025-12-03::noSBA_NAI::100XIAV055::426,77,151.90477807617188,1.3129198493004637,1.281234944783364,1.3129198493004637,1.8344812657591196,False,True,1.999589477539062,19.99680810546875,10,0.01545641445687,-0.0050466720872327,0.0038641036142175,0.0038641036142175,-2.412951236687291,0.9981394901308116,True,True,True,False,+ NAI,#BE5AA7,-2.412951236687293
2025-12-03,noSBA_NAI,bboxspan_0p50,0.5,100XIAV055,430,2025-12-03::noSBA_NAI::100XIAV055::430,77,151.90477807617188,2.724341982898082,1.1535450819937836,2.724341982898082,2.9584971684916477,False,True,1.999589477539062,19.99680810546875,10,0.0121571331480152,0.0712021657309778,0.0030392832870038,0.0030392832870038,-2.5172288181008233,0.9501491176022792,True,True,True,False,+ NAI,#BE5AA7,-2.5172288181008247
2025-12-03,noSBA_NAI,bboxspan_0p50,0.5,100XIAV055,514,2025-12-03::noSBA_NAI::100XIAV055::514,46,89.98843090820313,0.1396899930640387,1.1395082223085424,1.1395082223085424,1.1480384500838836,False,True,1.9995620117187496,19.99684509277344,10,0.0004214982267045,0.0249235494067239,0.0001053745566761,0.0001053745566761,-3.977264239494264,0.9672507225243576,True,True,False,False,+ NAI,#BE5AA7,-3.977264239494399
2025-12-03,noSBA_NAI,bboxspan_0p50,0.5,100XIAV055,527,2025-12-03::noSBA_NAI::100XIAV055::527,49,95.99020996093748,0.8944253273486424,0.9195801684746384,0.9195801684746384,1.2828189086751765,False,True,1.9997204589843776,19.99688208007813,10,0.0005425148124198,0.0376994753225757,0.0001356287031049,0.0001356287031049,-3.867648390992826,0.894039026544691,True,True,False,False,+ NAI,#BE5AA7,-3.8676483909930637
2025-12-03,noSBA_NAI,bboxspan_0p50,0.5,100XIAV055,627,2025-12-03::noSBA_NAI::100XIAV055::627,48,93.99909619140624,2.1996543467624186,0.5477252947237474,2.1996543467624186,2.2668220582372625,False,True,1.9997299804687572,19.99684509277344,10,0.0170515390956021,0.0760233232473925,0.0042628847739005,0.0042628847739005,-2.3702964062070744,0.8622824739956082,True,True,True,False,+ NAI,#BE5AA7,-2.370296406207078
2025-12-03,noSBA_NAI,bboxspan_0p50,0.5,100XIAV055,676,2025-12-03::noSBA_NAI::100XIAV055::676,47,92.00037402343747,1.4138748056485897,0.9050559566342712,1.4138748056485897,1.6787400783584732,False,True,1.999738525390626,19.99680810546875,10,0.0087173675824714,0.0421246663613407,0.0021793418956178,0.0021793418956178,-2.661674632198644,0.9607455603613662,True,True,True,False,+ NAI,#BE5AA7,-2.6616746321986566
2025-12-03,noSBA_NAI,bboxspan_0p50,0.5,100XIAV055,705,2025-12-03::noSBA_NAI::100XIAV055::705,50,97.99805200195313,1.8287521748619184,0.9224186869245125,1.8287521748619184,2.048216480514142,False,True,1.9997299804687572,19.996499999999997,10,0.014571973011532,0.0228971004459917,0.003642993252883,0.003642993252883,-2.4385416331057073,0.9681765648165408,True,True,True,False,+ NAI,#BE5AA7,-2.4385416331057086
2025-12-03,noSBA_NAI,bboxspan_0p50,0.5,100XIAV055,724,2025-12-03::noSBA_NAI::100XIAV055::724,47,92.00037402343747,1.1698614101318032,1.817517173474549,1.817517173474549,2.161468110981627,False,True,1.999738525390626,19.99680810546875,10,0.0124420475844532,0.0767909680131254,0.0031105118961133,0.0031105118961133,-2.5071681333643956,0.9678800269154944,True,True,True,False,+ NAI,#BE5AA7,-2.507168133364397
2025-12-03,noSBA_NAI,bboxspan_0p50,0.5,100XIAV055,739,2025-12-03::noSBA_NAI::100XIAV055::739,53,103.99751904296876,1.0227678059371712,1.3211856544888576,1.3211856544888576,1.670803853984269,False,True,1.9997204589843776,19.996191894531243,10,0.0109734686057775,0.0355446501354231,0.0027433671514443,0.0027433671514443,-2.5617160658275044,0.9929257139312996,True,True,True,False,+ NAI,#BE5AA7,-2.561716065827518
2025-12-03,noSBA_NAI,bboxspan_0p50,0.5,100XIAV055,772,2025-12-03::noSBA_NAI::100XIAV055::772,46,90.00081201171875,0.7985348442661007,1.1659743406217444,1.1659743406217444,1.4132070126118812,False,True,1.9997470703124949,19.99684509277344,10,0.0149447583498307,0.0256262988446498,0.0037361895874576,0.0037361895874576,-2.4275710942466437,0.9734747066290644,True,True,True,False,+ NAI,#BE5AA7,-2.4275710942466526
2025-12-03,noSBA_NAI,bboxspan_0p50,0.5,100XIAV055,782,2025-12-03::noSBA_NAI::100XIAV055::782,46,90.00081201171875,0.5309427161001707,0.5253806364623941,0.5309427161001707,0.746943760231958,False,True,1.9997470703124949,19.99684509277344,10,0.0053637139297296,0.0080259291690759,0.0013409284824324,0.0013409284824324,-2.8725943843506565,0.9787518026344328,True,True,True,False,+ NAI,#BE5AA7,-2.8725943843506587
2025-12-03,noSBA_NAI,bboxspan_0p50,0.5,100XIAV055,835,2025-12-03::noSBA_NAI::100XIAV055::835,38,73.99287207031252,0.6410914865830648,1.0430588451001874,1.0430588451001874,1.2243243232538594,False,True,1.99963598632813,17.996556152343743,9,0.0074708180303957,0.0201888916925451,0.0018677045075989,0.0018677045075989,-2.728691833068662,0.9909252729413616,True,True,True,False,+ NAI,#BE5AA7,-2.72869183306867
2025-12-03,noSBA_NAI,bboxspan_0p50,0.5,100XIAV055,985,2025-12-03::noSBA_NAI::100XIAV055::985,36,69.92359887695312,0.2365522658113974,0.5131020278603842,0.5131020278603842,0.5650050136546971,False,True,1.9997299804687572,17.996387939453122,9,0.0048797835552042,0.0098215008559184,0.001219945888801,0.001219945888801,-2.913659432207453,0.973300883398127,True,True,True,False,+ NAI,#BE5AA7,-2.913659432207471
2025-12-03,noSBA_NAI,bboxspan_0p50,0.5,100XIAV055,1052,2025-12-03::noSBA_NAI::100XIAV055::1052,43,84.00140112304686,0.8804098839689516,0.3903425472520254,0.8804098839689516,0.9630622347415676,False,True,1.999738525390626,19.996191894531243,10,0.0019850978896948,0.0309393648968366,0.0004962744724237,0.0004962744724237,-3.304278063651448,0.6297327228334562,True,True,False,False,+ NAI,#BE5AA7,-3.304278063651466
2025-12-03,noSBA_NAI,bboxspan_0p50,0.5,100XIAV055,1073,2025-12-03::noSBA_NAI::100XIAV055::1073,50,97.99872192382811,0.7971077263706263,0.505984052706097,0.7971077263706263,0.9441401320951438,False,True,1.999710937499998,19.995744995117185,10,0.000811347738048,0.019431634366564,0.000202836934512,0.000202836934512,-3.692852961595741,0.7581790518402207,True,True,False,False,+ NAI,#BE5AA7,-3.692852961595782
2025-12-03,noSBA_NAI,bboxspan_0p50,0.5,100XIAV055,1084,2025-12-03::noSBA_NAI::100XIAV055::1084,42,82.00267797851562,0.2772598108689124,0.6509615246559264,0.6509615246559264,0.7075478141478732,False,True,1.9997470703124949,19.99605200195312,10,0.0006031115527591,0.0177118768900932,0.0001507778881897,0.0001507778881897,-3.821662343753237,0.9150217383407058,True,True,False,False,+ NAI,#BE5AA7,-3.8216623437534722
2025-12-03,noSBA_NAI,bboxspan_0p50,0.5,100XIAV055,1102,2025-12-03::noSBA_NAI::100XIAV055::1102,31,60.007204833984375,2.6120564667819934,2.1040883603051412,2.6120564667819934,3.3541059633871453,False,True,1.9997855224609395,13.996781005859376,7,0.0634288748695845,0.0688061216677156,0.0158572187173961,0.0158572187173961,-1.799772983576481,0.979462664164112,True,True,True,True,+ NAI,#BE5AA7,-1.7997729835764822
2025-12-03,noSBA_NAI,bboxspan_0p50,0.5,100XIAV055,1112,2025-12-03::noSBA_NAI::100XIAV055::1112,39,75.982083984375,1.4255261793486156,1.1457597463514126,1.4255261793486156,1.8289041211522037,False,True,1.999738525390626,17.99609008789063,9,0.0143502546354105,0.0757504164689069,0.0035875636588526,0.0035875636588526,-2.445200383932339,0.9161539862942074,True,True,True,False,+ NAI,#BE5AA7,-2.4452003839323426
2025-12-03,noSBA_NAI,bboxspan_0p50,0.5,100XIAV055,1128,2025-12-03::noSBA_NAI::100XIAV055::1128,42,82.00267797851562,0.4086264236053551,0.5086259182903063,0.5086259182903063,0.6524384099860772,False,True,1.9997470703124949,19.99605200195312,10,0.002733363401192,0.0049402998415853,0.000683340850298,0.000683340850298,-3.1653626162614756,0.9962789776988314,True,True,False,False,+ NAI,#BE5AA7,-3.165362616261489
2025-12-03,noSBA_NAI,bboxspan_0p50,0.5,100XIAV055,1139,2025-12-03::noSBA_NAI::100XIAV055::1139,68,134.0000769042969,0.5256418184922609,0.520184272179705,0.5256418184922609,0.7395207896813857,False,True,1.999710937499998,19.996583984375008,10,0.0014249033324301,0.0061589190221546,0.0003562258331075,0.0003562258331075,-3.448274589170241,0.9494021200018212,True,True,False,False,+ NAI,#BE5AA7,-3.448274589170286
2025-12-03,noSBA_NAI,bboxspan_0p50,0.5,100XIAV055,1170,2025-12-03::noSBA_NAI::100XIAV055::1170,30,57.92608081054688,0.6615602780764362,0.6653270981333606,0.6653270981333606,0.938254842267883,False,True,1.9997299804687572,13.997266113281256,7,0.015153764093344,0.0454604456913904,0.003788441023336,0.003788441023336,-2.4215394692536973,0.9526094294966228,True,True,True,False,+ NAI,#BE5AA7,-2.4215394692536982
2025-12-03,noSBA_NAI,bboxspan_0p50,0.5,100XIAV055,1230,2025-12-03::noSBA_NAI::100XIAV055::1230,37,71.95195092773437,0.1564980463481049,0.6630317190851756,0.6630317190851756,0.6812508341454099,False,True,1.9997204589843776,17.99669604492187,9,0.0001754057067657,0.015082288903818,4.3851426691446645e-05,4.3851426691446645e-05,-4.358016272442907,0.5481105522397679,True,True,False,False,+ NAI,#BE5AA7,-4.358016272442907
2025-12-03,noSBA_NAI,bboxspan_0p50,0.5,100XIAV055,1249,2025-12-03::noSBA_NAI::100XIAV055::1249,31,60.0157080078125,2.2057092627029427,1.2942146077804892,2.2057092627029427,2.557370681494172,False,True,1.9997855224609395,13.996781005859376,7,0.0558518820865077,0.0302511761826489,0.0139629705216269,0.0139629705216269,-1.8550221788537264,0.9783220735000924,True,True,True,True,+ NAI,#BE5AA7,-1.8550221788537276
2025-12-03,noSBA_NAI,bboxspan_0p50,0.5,100XIAV055,1338,2025-12-03::noSBA_NAI::100XIAV055::1338,39,75.982083984375,2.470674598464214,1.184584167028918,2.470674598464214,2.739976755425473,False,True,1.999738525390626,17.99609008789063,9,0.0504356615922746,0.0187586077860169,0.0126089153980686,0.0126089153980686,-1.899322269247079,0.9932160862520398,True,True,True,True,+ NAI,#BE5AA7,-1.8993222692470815
2025-12-03,noSBA_NAI,bboxspan_0p50,0.5,100XIAV055,1363,2025-12-03::noSBA_NAI::100XIAV055::1363,39,75.982083984375,0.1584341537531912,0.5078218756113628,0.5078218756113628,0.5319628167691162,False,True,1.999738525390626,17.99609008789063,9,7.385469145190076e-05,0.0089308968662711,1.846367286297519e-05,1.846367286297519e-05,-4.733681903230998,0.4390153558048412,True,True,False,False,+ NAI,#BE5AA7,-4.733681903230998
2025-12-03,noSBA_NAI,bboxspan_0p50,0.5,100XIAV055,1411,2025-12-03::noSBA_NAI::100XIAV055::1411,55,107.9961201171875,1.157897231995591,2.0591847812683284,2.0591847812683284,2.362407239082658,False,True,1.9997204589843776,19.99688208007813,10,0.0272531940472147,0.0214973113761763,0.0068132985118036,0.0068132985118036,-2.1666425828514333,0.987770198089238,True,True,True,False,+ NAI,#BE5AA7,-2.166642582851438
2025-12-03,noSBA_NAI,bboxspan_0p50,0.5,100XIAV055,1529,2025-12-03::noSBA_NAI::100XIAV055::1529,37,72.00455419921875,0.906255785096434,0.6389768556279236,0.906255785096434,1.1088692303643843,False,True,1.9997940673828083,17.996276489257813,9,0.0005361933058431,0.0369020730079677,0.0001340483264607,0.0001340483264607,-3.872738603638461,0.7868845216183165,True,True,False,False,+ NAI,#BE5AA7,-3.8727386036387306
2025-12-03,noSBA_NAI,bboxspan_0p50,0.5,100XIAV055,1535,2025-12-03::noSBA_NAI::100XIAV055::1535,37,72.00455419921875,2.761077729703345,1.5679431580427217,2.761077729703345,3.175215894441945,False,True,1.9997940673828083,17.996276489257813,9,0.06953903545726,-0.1200780866519466,0.017384758864315,0.017384758864315,-1.759831328830229,0.9837995723963148,True,True,True,True,+ NAI,#BE5AA7,-1.7598313288302292
2025-12-03,noSBA_NAI,bboxspan_0p50,0.5,100XIAV055,1571,2025-12-03::noSBA_NAI::100XIAV055::1571,36,69.97513916015625,1.037982000197104,0.5280989073543694,1.037982000197104,1.1646008280445537,False,True,1.9997470703124949,17.996165039062504,9,0.001203680867453,0.0519056578047745,0.0003009202168632,0.0003009202168632,-3.5215486338710633,0.94131208863616,True,True,False,False,+ NAI,#BE5AA7,-3.5215486338711366
2025-12-03,noSBA_NAI,bboxspan_0p50,0.5,100XIAV055,1646,2025-12-03::noSBA_NAI::100XIAV055::1646,35,67.92426098632812,0.6528504289215391,1.0422878440915897,1.0422878440915897,1.2298689493129469,False,True,1.999738525390626,15.997181152343757,8,0.0067619985970808,0.024789056578195,0.0016904996492702,0.0016904996492702,-2.771984915001749,0.9714753780146452,True,True,True,False,+ NAI,#BE5AA7,-2.771984915001751
2025-12-03,noSBA_NAI,bboxspan_0p50,0.5,100XIAV055,1653,2025-12-03::noSBA_NAI::100XIAV055::1653,35,67.92426098632812,1.6749325570190798,1.1730896859343432,1.6749325570190798,2.044881043437004,False,True,1.999738525390626,15.997181152343757,8,0.0143726053663595,0.1570299071724398,0.0035931513415898,0.0035931513415898,-2.444524490161573,0.5368618088837445,True,True,True,False,+ NAI,#BE5AA7,-2.4445244901615837
2025-12-03,noSBA_NAI,bboxspan_0p50,0.5,100XIAV055,1667,2025-12-03::noSBA_NAI::100XIAV055::1667,31,59.9156669921875,0.639062341059784,0.154992144214404,0.639062341059784,0.6575889601635586,False,True,1.9997204589843776,13.997349609375,7,0.0042297971084362,-0.0023738630673678,0.001057449277109,0.001057449277109,-2.975740455347685,0.9842050819686968,True,True,True,False,+ NAI,#BE5AA7,-2.975740455347706
2025-12-03,noSBA_NAI,bboxspan_0p50,0.5,100XIAV055,1671,2025-12-03::noSBA_NAI::100XIAV055::1671,32,61.91541406249999,0.9084076117326134,0.1402884375488042,0.9084076117326134,0.9191763893636712,False,True,1.9997299804687572,15.997265014648438,8,0.0017474780778745,0.0401999754607225,0.0004368695194686,0.0004368695194686,-3.3596482551035693,0.4242101572000097,True,True,False,False,+ NAI,#BE5AA7,-3.359648255103604
2025-12-03,noSBA_NAI,bboxspan_0p50,0.5,100XIAV055,1687,2025-12-03::noSBA_NAI::100XIAV055::1687,61,119.9216599121094,0.5409633815643673,0.6552720622092316,0.6552720622092316,0.8497192805306317,False,True,1.999673461914064,19.99636010742188,10,0.001058701260113,0.0065096077265047,0.0002646753150282,0.0002646753150282,-3.5772865613315448,0.9258559877190146,True,True,False,False,+ NAI,#BE5AA7,-3.577286561331631
2025-12-03,noSBA_NAI,bboxspan_0p50,0.5,100XIAV055,1714,2025-12-03::noSBA_NAI::100XIAV055::1714,35,67.92426098632812,0.6443248972469888,0.2739455152837919,0.6443248972469888,0.7001433557182736,False,True,1.999738525390626,15.997181152343757,8,0.0037489028329897,0.0037471605922893,0.0009372257082474,0.0009372257082474,-3.028155807146277,0.9662252215361176,True,True,False,False,+ NAI,#BE5AA7,-3.0281558071462915
2025-12-03,noSBA_NAI,bboxspan_0p50,0.5,100XIAV055,1735,2025-12-03::noSBA_NAI::100XIAV055::1735,54,105.9962790527344,0.5040268708472269,0.5031902374067698,0.5040268708472269,0.7122102930718767,False,True,1.999710937499998,19.996975097656257,10,0.0018317614782237,0.0529547549536764,0.0004579403695559,0.0004579403695559,-3.339191069722826,0.8982228835748864,True,True,False,False,+ NAI,#BE5AA7,-3.339191069722868
2025-12-03,noSBA_NAI,bboxspan_0p50,0.5,100XIAV055,1790,2025-12-03::noSBA_NAI::100XIAV055::1790,59,115.95294995117187,1.0266391556538466,0.2460503714260866,1.0266391556538466,1.0557124330046312,False,True,1.999673461914064,19.996807861328136,10,0.0002235828161719,0.0182893306688121,5.589570404299151e-05,5.589570404299151e-05,-4.252621569253426,0.8250888922374962,True,True,False,False,+ NAI,#BE5AA7,-4.252621569253426
2025-12-03,noSBA_NAI,bboxspan_0p50,0.5,100XIAV055,1854,2025-12-03::noSBA_NAI::100XIAV055::1854,58,113.91281298828126,0.2375239376260438,0.5028782720252423,0.5028782720252423,0.556151218123699,False,True,1.99963598632813,19.996807983398444,10,0.0014046559506641,0.0043099378818207,0.000351163987666,0.000351163987666,-3.454490027959116,0.9941931789269036,True,True,False,False,+ NAI,#BE5AA7,-3.454490027959154
2025-12-03,noSBA_NAI,bboxspan_0p50,0.5,100XIAV055,1868,2025-12-03::noSBA_NAI::100XIAV055::1868,32,61.91541406249999,0.7815153511512705,0.534797482857563,0.7815153511512705,0.9469818328541888,False,True,1.9997299804687572,15.997265014648438,8,0.012491837283637,-0.0158979832238871,0.0031229593209092,0.0031229593209092,-2.5054336727725866,0.99117636828175,True,True,True,False,+ NAI,#BE5AA7,-2.505433672772595
2025-12-03,noSBA_NAI,bboxspan_0p50,0.5,100XIAV055,1881,2025-12-03::noSBA_NAI::100XIAV055::1881,58,113.91281298828126,1.5638535711510857,2.344459643291504,2.344459643291504,2.818178314270502,False,True,1.99963598632813,19.996807983398444,10,0.0522139047474761,-0.0116688929285876,0.013053476186869,0.013053476186869,-1.8842738187671015,0.9867177174121798,True,True,True,True,+ NAI,#BE5AA7,-1.8842738187671029
2025-12-03,noSBA_NAI,bboxspan_0p50,0.5,100XIAV055,1888,2025-12-03::noSBA_NAI::100XIAV055::1888,32,61.91541406249999,2.592716419741407,2.4854374101273464,2.592716419741407,3.5915981892268007,False,True,1.9997299804687572,15.997265014648438,8,0.0876944330846125,-0.0631500429026345,0.0219236082711531,0.0219236082711531,-1.659087966461016,0.9935552203100064,True,True,True,True,+ NAI,#BE5AA7,-1.6590879664610167
2025-12-03,noSBA_NAI,bboxspan_0p50,0.5,100XIAV055,1929,2025-12-03::noSBA_NAI::100XIAV055::1929,34,65.99522314453125,0.5344948312732924,0.6389837302635328,0.6389837302635328,0.8330575803624649,False,True,1.999710937499998,15.996687011718748,8,0.0002009891280034,0.0186348916493198,5.02472820008606e-05,5.02472820008606e-05,-4.298887425329427,0.3243022434393207,True,True,False,False,+ NAI,#BE5AA7,-4.298887425329427
2025-12-03,noSBA_NAI,bboxspan_0p50,0.5,100XIAV055,1934,2025-12-03::noSBA_NAI::100XIAV055::1934,31,59.986711181640615,0.5281922951883473,1.0439161614180392,1.0439161614180392,1.169935063482631,False,True,1.999738525390626,13.997507568359367,7,0.0019789796315331,0.0469602873772862,0.0004947449078832,0.0004947449078832,-3.3056186670347905,0.4878713132890123,True,True,False,False,+ NAI,#BE5AA7,-3.305618667034872
2025-12-03,noSBA_NAI,bboxspan_0p50,0.5,100XIAV055,2039,2025-12-03::noSBA_NAI::100XIAV055::2039,30,57.99694018554687,0.387988644167919,0.5464201183914099,0.5464201183914099,0.6701567979108639,False,True,1.9997470703124949,13.99758203124999,7,0.0007121804308986,0.0143606798280107,0.0001780451077246,0.0001780451077246,-3.7494699552521182,0.874406107450697,True,True,False,False,+ NAI,#BE5AA7,-3.749469955252298
2025-12-03,noSBA_NAI,bboxspan_0p50,0.5,100XIAV055,2222,2025-12-03::noSBA_NAI::100XIAV055::2222,30,57.998227050781246,0.5172211578290984,0.5315780874187102,0.5315780874187102,0.7416825393184114,False,True,1.9997470703124949,13.99758203124999,7,0.0107094014638132,-0.0059179581183752,0.0026773503659533,0.0026773503659533,-2.572294792039233,0.9926751200627204,True,True,True,False,+ NAI,#BE5AA7,-2.572294792039236
2025-12-03,noSBA_NAI,bboxspan_0p50,0.5,100XIAV055,2307,2025-12-03::noSBA_NAI::100XIAV055::2307,53,103.99768701171875,0.6350469752515124,0.376253245999667,0.6350469752515124,0.7381403429574764,False,True,1.9997204589843776,19.997068115234384,10,0.0001202296046015,0.011177030435253,3.0057401150384107e-05,3.0057401150384107e-05,-4.5220485724796475,0.9710443763657558,True,True,False,False,+ NAI,#BE5AA7,-4.5220485724796475
2025-12-03,noSBA_NAI,bboxspan_0p50,0.5,100XIAV055,2588,2025-12-03::noSBA_NAI::100XIAV055::2588,49,95.99742700195311,0.7639596340975032,0.2799664807292217,0.7639596340975032,0.8136433818708887,False,True,1.9997204589843776,19.997703125,10,0.0013244910737655,0.0237064706260233,0.0003311227684413,0.0003311227684413,-3.4800109555557444,0.6494162200554592,True,True,False,False,+ NAI,#BE5AA7,-3.480010955555853
2025-12-03,noSBA_NAI,bboxspan_0p50,0.5,100XIAV055,2679,2025-12-03::noSBA_NAI::100XIAV055::2679,48,93.98863598632812,0.6584710978641368,0.7769996073971299,0.7769996073971299,1.0184854326978348,False,True,1.999710937499998,20.000742553710943,10,0.0037638224779618,0.0062119200481526,0.0009409556194904,0.0009409556194904,-3.0264308597448273,0.9935985715091464,True,True,False,False,+ NAI,#BE5AA7,-3.0264308597448513
2025-12-03,noSBA_NAI,bboxspan_0p50,0.5,100XIAV055,2927,2025-12-03::noSBA_NAI::100XIAV055::2927,45,87.99931201171876,0.2633603361589252,0.9053974045441252,0.9053974045441252,0.9429226515557786,False,True,1.999673461914064,19.997703125,10,0.001539995555732,0.0230508818553834,0.000384998888933,0.000384998888933,-3.4145405238186637,0.9731948718314828,True,True,False,False,+ NAI,#BE5AA7,-3.414540523818677
2025-12-03,noSBA_NAI,bboxspan_0p50,0.5,100XIAV055,3192,2025-12-03::noSBA_NAI::100XIAV055::3192,43,84.00149511718752,0.2685547354429189,0.5195136965432852,0.5195136965432852,0.5848214486703482,False,True,1.999673461914064,19.997423095703127,10,0.0005909851742918,0.0108130065226301,0.0001477462935729,0.0001477462935729,-3.830483405208109,0.807600668357868,True,True,False,False,+ NAI,#BE5AA7,-3.8304834052083145
2025-12-03,noSBA_NAI,bboxspan_0p50,0.5,100XIAV055,3204,2025-12-03::noSBA_NAI::100XIAV055::3204,42,82.00085205078126,0.0331460285901243,0.6446296426304841,0.6446296426304841,0.6454812432357759,False,True,1.99963598632813,19.997245605468756,10,0.0001191657202351,0.008761804145821,2.97914300587856e-05,2.97914300587856e-05,-4.525908649126923,0.3047168063777115,True,True,False,False,+ NAI,#BE5AA7,-4.525908649126923
2025-12-03,noSBA_NAI,bboxspan_0p50,0.5,100XIAV055,3234,2025-12-03::noSBA_NAI::100XIAV055::3234,31,59.99715502929689,1.2853993405212665,1.3205128420513006,1.3205128420513006,1.8428254476848611,False,True,1.999673461914064,13.9974990234375,7,0.0144949876591057,0.0571523145122587,0.0036237469147764,0.0036237469147764,-2.440842141390968,0.8426353619416549,True,True,True,False,+ NAI,#BE5AA7,-2.440842141390973
2025-12-03,noSBA_NAI,bboxspan_0p50,0.5,100XIAV055,3525,2025-12-03::noSBA_NAI::100XIAV055::3525,38,73.99287207031252,1.0457998536394513,2.090997809018205,2.090997809018205,2.33794122492231,False,True,1.99963598632813,17.996556152343743,9,0.027407855526935,-0.0122733353584626,0.0068519638817337,0.0068519638817337,-2.1641849349658764,0.9689018980822828,True,True,True,False,+ NAI,#BE5AA7,-2.164184934965881
2025-12-03,noSBA_NAI,bboxspan_0p50,0.5,100XIAV055,3938,2025-12-03::noSBA_NAI::100XIAV055::3938,33,63.99618408203126,1.5683221558183646,0.25410368393932,1.5683221558183646,1.5887740766459832,False,True,1.999673461914064,15.997535156249995,8,0.0292393458268393,-0.005978729642956,0.0073098364567098,0.0073098364567098,-2.13609233942285,0.9815032686479138,True,True,True,False,+ NAI,#BE5AA7,-2.1360923394228526
2025-12-03,noSBA_NAI,bboxspan_0p50,0.5,100XIAV055,4172,2025-12-03::noSBA_NAI::100XIAV055::4172,30,57.997052001953136,0.1390235930172423,0.7945559272713005,0.7945559272713005,0.8066267296447472,False,True,1.99963598632813,13.99756396484375,7,0.0005017819334566,0.0235311852384369,0.0001254454833641,0.0001254454833641,-3.9015449707410146,0.7919086862444564,True,True,False,False,+ NAI,#BE5AA7,-3.9015449707412424
2025-12-03,noSBA_NAI,bboxspan_0p50,0.5,100XIAV056,33,2025-12-03::noSBA_NAI::100XIAV056::33,76,149.89865307617188,0.3800943349342063,0.9041580682095968,0.9041580682095968,0.980802485599209,False,True,1.999393066406256,19.99652795410157,10,0.0002329042607666,0.0227581164313735,5.822606519166159e-05,5.822606519166159e-05,-4.234882557707334,0.3910925145043323,True,True,False,False,+ NAI,#BE5AA7,-4.234882557707334
2025-12-03,noSBA_NAI,bboxspan_0p50,0.5,100XIAV056,57,2025-12-03::noSBA_NAI::100XIAV056::57,143,283.8985251464844,2.472001135020804,2.4701781454830325,2.472001135020804,3.494648720825333,False,True,1.999431152343746,19.996639892578123,10,0.0087043296014175,0.0169197873394259,0.0021760824003543,0.0021760824003543,-2.6623246635043403,0.996770445678207,True,True,True,False,+ NAI,#BE5AA7,-2.66232466350436
2025-12-03,noSBA_NAI,bboxspan_0p50,0.5,100XIAV056,78,2025-12-03::noSBA_NAI::100XIAV056::78,30,57.90001318359375,1.9560629501527629,2.614281630532304,2.614281630532304,3.265065192105507,False,True,1.999262939453125,13.996799072265626,7,0.1055322488179023,-0.0372041164389632,0.0263830622044755,0.0263830622044755,-1.5786747985802327,0.9963255975971644,True,True,True,True,+ NAI,#BE5AA7,-1.5786747985802343
2025-12-03,noSBA_NAI,bboxspan_0p50,0.5,100XIAV056,80,2025-12-03::noSBA_NAI::100XIAV056::80,83,164.00353002929688,0.7817170584542765,0.7535422265460738,0.7817170584542765,1.085775044227128,False,True,1.999431152343746,19.9969189453125,10,0.0001757040340081,0.0234405633401008,4.392600850204034e-05,4.392600850204034e-05,-4.357278258703626,0.5808848200434614,True,True,False,False,+ NAI,#BE5AA7,-4.357278258703626
2025-12-03,noSBA_NAI,bboxspan_0p50,0.5,100XIAV056,117,2025-12-03::noSBA_NAI::100XIAV056::117,106,209.90485107421875,0.5097099420808462,0.4164726955177116,0.5097099420808462,0.6582201236424241,False,True,1.999487060546869,19.99683557128906,10,0.0001002908389326,0.006793008362321,2.507270973315447e-05,2.507270973315447e-05,-4.600798727128278,0.8172551516476615,True,True,False,False,+ NAI,#BE5AA7,-4.600798727128278
2025-12-03,noSBA_NAI,bboxspan_0p50,0.5,100XIAV056,126,2025-12-03::noSBA_NAI::100XIAV056::126,63,123.90254614257812,0.5243108136326669,0.1418919719437639,0.5243108136326669,0.5431713919144113,False,True,1.9994400634765623,19.996639892578123,10,0.0004392257288435,0.0114607269459159,0.0001098064322108,0.0001098064322108,-3.959372219158421,0.5099991598614347,True,True,False,False,+ NAI,#BE5AA7,-3.9593722191588085
2025-12-03,noSBA_NAI,bboxspan_0p50,0.5,100XIAV056,127,2025-12-03::noSBA_NAI::100XIAV056::127,58,113.90606201171876,0.261415442170275,0.5252918225503436,0.5252918225503436,0.5867448612841377,False,True,1.999487060546869,19.99630395507812,10,0.0001773616187178,0.0139107163860997,4.434040467946072e-05,4.434040467946072e-05,-4.353200347548668,0.3710357983042475,True,True,False,False,+ NAI,#BE5AA7,-4.353200347548668
2025-12-03,noSBA_NAI,bboxspan_0p50,0.5,100XIAV056,132,2025-12-03::noSBA_NAI::100XIAV056::132,151,299.9041530761719,0.7793531312267845,0.2570855781912229,0.7793531312267845,0.8206608907867542,False,True,1.9994591064453149,19.99688208007811,10,0.0001011232920512,0.0100620321137245,2.5280823012821697e-05,2.5280823012821697e-05,-4.59720879177775,0.5961439212186115,True,True,False,False,+ NAI,#BE5AA7,-4.59720879177775
2025-12-03,noSBA_NAI,bboxspan_0p50,0.5,100XIAV056,139,2025-12-03::noSBA_NAI::100XIAV056::139,39,75.90447509765625,0.7790670504929835,0.5334866532312219,0.7790670504929835,0.9442210961102738,False,True,1.9992164306640623,17.99729309082031,9,0.0056567259332787,0.0553727817138906,0.0014141814833196,0.0014141814833196,-2.8494948535187934,0.9912787408757832,True,True,True,False,+ NAI,#BE5AA7,-2.8494948535188236
2025-12-03,noSBA_NAI,bboxspan_0p50,0.5,100XIAV056,141,2025-12-03::noSBA_NAI::100XIAV056::141,31,59.897504150390624,2.058660705643206,2.0629980545232627,2.0629980545232627,2.9144544727832256,False,True,1.9992164306640623,13.996817993164065,7,0.0369504848980768,0.0899520231929943,0.0092376212245192,0.0092376212245192,-2.034439849350101,0.970468177023634,True,True,True,False,+ NAI,#BE5AA7,-2.0344398493501012
2025-12-03,noSBA_NAI,bboxspan_0p50,0.5,100XIAV056,174,2025-12-03::noSBA_NAI::100XIAV056::174,48,93.99900317382811,1.0507992567800102,2.0903062179106833,2.0903062179106833,2.3395638830101406,False,True,1.99943115234376,20.00337109374999,10,0.0395481892980449,-0.0352328074139211,0.0098870473245112,0.0098870473245112,-2.0049333870813517,0.9985979271818872,True,True,True,False,+ NAI,#BE5AA7,-2.0049333870813535
2025-12-03,noSBA_NAI,bboxspan_0p50,0.5,100XIAV056,206,2025-12-03::noSBA_NAI::100XIAV056::206,113,223.9012399902344,0.1435975900252231,0.6727824335973764,0.6727824335973764,0.6879363857350913,False,True,1.999431152343746,19.996882080078123,10,0.0001298518785917,0.0094647481805739,3.246296964794599e-05,3.246296964794599e-05,-4.488611754296458,0.4927226379473155,True,True,False,False,+ NAI,#BE5AA7,-4.488611754296458
2025-12-03,noSBA_NAI,bboxspan_0p50,0.5,100XIAV056,210,2025-12-03::noSBA_NAI::100XIAV056::210,60,117.90563305664062,0.6314767160638439,0.7622307981054863,0.7622307981054863,0.9898275771624588,False,True,1.999487060546869,19.99652795410157,10,0.0011115081456054,0.0369468539918821,0.0002778770364013,0.0002778770364013,-3.5561473415862355,0.5862363832432593,True,True,False,False,+ NAI,#BE5AA7,-3.5561473415863154
2025-12-03,noSBA_NAI,bboxspan_0p50,0.5,100XIAV056,213,2025-12-03::noSBA_NAI::100XIAV056::213,54,105.8970390625,0.6695434442374761,0.401499921676411,0.6695434442374761,0.7806987964814257,False,True,1.999393066406256,19.99595898437499,10,0.0047859721922286,0.0055985653621791,0.0011964930480571,0.0011964930480571,-2.9220898204096653,0.938348513297293,True,True,True,False,+ NAI,#BE5AA7,-2.922089820409684
2025-12-03,noSBA_NAI,bboxspan_0p50,0.5,100XIAV056,245,2025-12-03::noSBA_NAI::100XIAV056::245,58,113.90606201171876,2.207061500395614,2.0744739617413614,2.207061500395614,3.028954057834394,False,True,1.999487060546869,19.99630395507812,10,0.0485708278614221,0.1400870141584802,0.0121427069653555,0.0121427069653555,-1.9156844854957875,0.9892814249724236,True,True,True,True,+ NAI,#BE5AA7,-1.9156844854957888
2025-12-03,noSBA_NAI,bboxspan_0p50,0.5,100XIAV056,254,2025-12-03::noSBA_NAI::100XIAV056::254,32,61.89760717773437,1.2947044614098573,1.5463870242044209,1.5463870242044209,2.016822369724809,False,True,1.999262939453125,15.996015502929689,8,0.0159956621207908,0.1202886273691311,0.0039989155301977,0.0039989155301977,-2.39805776944899,0.8749913498564571,True,True,True,False,+ NAI,#BE5AA7,-2.398057769448992
2025-12-03,noSBA_NAI,bboxspan_0p50,0.5,100XIAV056,263,2025-12-03::noSBA_NAI::100XIAV056::263,151,299.9041530761719,0.6623483404969335,0.3868648745300049,0.6623483404969335,0.7670526418076912,False,True,1.9994591064453149,19.99688208007811,10,0.0006688930613314,0.012225857416351,0.0001672232653328,0.0001672232653328,-3.776703300445001,0.9119268075475224,True,True,False,False,+ NAI,#BE5AA7,-3.776703300445147
2025-12-03,noSBA_NAI,bboxspan_0p50,0.5,100XIAV056,265,2025-12-03::noSBA_NAI::100XIAV056::265,98,193.89834619140623,0.6614434835024738,0.6545622304618703,0.6614434835024738,0.9305692856607218,False,True,1.99943115234376,19.996630493164066,10,0.0006592622766213,0.0210995939435952,0.0001648155691553,0.0001648155691553,-3.7830017654612553,0.4610433362540943,True,True,False,False,+ NAI,#BE5AA7,-3.7830017654613517
2025-12-03,noSBA_NAI,bboxspan_0p50,0.5,100XIAV056,283,2025-12-03::noSBA_NAI::100XIAV056::283,78,153.89760815429688,0.2473541717188538,1.026768644351861,1.026768644351861,1.0561429521096466,False,True,1.999393066406256,19.99652795410157,10,0.0004247656449772,0.0258514598675923,0.0001061914112443,0.0001061914112443,-3.9739106075487585,0.609364268461468,True,True,False,False,+ NAI,#BE5AA7,-3.973910607548768
2025-12-03,noSBA_NAI,bboxspan_0p50,0.5,100XIAV056,299,2025-12-03::noSBA_NAI::100XIAV056::299,150,298.0038869628906,0.4922479235538048,0.5028828984134464,0.5028828984134464,0.7037039347337353,False,True,1.999487060546869,19.996882080078116,10,5.549828464439162e-05,0.0054826949259801,1.3874571161097904e-05,1.3874571161097904e-05,-4.85778043128615,0.6457942017586769,True,True,False,False,+ NAI,#BE5AA7,-4.85778043128615
2025-12-03,noSBA_NAI,bboxspan_0p50,0.5,100XIAV056,300,2025-12-03::noSBA_NAI::100XIAV056::300,134,266.00266210937497,3.641883613353741,2.843923544090515,3.641883613353741,4.620737752550653,False,True,1.999487060546869,19.996900512695312,10,0.060449835682322,-0.1049416198201442,0.0151124589205805,0.0151124589205805,-1.8206648666499112,0.9971938509631414,True,True,True,True,+ NAI,#BE5AA7,-1.8206648666499117
2025-12-03,noSBA_NAI,bboxspan_0p50,0.5,100XIAV056,357,2025-12-03::noSBA_NAI::100XIAV056::357,55,108.00508911132812,0.5249343220698677,0.7672438697538553,0.7672438697538553,0.9296339054497864,False,True,1.9994400634765623,19.99649096679687,10,0.0067209069119181,-0.0006088834180556,0.0016802267279795,0.0016802267279795,-2.774632111091631,0.9971189407848692,True,True,True,False,+ NAI,#BE5AA7,-2.77463211109164
2025-12-03,noSBA_NAI,bboxspan_0p50,0.5,100XIAV056,467,2025-12-03::noSBA_NAI::100XIAV056::467,142,281.91589501953126,0.5126887753603597,0.2692486069495885,0.5126887753603597,0.5790894514017669,False,True,1.99943115234376,19.996779418945323,10,0.0004716077412714,0.0040680069666773,0.0001179019353178,0.0001179019353178,-3.928479066058683,0.991841042863002,True,True,False,False,+ NAI,#BE5AA7,-3.928479066058914
2025-12-03,noSBA_NAI,bboxspan_0p50,0.5,100XIAV056,486,2025-12-03::noSBA_NAI::100XIAV056::486,33,64.00744604492188,0.2476987426075609,0.5107546001909569,0.5107546001909569,0.5676485961451776,False,True,1.9992164306640623,15.996957031249998,8,0.0019041089045189,0.0055169905348497,0.0004760272261297,0.0004760272261297,-3.3223682073220173,0.9843414870661013,True,True,False,False,+ NAI,#BE5AA7,-3.322368207322054
2025-12-03,noSBA_NAI,bboxspan_0p50,0.5,100XIAV056,628,2025-12-03::noSBA_NAI::100XIAV056::628,55,107.925259765625,1.4085902680024418,1.1904502627243474,1.4085902680024418,1.8442609281583933,False,True,1.9994400634765623,19.996564941406263,10,0.0088728769757729,0.0703364411030593,0.0022182192439432,0.0022182192439432,-2.653995531347775,0.9288560862304434,True,True,True,False,+ NAI,#BE5AA7,-2.6539955313477805
2025-12-03,noSBA_NAI,bboxspan_0p50,0.5,100XIAV056,681,2025-12-03::noSBA_NAI::100XIAV056::681,30,57.99712622070311,0.7858714039550918,0.6397147420830436,0.7858714039550918,1.013325621304782,False,True,1.999431152343732,13.998403076171885,7,0.0028737104465476,0.0288686083607808,0.0007184276116369,0.0007184276116369,-3.143616984593668,0.8522029056786538,True,True,False,False,+ NAI,#BE5AA7,-3.143616984593675
2025-12-03,noSBA_NAI,bboxspan_0p50,0.5,100XIAV056,705,2025-12-03::noSBA_NAI::100XIAV056::705,48,93.95730810546875,2.736029163600115,3.89990412731241,3.89990412731241,4.763938264324877,False,True,1.999487060546869,19.99652795410157,10,0.0908784894554096,0.1577170141744238,0.0227196223638524,0.0227196223638524,-1.6435988915639268,0.9798142972704728,True,True,True,True,+ NAI,#BE5AA7,-1.643598891563927
2025-12-03,noSBA_NAI,bboxspan_0p50,0.5,100XIAV056,733,2025-12-03::noSBA_NAI::100XIAV056::733,73,143.997212890625,1.0235449605862073,0.3953759413990809,1.0235449605862073,1.0972540368477255,False,True,1.9994591064453149,19.9969189453125,10,0.0037717250568176,0.0108021054660382,0.0009429312642044,0.0009429312642044,-3.0255199643832773,0.9823342672212614,True,True,False,False,+ NAI,#BE5AA7,-3.025519964383287
2025-12-03,noSBA_NAI,bboxspan_0p50,0.5,100XIAV056,746,2025-12-03::noSBA_NAI::100XIAV056::746,37,71.99441088867187,1.421887712833552,0.9204220117718284,1.421887712833552,1.6937949544325397,False,True,1.9995240478515584,17.99678894042969,9,0.0041172453514011,0.0727040681210437,0.0010293113378502,0.0010293113378502,-2.9874532434500436,0.6456349546568905,True,True,True,False,+ NAI,#BE5AA7,-2.987453243450085
2025-12-03,noSBA_NAI,bboxspan_0p50,0.5,100XIAV056,825,2025-12-03::noSBA_NAI::100XIAV056::825,62,121.97240698242187,1.3084047804437589,0.8002115603206548,1.3084047804437589,1.5337084503773517,False,True,1.999431152343732,19.99652795410157,10,0.0063539589370608,0.0079118105369846,0.0015884897342652,0.0015884897342652,-2.7990155874886304,0.9992737834755376,True,True,True,False,+ NAI,#BE5AA7,-2.7990155874886327
2025-12-03,noSBA_NAI,bboxspan_0p50,0.5,100XIAV056,968,2025-12-03::noSBA_NAI::100XIAV056::968,84,166.0037629394531,0.6342889716531968,0.5150208235157478,0.6342889716531968,0.8170489264515981,False,True,1.9995798339843704,19.99760900878907,10,0.0005429546828471,0.0381652002166611,0.0001357386707117,0.0001357386707117,-3.8672964081677,0.4136724804419462,True,True,False,False,+ NAI,#BE5AA7,-3.8672964081679813
2025-12-03,noSBA_NAI,bboxspan_0p50,0.5,100XIAV056,987,2025-12-03::noSBA_NAI::100XIAV056::987,68,134.001251953125,1.297986287061477,0.4093519721883893,1.297986287061477,1.361006039124795,False,True,1.9995610351562476,20.002774536132808,10,0.0065780899405691,-0.0015028575936107,0.0016445224851422,0.0016445224851422,-2.78396018414152,0.9810154955609984,True,True,True,False,+ NAI,#BE5AA7,-2.7839601841415433
2025-12-03,noSBA_NAI,bboxspan_0p50,0.5,100XIAV056,1028,2025-12-03::noSBA_NAI::100XIAV056::1028,125,248.0058830566406,0.6834492857056347,1.44775973732132,1.44775973732132,1.6009719495169927,False,True,1.9995983886718705,19.9969189453125,10,0.0035605592030844,0.0120113345009525,0.0008901398007711,0.0008901398007711,-3.0505417799444787,0.9787308936445216,True,True,False,False,+ NAI,#BE5AA7,-3.0505417799444854
2025-12-03,noSBA_NAI,bboxspan_0p50,0.5,100XIAV056,1079,2025-12-03::noSBA_NAI::100XIAV056::1079,47,91.99955395507814,2.8696635396589727,2.4588901012858315,2.8696635396589727,3.779035506719871,False,True,1.999431152343746,19.996882080078123,10,0.0653752829288743,-0.1024480364825061,0.0163438207322185,0.0163438207322185,-1.7866464099240196,0.9781647132875404,True,True,True,True,+ NAI,#BE5AA7,-1.786646409924022
2025-12-03,noSBA_NAI,bboxspan_0p50,0.5,100XIAV056,1104,2025-12-03::noSBA_NAI::100XIAV056::1104,127,252.00347607421872,1.3113265265376413,1.165311001269913,1.3113265265376413,1.754288171561891,False,True,1.999570434570309,19.997162109374983,10,0.0010343784537562,0.0216498454855672,0.000258594613439,0.000258594613439,-3.5873805257744977,0.7293486530179127,True,True,False,False,+ NAI,#BE5AA7,-3.5873805257745848
2025-12-03,noSBA_NAI,bboxspan_0p50,0.5,100XIAV056,1205,2025-12-03::noSBA_NAI::100XIAV056::1205,68,133.99951782226563,0.7577650371291611,1.0549492072799893,1.0549492072799893,1.2988940224036898,False,True,1.9995610351562476,19.996900512695312,10,0.0020258459195708,0.024632889936735,0.0005064614798927,0.0005064614798927,-3.295453580325831,0.9904546283172732,True,True,False,False,+ NAI,#BE5AA7,-3.2954535803258347
2025-12-03,noSBA_NAI,bboxspan_0p50,0.5,100XIAV056,1354,2025-12-03::noSBA_NAI::100XIAV056::1354,81,159.99402099609375,1.828476501242676,1.819534664054899,1.828476501242676,2.579541181934111,False,True,1.999431152343746,19.9967890625,10,0.0130475693631013,0.010903321981774,0.0032618923407753,0.0032618923407753,-2.486530377010881,0.9628418243561176,True,True,True,False,+ NAI,#BE5AA7,-2.4865303770108858
2025-12-03,noSBA_NAI,bboxspan_0p50,0.5,100XIAV056,1372,2025-12-03::noSBA_NAI::100XIAV056::1372,55,108.00503198242188,0.889688438710202,0.8993149283459658,0.8993149283459658,1.265034726132254,False,True,1.999431152343746,19.996882080078123,10,0.0074552413257129,0.0139411739605281,0.0018638103314282,0.0018638103314282,-2.729598285225175,0.9984528622381726,True,True,True,False,+ NAI,#BE5AA7,-2.729598285225186
2025-12-03,noSBA_NAI,bboxspan_0p50,0.5,100XIAV056,1459,2025-12-03::noSBA_NAI::100XIAV056::1459,57,111.99514916992187,1.7999834388982947,1.6876206293238596,1.7999834388982947,2.467388045854886,False,True,1.999431152343746,19.996882080078123,10,0.0269183670926262,0.0530355305379623,0.0067295917731565,0.0067295917731565,-2.1720112799131286,0.9573752305490902,True,True,True,False,+ NAI,#BE5AA7,-2.172011279913132
2025-12-03,noSBA_NAI,bboxspan_0p50,0.5,100XIAV056,1692,2025-12-03::noSBA_NAI::100XIAV056::1692,32,61.997872070312496,1.6790829241181058,1.0327981803990411,1.6790829241181058,1.971291847368263,False,True,1.99943115234376,15.997293090820309,8,0.0537958118153124,-0.0817542845383415,0.0134489529538281,0.0134489529538281,-1.8713115256299957,0.992825534944281,True,True,True,True,+ NAI,#BE5AA7,-1.8713115256299957
2025-12-03,noSBA_NAI,bboxspan_0p50,0.5,100XIAV056,1718,2025-12-03::noSBA_NAI::100XIAV056::1718,85,168.00315698242187,0.7658878931264397,0.4145363384803602,0.7658878931264397,0.8708757895121212,False,True,1.999570434570309,19.996882080078123,10,8.110498477755188e-05,0.010475279182715,2.027624619438797e-05,2.027624619438797e-05,-4.693012444208596,0.5863203367414442,True,True,False,False,+ NAI,#BE5AA7,-4.693012444208596
2025-12-03,noSBA_NAI,bboxspan_0p50,0.5,100XIAV056,1736,2025-12-03::noSBA_NAI::100XIAV056::1736,78,153.99511303710938,1.0551118309882384,1.0408047568013783,1.0551118309882384,1.4820713605193676,False,True,1.99943115234376,19.996900512695312,10,0.0111542962006329,-0.0079194126863263,0.0027885740501582,0.0027885740501582,-2.5546178183956187,0.9936823257568088,True,True,True,False,+ NAI,#BE5AA7,-2.5546178183956263
2025-12-03,noSBA_NAI,bboxspan_0p50,0.5,100XIAV056,1748,2025-12-03::noSBA_NAI::100XIAV056::1748,67,132.00137304687502,0.900723814764376,0.7919501148910904,0.900723814764376,1.1993699908534068,False,True,1.999570434570309,19.997833007812503,10,0.0001903542003852,0.0333592114939003,4.7588550096305766e-05,4.7588550096305766e-05,-4.3224975268626435,0.3373531501801891,True,True,False,False,+ NAI,#BE5AA7,-4.3224975268626435
2025-12-03,noSBA_NAI,bboxspan_0p50,0.5,100XIAV056,1816,2025-12-03::noSBA_NAI::100XIAV056::1816,109,216.00122705078124,3.244322995096951,2.331751491381231,3.244322995096951,3.9953343682442206,False,True,1.9995054931640652,19.997385009765637,10,0.0286004336301021,-0.0429732735454135,0.0071501084075255,0.0071501084075255,-2.1456873735229434,0.9853144723477404,True,True,True,False,+ NAI,#BE5AA7,-2.145687373522946
2025-12-03,noSBA_NAI,bboxspan_0p50,0.5,100XIAV056,1852,2025-12-03::noSBA_NAI::100XIAV056::1852,108,214.0019638671875,1.030135984204029,1.1531803648047472,1.1531803648047472,1.546287521686447,False,True,1.9995798339843704,19.99760900878907,10,0.0020866434110065,0.0153388087996729,0.0005216608527516,0.0005216608527516,-3.2826117530262513,0.9591152037754224,True,True,False,False,+ NAI,#BE5AA7,-3.2826117530262726
2025-12-03,noSBA_NAI,bboxspan_0p50,0.5,100XIAV056,1971,2025-12-03::noSBA_NAI::100XIAV056::1971,69,135.99947094726565,0.5091466147012227,0.2664763567081678,0.5091466147012227,0.5746650537018708,False,True,1.9995054931640652,19.998709960937504,10,0.0003355526618097,0.0091253054445989,8.388816545244824e-05,8.388816545244824e-05,-4.076299303071435,0.7313788552823314,True,True,False,False,+ NAI,#BE5AA7,-4.076299303071435
2025-12-03,noSBA_NAI,bboxspan_0p50,0.5,100XIAV056,2007,2025-12-03::noSBA_NAI::100XIAV056::2007,105,208.0034289550781,1.048791962098079,0.7666848085398925,1.048791962098079,1.2991420920774563,False,True,1.9995983886718705,19.997833007812503,10,0.0013604550119518,0.0250296210222824,0.0003401137529879,0.0003401137529879,-3.4683758063912564,0.5790852980519312,True,True,False,False,+ NAI,#BE5AA7,-3.4683758063913217
2025-12-03,noSBA_NAI,bboxspan_0p50,0.5,100XIAV056,2020,2025-12-03::noSBA_NAI::100XIAV056::2020,104,206.00375488281247,0.5256030821892068,0.2575276854900465,0.5256030821892068,0.5853025788433316,False,True,1.9995798339843704,19.99760900878907,10,0.0002548902422972,0.005252977113065,6.372256057430727e-05,6.372256057430727e-05,-4.195706781192483,0.8787270532668761,True,True,False,False,+ NAI,#BE5AA7,-4.195706781192483
2025-12-03,noSBA_NAI,bboxspan_0p50,0.5,100XIAV056,2122,2025-12-03::noSBA_NAI::100XIAV056::2122,91,179.9998908691406,1.1828669653477135,0.628809980222421,1.1828669653477135,1.3396179488713305,False,True,1.9995240478515657,19.997162109374983,10,0.0008357229138788,0.0188191796897042,0.0002089307284697,0.0002089307284697,-3.679997681496882,0.5694075037009538,True,True,False,False,+ NAI,#BE5AA7,-3.6799976814969173
2025-12-03,noSBA_NAI,bboxspan_0p50,0.5,100XIAV056,2162,2025-12-03::noSBA_NAI::100XIAV056::2162,100,198.00687109375,0.7682669245673424,0.6410968766732275,0.7682669245673424,1.0006194444764354,False,True,1.999616943359371,19.997022094726553,10,0.0030637161746206,0.0012995033683677,0.0007659290436551,0.0007659290436551,-3.1158114619292574,0.9974847400627296,True,True,False,False,+ NAI,#BE5AA7,-3.1158114619292894
2025-12-03,noSBA_NAI,bboxspan_0p50,0.5,100XIAV056,2269,2025-12-03::noSBA_NAI::100XIAV056::2269,51,100.0090810546875,1.1630475992640328,1.4307150200740022,1.4307150200740022,1.843807253163731,False,True,1.9996264648437432,19.996882080078123,10,0.0064692137273013,0.0660883244356217,0.0016173034318253,0.0016173034318253,-2.791208491902682,0.8166439195323497,True,True,True,False,+ NAI,#BE5AA7,-2.7912084919026943
2025-12-03,noSBA_NAI,bboxspan_0p50,0.5,100XIAV056,2305,2025-12-03::noSBA_NAI::100XIAV056::2305,59,115.99386206054687,0.6694570818184786,0.6452944427937268,0.6694570818184786,0.9298267055195713,False,True,1.999431152343746,19.996621093750008,10,0.003188778262295,0.0150756797566328,0.0007971945655737,0.0007971945655737,-3.0984356705201868,0.9879200006508632,True,True,False,False,+ NAI,#BE5AA7,-3.0984356705202187
2025-12-03,noSBA_NAI,bboxspan_0p50,0.5,100XIAV056,2418,2025-12-03::noSBA_NAI::100XIAV056::2418,43,84.00084204101563,3.120996401906595,4.163682753808409,4.163682753808409,5.203544235910317,False,True,1.9995240478515657,19.9967890625,10,0.1405501074246934,-0.1104182508278996,0.0351375268561733,0.0351375268561733,-1.4542288094461624,0.9949852851671642,True,True,True,True,+ NAI,#BE5AA7,-1.454228809446163
2025-12-03,noSBA_NAI,bboxspan_0p50,0.5,100XIAV056,2432,2025-12-03::noSBA_NAI::100XIAV056::2432,92,181.99852001953124,0.915745432147972,0.5085503660759585,0.915745432147972,1.0474794371899945,False,True,1.99943115234376,19.997022094726542,10,0.0034478532813682,0.0025087250326848,0.000861963320342,0.000861963320342,-3.064511214583608,0.9995838197065552,True,True,False,False,+ NAI,#BE5AA7,-3.064511214583637
2025-12-03,noSBA_NAI,bboxspan_0p50,0.5,100XIAV056,2646,2025-12-03::noSBA_NAI::100XIAV056::2646,44,86.00010498046873,0.9172054583644852,1.6886613607937164,1.6886613607937164,1.921677143614736,False,True,1.999616943359371,20.003651123046865,10,0.0108330382612116,0.1787656559743033,0.0027082595653029,0.0027082595653029,-2.5673097142939327,0.54673795611195,True,True,True,False,+ NAI,#BE5AA7,-2.567309714293933
2025-12-03,noSBA_NAI,bboxspan_0p50,0.5,100XIAV056,2690,2025-12-03::noSBA_NAI::100XIAV056::2690,82,162.004546875,0.5288469623357344,2.109172508636064,2.109172508636064,2.1744626418400204,False,True,1.9997290039062536,20.000733032226563,10,0.0116966200832137,0.0213726212658132,0.0029241550208034,0.0029241550208034,-2.5339996074683113,0.8809738608542759,True,True,True,False,+ NAI,#BE5AA7,-2.5339996074683175
2025-12-03,noSBA_NAI,bboxspan_0p50,0.5,100XIAV056,2781,2025-12-03::noSBA_NAI::100XIAV056::2781,83,164.00397802734375,1.2980128255950305,1.280425556505726,1.2980128255950305,1.8232736769783613,False,True,1.9996824951171843,20.002756103515622,10,0.0071682796865445,0.0632395491602659,0.0017920699216361,0.0017920699216361,-2.746645049367908,0.9426697693178946,True,True,True,False,+ NAI,#BE5AA7,-2.746645049367919
2025-12-03,noSBA_NAI,bboxspan_0p50,0.5,100XIAV056,2876,2025-12-03::noSBA_NAI::100XIAV056::2876,46,89.99786694335938,0.6503088016208665,0.376004148216019,0.6503088016208665,0.751186166633293,False,True,1.999616943359371,19.996536987304697,10,0.0026833240103794,0.0135985950571369,0.0006708310025948,0.0006708310025948,-3.1733868745919764,0.9888845554735148,True,True,False,False,+ NAI,#BE5AA7,-3.173386874592018
2025-12-03,noSBA_NAI,bboxspan_0p50,0.5,100XIAV056,3029,2025-12-03::noSBA_NAI::100XIAV056::3029,73,143.99840600585938,0.2613493988267805,0.8817668275795683,0.8817668275795683,0.9196826879347332,False,True,1.9997479248046943,19.996621093750008,10,3.667614621276226e-05,0.00975244362049,9.169036553190564e-06,9.169036553190564e-06,-5.037676295912872,0.5862274543488235,True,True,False,False,+ NAI,#BE5AA7,-5.037676295912872
2025-12-03,noSBA_NAI,bboxspan_0p50,0.5,100XIAV056,3104,2025-12-03::noSBA_NAI::100XIAV056::3104,38,73.99139892578125,0.7772424576882528,0.669454813496877,0.7772424576882528,1.0258048475940311,False,True,1.9994121093750152,17.996387939453143,9,0.0002785250900867,0.0268149325940925,6.963127252168806e-05,6.963127252168806e-05,-4.157195667956729,0.5368772204431901,True,True,False,False,+ NAI,#BE5AA7,-4.157195667956729
2025-12-03,noSBA_NAI,bboxspan_0p50,0.5,100XIAV056,3508,2025-12-03::noSBA_NAI::100XIAV056::3508,57,112.00559106445311,0.9300781047607672,0.0319139751166162,0.9300781047607672,0.9306254793219044,False,True,1.999672973632812,19.997162109374983,10,0.0001004877970484,0.0141838473410955,2.5121949262102506e-05,2.5121949262102506e-05,-4.599946665853187,0.737314365829771,True,True,False,False,+ NAI,#BE5AA7,-4.599946665853187
2025-12-03,noSBA_NAI,bboxspan_0p50,0.5,100XIAV056,3591,2025-12-03::noSBA_NAI::100XIAV056::3591,55,108.00618896484374,0.2577992672917162,0.5033962499065439,0.5033962499065439,0.5655689583385188,False,True,1.999672973632812,19.99688208007811,10,0.0001032907587207,0.0060332901540503,2.5822689680193768e-05,2.5822689680193768e-05,-4.587998523788071,0.8978031281661688,True,True,False,False,+ NAI,#BE5AA7,-4.587998523788071
2025-12-03,noSBA_NAI,bboxspan_0p50,0.5,100XIAV056,4101,2025-12-03::noSBA_NAI::100XIAV056::4101,40,78.00163500976561,0.8910179804664295,1.1584992065314026,1.1584992065314026,1.461517517188338,False,True,1.9997290039062536,20.00375415039061,10,0.0033155430001231,0.0563384985865395,0.0008288857500307,0.0008288857500307,-3.0815053265674575,0.7038520592133186,True,True,False,False,+ NAI,#BE5AA7,-3.081505326567507
2025-12-03,noSBA_NAI,bboxspan_0p50,0.5,100XIAV056,4136,2025-12-03::noSBA_NAI::100XIAV056::4136,35,68.0053388671875,1.5281390962705146,0.3901465635767494,1.5281390962705146,1.5771567577831989,False,True,1.9998315429687497,15.998356201171871,8,0.0157468758977065,-0.0129654034164998,0.0039367189744266,0.0039367189744266,-2.404865586533601,0.9909962193248104,True,True,True,False,+ NAI,#BE5AA7,-2.404865586533605
2025-12-03,noSBA_NAI,bboxspan_0p50,0.5,100XIAV056,4232,2025-12-03::noSBA_NAI::100XIAV056::4232,31,60.00707495117186,0.2616537260324136,1.0125244777641311,1.0125244777641311,1.0457860634078906,False,True,1.999841064453122,13.99757360839844,7,0.0005150947935288,0.0347447273713824,0.0001287736983822,0.0001287736983822,-3.890172831183596,0.6815049890326885,True,True,False,False,+ NAI,#BE5AA7,-3.8901728311836288
2025-12-03,noSBA_NAI,bboxspan_0p50,0.5,100XIAV057,17,2025-12-03::noSBA_NAI::100XIAV057::17,34,65.81451391601563,2.20605745983336,2.23779060872387,2.23779060872387,3.142355219350474,False,True,1.9992438964843728,15.996864013671871,8,0.0996856718111737,-0.2428936308660214,0.0249214179527934,0.0249214179527934,-1.603427251276326,0.9727897553570756,True,True,True,True,+ NAI,#BE5AA7,-1.6034272512763266
2025-12-03,noSBA_NAI,bboxspan_0p50,0.5,100XIAV057,19,2025-12-03::noSBA_NAI::100XIAV057::19,34,65.81451391601563,0.1323195735025066,1.0311008715175376,1.0311008715175376,1.0395563846064872,False,True,1.9992438964843728,15.996864013671871,8,0.0008595460949087,0.0357507071641909,0.0002148865237271,0.0002148865237271,-3.6677908197549063,0.3424515260433479,True,True,False,False,+ NAI,#BE5AA7,-3.6677908197550613
2025-12-03,noSBA_NAI,bboxspan_0p50,0.5,100XIAV057,106,2025-12-03::noSBA_NAI::100XIAV057::106,62,122.00395703125,2.6154930345553993,1.4236247215654174,2.6154930345553993,2.977836657988484,False,True,1.9992438964843728,20.005227050781244,10,0.0294972709174447,0.0252792422732846,0.0073743177293611,0.0073743177293611,-2.132278154343736,0.993920093906396,True,True,True,False,+ NAI,#BE5AA7,-2.1322781543437417
2025-12-03,noSBA_NAI,bboxspan_0p50,0.5,100XIAV057,111,2025-12-03::noSBA_NAI::100XIAV057::111,63,123.85247778320311,0.8036702347344238,2.2053539542109135,2.2053539542109135,2.347226429118374,False,True,1.9993284912109388,20.00514306640625,10,0.009646337598216,0.0012392845931877,0.002411584399554,0.002411584399554,-2.617697534231765,0.9955357991522432,True,True,True,False,+ NAI,#BE5AA7,-2.6176975342317665
2025-12-03,noSBA_NAI,bboxspan_0p50,0.5,100XIAV057,150,2025-12-03::noSBA_NAI::100XIAV057::150,69,135.81973095703125,0.378404499821606,0.5130967093614984,0.5130967093614984,0.637540742731661,False,True,1.9992814941406252,20.005067871093743,10,0.0006971113563305,0.0083618373197365,0.0001742778390826,0.0001742778390826,-3.758757833635901,0.953290040703305,True,True,False,False,+ NAI,#BE5AA7,-3.75875783363599
2025-12-03,noSBA_NAI,bboxspan_0p50,0.5,100XIAV057,179,2025-12-03::noSBA_NAI::100XIAV057::179,69,135.81973095703125,0.9058426348865184,0.4073659692375102,0.9058426348865184,0.9932260125827184,False,True,1.9992814941406252,20.005067871093743,10,0.000985387023787,0.0101226902560032,0.0002463467559467,0.0002463467559467,-3.6084531524217502,0.9275440975673508,True,True,False,False,+ NAI,#BE5AA7,-3.6084531524218453
2025-12-03,noSBA_NAI,bboxspan_0p50,0.5,100XIAV057,368,2025-12-03::noSBA_NAI::100XIAV057::368,39,75.96393994140624,0.7556079646272167,0.3945317811217421,0.7556079646272167,0.8524076035108904,False,True,1.9992724609375043,18.00530151367188,9,0.0004214560435873,0.0282086654402748,0.0001053640108968,0.0001053640108968,-3.977307705422757,0.4260550890192593,True,True,False,False,+ NAI,#BE5AA7,-3.977307705422956
2025-12-03,noSBA_NAI,bboxspan_0p50,0.5,100XIAV057,387,2025-12-03::noSBA_NAI::100XIAV057::387,69,135.81973095703125,3.519094384754183,2.590548107241702,3.519094384754183,4.3697785738801445,False,True,1.9992814941406252,20.005067871093743,10,0.0525542330138875,-0.0159308104732965,0.0131385582534718,0.0131385582534718,-1.881452289031548,0.986883754461428,True,True,True,True,+ NAI,#BE5AA7,-1.8814522890315506
2025-12-03,noSBA_NAI,bboxspan_0p50,0.5,100XIAV057,496,2025-12-03::noSBA_NAI::100XIAV057::496,69,135.81973095703125,0.6337087947136624,0.2436768598072056,0.6337087947136624,0.6789442160464608,False,True,1.9992814941406252,20.005067871093743,10,0.0021573431446103,0.0082352729215369,0.0005393357861525,0.0005393357861525,-3.268140762331947,0.9846179558897494,True,True,False,False,+ NAI,#BE5AA7,-3.268140762332024
2025-12-03,noSBA_NAI,bboxspan_0p50,0.5,100XIAV057,515,2025-12-03::noSBA_NAI::100XIAV057::515,69,135.81973095703125,1.0276643819046498,1.0459461777375587,1.0459461777375587,1.4663210728074785,False,True,1.9992814941406252,20.005067871093743,10,0.0008687883757191,0.0366309404130314,0.0002171970939297,0.0002171970939297,-3.663145989850672,0.4131569925887053,True,True,False,False,+ NAI,#BE5AA7,-3.6631459898508636
2025-12-03,noSBA_NAI,bboxspan_0p50,0.5,100XIAV057,542,2025-12-03::noSBA_NAI::100XIAV057::542,69,135.81973095703125,0.5190318533335088,0.6674383768251335,0.6674383768251335,0.8454986999598437,False,True,1.9992814941406252,20.005067871093743,10,0.0008396616263465,0.017597169780629,0.0002099154065866,0.0002099154065866,-3.6779556855242337,0.6184155166231917,True,True,False,False,+ NAI,#BE5AA7,-3.677955685524322
2025-12-03,noSBA_NAI,bboxspan_0p50,0.5,100XIAV057,570,2025-12-03::noSBA_NAI::100XIAV057::570,69,135.81973095703125,0.5218526359114435,0.6369167477320108,0.6369167477320108,0.8234033745068352,False,True,1.9992814941406252,20.005067871093743,10,0.0003636699613449,0.015239943434614,9.091749033623396e-05,9.091749033623396e-05,-4.041352560938356,0.5320380192365997,True,True,False,False,+ NAI,#BE5AA7,-4.041352560938356
2025-12-03,noSBA_NAI,bboxspan_0p50,0.5,100XIAV057,573,2025-12-03::noSBA_NAI::100XIAV057::573,66,129.8512180175781,1.5735323593895032,1.0697245450154649,1.5735323593895032,1.902712455484128,False,True,1.9993190917968775,20.004844360351555,10,0.0078363798355958,0.0578119376006644,0.0019590949588989,0.0019590949588989,-2.7079445128943185,0.8418624807539311,True,True,True,False,+ NAI,#BE5AA7,-2.707944512894333
2025-12-03,noSBA_NAI,bboxspan_0p50,0.5,100XIAV057,664,2025-12-03::noSBA_NAI::100XIAV057::664,69,135.81973095703125,1.169304744628178,0.8931042907073277,1.169304744628178,1.47136292596008,False,True,1.9992814941406252,20.005067871093743,10,0.0031967720661461,0.0366253888997774,0.0007991930165365,0.0007991930165365,-3.0973483196931104,0.7533750864739919,True,True,False,False,+ NAI,#BE5AA7,-3.097348319693127
2025-12-03,noSBA_NAI,bboxspan_0p50,0.5,100XIAV057,725,2025-12-03::noSBA_NAI::100XIAV057::725,35,67.83606079101563,0.3881957927980366,0.508680553306462,0.508680553306462,0.6398842698943806,False,True,1.9993745117187491,15.996920166015624,8,0.0035800324183725,0.0140654886758114,0.0008950081045931,0.0008950081045931,-3.048173031986725,0.9879506334831402,True,True,False,False,+ NAI,#BE5AA7,-3.0481730319867415
2025-12-03,noSBA_NAI,bboxspan_0p50,0.5,100XIAV057,727,2025-12-03::noSBA_NAI::100XIAV057::727,55,107.916701171875,0.804666178984931,0.9277579745559236,0.9277579745559236,1.2280971129981206,False,True,1.9992724609375043,20.003427001953128,10,0.0089951158712289,0.0011435053510511,0.0022487789678072,0.0022487789678072,-2.6480532292149057,0.9979184403536816,True,True,True,False,+ NAI,#BE5AA7,-2.648053229214912
2025-12-03,noSBA_NAI,bboxspan_0p50,0.5,100XIAV057,735,2025-12-03::noSBA_NAI::100XIAV057::735,69,135.81973095703125,0.7591064801912069,0.5293311746896094,0.7591064801912069,0.925437270033234,False,True,1.9992814941406252,20.005067871093743,10,0.0002596600447009,0.0233047441421596,6.491501117524803e-05,6.491501117524803e-05,-4.187654863804416,0.5996410443748414,True,True,False,False,+ NAI,#BE5AA7,-4.187654863804416
2025-12-03,noSBA_NAI,bboxspan_0p50,0.5,100XIAV057,747,2025-12-03::noSBA_NAI::100XIAV057::747,41,79.81215283203124,0.2712348562418469,1.0352059969679246,1.0352059969679246,1.0701494304062822,False,True,1.999225463867184,19.995447021484377,10,0.0003760561912302,0.0231619614157392,9.40140478075544e-05,9.40140478075544e-05,-4.026807248214381,0.976451213845011,True,True,False,False,+ NAI,#BE5AA7,-4.026807248214381
2025-12-03,noSBA_NAI,bboxspan_0p50,0.5,100XIAV057,752,2025-12-03::noSBA_NAI::100XIAV057::752,31,59.855791015625,0.5036222191306479,0.1446906456274703,0.5036222191306479,0.523994964225967,False,True,1.9993745117187491,13.99681799316406,7,0.0013305703256821,0.0080357146047304,0.0003326425814205,0.0003326425814205,-3.478022157725367,0.8644313138784385,True,True,False,False,+ NAI,#BE5AA7,-3.478022157725423
2025-12-03,noSBA_NAI,bboxspan_0p50,0.5,100XIAV057,774,2025-12-03::noSBA_NAI::100XIAV057::774,64,126.00136499023436,0.6497296222275395,0.8819934883687068,0.8819934883687068,1.0954730008196192,False,True,1.9992258300781316,20.005227050781244,10,0.0059274272817047,0.000264386456139,0.0014818568204261,0.0014818568204261,-2.829193756614989,0.9984533862450988,True,True,True,False,+ NAI,#BE5AA7,-2.8291937566150174
2025-12-03,noSBA_NAI,bboxspan_0p50,0.5,100XIAV057,785,2025-12-03::noSBA_NAI::100XIAV057::785,69,135.81973095703125,1.2890098810233326,1.556741717685064,1.556741717685064,2.021136128259754,False,True,1.9992814941406252,20.005067871093743,10,0.0142040102596262,0.0347125055891292,0.0035510025649065,0.0035510025649065,-2.449649014005238,0.9864132617907988,True,True,True,False,+ NAI,#BE5AA7,-2.4496490140052454
2025-12-03,noSBA_NAI,bboxspan_0p50,0.5,100XIAV057,845,2025-12-03::noSBA_NAI::100XIAV057::845,48,93.92779003906249,0.6681694018756446,1.0375247612177674,1.0375247612177674,1.234061578586272,False,True,1.9993190917968775,20.004023925781247,10,0.0114458254964027,0.0144648716620132,0.0028614563741006,0.0028614563741006,-2.543412870979346,0.9826771540179116,True,True,True,False,+ NAI,#BE5AA7,-2.543412870979358
2025-12-03,noSBA_NAI,bboxspan_0p50,0.5,100XIAV057,928,2025-12-03::noSBA_NAI::100XIAV057::928,36,69.99337597656249,0.6774636782142096,1.1685149533721386,1.1685149533721386,1.350697683256256,False,True,1.9992070312499948,17.996071044921884,9,0.0123346834608013,0.0127514885058506,0.0030836708652003,0.0030836708652003,-2.5109319824548777,0.9950082501300884,True,True,True,False,+ NAI,#BE5AA7,-2.5109319824548835
2025-12-03,noSBA_NAI,bboxspan_0p50,0.5,100XIAV057,968,2025-12-03::noSBA_NAI::100XIAV057::968,49,96.03822705078124,0.3947187868005812,1.294408603339356,1.294408603339356,1.353254060792823,False,True,1.999234863281252,20.003427001953128,10,0.0022028301209584,0.0670734972297387,0.0005507075302396,0.0005507075302396,-3.2590789850419584,0.6229178712505903,True,True,False,False,+ NAI,#BE5AA7,-3.259078985041967
2025-12-03,noSBA_NAI,bboxspan_0p50,0.5,100XIAV057,980,2025-12-03::noSBA_NAI::100XIAV057::980,66,130.00097216796874,0.9063881026954448,0.2619611548046237,0.9063881026954448,0.9434845199230458,False,True,1.9992438964843728,20.005227050781244,10,0.0008487245783947,0.0143296423432665,0.0002121811445986,0.0002121811445986,-3.673293212143331,0.8670651765325302,True,True,False,False,+ NAI,#BE5AA7,-3.673293212143531
2025-12-03,noSBA_NAI,bboxspan_0p50,0.5,100XIAV057,1018,2025-12-03::noSBA_NAI::100XIAV057::1018,65,128.00146704101562,1.9420065610725032,0.6690639107118912,1.9420065610725032,2.054029211054638,False,True,1.999234863281252,20.00531103515624,10,0.0082121917946348,0.0001338716031056,0.0020530479486587,0.0020530479486587,-2.6876009076217486,0.9870913952588656,True,True,True,False,+ NAI,#BE5AA7,-2.6876009076217526
2025-12-03,noSBA_NAI,bboxspan_0p50,0.5,100XIAV057,1135,2025-12-03::noSBA_NAI::100XIAV057::1135,31,59.99752685546875,0.8956101018101066,1.277983800573402,1.277983800573402,1.5605640163070358,False,True,1.999225463867184,13.99707897949219,7,0.0192980271465492,0.0372309461399328,0.0048245067866373,0.0048245067866373,-2.316547078338915,0.9731421619526808,True,True,True,False,+ NAI,#BE5AA7,-2.3165470783389166
2025-12-03,noSBA_NAI,bboxspan_0p50,0.5,100XIAV057,1552,2025-12-03::noSBA_NAI::100XIAV057::1552,52,101.96739404296876,0.4087441267363942,0.7622080742169715,0.7622080742169715,0.864888957926416,False,True,1.9993190917968775,19.99980944824219,10,0.0004607589631254,0.0103384185381345,0.0001151897407813,0.0001151897407813,-3.938586199041703,0.813340370213213,True,True,False,False,+ NAI,#BE5AA7,-3.9385861990419446
2025-12-03,noSBA_NAI,bboxspan_0p50,0.5,100XIAV057,1624,2025-12-03::noSBA_NAI::100XIAV057::1624,51,99.9670119628906,0.6470273268450768,0.4177773741306367,0.6470273268450768,0.7701832872893153,False,True,1.9992724609375043,20.003427001953128,10,0.0004141260902999,0.0174013963870691,0.0001035315225749,0.0001035315225749,-3.984927399037668,0.5739797325127196,True,True,False,False,+ NAI,#BE5AA7,-3.984927399038063
2025-12-03,noSBA_NAI,bboxspan_0p50,0.5,100XIAV057,1751,2025-12-03::noSBA_NAI::100XIAV057::1751,48,93.92779003906249,1.0199413234801256,1.291754794258253,1.291754794258253,1.6458768944947164,False,True,1.9993190917968775,20.004023925781247,10,0.0064369423981986,0.0235884946292667,0.0016092355995496,0.0016092355995496,-2.793380368521259,0.9646990024384376,True,True,True,False,+ NAI,#BE5AA7,-2.7933803685212726
2025-12-03,noSBA_NAI,bboxspan_0p50,0.5,100XIAV057,2124,2025-12-03::noSBA_NAI::100XIAV057::2124,41,80.00281909179687,0.3840606655462295,0.8900975628751375,0.8900975628751375,0.9694205827483096,False,True,1.9993284912109388,20.005347900390618,10,0.0008920807330188,0.022480886814557,0.0002230201832547,0.0002230201832547,-3.651655831662604,0.4357034086976348,True,True,False,False,+ NAI,#BE5AA7,-3.6516558316626253
2025-12-03,noSBA_NAI,bboxspan_0p50,0.5,100XIAV057,2158,2025-12-03::noSBA_NAI::100XIAV057::2158,39,75.96393994140624,0.4003994918292619,0.6289458872004765,0.6289458872004765,0.7455821095516749,False,True,1.9992724609375043,18.00530151367188,9,0.0003451226133296,0.0151815173939563,8.628065333241789e-05,8.628065333241789e-05,-4.0640865750021575,0.5448514922312061,True,True,False,False,+ NAI,#BE5AA7,-4.0640865750021575
2025-12-03,noSBA_NAI,bboxspan_0p50,0.5,100XIAV057,2163,2025-12-03::noSBA_NAI::100XIAV057::2163,31,59.97889794921875,1.3173969031014394,1.0216830499500065,1.3173969031014394,1.667144521286745,False,True,1.9993284912109388,14.005637939453123,7,0.017028183848236,0.0421405207908579,0.004257045962059,0.004257045962059,-2.370891660849209,0.9913726147043348,True,True,True,False,+ NAI,#BE5AA7,-2.37089166084921
2025-12-03,noSBA_NAI,bboxspan_0p50,0.5,100XIAV057,2326,2025-12-03::noSBA_NAI::100XIAV057::2326,34,66.00475097656249,0.9015898059728542,1.4454472351720469,1.4454472351720469,1.7035791404864888,False,True,1.9993190917968775,16.006457885742186,8,0.0218908112316748,0.0120032926272512,0.0054727028079187,0.0054727028079187,-2.26179813533738,0.9468101620293372,True,True,True,False,+ NAI,#BE5AA7,-2.261798135337381
2025-12-03,noSBA_NAI,bboxspan_0p50,0.5,100XIAV057,2360,2025-12-03::noSBA_NAI::100XIAV057::2360,33,64.00599194335936,0.2381671157706222,0.5224134959885518,0.5224134959885518,0.5741423480509669,False,True,1.9993284912109388,16.00669091796874,8,0.0001413025015405,0.0090731827273905,3.532562538514315e-05,3.532562538514315e-05,-4.451910140904384,0.8468363741316606,True,True,False,False,+ NAI,#BE5AA7,-4.451910140904384
2025-12-03,noSBA_NAI,bboxspan_0p50,0.5,100XIAV057,2490,2025-12-03::noSBA_NAI::100XIAV057::2490,30,58.00633813476561,1.3135629988153283,0.6614776762492447,1.3135629988153283,1.4707142713772852,False,True,1.9993190917968775,14.005414062499996,7,0.0038730432371722,0.0651218264421603,0.000968260809293,0.000968260809293,-3.0140076460174567,0.514578972772895,True,True,False,False,+ NAI,#BE5AA7,-3.0140076460174803
