physical_condition,series,architecture,K_C,K_D,n_binders,gradient_scale,receptor_density_contrast_percent,plotted_axis_coordinate,mean,lower_95_percent,upper_95_percent,trajectory_count,curve_role,arrival_time_limit,recording_time_limit,mean_recorded_duration,path_ci_time_limit,mean_path_ci_duration,observation_lag,mobile_fraction,effective_K_D_at_start,local_K_C_at_start,cleavage_rate_scale,path_ci_correction_coefficient
constrained thermal motion,mean_field_theory,mixed,0.0,500.0,10.0,1.0,0.0,1.0,1.2847191912401916e-08,,,,zero_gradient_control,200000.0,200000.0,199999.99983693837,100000.0,99999.9999999985,0.0,1.0,500.0,0.0,0.002,1.0
constrained thermal motion,mean_field_theory,mixed,0.0,500.0,10.0,1.0005,2.0196240732495596,2.0196240732495596,3.519569417610798e-07,,,,gradient,500000.0,500000.0,499999.9909323085,100000.0,99999.99999999977,1960.7842781659156,1.0,500.0,0.0,0.002,1.0
constrained thermal motion,mean_field_theory,mixed,0.0,500.0,10.0,1.0005323020344072,2.151458835184439,2.151458835184439,2.6500163321235707e-06,,,,gradient,500000.0,500000.0,499999.9253827501,100000.0,99999.9999999998,1960.784021108824,1.0,500.0,0.0,0.002,1.0
constrained thermal motion,mean_field_theory,mixed,0.0,500.0,10.0,1.0005646051117143,2.283463960464771,2.2834639604638607,1.4552720565891736e-05,,,,gradient,500000.0,500000.0,499999.5538014266,100000.0,99999.99999999993,1960.7825639271632,1.0,500.0,0.0,0.002,1.0
constrained thermal motion,mean_field_theory,mixed,0.0,500.0,10.0,1.000596909231955,2.4156396692418314,2.415639669240921,6.181993105414686e-05,,,,gradient,500000.0,500000.0,499997.94330905547,100000.0,99999.99999999936,1960.7762482708056,1.0,500.0,0.0,0.002,1.0
constrained thermal motion,mean_field_theory,mixed,0.0,500.0,10.0,1.0006292143951636,2.547986181953243,2.547986181953243,0.0002126929788045,,,,gradient,500000.0,500000.0,499992.3481754373,100000.0,100000.0,1960.7543065703424,1.0,500.0,0.0,0.002,1.0
constrained thermal motion,mean_field_theory,mixed,0.0,500.0,10.0,1.0006615206013727,2.6805037193187164,2.6805037193187164,0.000615398183776,,,,gradient,500000.0,500000.0,499976.1329484062,100000.0,99999.99999999948,1960.6907174447304,1.0,500.0,0.0,0.002,1.0
constrained thermal motion,mean_field_theory,mixed,0.0,500.0,10.0,1.0006938278506168,2.8131925023468174,2.8131925023468174,0.0015400618315207,,,,gradient,500000.0,500000.0,499935.8095015514,100000.0,99999.99999999948,1960.5325862805937,1.0,500.0,0.0,0.002,1.0
constrained thermal motion,mean_field_theory,mixed,0.0,500.0,10.0,1.000726136142929,2.9460527523271773,2.9460527523271773,0.0034086414831611,,,,gradient,500000.0,500000.0,499847.7996645251,100000.0,99999.99999999962,1960.1874496648045,1.0,500.0,0.0,0.002,1.0
constrained thermal motion,mean_field_theory,mixed,0.0,500.0,10.0,1.0007584454783431,3.07908469083904,3.07908469083904,0.0068022981272019,,,,gradient,500000.0,500000.0,499675.627326032,100000.0,99999.99999999956,1959.512264023655,1.0,500.0,0.0,0.002,1.0
constrained thermal motion,mean_field_theory,mixed,0.0,500.0,10.0,1.0007907558568931,3.212288539746999,3.212288539746999,0.012434087840581,,,,gradient,500000.0,500000.0,499368.6877782103,100000.0,99999.99999999945,1958.3085795223935,1.0,500.0,0.0,0.002,1.0
constrained thermal motion,mean_field_theory,mixed,0.0,500.0,10.0,1.0008230672786125,3.34566452120153,3.34566452120153,0.0210916327900319,,,,gradient,500000.0,500000.0,498863.16057916253,100000.0,99999.99999999836,1956.3261199182843,1.0,500.0,0.0,0.002,1.0
constrained thermal motion,mean_field_theory,mixed,0.0,500.0,10.0,1.000855379743535,3.4792128576401016,3.479212857641012,0.0335826024673377,,,,gradient,500000.0,500000.0,498083.58499704394,100000.0,99999.9999999883,1953.2689607727216,1.0,500.0,0.0,0.002,1.0
constrained thermal motion,mean_field_theory,mixed,0.0,500.0,10.0,1.000887693251694,3.612933771790416,3.612933771790416,0.0506091518304406,,,,gradient,500000.0,500000.0,496951.0395642206,100000.0,99999.99999991777,1948.8276061341985,1.0,500.0,0.0,0.002,1.0
constrained thermal motion,mean_field_theory,mixed,0.0,500.0,10.0,1.0009200078031233,3.7468274866633737,3.7468274866633737,0.0727320867583136,,,,gradient,500000.0,500000.0,495387.22097217134,100000.0,99999.99999949826,1942.6949842045935,1.0,500.0,0.0,0.002,1.0
constrained thermal motion,mean_field_theory,mixed,0.0,500.0,10.0,1.000952323397857,3.880894225562681,3.880894225562681,0.10032793238319,,,,gradient,500000.0,500000.0,493320.2484131791,100000.0,99999.99999738456,1934.5892094634476,1.0,500.0,0.0,0.002,1.0
constrained thermal motion,mean_field_theory,mixed,0.0,500.0,10.0,1.0009846400359284,4.015134212076887,4.015134212076887,0.1335688670858302,,,,gradient,500000.0,500000.0,490689.9141801847,100000.0,99999.999988141,1924.2741732556265,1.0,500.0,0.0,0.002,1.0
constrained thermal motion,mean_field_theory,mixed,0.0,500.0,10.0,1.001016957717371,4.149547670086262,4.1495476700853295,0.1724364534621794,,,,gradient,500000.0,500000.0,487450.58359396824,100000.0,99999.9999524564,1911.5709160547776,1.0,500.0,0.0,0.002,1.0
constrained thermal motion,mean_field_theory,mixed,0.0,500.0,10.0,1.0010492764422192,4.284134823757602,4.284134823757602,0.2167720371832674,,,,gradient,500000.0,500000.0,483570.1129763785,100000.0,99999.99982811822,1896.3533842210925,1.0,500.0,0.0,0.002,1.0
constrained thermal motion,mean_field_theory,mixed,0.0,500.0,10.0,1.0010815962105062,4.418895897551067,4.418895897551067,0.2661945179150579,,,,gradient,500000.0,500000.0,479043.3701720134,100000.0,99999.9994393001,1878.6014516549549,1.0,500.0,0.0,0.002,1.0
constrained thermal motion,mean_field_theory,mixed,0.0,500.0,10.0,1.0011139170222656,4.553831116213192,4.553831116213192,0.3202666171775138,,,,gradient,500000.0,500000.0,473878.274373544,100000.0,99999.99833201394,1858.346174013898,1.0,500.0,0.0,0.002,1.0
constrained thermal motion,mean_field_theory,mixed,0.0,500.0,10.0,1.0011462388775312,4.688940704782785,4.688940704782785,0.3784928748637022,,,,gradient,500000.0,500000.0,468098.1294364199,100000.0,99999.99543319969,1835.6789389663527,1.0,500.0,0.0,0.002,1.0
constrained thermal motion,mean_field_theory,mixed,0.0,500.0,10.0,1.001178561776337,4.824224888589401,4.824224888590334,0.4403547052013408,,,,gradient,500000.0,500000.0,461739.1673233482,100000.0,99999.98839933104,1810.7418326405816,1.0,500.0,0.0,0.002,1.0
constrained thermal motion,mean_field_theory,mixed,0.0,500.0,10.0,1.001210885718716,4.959683893253852,4.959683893254785,0.5053641306204015,,,,gradient,500000.0,500000.0,454844.30440109706,100000.0,99999.97238951371,1783.703154514106,1.0,500.0,0.0,0.002,1.0
constrained thermal motion,mean_field_theory,mixed,0.0,500.0,10.0,1.0012432107047022,5.095317944687516,5.095317944687516,0.5730404159612866,,,,gradient,500000.0,500000.0,447466.4054953442,100000.0,99999.93806400604,1754.7702176288008,1.0,500.0,0.0,0.002,1.0
constrained thermal motion,mean_field_theory,mixed,0.0,500.0,10.0,1.0012755367343298,5.231127269095603,5.231127269095603,0.6429077839462711,,,,gradient,500000.0,500000.0,439668.4966545099,100000.0,99999.86880211713,1724.1901829588624,1.0,500.0,0.0,0.002,1.0
constrained thermal motion,mean_field_theory,mixed,0.0,500.0,10.0,1.0013078638076318,5.367112092972803,5.367112092972803,0.7145738605922781,,,,gradient,500000.0,500000.0,431511.562193187,100000.0,99999.73619954252,1692.2022046791649,1.0,500.0,0.0,0.002,1.0
constrained thermal motion,mean_field_theory,mixed,0.0,500.0,10.0,1.0013401919246423,5.503272643109303,5.503272643109303,0.7877017348079955,,,,gradient,500000.0,500000.0,423056.8432220418,100000.0,99999.49419562184,1659.046444008007,1.0,500.0,0.0,0.002,1.0
constrained thermal motion,mean_field_theory,mixed,0.0,500.0,10.0,1.0013725210853948,5.6396091465864995,5.6396091465864995,0.8620101539270247,,,,gradient,500000.0,500000.0,414364.2040408277,100000.0,99999.07141558218,1624.9576629052067,1.0,500.0,0.0,0.002,1.0
constrained thermal motion,mean_field_theory,mixed,0.0,500.0,10.0,1.0014048512899232,5.776121830781067,5.776121830781067,0.937309794066036,,,,gradient,500000.0,500000.0,405485.9064318555,100000.0,99998.3574127566,1590.1408095366885,1.0,500.0,0.0,0.002,1.0
constrained thermal motion,mean_field_theory,mixed,0.0,500.0,10.0,1.001437182538261,5.912810923361667,5.912810923361667,1.013395499892673,,,,gradient,500000.0,500000.0,396479.6111981699,100000.0,99997.19794213148,1554.822004698705,1.0,500.0,0.0,0.002,1.0
constrained thermal motion,mean_field_theory,mixed,0.0,500.0,10.0,1.001469514830442,6.049676652291125,6.049676652291125,1.090119610790002,,,,gradient,500000.0,500000.0,387396.6675801052,100000.0,99995.38072447124,1519.202617961197,1.0,500.0,0.0,0.002,1.0
constrained thermal motion,mean_field_theory,mixed,0.0,500.0,10.0,1.0015018481665,6.1867192458287645,6.1867192458287645,1.167385684367142,,,,gradient,500000.0,500000.0,378282.1230354968,100000.0,99992.62063334076,1483.459306021556,1.0,500.0,0.0,0.002,1.0
constrained thermal motion,mean_field_theory,mixed,0.0,500.0,10.0,1.0015341825464683,6.323938932526962,6.323938932526962,1.2451296698275618,,,,gradient,500000.0,500000.0,369176.33824128815,100000.0,99988.5477245808,1447.7503460442672,1.0,500.0,0.0,0.002,1.0
constrained thermal motion,mean_field_theory,mixed,0.0,500.0,10.0,1.001566517970381,6.461335941234392,6.461335941234392,1.3233174789198914,,,,gradient,500000.0,500000.0,360114.75759732985,100000.0,99982.6930362235,1412.2147356758032,1.0,500.0,0.0,0.002,1.0
constrained thermal motion,mean_field_theory,mixed,0.0,500.0,10.0,1.0015988544382717,6.598910501095423,6.598910501095423,1.4019837251120493,,,,gradient,500000.0,500000.0,351124.9944708965,100000.0,99974.43276044288,1376.9607626309669,1.0,500.0,0.0,0.002,1.0
constrained thermal motion,mean_field_theory,mixed,0.0,500.0,10.0,1.001631191950174,6.736662841550567,6.736662841549634,1.4810810066956903,,,,gradient,500000.0,500000.0,342238.5157542443,100000.0,99963.09765472027,1342.1118264872323,1.0,500.0,0.0,0.002,1.0
constrained thermal motion,mean_field_theory,mixed,0.0,500.0,10.0,1.001663530506122,6.874593192335898,6.874593192335898,1.5606259747973623,,,,gradient,500000.0,500000.0,333478.1093146704,100000.0,99947.87016379336,1307.75729143008,1.0,500.0,0.0,0.002,1.0
constrained thermal motion,mean_field_theory,mixed,0.0,500.0,10.0,1.0016958701061487,7.012701783485231,7.012701783485231,1.640645521738613,,,,gradient,500000.0,500000.0,324862.8466514927,100000.0,99927.81187783505,1273.9719476529126,1.0,500.0,0.0,0.002,1.0
constrained thermal motion,mean_field_theory,mixed,0.0,500.0,10.0,1.0017282107502885,7.1509888453306525,7.1509888453306525,1.7211739971998576,,,,gradient,500000.0,500000.0,316408.41839511896,100000.0,99901.8670881058,1240.817327039682,1.0,500.0,0.0,0.002,1.0
constrained thermal motion,mean_field_theory,mixed,0.0,500.0,10.0,1.0017605524385749,7.28945460849999,7.28945460849999,1.8022749910631712,,,,gradient,500000.0,500000.0,308126.7141399765,100000.0,99868.80299774092,1208.3400554508885,1.0,500.0,0.0,0.002,1.0
constrained thermal motion,mean_field_theory,mixed,0.0,500.0,10.0,1.0017928951710413,7.428099303919056,7.428099303919056,1.8840128102323703,,,,gradient,500000.0,500000.0,300027.525182271,100000.0,99827.25451210076,1176.578530126553,1.0,500.0,0.0,0.002,1.0
constrained thermal motion,mean_field_theory,mixed,0.0,500.0,10.0,1.0018252389477216,7.566923162813066,7.566923162813066,1.966391587840856,,,,gradient,500000.0,500000.0,292119.86981892807,100000.0,99775.96059929332,1145.5681169369727,1.0,500.0,0.0,0.002,1.0
constrained thermal motion,mean_field_theory,mixed,0.0,500.0,10.0,1.00185758376865,7.705926416707887,7.7059264167088415,2.049456879605666,,,,gradient,500000.0,500000.0,284409.1184463156,100000.0,99713.49853355344,1115.3298762600612,1.0,500.0,0.0,0.002,1.0
constrained thermal motion,mean_field_theory,mixed,0.0,500.0,10.0,1.0018899296338593,7.845109297423858,7.845109297423858,2.1332539262193366,,,,gradient,500000.0,500000.0,276898.81362202944,100000.0,99638.40206115034,1085.8777004785468,1.0,500.0,0.0,0.002,1.0
constrained thermal motion,mean_field_theory,mixed,0.0,500.0,10.0,1.0019222765433835,7.984472037084656,7.984472037083701,2.217826982000129,,,,gradient,500000.0,500000.0,269590.9210342836,100000.0,99549.18373403233,1057.2192981736612,1.0,500.0,0.0,0.002,1.0
constrained thermal motion,mean_field_theory,mixed,0.0,500.0,10.0,1.0019546244972573,8.12401486811396,8.12401486811396,2.303275500678393,,,,gradient,500000.0,500000.0,262485.7900049258,100000.0,99444.02743128134,1029.3560392350032,1.0,500.0,0.0,0.002,1.0
constrained thermal motion,mean_field_theory,mixed,0.0,500.0,10.0,1.0019869734955131,8.263738023232857,8.263738023232857,2.3896165704443653,,,,gradient,500000.0,500000.0,255583.35539314803,100000.0,99321.54237283804,1002.2876682084236,1.0,500.0,0.0,0.002,1.0
constrained thermal motion,mean_field_theory,mixed,0.0,500.0,10.0,1.0020193235381851,8.403641735466106,8.40364173546515,2.476862523185667,,,,gradient,500000.0,500000.0,248882.2730657069,100000.0,99180.45264165405,976.0089139831642,1.0,500.0,0.0,0.002,1.0
constrained thermal motion,mean_field_theory,mixed,0.0,500.0,10.0,1.0020516746253074,8.543726238137639,8.543726238137639,2.565050253650068,,,,gradient,500000.0,500000.0,242380.1982017604,100000.0,99019.40972764154,950.510581183374,1.0,500.0,0.0,0.002,1.0
constrained thermal motion,mean_field_theory,mixed,0.0,500.0,10.0,1.002084026756913,8.683991764873845,8.683991764873845,2.654214402129455,,,,gradient,500000.0,500000.0,236074.1276420558,100000.0,98837.15490515024,925.7808927139444,1.0,500.0,0.0,0.002,1.0
constrained thermal motion,mean_field_theory,mixed,0.0,500.0,10.0,1.0021163799330364,8.824438549603997,8.824438549603997,2.744387352383066,,,,gradient,500000.0,500000.0,229960.5235282063,100000.0,98632.53619906888,901.805974620417,1.0,500.0,0.0,0.002,1.0
constrained thermal motion,mean_field_theory,mixed,0.0,500.0,10.0,1.0021487341537108,8.965066826557688,8.965066826557688,2.8357031655617044,,,,gradient,500000.0,500000.0,224036.03497297803,100000.0,98403.63753877109,878.5726861685413,1.0,500.0,0.0,0.002,1.0
constrained thermal motion,mean_field_theory,mixed,0.0,500.0,10.0,1.00218108941897,9.105876830268244,9.105876830268244,2.9280946504577554,,,,gradient,500000.0,500000.0,218295.9723116024,100000.0,98150.30427265416,856.0626365160879,1.0,500.0,0.0,0.002,1.0
constrained thermal motion,mean_field_theory,mixed,0.0,500.0,10.0,1.002213445728848,9.246868795571949,9.246868795572926,3.0215859175192024,,,,gradient,500000.0,500000.0,212735.73941845493,100000.0,97871.8002957184,834.2578016409998,1.0,500.0,0.0,0.002,1.0
constrained thermal motion,mean_field_theory,mixed,0.0,500.0,10.0,1.002245803083378,9.388042957607666,9.388042957608643,3.1162010471638513,,,,gradient,500000.0,500000.0,207350.56783996604,100000.0,97567.52294827136,813.139481725357,1.0,500.0,0.0,0.002,1.0
constrained thermal motion,mean_field_theory,mixed,0.0,500.0,10.0,1.002278161482594,9.529399551820015,9.529399551820015,3.2119622623942874,,,,gradient,500000.0,500000.0,202135.56553401664,100000.0,97237.02191581206,792.6884922902614,1.0,500.0,0.0,0.002,1.0
constrained thermal motion,mean_field_theory,mixed,0.0,500.0,10.0,1.00231052092653,9.670938813956887,9.670938813956887,3.3089268374594925,,,,gradient,500000.0,500000.0,197086.0926280628,100000.0,96879.63936264862,772.886637757109,1.0,500.0,0.0,0.002,1.0
constrained thermal motion,mean_field_theory,mixed,0.0,500.0,10.0,1.002342881415219,9.812660980069875,9.812660980068898,3.4071707719739974,,,,gradient,500000.0,500000.0,192197.6889257569,100000.0,96494.64989093818,753.716427159831,1.0,500.0,0.0,0.002,1.0
constrained thermal motion,mean_field_theory,mixed,0.0,500.0,10.0,1.0023752429486958,9.954566286516542,9.954566286516542,3.5066247245383915,,,,gradient,500000.0,500000.0,187464.5891386681,100000.0,96082.90157777684,735.1552515241884,1.0,500.0,0.0,0.002,1.0
constrained thermal motion,mean_field_theory,mixed,0.0,500.0,10.0,1.0024076055269937,10.09665496996086,10.096654969961838,3.6073047136790706,,,,gradient,500000.0,500000.0,182881.8079672823,100000.0,95644.54818108073,717.183560656009,1.0,500.0,0.0,0.002,1.0
constrained thermal motion,mean_field_theory,mixed,0.0,500.0,10.0,1.0024399691501458,10.238927267370702,10.238927267370702,3.709225462748013,,,,gradient,500000.0,500000.0,178444.41732009596,100000.0,95179.87836091626,699.7820287062586,1.0,500.0,0.0,0.002,1.0
constrained thermal motion,mean_field_theory,mixed,0.0,500.0,10.0,1.0024723338181865,10.381383416021103,10.381383416021103,3.812400502231494,,,,gradient,500000.0,500000.0,174147.5654864067,100000.0,94689.30704758195,682.9316293584577,1.0,500.0,0.0,0.002,1.0
constrained thermal motion,mean_field_theory,mixed,0.0,500.0,10.0,1.0025046995311493,10.52402365349372,10.52402365349372,3.91693376830413,,,,gradient,500000.0,500000.0,169987.3411798407,100000.0,94172.45550764773,666.6170242346694,1.0,500.0,0.0,0.002,1.0
constrained thermal motion,mean_field_theory,mixed,0.0,500.0,10.0,1.002537066289068,10.666848217677206,10.666848217677206,4.022811415577084,,,,gradient,500000.0,500000.0,165958.82773570466,100000.0,93630.23539376144,650.818932296881,1.0,500.0,0.0,0.002,1.0
constrained thermal motion,mean_field_theory,mixed,0.0,500.0,10.0,1.0025694340919764,10.809857346767672,10.809857346767672,4.129985432528601,,,,gradient,500000.0,500000.0,162056.92185094138,100000.0,93063.9801736989,635.517340591927,1.0,500.0,0.0,0.002,1.0
constrained thermal motion,mean_field_theory,mixed,0.0,500.0,10.0,1.0026018029399082,10.953051279268957,10.953051279268957,4.238465555105246,,,,gradient,500000.0,500000.0,158277.19009347048,100000.0,92474.52149069436,620.6948631116489,1.0,500.0,0.0,0.002,1.0
constrained thermal motion,mean_field_theory,mixed,0.0,500.0,10.0,1.0026341728328971,11.096430253993184,11.096430253993184,4.34826074908936,,,,gradient,500000.0,500000.0,154615.32578053456,100000.0,91862.7647195063,606.3346109040571,1.0,500.0,0.0,0.002,1.0
constrained thermal motion,mean_field_theory,mixed,0.0,500.0,10.0,1.0026665437709767,11.239994510060036,11.239994510060036,4.4593792773512835,,,,gradient,500000.0,500000.0,151067.15219076278,100000.0,91229.67811890168,592.4202046696579,1.0,500.0,0.0,0.002,1.0
constrained thermal motion,mean_field_theory,mixed,0.0,500.0,10.0,1.002698915754181,11.383744286900166,11.383744286900166,4.571992852576353,,,,gradient,500000.0,500000.0,147630.0009048469,100000.0,90574.8074625176,578.9411800190074,1.0,500.0,0.0,0.002,1.0
constrained thermal motion,mean_field_theory,mixed,0.0,500.0,10.0,1.0027312887825437,11.527679824252646,11.527679824252646,4.685967159473568,,,,gradient,500000.0,500000.0,144298.70493377655,100000.0,89900.5598710148,565.8772742501042,1.0,500.0,0.0,0.002,1.0
constrained thermal motion,mean_field_theory,mixed,0.0,500.0,10.0,1.0027636628560983,11.671801362166368,11.67180136216539,4.801294142269433,,,,gradient,500000.0,500000.0,141069.35176831498,100000.0,89208.17580249967,553.2131441894705,1.0,500.0,0.0,0.002,1.0
constrained thermal motion,mean_field_theory,mixed,0.0,500.0,10.0,1.002796037974879,11.81610914099942,11.81610914099942,4.917979894999164,,,,gradient,500000.0,500000.0,137938.28634345293,100000.0,88498.78408196985,540.934456248835,1.0,500.0,0.0,0.002,1.0
constrained thermal motion,mean_field_theory,mixed,0.0,500.0,10.0,1.0028284141389192,11.960603401422444,11.960603401422444,5.036030070373104,,,,gradient,500000.0,500000.0,134901.98364350302,100000.0,87773.52788325159,529.0273868372667,1.0,500.0,0.0,0.002,1.0
constrained thermal motion,mean_field_theory,mixed,0.0,500.0,10.0,1.0028607913482526,12.10528438441516,12.10528438441516,5.155496959166497,,,,gradient,500000.0,500000.0,131957.3923801928,100000.0,87033.19491160769,517.4799701184031,1.0,500.0,0.0,0.002,1.0
constrained thermal motion,mean_field_theory,mixed,0.0,500.0,10.0,1.002893169602913,12.25015233127058,12.25015233127058,5.276500920820416,,,,gradient,500000.0,500000.0,129102.03675189114,100000.0,86278.11019482676,506.2824970662397,1.0,500.0,0.0,0.002,1.0
constrained thermal motion,mean_field_theory,mixed,0.0,500.0,10.0,1.0029255489029345,12.395207483592618,12.395207483592618,5.398892584823063,,,,gradient,500000.0,500000.0,126331.59783567698,100000.0,85510.64694960666,495.418030728145,1.0,500.0,0.0,0.002,1.0
constrained thermal motion,mean_field_theory,mixed,0.0,500.0,10.0,1.0029579292483504,12.540450083296362,12.540450083296362,5.522676274889947,,,,gradient,500000.0,500000.0,123643.04060579363,100000.0,84731.941438021,484.874669042328,1.0,500.0,0.0,0.002,1.0
constrained thermal motion,mean_field_theory,mixed,0.0,500.0,10.0,1.0029903106391944,12.685880372610514,12.685880372610514,5.647856037590325,,,,gradient,500000.0,500000.0,121033.44561616224,100000.0,83943.11138336115,474.6409632006363,1.0,500.0,0.0,0.002,1.0
constrained thermal motion,mean_field_theory,mixed,0.0,500.0,10.0,1.0030226930755008,12.831498594078772,12.831498594078772,5.774435666482153,,,,gradient,500000.0,500000.0,118500.00535149926,100000.0,83145.25156879889,464.7059033392128,1.0,500.0,0.0,0.002,1.0
constrained thermal motion,mean_field_theory,mixed,0.0,500.0,10.0,1.003055076557303,12.977304990554272,12.977304990554272,5.902547236707393,,,,gradient,500000.0,500000.0,116040.80690742808,100000.0,82338.65718472101,455.06198787226697,1.0,500.0,0.0,0.002,1.0
constrained thermal motion,mean_field_theory,mixed,0.0,500.0,10.0,1.0030874610846343,13.12329980520599,13.12329980520499,6.032179799531734,,,,gradient,500000.0,500000.0,113653.09854159006,100000.0,81524.54454450552,445.6984256532943,1.0,500.0,0.0,0.002,1.0
constrained thermal motion,mean_field_theory,mixed,0.0,500.0,10.0,1.0031198466575295,13.269483281518069,13.269483281518069,6.163231406486433,,,,gradient,500000.0,500000.0,111333.72108533756,100000.0,80704.58165109629,436.60282778563754,1.0,500.0,0.0,0.002,1.0
constrained thermal motion,mean_field_theory,mixed,0.0,500.0,10.0,1.0031522332760217,13.41585566328838,13.41585566328838,6.295705115720305,,,,gradient,500000.0,500000.0,109080.2765103138,100000.0,79879.74195686333,427.7657902365248,1.0,500.0,0.0,0.002,1.0
constrained thermal motion,mean_field_theory,mixed,0.0,500.0,10.0,1.0031846209401447,13.56241719462976,13.56241719462976,6.42960382204291,,,,gradient,500000.0,500000.0,106890.46047311496,100000.0,79050.96172627345,419.1782763651567,1.0,500.0,0.0,0.002,1.0
constrained thermal motion,mean_field_theory,mixed,0.0,500.0,10.0,1.0032170096499322,13.709168119969515,13.709168119969515,6.564930269913147,,,,gradient,500000.0,500000.0,104762.05870102088,100000.0,78219.13877473821,410.8316027491015,1.0,500.0,0.0,0.002,1.0
constrained thermal motion,mean_field_theory,mixed,0.0,500.0,10.0,1.003249399405418,13.856108684052847,13.856108684051849,6.701919114639753,,,,gradient,500000.0,500000.0,102694.10886758628,100000.0,77384.10215558263,402.7219955591619,1.0,500.0,0.0,0.002,1.0
constrained thermal motion,mean_field_theory,mixed,0.0,500.0,10.0,1.0032817902066362,14.003239131940193,14.003239131940193,6.840387124521395,,,,gradient,500000.0,500000.0,100683.5530506739,100000.0,76547.60430091522,394.8374629438192,1.0,500.0,0.0,0.002,1.0
constrained thermal motion,mean_field_theory,mixed,0.0,500.0,10.0,1.0033141820536202,14.150559709008624,14.150559709008624,6.980299964595315,,,,gradient,500000.0,500000.0,98728.2355974786,100000.0,75710.59551372712,387.16955136266114,1.0,500.0,0.0,0.002,1.0
constrained thermal motion,mean_field_theory,mixed,0.0,500.0,10.0,1.0033465749464037,14.298070660951367,14.298070660951367,7.121659964453739,,,,gradient,500000.0,500000.0,96826.26823384048,100000.0,74873.8142619581,379.7108558189823,1.0,500.0,0.0,0.002,1.0
constrained thermal motion,mean_field_theory,mixed,0.0,500.0,10.0,1.0033789688850208,14.445772233782115,14.445772233782115,7.264469351268759,,,,gradient,500000.0,500000.0,94975.83624133076,100000.0,74037.95877886939,372.4542597699245,1.0,500.0,0.0,0.002,1.0
constrained thermal motion,mean_field_theory,mixed,0.0,500.0,10.0,1.003411363869505,14.593664673829457,14.593664673829457,7.408783790987229,,,,gradient,500000.0,500000.0,93175.42224378542,100000.0,73203.51176932477,365.3938127207271,1.0,500.0,0.0,0.002,1.0
constrained thermal motion,mean_field_theory,mixed,0.0,500.0,10.0,1.0034437598998902,14.741748227741304,14.741748227741304,7.554804822998479,,,,gradient,500000.0,500000.0,91424.14687501396,100000.0,72370.50206914515,358.52606617652526,1.0,500.0,0.0,0.002,1.0
constrained thermal motion,mean_field_theory,mixed,0.0,500.0,10.0,1.00347615697621,14.890023142484242,14.890023142484242,7.702291498333004,,,,gradient,500000.0,500000.0,89719.33573386865,100000.0,71540.35301786374,351.840532289681,1.0,500.0,0.0,0.002,1.0
constrained thermal motion,mean_field_theory,mixed,0.0,500.0,10.0,1.0035085550984983,15.038489665344112,15.038489665344112,7.851245779743105,,,,gradient,500000.0,500000.0,88059.43964197359,100000.0,70713.60728440787,345.3311358508768,1.0,500.0,0.0,0.002,1.0
constrained thermal motion,mean_field_theory,mixed,0.0,500.0,10.0,1.003540954266789,15.18714804392718,15.18714804392718,8.001669556292866,,,,gradient,500000.0,500000.0,86442.96901216824,100000.0,69890.77108808844,338.99203534183624,1.0,500.0,0.0,0.002,1.0
constrained thermal motion,mean_field_theory,mixed,0.0,500.0,10.0,1.0035733544811158,15.33599852615879,15.33599852615879,8.153564647681259,,,,gradient,500000.0,500000.0,84868.49135582689,100000.0,69072.31536521012,332.81761316010545,1.0,500.0,0.0,0.002,1.0
constrained thermal motion,mean_field_theory,mixed,0.0,500.0,10.0,1.0036057557415123,15.485041360283525,15.485041360283525,8.307101037464426,,,,gradient,500000.0,500000.0,83335.21130936919,100000.0,68258.30825666609,326.80475023282037,1.0,500.0,0.0,0.002,1.0
constrained thermal motion,mean_field_theory,mixed,0.0,500.0,10.0,1.0036381580480125,15.634276794867862,15.634276794868883,8.462291017269596,,,,gradient,500000.0,500000.0,81841.78494854519,100000.0,67449.20097192598,320.9481762688047,1.0,500.0,0.0,0.002,1.0
constrained thermal motion,mean_field_theory,mixed,0.0,500.0,10.0,1.0036705614006496,15.78370507880047,15.78370507880047,8.618968090466636,,,,gradient,500000.0,500000.0,80386.33686432306,100000.0,66645.75672428492,315.24053672283554,1.0,500.0,0.0,0.002,1.0
constrained thermal motion,mean_field_theory,mixed,0.0,500.0,10.0,1.0037029657994585,15.933326461291664,15.933326461292683,8.777133917577608,,,,gradient,500000.0,500000.0,78967.64087149837,100000.0,65848.31575142613,309.6770230254838,1.0,500.0,0.0,0.002,1.0
constrained thermal motion,mean_field_theory,mixed,0.0,500.0,10.0,1.0037353712444717,16.083141191870666,16.083141191870666,8.936790106160494,,,,gradient,500000.0,500000.0,77584.51695316094,100000.0,65057.18937614257,304.2530076594547,1.0,500.0,0.0,0.002,1.0
constrained thermal motion,mean_field_theory,mixed,0.0,500.0,10.0,1.0037677777357237,16.233149520392274,16.233149520392274,9.09793821344397,,,,gradient,500000.0,500000.0,76235.82933986747,100000.0,64272.661355436394,298.96403662693126,1.0,500.0,0.0,0.002,1.0
constrained thermal motion,mean_field_theory,mixed,0.0,500.0,10.0,1.0038001852732483,16.383351697034154,16.383351697034154,9.260889721407818,,,,gradient,500000.0,500000.0,74921.3642919402,100000.0,63494.56540597211,293.80927173309885,1.0,500.0,0.0,0.002,1.0
constrained thermal motion,mean_field_theory,mixed,0.0,500.0,10.0,1.0038325938570791,16.53374797229519,16.53374797229519,9.425416580970817,,,,gradient,500000.0,500000.0,73639.357866289,100000.0,62723.5176911339,288.78179555407456,1.0,500.0,0.0,0.002,1.0
constrained thermal motion,mean_field_theory,mixed,0.0,500.0,10.0,1.00386500348725,16.684338597000004,16.684338597000004,9.591451040402378,,,,gradient,500000.0,500000.0,72388.59454328485,100000.0,61959.82665478954,283.8768413462151,1.0,500.0,0.0,0.002,1.0
constrained thermal motion,mean_field_theory,mixed,0.0,500.0,10.0,1.0038974141637946,16.83512382229535,16.83512382229535,9.758994559968944,,,,gradient,500000.0,500000.0,71168.09885078107,100000.0,61203.676449123544,279.0905837285532,1.0,500.0,0.0,0.002,1.0
constrained thermal motion,mean_field_theory,mixed,0.0,500.0,10.0,1.0039298258867468,16.98610389965449,16.98610389965449,9.928048559801718,,,,gradient,500000.0,500000.0,69976.9311610719,100000.0,60455.2301166162,274.4193378865565,1.0,500.0,0.0,0.002,1.0
constrained thermal motion,mean_field_theory,mixed,0.0,500.0,10.0,1.0039622386561404,17.137279080874677,17.137279080874677,10.098671012155537,,,,gradient,500000.0,500000.0,68814.32249722639,100000.0,59714.58311658417,269.8600882244172,1.0,500.0,0.0,0.002,1.0
constrained thermal motion,mean_field_theory,mixed,0.0,500.0,10.0,1.0039946524720091,17.288649618078544,17.288649618078544,10.271175087080968,,,,gradient,500000.0,500000.0,67680.11745467967,100000.0,58981.63273501738,265.4122253124693,1.0,500.0,0.0,0.002,1.0
constrained thermal motion,mean_field_theory,mixed,0.0,500.0,10.0,1.0040270673343867,17.440215763714484,17.440215763714484,10.445205488875247,,,,gradient,500000.0,500000.0,66572.59122632383,100000.0,58256.81164507993,261.0689852012699,1.0,500.0,0.0,0.002,1.0
constrained thermal motion,mean_field_theory,mixed,0.0,500.0,10.0,1.0040594832433072,17.59197777055821,17.59197777055821,10.620763575104304,,,,gradient,500000.0,500000.0,65490.934389939925,100000.0,57540.20766417924,256.8271936860389,1.0,500.0,0.0,0.002,1.0
constrained thermal motion,mean_field_theory,mixed,0.0,500.0,10.0,1.0040919001988042,17.743935891710947,17.743935891710947,10.797850670469456,,,,gradient,500000.0,500000.0,64434.36663833292,100000.0,56831.89317949724,252.68379073856048,1.0,500.0,0.0,0.002,1.0
constrained thermal motion,mean_field_theory,mixed,0.0,500.0,10.0,1.0041243182009114,17.89609038060007,17.89609038060007,10.976468068136873,,,,gradient,500000.0,500000.0,63402.1356059698,100000.0,56131.92615210674,248.6358259057639,1.0,500.0,0.0,0.002,1.0
constrained thermal motion,mean_field_theory,mixed,0.0,500.0,10.0,1.0041567372496627,18.04844149098239,18.04844149098239,11.156829226666147,,,,gradient,500000.0,500000.0,62393.93863171228,100000.0,55440.266410688506,244.68211228122465,1.0,500.0,0.0,0.002,1.0
constrained thermal motion,mean_field_theory,mixed,0.0,500.0,10.0,1.0041891573450918,18.20098947694169,18.20098947694169,11.338984894935798,,,,gradient,500000.0,500000.0,61409.13593127544,100000.0,54756.96079132729,240.82014090696256,1.0,500.0,0.0,0.002,1.0
constrained thermal motion,mean_field_theory,mixed,0.0,500.0,10.0,1.0042215784872328,18.35373459289109,18.35373459289109,11.52268699473085,,,,gradient,500000.0,500000.0,60446.541743636626,100000.0,54082.140104211234,237.04526173975148,1.0,500.0,0.0,0.002,1.0
constrained thermal motion,mean_field_theory,mixed,0.0,500.0,10.0,1.0042540006761191,18.506677093570342,18.506677093570342,11.707936785543792,,,,gradient,500000.0,500000.0,59505.505542203115,100000.0,53415.811528667546,233.35492369491416,1.0,500.0,0.0,0.002,1.0
constrained thermal motion,mean_field_theory,mixed,0.0,500.0,10.0,1.0042864239117848,18.659817234050593,18.659817234050593,11.894735500428498,,,,gradient,500000.0,500000.0,58585.39958169123,100000.0,52757.972248149745,229.74666502624012,1.0,500.0,0.0,0.002,1.0
constrained thermal motion,mean_field_theory,mixed,0.0,500.0,10.0,1.0043188481942635,18.813155269731396,18.813155269731396,12.083084346986526,,,,gradient,500000.0,500000.0,57685.617998627225,100000.0,52108.610197627255,226.21810979853817,1.0,500.0,0.0,0.002,1.0
constrained thermal motion,mean_field_theory,mixed,0.0,500.0,10.0,1.004351273523589,18.96669145634245,18.96669145634245,12.27338511610496,,,,gradient,500000.0,500000.0,56806.240766112096,100000.0,51467.66614733427,222.76957163181217,1.0,500.0,0.0,0.002,1.0
constrained thermal motion,mean_field_theory,mixed,0.0,500.0,10.0,1.0043836998997957,19.12042604994493,19.12042604994597,12.465363805331751,,,,gradient,500000.0,500000.0,55946.20478984651,100000.0,50835.168964176446,219.39688152880984,1.0,500.0,0.0,0.002,1.0
constrained thermal motion,mean_field_theory,mixed,0.0,500.0,10.0,1.0044161273229162,19.27435930692878,19.27435930692878,12.658909160476089,,,,gradient,500000.0,500000.0,55104.77368785169,100000.0,50211.095772508415,216.09715171706543,1.0,500.0,0.0,0.002,1.0
constrained thermal motion,mean_field_theory,mixed,0.0,500.0,10.0,1.004448555792985,19.42849148401635,19.42849148401635,12.8540223756205,,,,gradient,500000.0,500000.0,54281.42160977048,100000.0,49595.40229423709,212.8683200383156,1.0,500.0,0.0,0.002,1.0
constrained thermal motion,mean_field_theory,mixed,0.0,500.0,10.0,1.004480985310036,19.582822838263823,19.582822838263823,13.050704623027288,,,,gradient,500000.0,500000.0,53475.64061510501,100000.0,48988.03823735317,209.70839456903929,1.0,500.0,0.0,0.002,1.0
constrained thermal motion,mean_field_theory,mixed,0.0,500.0,10.0,1.004513415874103,19.737353627056375,19.737353627056375,13.249014142154593,,,,gradient,500000.0,500000.0,52687.0215096818,100000.0,48388.952400551665,206.61577062620313,1.0,500.0,0.0,0.002,1.0
constrained thermal motion,mean_field_theory,mixed,0.0,500.0,10.0,1.0045458474852196,19.892084108113917,19.892084108113917,13.449405847356642,,,,gradient,500000.0,500000.0,51915.714718639545,100000.0,47798.1344372257,203.5910381123119,1.0,500.0,0.0,0.002,1.0
constrained thermal motion,mean_field_theory,mixed,0.0,500.0,10.0,1.0045782801434195,20.047014539487297,20.047014539487297,13.651383593976126,,,,gradient,500000.0,500000.0,51160.53312212782,100000.0,47215.489410928734,200.6295416554032,1.0,500.0,0.0,0.002,1.0
constrained thermal motion,mean_field_theory,mixed,0.0,500.0,10.0,1.004610713848737,20.202145179563935,20.202145179563935,13.8549485528443,,,,gradient,500000.0,500000.0,50421.03444747354,100000.0,46640.94628052073,197.72954685283744,1.0,500.0,0.0,0.002,1.0
constrained thermal motion,mean_field_theory,mixed,0.0,500.0,10.0,1.0046431486012053,20.357476287060948,20.357476287060948,14.060101875692853,,,,gradient,500000.0,500000.0,49696.79112835404,100000.0,46074.43038753247,194.8893769739374,1.0,500.0,0.0,0.002,1.0
constrained thermal motion,mean_field_theory,mixed,0.0,500.0,10.0,1.0046755844008588,20.513008121035114,20.513008121035114,14.26684469576102,,,,gradient,500000.0,500000.0,48987.38974588386,100000.0,45515.86383545312,192.107410768172,1.0,500.0,0.0,0.002,1.0
constrained thermal motion,mean_field_theory,mixed,0.0,500.0,10.0,1.0047080212477308,20.66874094087261,20.66874094087261,14.475440711909773,,,,gradient,500000.0,500000.0,48292.74631813816,100000.0,44965.22210485952,189.38331889465945,1.0,500.0,0.0,0.002,1.0
constrained thermal motion,mean_field_theory,mixed,0.0,500.0,10.0,1.0047404591418554,20.82467500629801,20.82467500629801,14.685992192134792,,,,gradient,500000.0,500000.0,47612.56883082629,100000.0,44422.455419895494,186.7159561993188,1.0,500.0,0.0,0.002,1.0
constrained thermal motion,mean_field_theory,mixed,0.0,500.0,10.0,1.0047728980832662,20.980810577370423,20.980810577370423,14.898150732425965,,,,gradient,500000.0,500000.0,46946.05238592707,100000.0,43887.406973460245,184.10216621932187,1.0,500.0,0.0,0.002,1.0
constrained thermal motion,mean_field_theory,mixed,0.0,500.0,10.0,1.0048053380719972,21.13714791448611,21.13714791448611,15.111917474881167,,,,gradient,500000.0,500000.0,46292.83560231003,100000.0,43359.98790400574,181.54053177376483,1.0,500.0,0.0,0.002,1.0
constrained thermal motion,mean_field_theory,mixed,0.0,500.0,10.0,1.0048377791080825,21.293687278376726,21.293687278377817,15.32729354500833,,,,gradient,500000.0,500000.0,45652.56876258599,100000.0,42840.10772114417,179.02968142190582,1.0,500.0,0.0,0.002,1.0
constrained thermal motion,mean_field_theory,mixed,0.0,500.0,10.0,1.004870221191555,21.45042893011091,21.45042893011091,15.544280052181138,,,,gradient,500000.0,500000.0,45024.91337949822,100000.0,42327.67455188673,176.56828776273812,1.0,500.0,0.0,0.002,1.0
constrained thermal motion,mean_field_theory,mixed,0.0,500.0,10.0,1.0049026643224492,21.607373131094597,21.607373131094597,15.763385562700986,,,,gradient,500000.0,500000.0,44410.05888759223,100000.0,41822.74434644192,174.1570936768323,1.0,500.0,0.0,0.002,1.0
constrained thermal motion,mean_field_theory,mixed,0.0,500.0,10.0,1.004935108500799,21.76452014307264,21.76452014307264,15.984284556912876,,,,gradient,500000.0,500000.0,43807.32568310707,100000.0,41325.13579717698,171.79343405140028,1.0,500.0,0.0,0.002,1.0
constrained thermal motion,mean_field_theory,mixed,0.0,500.0,10.0,1.0049675537266378,21.92187022812697,21.92187022812697,16.20681215681582,,,,gradient,500000.0,500000.0,43216.23366804493,100000.0,40834.70565844336,169.4754261491958,1.0,500.0,0.0,0.002,1.0
constrained thermal motion,mean_field_theory,mixed,0.0,500.0,10.0,1.005,22.079423648679388,22.079423648679388,16.430969487573016,,,,gradient,500000.0,500000.0,42636.48579548455,100000.0,40351.357602837954,167.20190508033156,1.0,500.0,0.0,0.002,1.0
constrained thermal motion,mean_field_theory,mixed,10.0,500.0,10.0,1.0,0.0,1.0,1.3365454333927273e-08,,,,zero_gradient_control,200000.0,200000.0,199999.99982999155,100000.0,99999.999999998,0.0,0.889020898621993,562.4164749951478,10.0,0.002,1.0
constrained thermal motion,mean_field_theory,mixed,10.0,500.0,10.0,1.0005,2.0196240732495596,2.0196240732495596,5.99331640168291e-08,,,,gradient,500000.0,500000.0,499999.9985820259,100000.0,100000.0,1960.7843081648073,0.889020898621993,562.4164749951478,10.0,0.002,1.0
constrained thermal motion,mean_field_theory,mixed,10.0,500.0,10.0,1.0005323020344072,2.151458835184439,2.151458835184439,5.641451163380803e-07,,,,gradient,500000.0,500000.0,499999.98540861206,100000.0,99999.99999999968,1960.784256504361,0.889020898621993,562.4164749951478,10.0,0.002,1.0
constrained thermal motion,mean_field_theory,mixed,10.0,500.0,10.0,1.0005646051117143,2.283463960464771,2.2834639604638607,3.7419484138070342e-06,,,,gradient,500000.0,500000.0,499999.8945323869,100000.0,99999.99999999968,1960.7839001270072,0.889020898621993,562.4164749951478,10.0,0.002,1.0
constrained thermal motion,mean_field_theory,mixed,10.0,500.0,10.0,1.000596909231955,2.4156396692418314,2.415639669240921,1.866105159824523e-05,,,,gradient,500000.0,500000.0,499999.4286508072,100000.0,99999.99999999996,1960.7820731404208,0.889020898621993,562.4164749951478,10.0,0.002,1.0
constrained thermal motion,mean_field_theory,mixed,10.0,500.0,10.0,1.0006292143951636,2.547986181953243,2.547986181953243,7.361263604683304e-05,,,,gradient,500000.0,500000.0,499997.5593162838,100000.0,99999.99999999968,1960.7747424167992,0.889020898621993,562.4164749951478,10.0,0.002,1.0
constrained thermal motion,mean_field_theory,mixed,10.0,500.0,10.0,1.0006615206013727,2.6805037193187164,2.6805037193187164,0.0002394784113233,,,,gradient,500000.0,500000.0,499991.4259105742,100000.0,99999.99999999936,1960.7506898453892,0.889020898621993,562.4164749951478,10.0,0.002,1.0
constrained thermal motion,mean_field_theory,mixed,10.0,500.0,10.0,1.0006938278506168,2.8131925023468174,2.8131925023468174,0.0006628593590908,,,,gradient,500000.0,500000.0,499974.4463692085,100000.0,99999.9999999994,1960.6841034086608,0.889020898621993,562.4164749951478,10.0,0.002,1.0
constrained thermal motion,mean_field_theory,mixed,10.0,500.0,10.0,1.000726136142929,2.9460527523271773,2.9460527523271773,0.0016002078153411,,,,gradient,500000.0,500000.0,499933.7788667817,100000.0,99999.99999999984,1960.524623006987,0.889020898621993,562.4164749951478,10.0,0.002,1.0
constrained thermal motion,mean_field_theory,mixed,10.0,500.0,10.0,1.0007584454783431,3.07908469083904,3.07908469083904,0.0034423682528641,,,,gradient,500000.0,500000.0,499847.53475350846,100000.0,99999.9999999988,1960.1864107980723,0.889020898621993,562.4164749951478,10.0,0.002,1.0
constrained thermal motion,mean_field_theory,mixed,10.0,500.0,10.0,1.0007907558568931,3.212288539746999,3.212288539746999,0.0067159505065606,,,,gradient,500000.0,500000.0,499682.575667844,100000.0,99999.99999999114,1959.5395124229176,0.889020898621993,562.4164749951478,10.0,0.002,1.0
constrained thermal motion,mean_field_theory,mixed,10.0,500.0,10.0,1.0008230672786125,3.34566452120153,3.34566452120153,0.012056937066975,,,,gradient,500000.0,500000.0,499393.6353913132,100000.0,99999.99999993334,1958.4064132992676,0.889020898621993,562.4164749951478,10.0,0.002,1.0
constrained thermal motion,mean_field_theory,mixed,10.0,500.0,10.0,1.000855379743535,3.4792128576401016,3.479212857641012,0.0201748041730197,,,,gradient,500000.0,500000.0,498923.2319765239,100000.0,99999.99999957538,1956.561694025584,0.889020898621993,562.4164749951478,10.0,0.002,1.0
constrained thermal motion,mean_field_theory,mixed,10.0,500.0,10.0,1.000887693251694,3.612933771790416,3.612933771790416,0.0317562466602071,,,,gradient,500000.0,500000.0,498206.3685558684,100000.0,99999.99999770698,1953.750464924974,0.889020898621993,562.4164749951478,10.0,0.002,1.0
constrained thermal motion,mean_field_theory,mixed,10.0,500.0,10.0,1.0009200078031233,3.7468274866633737,3.7468274866633737,0.0474180364251469,,,,gradient,500000.0,500000.0,497173.7305896251,100000.0,99999.99998936195,1949.7009042730392,0.889020898621993,562.4164749951478,10.0,0.002,1.0
constrained thermal motion,mean_field_theory,mixed,10.0,500.0,10.0,1.000952323397857,3.880894225562681,3.880894225562681,0.0676538968043441,,,,gradient,500000.0,500000.0,495756.5237929332,100000.0,99999.9999568409,1944.1432305605224,0.889020898621993,562.4164749951478,10.0,0.002,1.0
constrained thermal motion,mean_field_theory,mixed,10.0,500.0,10.0,1.0009846400359284,4.015134212076887,4.015134212076887,0.0927977841696899,,,,gradient,500000.0,500000.0,493891.4727767339,100000.0,99999.99984452392,1936.8293050067996,0.889020898621993,562.4164749951478,10.0,0.002,1.0
constrained thermal motion,mean_field_theory,mixed,10.0,500.0,10.0,1.001016957717371,4.149547670086262,4.1495476700853295,0.1230165747419591,,,,gradient,500000.0,500000.0,491524.3913604811,100000.0,99999.99949546564,1927.5466327862007,0.889020898621993,562.4164749951478,10.0,0.002,1.0
constrained thermal motion,mean_field_theory,mixed,10.0,500.0,10.0,1.0010492764422192,4.284134823757602,4.284134823757602,0.1583395331100361,,,,gradient,500000.0,500000.0,488610.5757837923,100000.0,99999.99850032997,1916.11990503448,0.889020898621993,562.4164749951478,10.0,0.002,1.0
constrained thermal motion,mean_field_theory,mixed,10.0,500.0,10.0,1.0010815962105062,4.418895897551067,4.418895897551067,0.1985749604612176,,,,gradient,500000.0,500000.0,485127.06537569297,100000.0,99999.99591282196,1902.4590799046784,0.889020898621993,562.4164749951478,10.0,0.002,1.0
constrained thermal motion,mean_field_theory,mixed,10.0,500.0,10.0,1.0011139170222656,4.553831116213192,4.553831116213192,0.2434471176007468,,,,gradient,500000.0,500000.0,481062.8703673216,100000.0,99999.98969359368,1886.5210602640063,0.889020898621993,562.4164749951478,10.0,0.002,1.0
constrained thermal motion,mean_field_theory,mixed,10.0,500.0,10.0,1.0011462388775312,4.688940704782785,4.688940704782785,0.2925945374307766,,,,gradient,500000.0,500000.0,476421.58709355694,100000.0,99999.9757641182,1868.319949386498,0.889020898621993,562.4164749951478,10.0,0.002,1.0
constrained thermal motion,mean_field_theory,mixed,10.0,500.0,10.0,1.001178561776337,4.824224888589401,4.824224888590334,0.3456024591140596,,,,gradient,500000.0,500000.0,471220.0082478125,100000.0,99999.9464874306,1847.921600971814,0.889020898621993,562.4164749951478,10.0,0.002,1.0
constrained thermal motion,mean_field_theory,mixed,10.0,500.0,10.0,1.001210885718716,4.959683893253852,4.959683893254785,0.4020564528962633,,,,gradient,500000.0,500000.0,465482.9444100722,100000.0,99999.888135989,1825.4233114120475,0.889020898621993,562.4164749951478,10.0,0.002,1.0
constrained thermal motion,mean_field_theory,mixed,10.0,500.0,10.0,1.0012432107047022,5.095317944687516,5.095317944687516,0.46152315094596,,,,gradient,500000.0,500000.0,459246.4520200527,100000.0,99999.77748963617,1800.9664785100106,0.889020898621993,562.4164749951478,10.0,0.002,1.0
constrained thermal motion,mean_field_theory,mixed,10.0,500.0,10.0,1.0012755367343298,5.231127269095603,5.231127269095603,0.5235500515117013,,,,gradient,500000.0,500000.0,452558.63443797367,100000.0,99999.57811933206,1774.7397428940144,0.889020898621993,562.4164749951478,10.0,0.002,1.0
constrained thermal motion,mean_field_theory,mixed,10.0,500.0,10.0,1.0013078638076318,5.367112092972803,5.367112092972803,0.5877473715654906,,,,gradient,500000.0,500000.0,445468.2211944684,100000.0,99999.23421988948,1746.934200762621,0.889020898621993,562.4164749951478,10.0,0.002,1.0
constrained thermal motion,mean_field_theory,mixed,10.0,500.0,10.0,1.0013401919246423,5.503272643109303,5.503272643109303,0.6537653640734258,,,,gradient,500000.0,500000.0,438026.5253294853,100000.0,99998.66410954292,1717.7510797234718,0.889020898621993,562.4164749951478,10.0,0.002,1.0
constrained thermal motion,mean_field_theory,mixed,10.0,500.0,10.0,1.0013725210853948,5.6396091465864995,5.6396091465864995,0.7212984805818053,,,,gradient,500000.0,500000.0,430285.7297941455,100000.0,99997.75260082216,1687.3950188005706,0.889020898621993,562.4164749951478,10.0,0.002,1.0
constrained thermal motion,mean_field_theory,mixed,10.0,500.0,10.0,1.0014048512899232,5.776121830781067,5.776121830781067,0.790125407249606,,,,gradient,500000.0,500000.0,422292.15578487824,100000.0,99996.33467514189,1656.0476697446206,0.889020898621993,562.4164749951478,10.0,0.002,1.0
constrained thermal motion,mean_field_theory,mixed,10.0,500.0,10.0,1.001437182538261,5.912810923361667,5.912810923361667,0.8600026256973671,,,,gradient,500000.0,500000.0,414099.837441459,100000.0,99994.20034327231,1623.9209311429763,0.889020898621993,562.4164749951478,10.0,0.002,1.0
constrained thermal motion,mean_field_theory,mixed,10.0,500.0,10.0,1.001469514830442,6.049676652291125,6.049676652291125,0.9307424887809737,,,,gradient,500000.0,500000.0,405758.16407222,100000.0,99991.08111500616,1591.208486557725,0.889020898621993,562.4164749951478,10.0,0.002,1.0
constrained thermal motion,mean_field_theory,mixed,10.0,500.0,10.0,1.0015018481665,6.1867192458287645,6.1867192458287645,1.002208131941119,,,,gradient,500000.0,500000.0,397311.5354261339,100000.0,99986.63905322396,1558.0844526515054,0.889020898621993,562.4164749951478,10.0,0.002,1.0
constrained thermal motion,mean_field_theory,mixed,10.0,500.0,10.0,1.0015341825464683,6.323938932526962,6.323938932526962,1.074295599723328,,,,gradient,500000.0,500000.0,388800.868135499,100000.0,99980.4619856796,1524.7092868058787,0.889020898621993,562.4164749951478,10.0,0.002,1.0
constrained thermal motion,mean_field_theory,mixed,10.0,500.0,10.0,1.001566517970381,6.461335941234392,6.461335941234392,1.146932293471353,,,,gradient,500000.0,500000.0,380263.10059828695,100000.0,99972.05552608406,1491.2278454834782,0.889020898621993,562.4164749951478,10.0,0.002,1.0
constrained thermal motion,mean_field_theory,mixed,10.0,500.0,10.0,1.0015988544382717,6.598910501095423,6.598910501095423,1.2201155726244717,,,,gradient,500000.0,500000.0,371727.12424139347,100000.0,99960.78211880506,1457.7534283976215,0.889020898621993,562.4164749951478,10.0,0.002,1.0
constrained thermal motion,mean_field_theory,mixed,10.0,500.0,10.0,1.001631191950174,6.736662841550567,6.736662841549634,1.2937661179208513,,,,gradient,500000.0,500000.0,363228.1489982842,100000.0,99946.01734167892,1424.4241137187612,0.889020898621993,562.4164749951478,10.0,0.002,1.0
constrained thermal motion,mean_field_theory,mixed,10.0,500.0,10.0,1.001663530506122,6.874593192335898,6.874593192335898,1.367870844953028,,,,gradient,500000.0,500000.0,354792.23658049654,100000.0,99927.01546215043,1391.3421042372413,0.889020898621993,562.4164749951478,10.0,0.002,1.0
constrained thermal motion,mean_field_theory,mixed,10.0,500.0,10.0,1.0016958701061487,7.012701783485231,7.012701783485231,1.4424300612994188,,,,gradient,500000.0,500000.0,346442.0117248148,100000.0,99902.95347621194,1358.5961244110383,0.889020898621993,562.4164749951478,10.0,0.002,1.0
constrained thermal motion,mean_field_theory,mixed,10.0,500.0,10.0,1.0017282107502885,7.1509888453306525,7.1509888453306525,1.5174546154143893,,,,gradient,500000.0,500000.0,338196.8870915659,100000.0,99872.93788822024,1326.2623023198662,0.889020898621993,562.4164749951478,10.0,0.002,1.0
constrained thermal motion,mean_field_theory,mixed,10.0,500.0,10.0,1.0017605524385749,7.28945460849999,7.28945460849999,1.5929851987140553,,,,gradient,500000.0,500000.0,330072.20075334323,100000.0,99835.94173830334,1294.400787268013,0.889020898621993,562.4164749951478,10.0,0.002,1.0
constrained thermal motion,mean_field_theory,mixed,10.0,500.0,10.0,1.0017928951710413,7.428099303919056,7.428099303919056,1.6690668127592243,,,,gradient,500000.0,500000.0,322081.1512982589,100000.0,99790.8594308223,1263.0633384245448,0.889020898621993,562.4164749951478,10.0,0.002,1.0
constrained thermal motion,mean_field_theory,mixed,10.0,500.0,10.0,1.0018252389477216,7.566923162813066,7.566923162813066,1.7456910622744537,,,,gradient,500000.0,500000.0,314237.28210933745,100000.0,99736.74508998945,1232.303067095441,0.889020898621993,562.4164749951478,10.0,0.002,1.0
constrained thermal motion,mean_field_theory,mixed,10.0,500.0,10.0,1.00185758376865,7.705926416707887,7.7059264167088415,1.8228905492574028,,,,gradient,500000.0,500000.0,306549.6305266101,100000.0,99672.52127954103,1202.1554138298436,0.889020898621993,562.4164749951478,10.0,0.002,1.0
constrained thermal motion,mean_field_theory,mixed,10.0,500.0,10.0,1.0018899296338593,7.845109297423858,7.845109297423858,1.9006996186357024,,,,gradient,500000.0,500000.0,299025.2721610282,100000.0,99597.10004842252,1172.648126121679,0.889020898621993,562.4164749951478,10.0,0.002,1.0
constrained thermal motion,mean_field_theory,mixed,10.0,500.0,10.0,1.0019222765433835,7.984472037084656,7.984472037083701,1.9791534554597956,,,,gradient,500000.0,500000.0,291669.54824264336,100000.0,99509.39725592888,1143.8021499711504,0.889020898621993,562.4164749951478,10.0,0.002,1.0
constrained thermal motion,mean_field_theory,mixed,10.0,500.0,10.0,1.0019546244972573,8.12401486811396,8.12401486811396,2.058337649742788,,,,gradient,500000.0,500000.0,284485.38944181695,100000.0,99408.03865490825,1115.6289782032038,0.889020898621993,562.4164749951478,10.0,0.002,1.0
constrained thermal motion,mean_field_theory,mixed,10.0,500.0,10.0,1.0019869734955131,8.263738023232857,8.263738023232857,2.138266424691982,,,,gradient,500000.0,500000.0,277476.0300891083,100000.0,99292.06708962044,1088.1412944670913,0.889020898621993,562.4164749951478,10.0,0.002,1.0
constrained thermal motion,mean_field_theory,mixed,10.0,500.0,10.0,1.0020193235381851,8.403641735466106,8.40364173546515,2.218949569905708,,,,gradient,500000.0,500000.0,270643.3569539795,100000.0,99160.62429763364,1061.3464978587433,0.889020898621993,562.4164749951478,10.0,0.002,1.0
constrained thermal motion,mean_field_theory,mixed,10.0,500.0,10.0,1.0020516746253074,8.543726238137639,8.543726238137639,2.300420219608759,,,,gradient,500000.0,500000.0,263987.6705006849,100000.0,99012.7736919652,1035.2457666693524,0.889020898621993,562.4164749951478,10.0,0.002,1.0
constrained thermal motion,mean_field_theory,mixed,10.0,500.0,10.0,1.002084026756913,8.683991764873845,8.683991764873845,2.382710144824232,,,,gradient,500000.0,500000.0,257508.42556580645,100000.0,98847.64621575244,1009.8369630031624,0.889020898621993,562.4164749951478,10.0,0.002,1.0
constrained thermal motion,mean_field_theory,mixed,10.0,500.0,10.0,1.0021163799330364,8.824438549603997,8.824438549603997,2.465849616222856,,,,gradient,500000.0,500000.0,251204.35994218223,100000.0,98664.44919455682,985.1151370281656,0.889020898621993,562.4164749951478,10.0,0.002,1.0
constrained thermal motion,mean_field_theory,mixed,10.0,500.0,10.0,1.0021487341537108,8.965066826557688,8.965066826557688,2.549958998734569,,,,gradient,500000.0,500000.0,245073.47564150515,100000.0,98461.70380036796,961.0724534960988,0.889020898621993,562.4164749951478,10.0,0.002,1.0
constrained thermal motion,mean_field_theory,mixed,10.0,500.0,10.0,1.00218108941897,9.105876830268244,9.105876830268244,2.63498197235766,,,,gradient,500000.0,500000.0,239113.75188591727,100000.0,98239.44785811537,937.7009877879108,0.889020898621993,562.4164749951478,10.0,0.002,1.0
constrained thermal motion,mean_field_theory,mixed,10.0,500.0,10.0,1.002213445728848,9.246868795571949,9.246868795572926,2.720941751269885,,,,gradient,500000.0,500000.0,233322.43640851323,100000.0,97997.17272333209,914.989946700052,0.889020898621993,562.4164749951478,10.0,0.002,1.0
constrained thermal motion,mean_field_theory,mixed,10.0,500.0,10.0,1.002245803083378,9.388042957607666,9.388042957608643,2.807862296326166,,,,gradient,500000.0,500000.0,227696.38113255484,100000.0,97734.4533291124,892.9269848335484,0.889020898621993,562.4164749951478,10.0,0.002,1.0
constrained thermal motion,mean_field_theory,mixed,10.0,500.0,10.0,1.002278161482594,9.529399551820015,9.529399551820015,2.895766003606901,,,,gradient,500000.0,500000.0,222232.1729081195,100000.0,97450.9632291022,871.4987172867433,0.889020898621993,562.4164749951478,10.0,0.002,1.0
constrained thermal motion,mean_field_theory,mixed,10.0,500.0,10.0,1.00231052092653,9.670938813956887,9.670938813956887,2.9847055687357646,,,,gradient,500000.0,500000.0,216926.38143333892,100000.0,97146.16839165616,850.6916918954468,0.889020898621993,562.4164749951478,10.0,0.002,1.0
constrained thermal motion,mean_field_theory,mixed,10.0,500.0,10.0,1.002342881415219,9.812660980069875,9.812660980068898,3.0747528789458576,,,,gradient,500000.0,500000.0,211775.42432651308,100000.0,96819.44876243724,830.4918601039728,0.889020898621993,562.4164749951478,10.0,0.002,1.0
constrained thermal motion,mean_field_theory,mixed,10.0,500.0,10.0,1.0023752429486958,9.954566286516542,9.954566286516542,3.1658482514095,,,,gradient,500000.0,500000.0,206775.18313642635,100000.0,96471.48762089084,810.8830711232406,0.889020898621993,562.4164749951478,10.0,0.002,1.0
constrained thermal motion,mean_field_theory,mixed,10.0,500.0,10.0,1.0024076055269937,10.09665496996086,10.096654969961838,3.258008558414351,,,,gradient,500000.0,500000.0,201921.67396200585,100000.0,96102.34783468618,791.8497018117877,0.889020898621993,562.4164749951478,10.0,0.002,1.0
constrained thermal motion,mean_field_theory,mixed,10.0,500.0,10.0,1.0024399691501458,10.238927267370702,10.238927267370702,3.351249454460385,,,,gradient,500000.0,500000.0,197210.87280335068,100000.0,95712.17995485588,773.3759717778458,0.889020898621993,562.4164749951478,10.0,0.002,1.0
constrained thermal motion,mean_field_theory,mixed,10.0,500.0,10.0,1.0024723338181865,10.381383416021103,10.381383416021103,3.445585454333268,,,,gradient,500000.0,500000.0,192638.74253415168,100000.0,95301.2173410118,755.446049153536,0.889020898621993,562.4164749951478,10.0,0.002,1.0
constrained thermal motion,mean_field_theory,mixed,10.0,500.0,10.0,1.0025046995311493,10.52402365349372,10.52402365349372,3.541110169093562,,,,gradient,500000.0,500000.0,188201.85935884848,100000.0,94868.99763223776,738.0465072896019,0.889020898621993,562.4164749951478,10.0,0.002,1.0
constrained thermal motion,mean_field_theory,mixed,10.0,500.0,10.0,1.002537066289068,10.666848217677206,10.666848217677206,3.6378159525532374,,,,gradient,500000.0,500000.0,183895.9987413725,100000.0,94416.1311411132,721.1607793779312,0.889020898621993,562.4164749951478,10.0,0.002,1.0
constrained thermal motion,mean_field_theory,mixed,10.0,500.0,10.0,1.0025694340919764,10.809857346767672,10.809857346767672,3.735661233143015,,,,gradient,500000.0,500000.0,179716.89693833492,100000.0,93943.57220726262,704.7721448562154,0.889020898621993,562.4164749951478,10.0,0.002,1.0
constrained thermal motion,mean_field_theory,mixed,10.0,500.0,10.0,1.0026018029399082,10.953051279268957,10.953051279268957,3.8346567753516303,,,,gradient,500000.0,500000.0,175660.64288356653,100000.0,93451.83731822604,688.8652662100648,0.889020898621993,562.4164749951478,10.0,0.002,1.0
constrained thermal motion,mean_field_theory,mixed,10.0,500.0,10.0,1.0026341728328971,11.096430253993184,11.096430253993184,3.934812556833574,,,,gradient,500000.0,500000.0,171723.39495714495,100000.0,92941.496181153,673.4250782633135,0.889020898621993,562.4164749951478,10.0,0.002,1.0
constrained thermal motion,mean_field_theory,mixed,10.0,500.0,10.0,1.0026665437709767,11.239994510060036,11.239994510060036,4.036137829352879,,,,gradient,500000.0,500000.0,167901.3893099145,100000.0,92413.16548096016,658.4368208231941,0.889020898621993,562.4164749951478,10.0,0.002,1.0
constrained thermal motion,mean_field_theory,mixed,10.0,500.0,10.0,1.002698915754181,11.383744286900166,11.383744286900166,4.13878568386303,,,,gradient,500000.0,500000.0,164192.04002274637,100000.0,91866.2225924228,643.8903530303779,0.889020898621993,562.4164749951478,10.0,0.002,1.0
constrained thermal motion,mean_field_theory,mixed,10.0,500.0,10.0,1.0027312887825437,11.527679824252646,11.527679824252646,4.242641420083342,,,,gradient,500000.0,500000.0,160590.73914561243,100000.0,91302.51366349128,629.7676044925978,0.889020898621993,562.4164749951478,10.0,0.002,1.0
constrained thermal motion,mean_field_theory,mixed,10.0,500.0,10.0,1.0027636628560983,11.671801362166368,11.67180136216539,4.347697966964507,,,,gradient,500000.0,500000.0,157093.93326416292,100000.0,90722.88417230126,616.0546402516193,0.889020898621993,562.4164749951478,10.0,0.002,1.0
constrained thermal motion,mean_field_theory,mixed,10.0,500.0,10.0,1.002796037974879,11.81610914099942,11.81610914099942,4.453962273670569,,,,gradient,500000.0,500000.0,153698.21243618822,100000.0,90128.08668054228,602.7380879850518,0.889020898621993,562.4164749951478,10.0,0.002,1.0
constrained thermal motion,mean_field_theory,mixed,10.0,500.0,10.0,1.0028284141389192,11.960603401422444,11.960603401422444,4.561440811995369,,,,gradient,500000.0,500000.0,150400.26469967596,100000.0,89518.89176148741,589.8049596065724,0.889020898621993,562.4164749951478,10.0,0.002,1.0
constrained thermal motion,mean_field_theory,mixed,10.0,500.0,10.0,1.0028607913482526,12.10528438441516,12.10528438441516,4.670179532892098,,,,gradient,500000.0,500000.0,147197.20274165474,100000.0,88895.75890934636,577.2439323202146,0.889020898621993,562.4164749951478,10.0,0.002,1.0
constrained thermal motion,mean_field_theory,mixed,10.0,500.0,10.0,1.002893169602913,12.25015233127058,12.25015233127058,4.780290989074378,,,,gradient,500000.0,500000.0,144086.48824117554,100000.0,88258.73083074081,565.0450519261785,0.889020898621993,562.4164749951478,10.0,0.002,1.0
constrained thermal motion,mean_field_theory,mixed,10.0,500.0,10.0,1.0029255489029345,12.395207483592618,12.395207483592618,4.891641347191787,,,,gradient,500000.0,500000.0,141064.19939896555,100000.0,87609.69858927262,553.1929388194728,0.889020898621993,562.4164749951478,10.0,0.002,1.0
constrained thermal motion,mean_field_theory,mixed,10.0,500.0,10.0,1.0029579292483504,12.540450083296362,12.540450083296362,5.0042356014269656,,,,gradient,500000.0,500000.0,138127.4118814683,100000.0,86949.46462199435,541.6761250253659,0.889020898621993,562.4164749951478,10.0,0.002,1.0
constrained thermal motion,mean_field_theory,mixed,10.0,500.0,10.0,1.0029903106391944,12.685880372610514,12.685880372610514,5.118078436210877,,,,gradient,500000.0,500000.0,135273.29773076755,100000.0,86278.82772192986,530.4835205128139,0.889020898621993,562.4164749951478,10.0,0.002,1.0
constrained thermal motion,mean_field_theory,mixed,10.0,500.0,10.0,1.0030226930755008,12.831498594078772,12.831498594078772,5.233174251837971,,,,gradient,500000.0,500000.0,132499.12361343272,100000.0,85598.57983528181,519.6044063271871,0.889020898621993,562.4164749951478,10.0,0.002,1.0
constrained thermal motion,mean_field_theory,mixed,10.0,500.0,10.0,1.003055076557303,12.977304990554272,12.977304990554272,5.349639240147377,,,,gradient,500000.0,500000.0,129802.96548114148,100000.0,84908.77641990922,509.0312371809469,0.889020898621993,562.4164749951478,10.0,0.002,1.0
constrained thermal motion,mean_field_theory,mixed,10.0,500.0,10.0,1.0030874610846343,13.12329980520599,13.12329980520499,5.467469748205723,,,,gradient,500000.0,500000.0,127182.06714600229,100000.0,84210.33779458179,498.75320449412663,0.889020898621993,562.4164749951478,10.0,0.002,1.0
constrained thermal motion,mean_field_theory,mixed,10.0,500.0,10.0,1.0031198466575295,13.269483281518069,13.269483281518069,5.586573153008124,,,,gradient,500000.0,500000.0,124633.43562887816,100000.0,83504.63763296421,488.7585710936399,0.889020898621993,562.4164749951478,10.0,0.002,1.0
constrained thermal motion,mean_field_theory,mixed,10.0,500.0,10.0,1.0031522332760217,13.41585566328838,13.41585566328838,5.706953001083964,,,,gradient,500000.0,500000.0,122154.69219311724,100000.0,82792.41802246466,479.0380086004598,0.889020898621993,562.4164749951478,10.0,0.002,1.0
constrained thermal motion,mean_field_theory,mixed,10.0,500.0,10.0,1.0031846209401447,13.56241719462976,13.56241719462976,5.8286126523169575,,,,gradient,500000.0,500000.0,119743.54174683316,100000.0,82074.40243965253,469.5825166542477,0.889020898621993,562.4164749951478,10.0,0.002,1.0
constrained thermal motion,mean_field_theory,mixed,10.0,500.0,10.0,1.0032170096499322,13.709168119969515,13.709168119969515,5.951555294430541,,,,gradient,500000.0,500000.0,117397.77028191969,100000.0,81351.29434133646,460.3834128702732,0.889020898621993,562.4164749951478,10.0,0.002,1.0
constrained thermal motion,mean_field_theory,mixed,10.0,500.0,10.0,1.003249399405418,13.856108684052847,13.856108684051849,6.075987819810735,,,,gradient,500000.0,500000.0,115116.316927938,100000.0,80622.74660096002,451.43653697230593,0.889020898621993,562.4164749951478,10.0,0.002,1.0
constrained thermal motion,mean_field_theory,mixed,10.0,500.0,10.0,1.0032817902066362,14.003239131940193,14.003239131940193,6.201753938763791,,,,gradient,500000.0,500000.0,112896.15213821769,100000.0,79890.33061798336,442.7300083851674,0.889020898621993,562.4164749951478,10.0,0.002,1.0
constrained thermal motion,mean_field_theory,mixed,10.0,500.0,10.0,1.0033141820536202,14.150559709008624,14.150559709008624,6.32882037579575,,,,gradient,500000.0,500000.0,110735.15663552238,100000.0,79154.85471205765,434.2555162177348,0.889020898621993,562.4164749951478,10.0,0.002,1.0
constrained thermal motion,mean_field_theory,mixed,10.0,500.0,10.0,1.0033465749464037,14.298070660951367,14.298070660951367,6.457189820135921,,,,gradient,500000.0,500000.0,108631.41420787633,100000.0,78416.93383992111,426.0055459132405,0.889020898621993,562.4164749951478,10.0,0.002,1.0
constrained thermal motion,mean_field_theory,mixed,10.0,500.0,10.0,1.0033789688850208,14.445772233782115,14.445772233782115,6.58686484313949,,,,gradient,500000.0,500000.0,106583.07724890008,100000.0,77677.15879227045,417.9728519564709,0.889020898621993,562.4164749951478,10.0,0.002,1.0
constrained thermal motion,mean_field_theory,mixed,10.0,500.0,10.0,1.003411363869505,14.593664673829457,14.593664673829457,6.717891612204748,,,,gradient,500000.0,500000.0,104588.60546288385,100000.0,76935.90867119773,410.1513939720935,0.889020898621993,562.4164749951478,10.0,0.002,1.0
constrained thermal motion,mean_field_theory,mixed,10.0,500.0,10.0,1.0034437598998902,14.741748227741304,14.741748227741304,6.850458872641791,,,,gradient,500000.0,500000.0,102646.93906558376,100000.0,76193.0812776183,402.5370159434657,0.889020898621993,562.4164749951478,10.0,0.002,1.0
constrained thermal motion,mean_field_theory,mixed,10.0,500.0,10.0,1.00347615697621,14.890023142484242,14.890023142484242,6.984347888489482,,,,gradient,500000.0,500000.0,100755.49147780896,100000.0,75450.08197687102,395.11957442278026,0.889020898621993,562.4164749951478,10.0,0.002,1.0
constrained thermal motion,mean_field_theory,mixed,10.0,500.0,10.0,1.0035085550984983,15.038489665344112,15.038489665344112,7.119560904478161,,,,gradient,500000.0,500000.0,98912.66542373784,100000.0,74707.40405360963,387.8928055832857,0.889020898621993,562.4164749951478,10.0,0.002,1.0
constrained thermal motion,mean_field_theory,mixed,10.0,500.0,10.0,1.003540954266789,15.18714804392718,15.18714804392718,7.256100080576606,,,,gradient,500000.0,500000.0,97116.92073452949,100000.0,73965.51654875318,380.8506695471745,0.889020898621993,562.4164749951478,10.0,0.002,1.0
constrained thermal motion,mean_field_theory,mixed,10.0,500.0,10.0,1.0035733544811158,15.33599852615879,15.33599852615879,7.393967496955163,,,,gradient,500000.0,500000.0,95366.77220785948,100000.0,73224.86461149121,373.9873419916058,0.889020898621993,562.4164749951478,10.0,0.002,1.0
constrained thermal motion,mean_field_theory,mixed,10.0,500.0,10.0,1.0036057557415123,15.485041360283525,15.485041360283525,7.533310364672875,,,,gradient,500000.0,500000.0,93661.3594064815,100000.0,72485.43889370601,367.2994486528686,0.889020898621993,562.4164749951478,10.0,0.002,1.0
constrained thermal motion,mean_field_theory,mixed,10.0,500.0,10.0,1.0036381580480125,15.634276794867862,15.634276794868883,7.674150283670509,,,,gradient,500000.0,500000.0,91999.21978954374,100000.0,71747.67334800983,360.78125407664214,0.889020898621993,562.4164749951478,10.0,0.002,1.0
constrained thermal motion,mean_field_theory,mixed,10.0,500.0,10.0,1.0036705614006496,15.78370507880047,15.78370507880047,7.816333851503527,,,,gradient,500000.0,500000.0,90378.49840185395,100000.0,71012.39552807236,354.42548392883907,0.889020898621993,562.4164749951478,10.0,0.002,1.0
constrained thermal motion,mean_field_theory,mixed,10.0,500.0,10.0,1.0037029657994585,15.933326461291664,15.933326461292683,7.959862943475373,,,,gradient,500000.0,500000.0,88797.91027957467,100000.0,70279.9588869188,348.22709913558697,0.889020898621993,562.4164749951478,10.0,0.002,1.0
constrained thermal motion,mean_field_theory,mixed,10.0,500.0,10.0,1.0037353712444717,16.083141191870666,16.083141191870666,8.104739374059323,,,,gradient,500000.0,500000.0,87256.21586397519,100000.0,69550.69549457138,342.18123868225564,0.889020898621993,562.4164749951478,10.0,0.002,1.0
constrained thermal motion,mean_field_theory,mixed,10.0,500.0,10.0,1.0037677777357237,16.233149520392274,16.233149520392274,8.25096489989856,,,,gradient,500000.0,500000.0,85752.2192742953,100000.0,68824.91669431744,336.2832128403737,0.889020898621993,562.4164749951478,10.0,0.002,1.0
constrained thermal motion,mean_field_theory,mixed,10.0,500.0,10.0,1.0038001852732483,16.383351697034154,16.383351697034154,8.398811976416047,,,,gradient,500000.0,500000.0,84285.6221545423,100000.0,68102.35281007779,330.5318515864404,0.889020898621993,562.4164749951478,10.0,0.002,1.0
constrained thermal motion,mean_field_theory,mixed,10.0,500.0,10.0,1.0038325938570791,16.53374797229519,16.53374797229519,8.5480896625792,,,,gradient,500000.0,500000.0,82854.58324067692,100000.0,67383.7571593059,324.9199342771644,0.889020898621993,562.4164749951478,10.0,0.002,1.0
constrained thermal motion,mean_field_theory,mixed,10.0,500.0,10.0,1.00386500348725,16.684338597000004,16.684338597000004,8.698731522353917,,,,gradient,500000.0,500000.0,81457.86974754233,100000.0,66669.51378934883,319.4426264609503,0.889020898621993,562.4164749951478,10.0,0.002,1.0
constrained thermal motion,mean_field_theory,mixed,10.0,500.0,10.0,1.0038974141637946,16.83512382229535,16.83512382229535,8.850739179763243,,,,gradient,500000.0,500000.0,80094.44512584846,100000.0,65959.85660572143,314.0958632386214,0.889020898621993,562.4164749951478,10.0,0.002,1.0
constrained thermal motion,mean_field_theory,mixed,10.0,500.0,10.0,1.0039298258867468,16.98610389965449,16.98610389965449,9.004114212787256,,,,gradient,500000.0,500000.0,78763.30885447144,100000.0,65255.002215445296,308.8757209979272,0.889020898621993,562.4164749951478,10.0,0.002,1.0
constrained thermal motion,mean_field_theory,mixed,10.0,500.0,10.0,1.0039622386561404,17.137279080874677,17.137279080874677,9.158901165704442,,,,gradient,500000.0,500000.0,77463.65343849886,100000.0,64555.07704722947,303.7790330921524,0.889020898621993,562.4164749951478,10.0,0.002,1.0
constrained thermal motion,mean_field_theory,mixed,10.0,500.0,10.0,1.0039946524720091,17.288649618078544,17.288649618078544,9.315395349548638,,,,gradient,500000.0,500000.0,76195.16574824652,100000.0,63859.895521120474,298.80457156175106,0.889020898621993,562.4164749951478,10.0,0.002,1.0
constrained thermal motion,mean_field_theory,mixed,10.0,500.0,10.0,1.0040270673343867,17.440215763714484,17.440215763714484,9.473271980911194,,,,gradient,500000.0,500000.0,74956.13854121276,100000.0,63170.116567051635,293.9456413380892,0.889020898621993,562.4164749951478,10.0,0.002,1.0
constrained thermal motion,mean_field_theory,mixed,10.0,500.0,10.0,1.0040594832433072,17.59197777055821,17.59197777055821,9.632532545491609,,,,gradient,500000.0,500000.0,73745.7029821483,100000.0,62485.8930655923,289.198835224111,0.889020898621993,562.4164749951478,10.0,0.002,1.0
constrained thermal motion,mean_field_theory,mixed,10.0,500.0,10.0,1.0040919001988042,17.743935891710947,17.743935891710947,9.793178491458958,,,,gradient,500000.0,500000.0,72563.01997713948,100000.0,61807.36406637941,284.56086265544894,0.889020898621993,562.4164749951478,10.0,0.002,1.0
constrained thermal motion,mean_field_theory,mixed,10.0,500.0,10.0,1.0041243182009114,17.89609038060007,17.89609038060007,9.955211230973871,,,,gradient,500000.0,500000.0,71407.27905830249,100000.0,61134.65545303751,280.0285453266764,0.889020898621993,562.4164749951478,10.0,0.002,1.0
constrained thermal motion,mean_field_theory,mixed,10.0,500.0,10.0,1.0041567372496627,18.04844149098239,18.04844149098239,10.118812694115546,,,,gradient,500000.0,500000.0,70278.12825157391,100000.0,60467.70221070948,275.6005029473487,0.889020898621993,562.4164749951478,10.0,0.002,1.0
constrained thermal motion,mean_field_theory,mixed,10.0,500.0,10.0,1.0041891573450918,18.20098947694169,18.20098947694169,10.284046721058532,,,,gradient,500000.0,500000.0,69174.81229742616,100000.0,59806.60180757475,271.2737737153967,0.889020898621993,562.4164749951478,10.0,0.002,1.0
constrained thermal motion,mean_field_theory,mixed,10.0,500.0,10.0,1.0042215784872328,18.35373459289109,18.35373459289109,10.450682723542236,,,,gradient,500000.0,500000.0,68096.14159296357,100000.0,59151.66676481927,267.0436925214258,0.889020898621993,562.4164749951478,10.0,0.002,1.0
constrained thermal motion,mean_field_theory,mixed,10.0,500.0,10.0,1.0042540006761191,18.506677093570342,18.506677093570342,10.61872205620117,,,,gradient,500000.0,500000.0,67041.41058544736,100000.0,58502.97498452274,262.90749249195045,0.889020898621993,562.4164749951478,10.0,0.002,1.0
constrained thermal motion,mean_field_theory,mixed,10.0,500.0,10.0,1.0042864239117848,18.659817234050593,18.659817234050593,10.788166043824331,,,,gradient,500000.0,500000.0,66009.93739918164,100000.0,57860.59427548031,258.86249960463385,0.889020898621993,562.4164749951478,10.0,0.002,1.0
constrained thermal motion,mean_field_theory,mixed,10.0,500.0,10.0,1.0043188481942635,18.813155269731396,18.813155269731396,10.959015982511412,,,,gradient,500000.0,500000.0,65001.06295974369,100000.0,57224.58290891856,254.90612925389684,0.889020898621993,562.4164749951478,10.0,0.002,1.0
constrained thermal motion,mean_field_theory,mixed,10.0,500.0,10.0,1.004351273523589,18.96669145634245,18.96669145634245,11.131620355746444,,,,gradient,500000.0,500000.0,64014.81384098888,100000.0,56594.789528033005,251.03848565093676,0.889020898621993,562.4164749951478,10.0,0.002,1.0
constrained thermal motion,mean_field_theory,mixed,10.0,500.0,10.0,1.0043836998997957,19.12042604994493,19.12042604994597,11.305756238407865,,,,gradient,500000.0,500000.0,63050.04288430543,100000.0,55971.429303062105,247.2550701345311,0.889020898621993,562.4164749951478,10.0,0.002,1.0
constrained thermal motion,mean_field_theory,mixed,10.0,500.0,10.0,1.0044161273229162,19.27435930692878,19.27435930692878,11.481313511296722,,,,gradient,500000.0,500000.0,62105.9977985392,100000.0,55354.59446779472,243.55293254329095,0.889020898621993,562.4164749951478,10.0,0.002,1.0
constrained thermal motion,mean_field_theory,mixed,10.0,500.0,10.0,1.004448555792985,19.42849148401635,19.42849148401635,11.658293438401374,,,,gradient,500000.0,500000.0,61182.10329783247,100000.0,54744.308776388985,239.929816854245,0.889020898621993,562.4164749951478,10.0,0.002,1.0
constrained thermal motion,mean_field_theory,mixed,10.0,500.0,10.0,1.004480985310036,19.582822838263823,19.582822838263823,11.836697259625334,,,,gradient,500000.0,500000.0,60277.80299760278,100000.0,54140.588951291975,236.38354116706972,0.889020898621993,562.4164749951478,10.0,0.002,1.0
constrained thermal motion,mean_field_theory,mixed,10.0,500.0,10.0,1.004513415874103,19.737353627056375,19.737353627056375,12.01656431798941,,,,gradient,500000.0,500000.0,59392.66243501173,100000.0,53543.42888303016,232.91240170592835,0.889020898621993,562.4164749951478,10.0,0.002,1.0
constrained thermal motion,mean_field_theory,mixed,10.0,500.0,10.0,1.0045458474852196,19.892084108113917,19.892084108113917,12.198327284672752,,,,gradient,500000.0,500000.0,58526.71185863862,100000.0,52952.72174958114,229.51651709270047,0.889020898621993,562.4164749951478,10.0,0.002,1.0
constrained thermal motion,mean_field_theory,mixed,10.0,500.0,10.0,1.0045782801434195,20.047014539487297,20.047014539487297,12.381529946434576,,,,gradient,500000.0,500000.0,57678.770502128136,100000.0,52368.62106064707,226.19125687109073,0.889020898621993,562.4164749951478,10.0,0.002,1.0
constrained thermal motion,mean_field_theory,mixed,10.0,500.0,10.0,1.004610713848737,20.202145179563935,20.202145179563935,12.566173527203476,,,,gradient,500000.0,500000.0,56848.3515869187,100000.0,51791.118186054046,222.93471210556353,0.889020898621993,562.4164749951478,10.0,0.002,1.0
constrained thermal motion,mean_field_theory,mixed,10.0,500.0,10.0,1.0046431486012053,20.357476287060948,20.357476287060948,12.752259230422244,,,,gradient,500000.0,500000.0,56034.98403190187,100000.0,51220.19949204025,219.74503541922303,0.889020898621993,562.4164749951478,10.0,0.002,1.0
constrained thermal motion,mean_field_theory,mixed,10.0,500.0,10.0,1.0046755844008588,20.513008121035114,20.513008121035114,12.939788239789255,,,,gradient,500000.0,500000.0,55238.21188742742,100000.0,50655.84668468985,216.62043877422516,0.889020898621993,562.4164749951478,10.0,0.002,1.0
constrained thermal motion,mean_field_theory,mixed,10.0,500.0,10.0,1.0047080212477308,20.66874094087261,20.66874094087261,13.128981250682893,,,,gradient,500000.0,500000.0,54457.92298991065,100000.0,50098.010450303635,213.5604823133751,0.889020898621993,562.4164749951478,10.0,0.002,1.0
constrained thermal motion,mean_field_theory,mixed,10.0,500.0,10.0,1.0047404591418554,20.82467500629801,20.82467500629801,13.319960316178902,,,,gradient,500000.0,500000.0,53693.73348896602,100000.0,49546.67170590449,210.5636607410432,0.889020898621993,562.4164749951478,10.0,0.002,1.0
constrained thermal motion,mean_field_theory,mixed,10.0,500.0,10.0,1.0047728980832662,20.980810577370423,20.980810577370423,13.512398933396373,,,,gradient,500000.0,500000.0,52944.83676758128,100000.0,49001.84177418686,207.6268108532599,0.889020898621993,562.4164749951478,10.0,0.002,1.0
constrained thermal motion,mean_field_theory,mixed,10.0,500.0,10.0,1.0048053380719972,21.13714791448611,21.13714791448611,13.70629828462309,,,,gradient,500000.0,500000.0,52210.832736745266,100000.0,48463.48561795085,204.74836367351085,0.889020898621993,562.4164749951478,10.0,0.002,1.0
constrained thermal motion,mean_field_theory,mixed,10.0,500.0,10.0,1.0048377791080825,21.293687278376726,21.293687278377817,13.901659535053964,,,,gradient,500000.0,500000.0,51491.33390411325,100000.0,47931.56505429441,201.92679962397352,0.889020898621993,562.4164749951478,10.0,0.002,1.0
constrained thermal motion,mean_field_theory,mixed,10.0,500.0,10.0,1.004870221191555,21.45042893011091,21.45042893011091,14.098483833365073,,,,gradient,500000.0,500000.0,50785.96492653469,100000.0,47406.039004221675,199.16064677072427,0.889020898621993,562.4164749951478,10.0,0.002,1.0
constrained thermal motion,mean_field_theory,mixed,10.0,500.0,10.0,1.0049026643224492,21.607373131094597,21.607373131094597,14.297208188472863,,,,gradient,500000.0,500000.0,50094.8863318308,100000.0,46886.87623352214,196.4505346346306,0.889020898621993,562.4164749951478,10.0,0.002,1.0
constrained thermal motion,mean_field_theory,mixed,10.0,500.0,10.0,1.004935108500799,21.76452014307264,21.76452014307264,14.49757743211978,,,,gradient,500000.0,500000.0,49417.3487424554,100000.0,46374.03844978789,193.79352448021723,0.889020898621993,562.4164749951478,10.0,0.002,1.0
constrained thermal motion,mean_field_theory,mixed,10.0,500.0,10.0,1.0049675537266378,21.92187022812697,21.92187022812697,14.699426483089828,,,,gradient,500000.0,500000.0,48752.86543942199,100000.0,45867.47445208799,191.18770760557643,0.889020898621993,562.4164749951478,10.0,0.002,1.0
constrained thermal motion,mean_field_theory,mixed,10.0,500.0,10.0,1.005,22.079423648679388,22.079423648679388,14.90275649913672,,,,gradient,500000.0,500000.0,48101.10604134236,100000.0,45367.13279071896,188.63178839742105,0.889020898621993,562.4164749951478,10.0,0.002,1.0
constrained thermal motion,mean_field_theory,polarized,0.0,500.0,10.0,1.0,0.0,1.0,1.2847191912401916e-08,,,,zero_gradient_control,200000.0,200000.0,199999.99983693837,100000.0,99999.9999999985,0.0,1.0,500.0,0.0,0.002,1.0
constrained thermal motion,mean_field_theory,polarized,0.0,500.0,10.0,1.0005,2.0196240732495596,2.0196240732495596,5.593424741883011e-06,,,,gradient,500000.0,500000.0,499999.8479625544,100000.0,99999.99999999996,1960.7837175002137,1.0,500.0,0.0,0.002,1.0
constrained thermal motion,mean_field_theory,polarized,0.0,500.0,10.0,1.0005323020344072,2.151458835184439,2.151458835184439,3.635502577016808e-05,,,,gradient,500000.0,500000.0,499998.9124044108,100000.0,99999.9999999998,1960.7800486447484,1.0,500.0,0.0,0.002,1.0
constrained thermal motion,mean_field_theory,polarized,0.0,500.0,10.0,1.0005646051117143,2.283463960464771,2.2834639604638607,0.0001733256730894,,,,gradient,500000.0,500000.0,499994.3123567847,100000.0,99999.9999999994,1960.762009242293,1.0,500.0,0.0,0.002,1.0
constrained thermal motion,mean_field_theory,polarized,0.0,500.0,10.0,1.000596909231955,2.4156396692418314,2.415639669240921,0.0006427113692487,,,,gradient,500000.0,500000.0,499976.9429769091,100000.0,100000.0,1960.6938940270943,1.0,500.0,0.0,0.002,1.0
constrained thermal motion,mean_field_theory,polarized,0.0,500.0,10.0,1.0006292143951636,2.547986181953243,2.547986181953243,0.0019405215057083,,,,gradient,500000.0,500000.0,499924.1451373102,100000.0,99999.9999999999,1960.4868436757265,1.0,500.0,0.0,0.002,1.0
constrained thermal motion,mean_field_theory,polarized,0.0,500.0,10.0,1.0006615206013727,2.6805037193187164,2.6805037193187164,0.0049515411005552,,,,gradient,500000.0,500000.0,499789.7491319698,100000.0,99999.99999999984,1959.9598005175287,1.0,500.0,0.0,0.002,1.0
constrained thermal motion,mean_field_theory,polarized,0.0,500.0,10.0,1.0006938278506168,2.8131925023468174,2.8131925023468174,0.0109836720023416,,,,gradient,500000.0,500000.0,499495.0098268912,100000.0,100000.0,1958.803960105456,1.0,500.0,0.0,0.002,1.0
constrained thermal motion,mean_field_theory,polarized,0.0,500.0,10.0,1.000726136142929,2.9460527523271773,2.9460527523271773,0.0216649484343905,,,,gradient,500000.0,500000.0,498925.1687778764,100000.0,99999.9999999997,1956.5692893250057,1.0,500.0,0.0,0.002,1.0
constrained thermal motion,mean_field_theory,polarized,0.0,500.0,10.0,1.0007584454783431,3.07908469083904,3.07908469083904,0.0387381639129774,,,,gradient,500000.0,500000.0,497933.3471289474,100000.0,99999.99999999936,1952.6797926625388,1.0,500.0,0.0,0.002,1.0
constrained thermal motion,mean_field_theory,polarized,0.0,500.0,10.0,1.0007907558568931,3.212288539746999,3.212288539746999,0.063788832268407,,,,gradient,500000.0,500000.0,496353.28598029807,100000.0,99999.99999999577,1946.4834744325417,1.0,500.0,0.0,0.002,1.0
constrained thermal motion,mean_field_theory,polarized,0.0,500.0,10.0,1.0008230672786125,3.34566452120153,3.34566452120153,0.0980000487903662,,,,gradient,500000.0,500000.0,494017.59993905167,100000.0,99999.99999996062,1937.3239213296144,1.0,500.0,0.0,0.002,1.0
constrained thermal motion,mean_field_theory,polarized,0.0,500.0,10.0,1.000855379743535,3.4792128576401016,3.479212857641012,0.1420467305676174,,,,gradient,500000.0,500000.0,490772.36193112674,100000.0,99999.99999967628,1924.5974977691244,1.0,500.0,0.0,0.002,1.0
constrained thermal motion,mean_field_theory,polarized,0.0,500.0,10.0,1.000887693251694,3.612933771790416,3.612933771790416,0.1959163540405064,,,,gradient,500000.0,500000.0,486505.4711809576,100000.0,99999.99999781746,1907.8645928665003,1.0,500.0,0.0,0.002,1.0
constrained thermal motion,mean_field_theory,polarized,0.0,500.0,10.0,1.0009200078031233,3.7468274866633737,3.7468274866633737,0.2590669442477475,,,,gradient,500000.0,500000.0,481149.8434577103,100000.0,99999.99998764729,1886.862131206707,1.0,500.0,0.0,0.002,1.0
constrained thermal motion,mean_field_theory,polarized,0.0,500.0,10.0,1.000952323397857,3.880894225562681,3.880894225562681,0.3305471383326952,,,,gradient,500000.0,500000.0,474687.69497899985,100000.0,99999.99994012406,1861.520372466666,1.0,500.0,0.0,0.002,1.0
constrained thermal motion,mean_field_theory,polarized,0.0,500.0,10.0,1.0009846400359284,4.015134212076887,4.015134212076887,0.4091443542718259,,,,gradient,500000.0,500000.0,467149.1869183386,100000.0,99999.99974712836,1831.9575957581903,1.0,500.0,0.0,0.002,1.0
constrained thermal motion,mean_field_theory,polarized,0.0,500.0,10.0,1.001016957717371,4.149547670086262,4.1495476700853295,0.4935467318828738,,,,gradient,500000.0,500000.0,458604.40819262294,100000.0,99999.99905418971,1798.4486595789135,1.0,500.0,0.0,0.002,1.0
constrained thermal motion,mean_field_theory,polarized,0.0,500.0,10.0,1.0010492764422192,4.284134823757602,4.284134823757602,0.5824951751231217,,,,gradient,500000.0,500000.0,449149.792211636,100000.0,99999.99680777964,1761.3717341632785,1.0,500.0,0.0,0.002,1.0
constrained thermal motion,mean_field_theory,polarized,0.0,500.0,10.0,1.0010815962105062,4.418895897551067,4.418895897551067,0.6747390608239722,,,,gradient,500000.0,500000.0,438919.0459187393,100000.0,99999.99026096016,1721.2511604656445,1.0,500.0,0.0,0.002,1.0
constrained thermal motion,mean_field_theory,polarized,0.0,500.0,10.0,1.0011139170222656,4.553831116213192,4.553831116213192,0.7692550228719099,,,,gradient,500000.0,500000.0,428049.5510284907,100000.0,99999.97285983423,1678.6256903078067,1.0,500.0,0.0,0.002,1.0
constrained thermal motion,mean_field_theory,polarized,0.0,500.0,10.0,1.0011462388775312,4.688940704782785,4.688940704782785,0.8652130633434836,,,,gradient,500000.0,500000.0,416681.8825560625,100000.0,99999.93028455816,1634.0465982590686,1.0,500.0,0.0,0.002,1.0
constrained thermal motion,mean_field_theory,polarized,0.0,500.0,10.0,1.001178561776337,4.824224888589401,4.824224888590334,0.9619778800445872,,,,gradient,500000.0,500000.0,404953.0158092939,100000.0,99999.83361288844,1588.051042389388,1.0,500.0,0.0,0.002,1.0
constrained thermal motion,mean_field_theory,polarized,0.0,500.0,10.0,1.001210885718716,4.959683893253852,4.959683893254785,1.0591151492323938,,,,gradient,500000.0,500000.0,392988.2926924345,100000.0,99999.62757590112,1541.1305595781746,1.0,500.0,0.0,0.002,1.0
constrained thermal motion,mean_field_theory,polarized,0.0,500.0,10.0,1.0012432107047022,5.095317944687516,5.095317944687516,1.1563311573913009,,,,gradient,500000.0,500000.0,380904.6057089476,100000.0,99999.21364017614,1493.7435517997944,1.0,500.0,0.0,0.002,1.0
constrained thermal motion,mean_field_theory,polarized,0.0,500.0,10.0,1.0012755367343298,5.231127269095603,5.231127269095603,1.2534337591538658,,,,gradient,500000.0,500000.0,368809.16352682066,100000.0,99998.4299125045,1446.3104452032185,1.0,500.0,0.0,0.002,1.0
constrained thermal motion,mean_field_theory,polarized,0.0,500.0,10.0,1.0013078638076318,5.367112092972803,5.367112092972803,1.350360361821136,,,,gradient,500000.0,500000.0,356790.47616891086,100000.0,99997.02034808382,1399.1783379172975,1.0,500.0,0.0,0.002,1.0
constrained thermal motion,mean_field_theory,polarized,0.0,500.0,10.0,1.0013401919246423,5.503272643109303,5.503272643109303,1.4471259745999647,,,,gradient,500000.0,500000.0,344922.80207949237,100000.0,99994.60097413031,1352.638439527421,1.0,500.0,0.0,0.002,1.0
constrained thermal motion,mean_field_theory,polarized,0.0,500.0,10.0,1.0013725210853948,5.6396091465864995,5.6396091465864995,1.543801374184349,,,,gradient,500000.0,500000.0,333266.9116685923,100000.0,99990.62163542796,1306.929065367029,1.0,500.0,0.0,0.002,1.0
constrained thermal motion,mean_field_theory,polarized,0.0,500.0,10.0,1.0014048512899232,5.776121830781067,5.776121830781067,1.640534596455095,,,,gradient,500000.0,500000.0,321869.4109420234,100000.0,99984.29311937129,1262.2329840863663,1.0,500.0,0.0,0.002,1.0
constrained thermal motion,mean_field_theory,polarized,0.0,500.0,10.0,1.001437182538261,5.912810923361667,5.912810923361667,1.7374359980431209,,,,gradient,500000.0,500000.0,310769.8979363352,100000.0,99974.60444106851,1218.7054821032752,1.0,500.0,0.0,0.002,1.0
constrained thermal motion,mean_field_theory,polarized,0.0,500.0,10.0,1.001469514830442,6.049676652291125,6.049676652291125,1.834637671477082,,,,gradient,500000.0,500000.0,299996.69483974896,100000.0,99960.27161313928,1176.4576268225449,1.0,500.0,0.0,0.002,1.0
constrained thermal motion,mean_field_theory,polarized,0.0,500.0,10.0,1.0015018481665,6.1867192458287645,6.1867192458287645,1.9322880362057056,,,,gradient,500000.0,500000.0,289569.0745431337,100000.0,99939.70201174066,1135.5649982083676,1.0,500.0,0.0,0.002,1.0
constrained thermal motion,mean_field_theory,polarized,0.0,500.0,10.0,1.0015341825464683,6.323938932526962,6.323938932526962,2.030533340381396,,,,gradient,500000.0,500000.0,279499.32693628414,100000.0,99910.9921796184,1096.0757919069963,1.0,500.0,0.0,0.002,1.0
constrained thermal motion,mean_field_theory,polarized,0.0,500.0,10.0,1.001566517970381,6.461335941234392,6.461335941234392,2.129517664670767,,,,gradient,500000.0,500000.0,269793.95485485863,100000.0,99871.92044440088,1058.0155092347395,1.0,500.0,0.0,0.002,1.0
constrained thermal motion,mean_field_theory,polarized,0.0,500.0,10.0,1.0015988544382717,6.598910501095423,6.598910501095423,2.2294403615130634,,,,gradient,500000.0,500000.0,260455.1999659303,100000.0,99819.7309894188,1021.392941042864,1.0,500.0,0.0,0.002,1.0
constrained thermal motion,mean_field_theory,polarized,0.0,500.0,10.0,1.001631191950174,6.736662841550567,6.736662841549634,2.3303592666384567,,,,gradient,500000.0,500000.0,251481.10032930193,100000.0,99751.82145490668,986.2003934482428,1.0,500.0,0.0,0.002,1.0
constrained thermal motion,mean_field_theory,polarized,0.0,500.0,10.0,1.001663530506122,6.874593192335898,6.874593192335898,2.4323854500071023,,,,gradient,500000.0,500000.0,242866.4846884157,100000.0,99665.22664832268,952.4175870133948,1.0,500.0,0.0,0.002,1.0
constrained thermal motion,mean_field_theory,polarized,0.0,500.0,10.0,1.0016958701061487,7.012701783485231,7.012701783485231,2.5356192439185437,,,,gradient,500000.0,500000.0,234603.86743874356,100000.0,99556.8468652864,920.0151664264454,1.0,500.0,0.0,0.002,1.0
constrained thermal motion,mean_field_theory,polarized,0.0,500.0,10.0,1.0017282107502885,7.1509888453306525,7.1509888453306525,2.640150590099947,,,,gradient,500000.0,500000.0,226684.0186025963,100000.0,99423.5190857824,888.9569356964561,1.0,500.0,0.0,0.002,1.0
constrained thermal motion,mean_field_theory,polarized,0.0,500.0,10.0,1.0017605524385749,7.28945460849999,7.28945460849999,2.746095451914234,,,,gradient,500000.0,500000.0,219097.03766135895,100000.0,99261.82855825868,859.2040692602311,1.0,500.0,0.0,0.002,1.0
constrained thermal motion,mean_field_theory,polarized,0.0,500.0,10.0,1.0017928951710413,7.428099303919056,7.428099303919056,2.853557863477539,,,,gradient,500000.0,500000.0,211832.16577013585,100000.0,99068.37733709416,830.7143755691602,1.0,500.0,0.0,0.002,1.0
constrained thermal motion,mean_field_theory,polarized,0.0,500.0,10.0,1.0018252389477216,7.566923162813066,7.566923162813066,2.9625404225847247,,,,gradient,500000.0,500000.0,204876.42411590787,100000.0,98840.6607776418,803.4369573172858,1.0,500.0,0.0,0.002,1.0
constrained thermal motion,mean_field_theory,polarized,0.0,500.0,10.0,1.00185758376865,7.705926416707887,7.7059264167088415,3.0730984048563603,,,,gradient,500000.0,500000.0,198217.4903259618,100000.0,98576.0077491515,777.3234914743599,1.0,500.0,0.0,0.002,1.0
constrained thermal motion,mean_field_theory,polarized,0.0,500.0,10.0,1.0018899296338593,7.845109297423858,7.845109297423858,3.185280358470871,,,,gradient,500000.0,500000.0,191842.93919879524,100000.0,98272.04242615696,752.3252517599814,1.0,500.0,0.0,0.002,1.0
constrained thermal motion,mean_field_theory,polarized,0.0,500.0,10.0,1.0019222765433835,7.984472037084656,7.984472037083701,3.299128848394324,,,,gradient,500000.0,500000.0,185740.3998294427,100000.0,97926.73308733896,728.3937248213439,1.0,500.0,0.0,0.002,1.0
constrained thermal motion,mean_field_theory,polarized,0.0,500.0,10.0,1.0019546244972573,8.12401486811396,8.12401486811396,3.414767047662887,,,,gradient,500000.0,500000.0,179899.13555797725,100000.0,97537.50068063938,705.4868061097147,1.0,500.0,0.0,0.002,1.0
constrained thermal motion,mean_field_theory,polarized,0.0,500.0,10.0,1.0019869734955131,8.263738023232857,8.263738023232857,3.532191194311906,,,,gradient,500000.0,500000.0,174306.51507015215,100000.0,97103.42409793528,683.5549610594202,1.0,500.0,0.0,0.002,1.0
constrained thermal motion,mean_field_theory,polarized,0.0,500.0,10.0,1.0020193235381851,8.403641735466106,8.40364173546515,3.65138928574572,,,,gradient,500000.0,500000.0,168950.2147165381,100000.0,96624.12168864072,662.5498616334827,1.0,500.0,0.0,0.002,1.0
constrained thermal motion,mean_field_theory,polarized,0.0,500.0,10.0,1.0020516746253074,8.543726238137639,8.543726238137639,3.7723863158978377,,,,gradient,500000.0,500000.0,163819.00178031245,100000.0,96099.21477984112,642.4274579620096,1.0,500.0,0.0,0.002,1.0
constrained thermal motion,mean_field_theory,polarized,0.0,500.0,10.0,1.002084026756913,8.683991764873845,8.683991764873845,3.8952041573437417,,,,gradient,500000.0,500000.0,158902.0643751574,100000.0,95528.74181592446,623.1453504908134,1.0,500.0,0.0,0.002,1.0
constrained thermal motion,mean_field_theory,polarized,0.0,500.0,10.0,1.0021163799330364,8.824438549603997,8.824438549603997,4.019861961632027,,,,gradient,500000.0,500000.0,154189.031138654,100000.0,94913.14082097897,604.6628672104079,1.0,500.0,0.0,0.002,1.0
constrained thermal motion,mean_field_theory,polarized,0.0,500.0,10.0,1.0021487341537108,8.965066826557688,8.965066826557688,4.146532290730437,,,,gradient,500000.0,500000.0,149672.16455126,100000.0,94251.40876972787,586.949664906902,1.0,500.0,0.0,0.002,1.0
constrained thermal motion,mean_field_theory,polarized,0.0,500.0,10.0,1.00218108941897,9.105876830268244,9.105876830268244,4.275086396171672,,,,gradient,500000.0,500000.0,145339.82094141244,100000.0,93546.4098660565,569.960082123186,1.0,500.0,0.0,0.002,1.0
constrained thermal motion,mean_field_theory,polarized,0.0,500.0,10.0,1.002213445728848,9.246868795571949,9.246868795572926,4.405534376842638,,,,gradient,500000.0,500000.0,141182.92888176374,100000.0,92799.673690241,553.6585446343677,1.0,500.0,0.0,0.002,1.0
constrained thermal motion,mean_field_theory,polarized,0.0,500.0,10.0,1.002245803083378,9.388042957607666,9.388042957608643,4.537887692974415,,,,gradient,500000.0,500000.0,137192.9029660828,100000.0,92012.967065141,538.0113841807168,1.0,500.0,0.0,0.002,1.0
constrained thermal motion,mean_field_theory,polarized,0.0,500.0,10.0,1.002278161482594,9.529399551820015,9.529399551820015,4.672156455576094,,,,gradient,500000.0,500000.0,133361.5898740255,100000.0,91188.28860323764,522.9866269569627,1.0,500.0,0.0,0.002,1.0
constrained thermal motion,mean_field_theory,polarized,0.0,500.0,10.0,1.00231052092653,9.670938813956887,9.670938813956887,4.808404119676723,,,,gradient,500000.0,500000.0,129681.8735403108,100000.0,90327.25693955593,508.55636682474824,1.0,500.0,0.0,0.002,1.0
constrained thermal motion,mean_field_theory,polarized,0.0,500.0,10.0,1.002342881415219,9.812660980069875,9.812660980068898,4.946722786336503,,,,gradient,500000.0,500000.0,126147.26486682164,100000.0,89431.41587141834,494.695156340477,1.0,500.0,0.0,0.002,1.0
constrained thermal motion,mean_field_theory,polarized,0.0,500.0,10.0,1.0023752429486958,9.954566286516542,9.954566286516542,5.086990768935849,,,,gradient,500000.0,500000.0,122749.29031464783,100000.0,88504.63964193704,481.36976593979546,1.0,500.0,0.0,0.002,1.0
constrained thermal motion,mean_field_theory,polarized,0.0,500.0,10.0,1.0024076055269937,10.09665496996086,10.096654969961838,5.229214432669527,,,,gradient,500000.0,500000.0,119481.36961264262,100000.0,87549.48927330151,468.5543906378142,1.0,500.0,0.0,0.002,1.0
constrained thermal motion,mean_field_theory,polarized,0.0,500.0,10.0,1.0024399691501458,10.238927267370702,10.238927267370702,5.373399472169893,,,,gradient,500000.0,500000.0,116337.274839226,100000.0,86568.57099692538,456.22460721265105,1.0,500.0,0.0,0.002,1.0
constrained thermal motion,mean_field_theory,polarized,0.0,500.0,10.0,1.0024723338181865,10.381383416021103,10.381383416021103,5.51955099708506,,,,gradient,500000.0,500000.0,113311.1128945047,100000.0,85564.50651275062,444.35730546864585,1.0,500.0,0.0,0.002,1.0
constrained thermal motion,mean_field_theory,polarized,0.0,500.0,10.0,1.0025046995311493,10.52402365349372,10.52402365349372,5.667807648458442,,,,gradient,500000.0,500000.0,110398.4732460245,100000.0,84538.83574701138,432.9351892000961,1.0,500.0,0.0,0.002,1.0
constrained thermal motion,mean_field_theory,polarized,0.0,500.0,10.0,1.002537066289068,10.666848217677206,10.666848217677206,5.818136041364754,,,,gradient,500000.0,500000.0,107593.62529669006,100000.0,83494.58706510653,421.9357854772159,1.0,500.0,0.0,0.002,1.0
constrained thermal motion,mean_field_theory,polarized,0.0,500.0,10.0,1.0025694340919764,10.809857346767672,10.809857346767672,5.970454095736838,,,,gradient,500000.0,500000.0,104890.7999018912,100000.0,82435.01586592999,411.3364702034949,1.0,500.0,0.0,0.002,1.0
constrained thermal motion,mean_field_theory,polarized,0.0,500.0,10.0,1.0026018029399082,10.953051279268957,10.953051279268957,6.1247653473980765,,,,gradient,500000.0,500000.0,102285.27600516642,100000.0,81362.58110420646,401.1187294320252,1.0,500.0,0.0,0.002,1.0
constrained thermal motion,mean_field_theory,polarized,0.0,500.0,10.0,1.0026341728328971,11.096430253993184,11.096430253993184,6.281073031135996,,,,gradient,500000.0,500000.0,99772.58653709556,100000.0,80279.65379772765,391.2650452435121,1.0,500.0,0.0,0.002,1.0
constrained thermal motion,mean_field_theory,polarized,0.0,500.0,10.0,1.0026665437709767,11.239994510060036,11.239994510060036,6.439380116440352,,,,gradient,500000.0,500000.0,97348.50397788615,100000.0,79188.5058804099,381.75883912896535,1.0,500.0,0.0,0.002,1.0
constrained thermal motion,mean_field_theory,polarized,0.0,500.0,10.0,1.002698915754181,11.383744286900166,11.383744286900166,6.59992780386814,,,,gradient,500000.0,500000.0,95010.609014291,100000.0,78090.0282426682,372.59062358545486,1.0,500.0,0.0,0.002,1.0
constrained thermal motion,mean_field_theory,polarized,0.0,500.0,10.0,1.0027312887825437,11.527679824252646,11.527679824252646,6.762512725077024,,,,gradient,500000.0,500000.0,92753.61080384222,100000.0,76987.55894816465,363.739650211146,1.0,500.0,0.0,0.002,1.0
constrained thermal motion,mean_field_theory,polarized,0.0,500.0,10.0,1.0027636628560983,11.671801362166368,11.67180136216539,6.9271160584669556,,,,gradient,500000.0,500000.0,90573.7753307858,100000.0,75883.152889682,355.19127580700314,1.0,500.0,0.0,0.002,1.0
constrained thermal motion,mean_field_theory,polarized,0.0,500.0,10.0,1.002796037974879,11.81610914099942,11.81610914099942,7.093740107115154,,,,gradient,500000.0,500000.0,88467.70473856095,100000.0,74778.62096307866,346.93217544533707,1.0,500.0,0.0,0.002,1.0
constrained thermal motion,mean_field_theory,polarized,0.0,500.0,10.0,1.0028284141389192,11.960603401422444,11.960603401422444,7.262387027408609,,,,gradient,500000.0,500000.0,86432.17911283366,100000.0,73675.65121438961,338.9497220111124,1.0,500.0,0.0,0.002,1.0
constrained thermal motion,mean_field_theory,polarized,0.0,500.0,10.0,1.0028607913482526,12.10528438441516,12.10528438441516,7.433126883670603,,,,gradient,500000.0,500000.0,84464.5068586323,100000.0,72575.57520076106,331.2333602299306,1.0,500.0,0.0,0.002,1.0
constrained thermal motion,mean_field_theory,polarized,0.0,500.0,10.0,1.002893169602913,12.25015233127058,12.25015233127058,7.606128367897581,,,,gradient,500000.0,500000.0,82562.60116124753,100000.0,71479.3720000953,323.77490651469617,1.0,500.0,0.0,0.002,1.0
constrained thermal motion,mean_field_theory,polarized,0.0,500.0,10.0,1.0029255489029345,12.395207483592618,12.395207483592618,7.781170505863599,,,,gradient,500000.0,500000.0,80722.48801766857,100000.0,70389.20163783572,316.55877653987676,1.0,500.0,0.0,0.002,1.0
constrained thermal motion,mean_field_theory,polarized,0.0,500.0,10.0,1.0029579292483504,12.540450083296362,12.540450083296362,7.958255125549179,,,,gradient,500000.0,500000.0,78941.56353630881,100000.0,69306.27337459815,309.5747589659169,1.0,500.0,0.0,0.002,1.0
constrained thermal motion,mean_field_theory,polarized,0.0,500.0,10.0,1.0029903106391944,12.685880372610514,12.685880372610514,8.137383966093422,,,,gradient,500000.0,500000.0,77217.35576500841,100000.0,68231.68583923327,302.8131598627781,1.0,500.0,0.0,0.002,1.0
constrained thermal motion,mean_field_theory,polarized,0.0,500.0,10.0,1.0030226930755008,12.831498594078772,12.831498594078772,8.318558685379891,,,,gradient,500000.0,500000.0,75547.51708585741,100000.0,67166.43171956886,296.26477288571533,1.0,500.0,0.0,0.002,1.0
constrained thermal motion,mean_field_theory,polarized,0.0,500.0,10.0,1.003055076557303,12.977304990554272,12.977304990554272,8.501966043696635,,,,gradient,500000.0,500000.0,73930.57673967331,100000.0,66111.07334444791,289.92383035166006,1.0,500.0,0.0,0.002,1.0
constrained thermal motion,mean_field_theory,polarized,0.0,500.0,10.0,1.0030874610846343,13.12329980520599,13.12329980520499,8.687586728258418,,,,gradient,500000.0,500000.0,72364.24774780152,100000.0,65066.549419854695,283.7813637168687,1.0,500.0,0.0,0.002,1.0
constrained thermal motion,mean_field_theory,polarized,0.0,500.0,10.0,1.0031198466575295,13.269483281518069,13.269483281518069,8.875270685893803,,,,gradient,500000.0,500000.0,70845.87007555054,100000.0,64033.86120411767,277.8269414727472,1.0,500.0,0.0,0.002,1.0
constrained thermal motion,mean_field_theory,polarized,0.0,500.0,10.0,1.0031522332760217,13.41585566328838,13.41585566328838,9.065019433636431,,,,gradient,500000.0,500000.0,69373.52827632838,100000.0,63013.62315783713,272.05305206403284,1.0,500.0,0.0,0.002,1.0
constrained thermal motion,mean_field_theory,polarized,0.0,500.0,10.0,1.0031846209401447,13.56241719462976,13.56241719462976,9.256834432660678,,,,gradient,500000.0,500000.0,67945.39967912764,100000.0,62006.37011411424,266.4525477612849,1.0,500.0,0.0,0.002,1.0
constrained thermal motion,mean_field_theory,polarized,0.0,500.0,10.0,1.0032170096499322,13.709168119969515,13.709168119969515,9.450717091858612,,,,gradient,500000.0,500000.0,66559.7492039804,100000.0,61012.56264563376,261.0186243293349,1.0,500.0,0.0,0.002,1.0
constrained thermal motion,mean_field_theory,polarized,0.0,500.0,10.0,1.003249399405418,13.856108684052847,13.856108684051849,9.64700227165036,,,,gradient,500000.0,500000.0,65215.99442814593,100000.0,60032.36591870549,255.74899775743503,1.0,500.0,0.0,0.002,1.0
constrained thermal motion,mean_field_theory,polarized,0.0,500.0,10.0,1.0032817902066362,14.003239131940193,14.003239131940193,9.845424183862324,,,,gradient,500000.0,500000.0,63911.62101907102,100000.0,59066.37901232247,250.63380791792557,1.0,500.0,0.0,0.002,1.0
constrained thermal motion,mean_field_theory,polarized,0.0,500.0,10.0,1.0033141820536202,14.150559709008624,14.150559709008624,10.045931355034144,,,,gradient,500000.0,500000.0,62644.9545127006,100000.0,58114.90718066448,245.6664882851004,1.0,500.0,0.0,0.002,1.0
constrained thermal motion,mean_field_theory,polarized,0.0,500.0,10.0,1.0033465749464037,14.298070660951367,14.298070660951367,10.248525137259245,,,,gradient,500000.0,500000.0,61414.566134591674,100000.0,57178.15858301279,240.84143582192817,1.0,500.0,0.0,0.002,1.0
constrained thermal motion,mean_field_theory,polarized,0.0,500.0,10.0,1.0033789688850208,14.445772233782115,14.445772233782115,10.453206842381448,,,,gradient,500000.0,500000.0,60219.09313704886,100000.0,56256.291684936696,236.15330641979943,1.0,500.0,0.0,0.002,1.0
constrained thermal motion,mean_field_theory,polarized,0.0,500.0,10.0,1.003411363869505,14.593664673829457,14.593664673829457,10.660054557080109,,,,gradient,500000.0,500000.0,59057.43694471973,100000.0,55349.412945900665,231.59779194007737,1.0,500.0,0.0,0.002,1.0
constrained thermal motion,mean_field_theory,polarized,0.0,500.0,10.0,1.0034437598998902,14.741748227741304,14.741748227741304,10.869355662456076,,,,gradient,500000.0,500000.0,57929.06186104118,100000.0,54457.60934463852,227.1727916119262,1.0,500.0,0.0,0.002,1.0
constrained thermal motion,mean_field_theory,polarized,0.0,500.0,10.0,1.00347615697621,14.890023142484242,14.890023142484242,11.080762757968802,,,,gradient,500000.0,500000.0,56831.836261624616,100000.0,53580.968578282635,222.8699461240181,1.0,500.0,0.0,0.002,1.0
constrained thermal motion,mean_field_theory,polarized,0.0,500.0,10.0,1.0035085550984983,15.038489665344112,15.038489665344112,11.29427713426842,,,,gradient,500000.0,500000.0,55764.629582639325,100000.0,52719.485344845176,218.68482189270324,1.0,500.0,0.0,0.002,1.0
constrained thermal motion,mean_field_theory,polarized,0.0,500.0,10.0,1.003540954266789,15.18714804392718,15.18714804392718,11.509900048693362,,,,gradient,500000.0,500000.0,54726.36149910426,100000.0,51873.123852285134,214.61318234942848,1.0,500.0,0.0,0.002,1.0
constrained thermal motion,mean_field_theory,polarized,0.0,500.0,10.0,1.0035733544811158,15.33599852615879,15.33599852615879,11.727632726511478,,,,gradient,500000.0,500000.0,53715.99931765665,100000.0,51041.82091570402,210.6509777163006,1.0,500.0,0.0,0.002,1.0
constrained thermal motion,mean_field_theory,polarized,0.0,500.0,10.0,1.0036057557415123,15.485041360283525,15.485041360283525,11.947717397486525,,,,gradient,500000.0,500000.0,52733.06052463834,100000.0,50225.56750058746,206.79631578289545,1.0,500.0,0.0,0.002,1.0
constrained thermal motion,mean_field_theory,polarized,0.0,500.0,10.0,1.0036381580480125,15.634276794867862,15.634276794868883,12.170170307335452,,,,gradient,500000.0,500000.0,51776.58241844164,100000.0,49424.28902719025,203.04542124879077,1.0,500.0,0.0,0.002,1.0
constrained thermal motion,mean_field_theory,polarized,0.0,500.0,10.0,1.0036705614006496,15.78370507880047,15.78370507880047,12.394751664718726,,,,gradient,500000.0,500000.0,50845.14040070839,100000.0,48637.7844937329,199.3927074537584,1.0,500.0,0.0,0.002,1.0
constrained thermal motion,mean_field_theory,polarized,0.0,500.0,10.0,1.0037029657994585,15.933326461291664,15.933326461292683,12.621462697222396,,,,gradient,500000.0,500000.0,49937.870390406795,100000.0,47865.90384428952,195.83478584473252,1.0,500.0,0.0,0.002,1.0
constrained thermal motion,mean_field_theory,polarized,0.0,500.0,10.0,1.0037353712444717,16.083141191870666,16.083141191870666,12.850304604256792,,,,gradient,500000.0,500000.0,49053.94495963859,100000.0,47108.48225690284,192.36841160642584,1.0,500.0,0.0,0.002,1.0
constrained thermal motion,mean_field_theory,polarized,0.0,500.0,10.0,1.0037677777357237,16.233149520392274,16.233149520392274,13.081278557894253,,,,gradient,500000.0,500000.0,48192.57151021836,100000.0,46365.34205828514,188.99047651066024,1.0,500.0,0.0,0.002,1.0
constrained thermal motion,mean_field_theory,polarized,0.0,500.0,10.0,1.0038001852732483,16.383351697034154,16.383351697034154,13.31482931519283,,,,gradient,500000.0,500000.0,47353.73988830413,100000.0,45636.53205664391,185.70094073844757,1.0,500.0,0.0,0.002,1.0
constrained thermal motion,mean_field_theory,polarized,0.0,500.0,10.0,1.0038325938570791,16.53374797229519,16.53374797229519,13.550629422747042,,,,gradient,500000.0,500000.0,46536.115509198695,100000.0,44921.69630821595,182.4945706243086,1.0,500.0,0.0,0.002,1.0
constrained thermal motion,mean_field_theory,polarized,0.0,500.0,10.0,1.00386500348725,16.684338597000004,16.684338597000004,13.788580970499666,,,,gradient,500000.0,500000.0,45738.82865681476,100000.0,44220.57438381523,179.36795551692063,1.0,500.0,0.0,0.002,1.0
constrained thermal motion,mean_field_theory,polarized,0.0,500.0,10.0,1.0038974141637946,16.83512382229535,16.83512382229535,14.028685145614883,,,,gradient,500000.0,500000.0,44961.21081789305,100000.0,43532.95038591023,176.31847379565903,1.0,500.0,0.0,0.002,1.0
constrained thermal motion,mean_field_theory,polarized,0.0,500.0,10.0,1.0039298258867468,16.98610389965449,16.98610389965449,14.270943110244389,,,,gradient,500000.0,500000.0,44202.62057263837,100000.0,42858.60312972887,173.34361008877792,1.0,500.0,0.0,0.002,1.0
constrained thermal motion,mean_field_theory,polarized,0.0,500.0,10.0,1.0039622386561404,17.137279080874677,17.137279080874677,14.51543691831913,,,,gradient,500000.0,500000.0,43462.5569135751,100000.0,42197.35693446653,170.44139966107883,1.0,500.0,0.0,0.002,1.0
constrained thermal motion,mean_field_theory,polarized,0.0,500.0,10.0,1.0039946524720091,17.288649618078544,17.288649618078544,14.762613483515205,,,,gradient,500000.0,500000.0,42741.031785319865,100000.0,41549.2615768028,167.61188935419554,1.0,500.0,0.0,0.002,1.0
constrained thermal motion,mean_field_theory,polarized,0.0,500.0,10.0,1.0040270673343867,17.440215763714484,17.440215763714484,15.011963952620205,,,,gradient,500000.0,500000.0,42036.734141453024,100000.0,40913.77463394497,164.8499378096197,1.0,500.0,0.0,0.002,1.0
constrained thermal motion,mean_field_theory,polarized,0.0,500.0,10.0,1.0040594832433072,17.59197777055821,17.59197777055821,15.263489508935107,,,,gradient,500000.0,500000.0,41349.11958723113,100000.0,40290.66145800445,162.15341014600443,1.0,500.0,0.0,0.002,1.0
constrained thermal motion,mean_field_theory,polarized,0.0,500.0,10.0,1.0040919001988042,17.743935891710947,17.743935891710947,15.517191312300874,,,,gradient,500000.0,500000.0,40677.66498460035,100000.0,39679.68674140806,159.52025484157,1.0,500.0,0.0,0.002,1.0
constrained thermal motion,mean_field_theory,polarized,0.0,500.0,10.0,1.0041243182009114,17.89609038060007,17.89609038060007,15.773070499575992,,,,gradient,500000.0,500000.0,40021.86747241638,100000.0,39080.615146715434,156.94849989182893,1.0,500.0,0.0,0.002,1.0
constrained thermal motion,mean_field_theory,polarized,0.0,500.0,10.0,1.0041567372496627,18.04844149098239,18.04844149098239,16.031431318956553,,,,gradient,500000.0,500000.0,39381.595684948676,100000.0,38493.40456394397,154.43763013705362,1.0,500.0,0.0,0.002,1.0
constrained thermal motion,mean_field_theory,polarized,0.0,500.0,10.0,1.0041891573450918,18.20098947694169,18.20098947694169,16.292345516446456,,,,gradient,500000.0,500000.0,38756.43505957462,100000.0,37917.864811335414,151.9860198414691,1.0,500.0,0.0,0.002,1.0
constrained thermal motion,mean_field_theory,polarized,0.0,500.0,10.0,1.0042215784872328,18.35373459289109,18.35373459289109,16.5554580138713,,,,gradient,500000.0,500000.0,38145.513184771466,100000.0,37353.535351848026,149.5902477834175,1.0,500.0,0.0,0.002,1.0
constrained thermal motion,mean_field_theory,polarized,0.0,500.0,10.0,1.0042540006761191,18.506677093570342,18.506677093570342,16.820769973408943,,,,gradient,500000.0,500000.0,37548.40024143665,100000.0,36800.18428054242,147.24862839779078,1.0,500.0,0.0,0.002,1.0
constrained thermal motion,mean_field_theory,polarized,0.0,500.0,10.0,1.0042864239117848,18.659817234050593,18.659817234050593,17.08828253525362,,,,gradient,500000.0,500000.0,36964.68247551094,100000.0,36257.58201164705,144.95953911965074,1.0,500.0,0.0,0.002,1.0
constrained thermal motion,mean_field_theory,polarized,0.0,500.0,10.0,1.0043188481942635,18.813155269731396,18.813155269731396,17.357996817994593,,,,gradient,500000.0,500000.0,36393.96148709665,100000.0,35725.50156859875,142.72141759645743,1.0,500.0,0.0,0.002,1.0
constrained thermal motion,mean_field_theory,polarized,0.0,500.0,10.0,1.004351273523589,18.96669145634245,18.96669145634245,17.630485721322877,,,,gradient,500000.0,500000.0,35836.40289678526,100000.0,35204.06997667141,140.5349133207265,1.0,500.0,0.0,0.002,1.0
constrained thermal motion,mean_field_theory,polarized,0.0,500.0,10.0,1.0043836998997957,19.12042604994493,19.12042604994597,17.905357470514442,,,,gradient,500000.0,500000.0,35291.22600490322,100000.0,34692.81778744313,138.39696472511068,1.0,500.0,0.0,0.002,1.0
constrained thermal motion,mean_field_theory,polarized,0.0,500.0,10.0,1.0044161273229162,19.27435930692878,19.27435930692878,18.182452686492425,,,,gradient,500000.0,500000.0,34757.916743415684,100000.0,34191.426786475255,136.3055558565321,1.0,500.0,0.0,0.002,1.0
constrained thermal motion,mean_field_theory,polarized,0.0,500.0,10.0,1.004448555792985,19.42849148401635,19.42849148401635,18.46177251528501,,,,gradient,500000.0,500000.0,34236.13233392892,100000.0,33699.68165695389,134.25934248599577,1.0,500.0,0.0,0.002,1.0
constrained thermal motion,mean_field_theory,polarized,0.0,500.0,10.0,1.004480985310036,19.582822838263823,19.582822838263823,18.743318081987564,,,,gradient,500000.0,500000.0,33725.542275937216,100000.0,33217.370706293405,132.25702853308712,1.0,500.0,0.0,0.002,1.0
constrained thermal motion,mean_field_theory,polarized,0.0,500.0,10.0,1.004513415874103,19.737353627056375,19.737353627056375,19.027171913749793,,,,gradient,500000.0,500000.0,33225.8947124306,100000.0,32744.333028921443,130.29762632325725,1.0,500.0,0.0,0.002,1.0
constrained thermal motion,mean_field_theory,polarized,0.0,500.0,10.0,1.0045458474852196,19.892084108113917,19.892084108113917,19.31398224058149,,,,gradient,500000.0,500000.0,32737.395158892923,100000.0,32280.73222641942,128.3819417995801,1.0,500.0,0.0,0.002,1.0
constrained thermal motion,mean_field_theory,polarized,0.0,500.0,10.0,1.0045782801434195,20.047014539487297,20.047014539487297,19.603040854101483,,,,gradient,500000.0,500000.0,32259.149411600123,100000.0,31825.9523533146,126.5064682807848,1.0,500.0,0.0,0.002,1.0
constrained thermal motion,mean_field_theory,polarized,0.0,500.0,10.0,1.004610713848737,20.202145179563935,20.202145179563935,19.894348907636083,,,,gradient,500000.0,500000.0,31790.871653889597,100000.0,31379.79635253921,124.67008491721413,1.0,500.0,0.0,0.002,1.0
constrained thermal motion,mean_field_theory,polarized,0.0,500.0,10.0,1.0046431486012053,20.357476287060948,20.357476287060948,20.187907534072192,,,,gradient,500000.0,500000.0,31332.285958991884,100000.0,30942.0711581537,122.87170964310543,1.0,500.0,0.0,0.002,1.0
constrained thermal motion,mean_field_theory,polarized,0.0,500.0,10.0,1.0046755844008588,20.513008121035114,20.513008121035114,20.48371784617363,,,,gradient,500000.0,500000.0,30883.125883214663,100000.0,30512.58770524886,121.11029758123398,1.0,500.0,0.0,0.002,1.0
constrained thermal motion,mean_field_theory,polarized,0.0,500.0,10.0,1.0047080212477308,20.66874094087261,20.66874094087261,20.782155140990863,,,,gradient,500000.0,500000.0,30443.39174721082,100000.0,30091.35797659888,119.38584998906204,1.0,500.0,0.0,0.002,1.0
constrained thermal motion,mean_field_theory,polarized,0.0,500.0,10.0,1.0047404591418554,20.82467500629801,20.82467500629801,21.08336457413165,,,,gradient,500000.0,500000.0,30012.912943776937,100000.0,29678.2670121836,117.69769781873308,1.0,500.0,0.0,0.002,1.0
constrained thermal motion,mean_field_theory,polarized,0.0,500.0,10.0,1.0047728980832662,20.980810577370423,20.980810577370423,21.38684911251686,,,,gradient,500000.0,500000.0,29591.098046780247,100000.0,29272.87110245161,116.0435217520794,1.0,500.0,0.0,0.002,1.0
constrained thermal motion,mean_field_theory,polarized,0.0,500.0,10.0,1.0048053380719972,21.13714791448611,21.13714791448611,21.692609897570673,,,,gradient,500000.0,500000.0,29177.71530631963,100000.0,28874.996683304387,114.42241296595934,1.0,500.0,0.0,0.002,1.0
constrained thermal motion,mean_field_theory,polarized,0.0,500.0,10.0,1.0048377791080825,21.293687278376726,21.293687278377817,22.00064805096879,,,,gradient,500000.0,500000.0,28772.540674938453,100000.0,28484.47413254522,112.8334928428959,1.0,500.0,0.0,0.002,1.0
constrained thermal motion,mean_field_theory,polarized,0.0,500.0,10.0,1.004870221191555,21.45042893011091,21.45042893011091,22.310964674919788,,,,gradient,500000.0,500000.0,28375.3575028506,100000.0,28101.13772495882,111.2759117758847,1.0,500.0,0.0,0.002,1.0
constrained thermal motion,mean_field_theory,polarized,0.0,500.0,10.0,1.0049026643224492,21.607373131094597,21.607373131094597,22.624283450665327,,,,gradient,500000.0,500000.0,27986.376037714173,100000.0,27725.167066080823,109.75049426554578,1.0,500.0,0.0,0.002,1.0
constrained thermal motion,mean_field_theory,polarized,0.0,500.0,10.0,1.004935108500799,21.76452014307264,21.76452014307264,22.940140268325095,,,,gradient,500000.0,500000.0,27605.10031282704,100000.0,27356.171339758203,108.25529534441976,1.0,500.0,0.0,0.002,1.0
constrained thermal motion,mean_field_theory,polarized,0.0,500.0,10.0,1.0049675537266378,21.92187022812697,21.92187022812697,23.25829986464902,,,,gradient,500000.0,500000.0,27231.19394368432,100000.0,26993.88242484569,106.78899585758558,1.0,500.0,0.0,0.002,1.0
constrained thermal motion,mean_field_theory,polarized,0.0,500.0,10.0,1.005,22.079423648679388,22.079423648679388,23.57876337059138,,,,gradient,500000.0,500000.0,26864.467481411277,100000.0,26638.149431120928,105.35085286827952,1.0,500.0,0.0,0.002,1.0
constrained thermal motion,mean_field_theory,polarized,10.0,500.0,10.0,1.0,0.0,1.0,0.0899642142020635,,,,zero_gradient_control,200000.0,200000.0,194345.08165459897,100000.0,99774.32957261211,0.0,0.9688545198737308,516.0733523389706,10.0,0.002,1.0
constrained thermal motion,mean_field_theory,polarized,10.0,500.0,10.0,1.0005,2.0196240732495596,2.0196240732495596,0.28063601851344,,,,gradient,500000.0,500000.0,472836.59541920864,100000.0,99995.6401637914,1854.2611585067004,0.9688545198737308,516.0733523389706,10.0,0.002,1.0
constrained thermal motion,mean_field_theory,polarized,10.0,500.0,10.0,1.0005323020344072,2.151458835184439,2.151458835184439,0.3583041378383448,,,,gradient,500000.0,500000.0,464676.10226247174,100000.0,99988.78664189304,1822.2592245587127,0.9688545198737308,516.0733523389706,10.0,0.002,1.0
constrained thermal motion,mean_field_theory,polarized,10.0,500.0,10.0,1.0005646051117143,2.283463960464771,2.2834639604638607,0.44364347255751,,,,gradient,500000.0,500000.0,455725.95713347575,100000.0,99974.92342689392,1787.160616209709,0.9688545198737308,516.0733523389706,10.0,0.002,1.0
constrained thermal motion,mean_field_theory,polarized,10.0,500.0,10.0,1.000596909231955,2.4156396692418314,2.415639669240921,0.5359876705610417,,,,gradient,500000.0,500000.0,446136.05648930685,100000.0,99949.89736525228,1749.5531627031642,0.9688545198737308,516.0733523389706,10.0,0.002,1.0
constrained thermal motion,mean_field_theory,polarized,10.0,500.0,10.0,1.0006292143951636,2.547986181953243,2.547986181953243,0.63478273482791,,,,gradient,500000.0,500000.0,436046.4838597964,100000.0,99908.6839495275,1709.986211214888,0.9688545198737308,516.0733523389706,10.0,0.002,1.0
constrained thermal motion,mean_field_theory,polarized,10.0,500.0,10.0,1.0006615206013727,2.6805037193187164,2.6805037193187164,0.7396108429864567,,,,gradient,500000.0,500000.0,425581.2640934673,100000.0,99845.6311724227,1668.9461336998718,0.9688545198737308,516.0733523389706,10.0,0.002,1.0
constrained thermal motion,mean_field_theory,polarized,10.0,500.0,10.0,1.0006938278506168,2.8131925023468174,2.8131925023468174,0.8501226627757319,,,,gradient,500000.0,500000.0,414851.46093201067,100000.0,99754.92848307115,1626.868474243179,0.9688545198737308,516.0733523389706,10.0,0.002,1.0
constrained thermal motion,mean_field_theory,polarized,10.0,500.0,10.0,1.000726136142929,2.9460527523271773,2.9460527523271773,0.966023205128706,,,,gradient,500000.0,500000.0,403954.1980853142,100000.0,99631.06051646185,1584.134110138487,0.9688545198737308,516.0733523389706,10.0,0.002,1.0
constrained thermal motion,mean_field_theory,polarized,10.0,500.0,10.0,1.0007584454783431,3.07908469083904,3.07908469083904,1.0871064685127452,,,,gradient,500000.0,500000.0,392970.3501841137,100000.0,99468.9848464395,1541.060196800446,0.9688545198737308,516.0733523389706,10.0,0.002,1.0
constrained thermal motion,mean_field_theory,polarized,10.0,500.0,10.0,1.0007907558568931,3.212288539746999,3.212288539746999,1.2132188811185316,,,,gradient,500000.0,500000.0,381967.84203900985,100000.0,99264.4107010506,1497.9131060353327,0.9688545198737308,516.0733523389706,10.0,0.002,1.0
constrained thermal motion,mean_field_theory,polarized,10.0,500.0,10.0,1.0008230672786125,3.34566452120153,3.34566452120153,1.344196781079474,,,,gradient,500000.0,500000.0,371007.2460705557,100000.0,99013.94035906192,1454.9303767472773,0.9688545198737308,516.0733523389706,10.0,0.002,1.0
constrained thermal motion,mean_field_theory,polarized,10.0,500.0,10.0,1.000855379743535,3.4792128576401016,3.479212857641012,1.4799281884604931,,,,gradient,500000.0,500000.0,360139.8658329501,100000.0,98714.72823422703,1412.3131993449024,0.9688545198737308,516.0733523389706,10.0,0.002,1.0
constrained thermal motion,mean_field_theory,polarized,10.0,500.0,10.0,1.000887693251694,3.612933771790416,3.612933771790416,1.6204641837518854,,,,gradient,500000.0,500000.0,349393.62579641334,100000.0,98365.49920723955,1370.171081554562,0.9688545198737308,516.0733523389706,10.0,0.002,1.0
constrained thermal motion,mean_field_theory,polarized,10.0,500.0,10.0,1.0009200078031233,3.7468274866633737,3.7468274866633737,1.7657263385593231,,,,gradient,500000.0,500000.0,338802.18754929135,100000.0,97965.72158582536,1328.636029605064,0.9688545198737308,516.0733523389706,10.0,0.002,1.0
constrained thermal motion,mean_field_theory,polarized,10.0,500.0,10.0,1.000952323397857,3.880894225562681,3.880894225562681,1.9156897525071188,,,,gradient,500000.0,500000.0,328390.6283646884,100000.0,97515.59463388508,1287.8063857438765,0.9688545198737308,516.0733523389706,10.0,0.002,1.0
constrained thermal motion,mean_field_theory,polarized,10.0,500.0,10.0,1.0009846400359284,4.015134212076887,4.015134212076887,2.070339502592238,,,,gradient,500000.0,500000.0,318178.9885489838,100000.0,97016.00946902616,1247.7607394077795,0.9688545198737308,516.0733523389706,10.0,0.002,1.0
constrained thermal motion,mean_field_theory,polarized,10.0,500.0,10.0,1.001016957717371,4.149547670086262,4.1495476700853295,2.2296262214437403,,,,gradient,500000.0,500000.0,308186.00731199636,100000.0,96468.33451709412,1208.5725776941033,0.9688545198737308,516.0733523389706,10.0,0.002,1.0
constrained thermal motion,mean_field_theory,polarized,10.0,500.0,10.0,1.0010492764422192,4.284134823757602,4.284134823757602,2.393751366634185,,,,gradient,500000.0,500000.0,298416.41345239663,100000.0,95873.95103496798,1170.2604449113594,0.9688545198737308,516.0733523389706,10.0,0.002,1.0
constrained thermal motion,mean_field_theory,polarized,10.0,500.0,10.0,1.0010815962105062,4.418895897551067,4.418895897551067,2.5625670035446557,,,,gradient,500000.0,500000.0,288884.4225937382,100000.0,95235.74277976318,1132.8800886028948,0.9688545198737308,516.0733523389706,10.0,0.002,1.0
constrained thermal motion,mean_field_theory,polarized,10.0,500.0,10.0,1.0011139170222656,4.553831116213192,4.553831116213192,2.736076392689398,,,,gradient,500000.0,500000.0,279596.8865619483,100000.0,94556.26648681358,1096.458378674307,0.9688545198737308,516.0733523389706,10.0,0.002,1.0
constrained thermal motion,mean_field_theory,polarized,10.0,500.0,10.0,1.0011462388775312,4.688940704782785,4.688940704782785,2.914284176202081,,,,gradient,500000.0,500000.0,270558.5945757856,100000.0,93838.25153365942,1061.0140963756298,0.9688545198737308,516.0733523389706,10.0,0.002,1.0
constrained thermal motion,mean_field_theory,polarized,10.0,500.0,10.0,1.001178561776337,4.824224888589401,4.824224888590334,3.097195879973499,,,,gradient,500000.0,500000.0,261772.6061276045,100000.0,93084.5276438976,1026.559239716096,0.9688545198737308,516.0733523389706,10.0,0.002,1.0
constrained thermal motion,mean_field_theory,polarized,10.0,500.0,10.0,1.001210885718716,4.959683893253852,4.959683893254785,3.284779704430063,,,,gradient,500000.0,500000.0,253244.3168197942,100000.0,92297.59836558356,993.1149679207616,0.9688545198737308,516.0733523389706,10.0,0.002,1.0
constrained thermal motion,mean_field_theory,polarized,10.0,500.0,10.0,1.0012432107047022,5.095317944687516,5.095317944687516,3.4772901293872054,,,,gradient,500000.0,500000.0,244965.42899955373,100000.0,91480.2271764359,960.6487411747204,0.9688545198737308,516.0733523389706,10.0,0.002,1.0
constrained thermal motion,mean_field_theory,polarized,10.0,500.0,10.0,1.0012755367343298,5.231127269095603,5.231127269095603,3.6745413708340746,,,,gradient,500000.0,500000.0,236940.30222996,100000.0,90635.69484383638,929.1776558037648,0.9688545198737308,516.0733523389706,10.0,0.002,1.0
constrained thermal motion,mean_field_theory,polarized,10.0,500.0,10.0,1.0013078638076318,5.367112092972803,5.367112092972803,3.8765414650056025,,,,gradient,500000.0,500000.0,229167.37184761537,100000.0,89766.74702289232,898.6955758730013,0.9688545198737308,516.0733523389706,10.0,0.002,1.0
constrained thermal motion,mean_field_theory,polarized,10.0,500.0,10.0,1.0013401919246423,5.503272643109303,5.503272643109303,4.083298954625446,,,,gradient,500000.0,500000.0,221644.31893420056,100000.0,88876.02917118579,869.1934075851001,0.9688545198737308,516.0733523389706,10.0,0.002,1.0
constrained thermal motion,mean_field_theory,polarized,10.0,500.0,10.0,1.0013725210853948,5.6396091465864995,5.6396091465864995,4.29482295757257,,,,gradient,500000.0,500000.0,214368.17820210115,100000.0,87966.07085606677,840.659522361181,0.9688545198737308,516.0733523389706,10.0,0.002,1.0
constrained thermal motion,mean_field_theory,polarized,10.0,500.0,10.0,1.0014048512899232,5.776121830781067,5.776121830781067,4.511093263885428,,,,gradient,500000.0,500000.0,207340.3456076113,100000.0,87038.67097203033,813.099394539652,0.9688545198737308,516.0733523389706,10.0,0.002,1.0
constrained thermal motion,mean_field_theory,polarized,10.0,500.0,10.0,1.001437182538261,5.912810923361667,5.912810923361667,4.732412407354857,,,,gradient,500000.0,500000.0,200546.27582888005,100000.0,86096.52146137705,786.4559836426669,0.9688545198737308,516.0733523389706,10.0,0.002,1.0
constrained thermal motion,mean_field_theory,polarized,10.0,500.0,10.0,1.001469514830442,6.049676652291125,6.049676652291125,4.958549142280579,,,,gradient,500000.0,500000.0,193987.27197361668,100000.0,85141.96672610469,760.7343998965359,0.9688545198737308,516.0733523389706,10.0,0.002,1.0
constrained thermal motion,mean_field_theory,polarized,10.0,500.0,10.0,1.0015018481665,6.1867192458287645,6.1867192458287645,5.189515791572186,,,,gradient,500000.0,500000.0,187658.56466894763,100000.0,84177.00943923737,735.915939878226,0.9688545198737308,516.0733523389706,10.0,0.002,1.0
constrained thermal motion,mean_field_theory,polarized,10.0,500.0,10.0,1.0015341825464683,6.323938932526962,6.323938932526962,5.425325313708744,,,,gradient,500000.0,500000.0,181555.08677191244,100000.0,83203.51790206213,711.9807324388723,0.9688545198737308,516.0733523389706,10.0,0.002,1.0
constrained thermal motion,mean_field_theory,polarized,10.0,500.0,10.0,1.001566517970381,6.461335941234392,6.461335941234392,5.665690920049184,,,,gradient,500000.0,500000.0,175678.10783288843,100000.0,82223.18878335143,688.9337562074056,0.9688545198737308,516.0733523389706,10.0,0.002,1.0
constrained thermal motion,mean_field_theory,polarized,10.0,500.0,10.0,1.0015988544382717,6.598910501095423,6.598910501095423,5.911506778256451,,,,gradient,500000.0,500000.0,170008.37333105985,100000.0,81236.99313667859,666.6995032590582,0.9688545198737308,516.0733523389706,10.0,0.002,1.0
constrained thermal motion,mean_field_theory,polarized,10.0,500.0,10.0,1.001631191950174,6.736662841550567,6.736662841549634,6.16222929863859,,,,gradient,500000.0,500000.0,164547.38149011947,100000.0,80247.13491607136,645.2838489808606,0.9688545198737308,516.0733523389706,10.0,0.002,1.0
constrained thermal motion,mean_field_theory,polarized,10.0,500.0,10.0,1.001663530506122,6.874593192335898,6.874593192335898,6.417873718847144,,,,gradient,500000.0,500000.0,159289.29808958355,100000.0,79254.99003256859,624.6639140767983,0.9688545198737308,516.0733523389706,10.0,0.002,1.0
constrained thermal motion,mean_field_theory,polarized,10.0,500.0,10.0,1.0016958701061487,7.012701783485231,7.012701783485231,6.678455458942273,,,,gradient,500000.0,500000.0,154228.1901821734,100000.0,78261.82517431088,604.8164320869545,0.9688545198737308,516.0733523389706,10.0,0.002,1.0
constrained thermal motion,mean_field_theory,polarized,10.0,500.0,10.0,1.0017282107502885,7.1509888453306525,7.1509888453306525,6.94399000961957,,,,gradient,500000.0,500000.0,149358.0569804808,100000.0,77268.8041560458,585.7178705116894,0.9688545198737308,516.0733523389706,10.0,0.002,1.0
constrained thermal motion,mean_field_theory,polarized,10.0,500.0,10.0,1.0017605524385749,7.28945460849999,7.28945460849999,7.214121753811485,,,,gradient,500000.0,500000.0,144680.2425908032,100000.0,76276.76393841258,567.373500356091,0.9688545198737308,516.0733523389706,10.0,0.002,1.0
constrained thermal motion,mean_field_theory,polarized,10.0,500.0,10.0,1.0017928951710413,7.428099303919056,7.428099303919056,7.489962996868571,,,,gradient,500000.0,500000.0,140173.51102930267,100000.0,75286.53015425308,549.7000432521673,0.9688545198737308,516.0733523389706,10.0,0.002,1.0
constrained thermal motion,mean_field_theory,polarized,10.0,500.0,10.0,1.0018252389477216,7.566923162813066,7.566923162813066,7.770827117938772,,,,gradient,500000.0,500000.0,135839.65032940597,100000.0,74299.41023662481,532.7045110957097,0.9688545198737308,516.0733523389706,10.0,0.002,1.0
constrained thermal motion,mean_field_theory,polarized,10.0,500.0,10.0,1.00185758376865,7.705926416707887,7.7059264167088415,8.056729314013289,,,,gradient,500000.0,500000.0,131672.64969860052,100000.0,73316.21765905965,516.3633321513746,0.9688545198737308,516.0733523389706,10.0,0.002,1.0
constrained thermal motion,mean_field_theory,polarized,10.0,500.0,10.0,1.0018899296338593,7.845109297423858,7.845109297423858,8.34768435614899,,,,gradient,500000.0,500000.0,127666.55284762832,100000.0,72337.69287770422,500.65314842207187,0.9688545198737308,516.0733523389706,10.0,0.002,1.0
constrained thermal motion,mean_field_theory,polarized,10.0,500.0,10.0,1.0019222765433835,7.984472037084656,7.984472037083701,8.643706517941457,,,,gradient,500000.0,500000.0,123815.476207396,100000.0,71364.50864488583,485.5508870878274,0.9688545198737308,516.0733523389706,10.0,0.002,1.0
constrained thermal motion,mean_field_theory,polarized,10.0,500.0,10.0,1.0019546244972573,8.12401486811396,8.12401486811396,8.944346294781354,,,,gradient,500000.0,500000.0,120121.615299931,100000.0,70396.9183255404,471.0651580389451,0.9688545198737308,516.0733523389706,10.0,0.002,1.0
constrained thermal motion,mean_field_theory,polarized,10.0,500.0,10.0,1.0019869734955131,8.263738023232857,8.263738023232857,9.250982152870618,,,,gradient,500000.0,500000.0,116562.9616458338,100000.0,69435.68155632005,457.10965351307374,0.9688545198737308,516.0733523389706,10.0,0.002,1.0
constrained thermal motion,mean_field_theory,polarized,10.0,500.0,10.0,1.0020193235381851,8.403641735466106,8.40364173546515,9.562751069664715,,,,gradient,500000.0,500000.0,113142.28576665735,100000.0,68481.4753897753,443.6952383006171,0.9688545198737308,516.0733523389706,10.0,0.002,1.0
constrained thermal motion,mean_field_theory,polarized,10.0,500.0,10.0,1.0020516746253074,8.543726238137639,8.543726238137639,9.87966526878715,,,,gradient,500000.0,500000.0,109854.13746832292,100000.0,67534.74774098501,430.8005390914624,0.9688545198737308,516.0733523389706,10.0,0.002,1.0
constrained thermal motion,mean_field_theory,polarized,10.0,500.0,10.0,1.002084026756913,8.683991764873845,8.683991764873845,10.201736263049552,,,,gradient,500000.0,500000.0,106693.20269344904,100000.0,66595.90093675519,418.40471644489816,0.9688545198737308,516.0733523389706,10.0,0.002,1.0
constrained thermal motion,mean_field_theory,polarized,10.0,500.0,10.0,1.0021163799330364,8.824438549603997,8.824438549603997,10.528974840393367,,,,gradient,500000.0,500000.0,103654.3110489406,100000.0,65665.2953075205,406.487494309571,0.9688545198737308,516.0733523389706,10.0,0.002,1.0
constrained thermal motion,mean_field_theory,polarized,10.0,500.0,10.0,1.0021487341537108,8.965066826557688,8.965066826557688,10.860803674503757,,,,gradient,500000.0,500000.0,100740.82693434326,100000.0,64742.82231881963,395.0620664091893,0.9688545198737308,516.0733523389706,10.0,0.002,1.0
constrained thermal motion,mean_field_theory,polarized,10.0,500.0,10.0,1.00218108941897,9.105876830268244,9.105876830268244,11.198938421683849,,,,gradient,500000.0,500000.0,97930.82565148856,100000.0,63829.21541530009,384.0424535352493,0.9688545198737308,516.0733523389706,10.0,0.002,1.0
constrained thermal motion,mean_field_theory,polarized,10.0,500.0,10.0,1.002213445728848,9.246868795571949,9.246868795572926,11.54229775147913,,,,gradient,500000.0,500000.0,95228.28444411846,100000.0,62924.73525218378,373.4442527220332,0.9688545198737308,516.0733523389706,10.0,0.002,1.0
constrained thermal motion,mean_field_theory,polarized,10.0,500.0,10.0,1.002245803083378,9.388042957607666,9.388042957608643,11.89088996929726,,,,gradient,500000.0,500000.0,92628.65377426364,100000.0,62029.603882686795,363.2496226441711,0.9688545198737308,516.0733523389706,10.0,0.002,1.0
constrained thermal motion,mean_field_theory,polarized,10.0,500.0,10.0,1.002278161482594,9.529399551820015,9.529399551820015,12.244722670525132,,,,gradient,500000.0,500000.0,90127.54530885,100000.0,61144.01573902868,353.4413541523529,0.9688545198737308,516.0733523389706,10.0,0.002,1.0
constrained thermal motion,mean_field_theory,polarized,10.0,500.0,10.0,1.00231052092653,9.670938813956887,9.670938813956887,12.602444329862138,,,,gradient,500000.0,500000.0,87729.59786093279,100000.0,60268.03176259614,344.03763867032467,0.9688545198737308,516.0733523389706,10.0,0.002,1.0
constrained thermal motion,mean_field_theory,polarized,10.0,500.0,10.0,1.002342881415219,9.812660980069875,9.812660980068898,12.96737982736759,,,,gradient,500000.0,500000.0,85412.75171277054,100000.0,59401.65745530316,334.95196750106095,0.9688545198737308,516.0733523389706,10.0,0.002,1.0
constrained thermal motion,mean_field_theory,polarized,10.0,500.0,10.0,1.0023752429486958,9.954566286516542,9.954566286516542,13.337605436104916,,,,gradient,500000.0,500000.0,83182.23739877145,100000.0,58545.286358240584,326.2048525442018,0.9688545198737308,516.0733523389706,10.0,0.002,1.0
constrained thermal motion,mean_field_theory,polarized,10.0,500.0,10.0,1.0024076055269937,10.09665496996086,10.096654969961838,13.71312651319971,,,,gradient,500000.0,500000.0,81034.30443043976,100000.0,57699.02206124561,317.7815860017246,0.9688545198737308,516.0733523389706,10.0,0.002,1.0
constrained thermal motion,mean_field_theory,polarized,10.0,500.0,10.0,1.0024399691501458,10.238927267370702,10.238927267370702,14.09394780461204,,,,gradient,500000.0,500000.0,78965.3568298732,100000.0,56862.95016227453,309.66806599950274,0.9688545198737308,516.0733523389706,10.0,0.002,1.0
constrained thermal motion,mean_field_theory,polarized,10.0,500.0,10.0,1.0024723338181865,10.381383416021103,10.381383416021103,14.48007346982944,,,,gradient,500000.0,500000.0,76971.94995580017,100000.0,56037.13974713771,301.8507841403928,0.9688545198737308,516.0733523389706,10.0,0.002,1.0
constrained thermal motion,mean_field_theory,polarized,10.0,500.0,10.0,1.0025046995311493,10.52402365349372,10.52402365349372,14.869811382799243,,,,gradient,500000.0,500000.0,75059.71369548245,100000.0,55221.46176082933,294.3518184136567,0.9688545198737308,516.0733523389706,10.0,0.002,1.0
constrained thermal motion,mean_field_theory,polarized,10.0,500.0,10.0,1.002537066289068,10.666848217677206,10.666848217677206,15.267265108903535,,,,gradient,500000.0,500000.0,73207.41210688042,100000.0,54416.03292168933,287.08789061521736,0.9688545198737308,516.0733523389706,10.0,0.002,1.0
constrained thermal motion,mean_field_theory,polarized,10.0,500.0,10.0,1.0025694340919764,10.809857346767672,10.809857346767672,15.670065595540214,,,,gradient,500000.0,500000.0,71421.1956964437,100000.0,53621.003252746224,280.0831203782106,0.9688545198737308,516.0733523389706,10.0,0.002,1.0
constrained thermal motion,mean_field_theory,polarized,10.0,500.0,10.0,1.0026018029399082,10.953051279268957,10.953051279268957,16.078215280155135,,,,gradient,500000.0,500000.0,69698.1859778906,100000.0,52836.38735426702,273.3262195211396,0.9688545198737308,516.0733523389706,10.0,0.002,1.0
constrained thermal motion,mean_field_theory,polarized,10.0,500.0,10.0,1.0026341728328971,11.096430253993184,11.096430253993184,16.491716125988457,,,,gradient,500000.0,500000.0,68035.63520969306,100000.0,52062.18911310058,266.8064125870316,0.9688545198737308,516.0733523389706,10.0,0.002,1.0
constrained thermal motion,mean_field_theory,polarized,10.0,500.0,10.0,1.0026665437709767,11.239994510060036,11.239994510060036,16.910569643924102,,,,gradient,500000.0,500000.0,66430.92174102772,100000.0,51298.40258169224,260.51341859226557,0.9688545198737308,516.0733523389706,10.0,0.002,1.0
constrained thermal motion,mean_field_theory,polarized,10.0,500.0,10.0,1.002698915754181,11.383744286900166,11.383744286900166,17.332656234876477,,,,gradient,500000.0,500000.0,64890.457335240106,100000.0,50544.78526184816,254.4723817068239,0.9688545198737308,516.0733523389706,10.0,0.002,1.0
constrained thermal motion,mean_field_theory,polarized,10.0,500.0,10.0,1.0027312887825437,11.527679824252646,11.527679824252646,17.76304254160334,,,,gradient,500000.0,500000.0,63393.83319170827,100000.0,49801.53371751626,248.6032674184638,0.9688545198737308,516.0733523389706,10.0,0.002,1.0
constrained thermal motion,mean_field_theory,polarized,10.0,500.0,10.0,1.0027636628560983,11.671801362166368,11.67180136216539,18.198818914286953,,,,gradient,500000.0,500000.0,61947.89700981854,100000.0,49068.63762309389,242.93292945026877,0.9688545198737308,516.0733523389706,10.0,0.002,1.0
constrained thermal motion,mean_field_theory,polarized,10.0,500.0,10.0,1.002796037974879,11.81610914099942,11.81610914099942,18.639985602071768,,,,gradient,500000.0,500000.0,60550.4840329217,100000.0,48346.058346118814,237.45287856047725,0.9688545198737308,516.0733523389706,10.0,0.002,1.0
constrained thermal motion,mean_field_theory,polarized,10.0,500.0,10.0,1.0028284141389192,11.960603401422444,11.960603401422444,19.08654248711639,,,,gradient,500000.0,500000.0,59199.53211667403,100000.0,47633.75086518147,232.1550279085256,0.9688545198737308,516.0733523389706,10.0,0.002,1.0
constrained thermal motion,mean_field_theory,polarized,10.0,500.0,10.0,1.0028607913482526,12.10528438441516,12.10528438441516,19.534923091579735,,,,gradient,500000.0,500000.0,57902.11173224776,100000.0,46931.61606506276,227.06710483234417,0.9688545198737308,516.0733523389706,10.0,0.002,1.0
constrained thermal motion,mean_field_theory,polarized,10.0,500.0,10.0,1.002893169602913,12.25015233127058,12.25015233127058,19.99316975922189,,,,gradient,500000.0,500000.0,56638.10169404135,100000.0,46239.491477368734,222.11020272173076,0.9688545198737308,516.0733523389706,10.0,0.002,1.0
constrained thermal motion,mean_field_theory,polarized,10.0,500.0,10.0,1.0029255489029345,12.395207483592618,12.395207483592618,20.456841372839992,,,,gradient,500000.0,500000.0,55414.942403827394,100000.0,45557.480862533506,217.31349962285253,0.9688545198737308,516.0733523389706,10.0,0.002,1.0
constrained thermal motion,mean_field_theory,polarized,10.0,500.0,10.0,1.0029579292483504,12.540450083296362,12.540450083296362,20.92593681738308,,,,gradient,500000.0,500000.0,54230.937623322,100000.0,44885.51780144407,212.6703436208706,0.9688545198737308,516.0733523389706,10.0,0.002,1.0
constrained thermal motion,mean_field_theory,polarized,10.0,500.0,10.0,1.0029903106391944,12.685880372610514,12.685880372610514,21.40045466904692,,,,gradient,500000.0,500000.0,53084.47216541616,100000.0,44223.531723085514,208.17440064869083,0.9688545198737308,516.0733523389706,10.0,0.002,1.0
constrained thermal motion,mean_field_theory,polarized,10.0,500.0,10.0,1.0030226930755008,12.831498594078772,12.831498594078772,21.88039320562998,,,,gradient,500000.0,500000.0,51974.007970799365,100000.0,43571.44824274678,203.819639101174,0.9688545198737308,516.0733523389706,10.0,0.002,1.0
constrained thermal motion,mean_field_theory,polarized,10.0,500.0,10.0,1.003055076557303,12.977304990554272,12.977304990554272,22.36138642413685,,,,gradient,500000.0,500000.0,50907.00824116964,100000.0,42929.09546496557,199.63532643595937,0.9688545198737308,516.0733523389706,10.0,0.002,1.0
constrained thermal motion,mean_field_theory,polarized,10.0,500.0,10.0,1.0030874610846343,13.12329980520599,13.12329980520499,22.853200652075923,,,,gradient,500000.0,500000.0,49864.06298352736,100000.0,42296.414502277315,195.5453450334406,0.9688545198737308,516.0733523389706,10.0,0.002,1.0
constrained thermal motion,mean_field_theory,polarized,10.0,500.0,10.0,1.0031198466575295,13.269483281518069,13.269483281518069,23.350467912441424,,,,gradient,500000.0,500000.0,48852.93487998453,100000.0,41673.40127084325,191.58013678425303,0.9688545198737308,516.0733523389706,10.0,0.002,1.0
constrained thermal motion,mean_field_theory,polarized,10.0,500.0,10.0,1.0031522332760217,13.41585566328838,13.41585566328838,23.85318567495944,,,,gradient,500000.0,500000.0,47872.35792967972,100000.0,41059.968537870285,187.73473697913616,0.9688545198737308,516.0733523389706,10.0,0.002,1.0
constrained thermal motion,mean_field_theory,polarized,10.0,500.0,10.0,1.0031846209401447,13.56241719462976,13.56241719462976,24.361351143486356,,,,gradient,500000.0,500000.0,46921.125864107504,100000.0,40456.026622912286,184.00441515336277,0.9688545198737308,516.0733523389706,10.0,0.002,1.0
constrained thermal motion,mean_field_theory,polarized,10.0,500.0,10.0,1.0032170096499322,13.709168119969515,13.709168119969515,24.87496126223866,,,,gradient,500000.0,500000.0,45998.08910940277,100000.0,39861.48360825826,180.3846631741285,0.9688545198737308,516.0733523389706,10.0,0.002,1.0
constrained thermal motion,mean_field_theory,polarized,10.0,500.0,10.0,1.003249399405418,13.856108684052847,13.856108684051849,25.38867992869881,,,,gradient,500000.0,500000.0,45110.96173347368,100000.0,39276.122702420165,176.9057322881321,0.9688545198737308,516.0733523389706,10.0,0.002,1.0
constrained thermal motion,mean_field_theory,polarized,10.0,500.0,10.0,1.0032817902066362,14.003239131940193,14.003239131940193,25.914347018265328,,,,gradient,500000.0,500000.0,44240.939275065066,100000.0,38699.957295564775,173.4938795100591,0.9688545198737308,516.0733523389706,10.0,0.002,1.0
constrained thermal motion,mean_field_theory,polarized,10.0,500.0,10.0,1.0033141820536202,14.150559709008624,14.150559709008624,26.44548926358787,,,,gradient,500000.0,500000.0,43395.97881471956,100000.0,38132.90979206394,170.1803090773316,0.9688545198737308,516.0733523389706,10.0,0.002,1.0
constrained thermal motion,mean_field_theory,polarized,10.0,500.0,10.0,1.0033465749464037,14.298070660951367,14.298070660951367,26.982102888886978,,,,gradient,500000.0,500000.0,42575.12985533257,100000.0,37574.88079426394,166.9612935503238,0.9688545198737308,516.0733523389706,10.0,0.002,1.0
constrained thermal motion,mean_field_theory,polarized,10.0,500.0,10.0,1.0033789688850208,14.445772233782115,14.445772233782115,27.52418387517269,,,,gradient,500000.0,500000.0,41777.4854785268,100000.0,37025.76954839523,163.8332763863796,0.9688545198737308,516.0733523389706,10.0,0.002,1.0
constrained thermal motion,mean_field_theory,polarized,10.0,500.0,10.0,1.003411363869505,14.593664673829457,14.593664673829457,28.06394327487527,,,,gradient,500000.0,500000.0,41010.99144464039,100000.0,36485.45249151519,160.82741742996234,0.9688545198737308,516.0733523389706,10.0,0.002,1.0
constrained thermal motion,mean_field_theory,polarized,10.0,500.0,10.0,1.0034437598998902,14.741748227741304,14.741748227741304,28.61822565412844,,,,gradient,500000.0,500000.0,40257.07184604866,100000.0,35953.75163985867,157.87086998450454,0.9688545198737308,516.0733523389706,10.0,0.002,1.0
constrained thermal motion,mean_field_theory,polarized,10.0,500.0,10.0,1.00347615697621,14.890023142484242,14.890023142484242,29.17800471201247,,,,gradient,500000.0,500000.0,39523.87862380151,100000.0,35430.66462523866,154.99560244628043,0.9688545198737308,516.0733523389706,10.0,0.002,1.0
constrained thermal motion,mean_field_theory,polarized,10.0,500.0,10.0,1.0035085550984983,15.038489665344112,15.038489665344112,29.743275733551855,,,,gradient,500000.0,500000.0,38810.657807943666,100000.0,34916.08630373378,152.19865807036732,0.9688545198737308,516.0733523389706,10.0,0.002,1.0
constrained thermal motion,mean_field_theory,polarized,10.0,500.0,10.0,1.003540954266789,15.18714804392718,15.18714804392718,30.314033769362705,,,,gradient,500000.0,500000.0,38116.68892753692,100000.0,34409.9108210332,149.47721148053694,0.9688545198737308,516.0733523389706,10.0,0.002,1.0
constrained thermal motion,mean_field_theory,polarized,10.0,500.0,10.0,1.0035733544811158,15.33599852615879,15.33599852615879,30.890273638462816,,,,gradient,500000.0,500000.0,37441.28330477714,100000.0,33912.03171825175,146.8285619795182,0.9688545198737308,516.0733523389706,10.0,0.002,1.0
constrained thermal motion,mean_field_theory,polarized,10.0,500.0,10.0,1.0036057557415123,15.485041360283525,15.485041360283525,31.462642752577143,,,,gradient,500000.0,500000.0,36792.44789144677,100000.0,33422.29185074861,144.2841093782226,0.9688545198737308,516.0733523389706,10.0,0.002,1.0
constrained thermal motion,mean_field_theory,polarized,10.0,500.0,10.0,1.0036381580480125,15.634276794867862,15.634276794868883,32.05125944240996,,,,gradient,500000.0,500000.0,36152.10907588842,100000.0,32940.586137985265,141.77297676818986,0.9688545198737308,516.0733523389706,10.0,0.002,1.0
constrained thermal motion,mean_field_theory,polarized,10.0,500.0,10.0,1.0036705614006496,15.78370507880047,15.78370507880047,32.64538564410751,,,,gradient,500000.0,500000.0,35528.444844326616,100000.0,32466.858710216464,139.32723468363378,0.9688545198737308,516.0733523389706,10.0,0.002,1.0
constrained thermal motion,mean_field_theory,polarized,10.0,500.0,10.0,1.0037029657994585,15.933326461291664,15.933326461292683,33.245015483255806,,,,gradient,500000.0,500000.0,34920.878326233724,100000.0,32001.00143362177,136.94462088719106,0.9688545198737308,516.0733523389706,10.0,0.002,1.0
constrained thermal motion,mean_field_theory,polarized,10.0,500.0,10.0,1.0037353712444717,16.083141191870666,16.083141191870666,33.85014285816145,,,,gradient,500000.0,500000.0,34328.85721100404,100000.0,31542.90604311784,134.6229694549178,0.9688545198737308,516.0733523389706,10.0,0.002,1.0
constrained thermal motion,mean_field_theory,polarized,10.0,500.0,10.0,1.0037677777357237,16.233149520392274,16.233149520392274,34.4607614421175,,,,gradient,500000.0,500000.0,33751.85252866961,100000.0,31092.464221903578,132.36020599478277,0.9688545198737308,516.0733523389706,10.0,0.002,1.0
constrained thermal motion,mean_field_theory,polarized,10.0,500.0,10.0,1.0038001852732483,16.383351697034154,16.383351697034154,35.06566629515807,,,,gradient,500000.0,500000.0,33197.87191492796,100000.0,30649.4985573301,130.18773299971747,0.9688545198737308,516.0733523389706,10.0,0.002,1.0
constrained thermal motion,mean_field_theory,polarized,10.0,500.0,10.0,1.0038325938570791,16.53374797229519,16.53374797229519,35.6888338056931,,,,gradient,500000.0,500000.0,32649.29953193989,100000.0,30213.957179807596,128.03646875270545,0.9688545198737308,516.0733523389706,10.0,0.002,1.0
constrained thermal motion,mean_field_theory,polarized,10.0,500.0,10.0,1.00386500348725,16.684338597000004,16.684338597000004,36.31751847882773,,,,gradient,500000.0,500000.0,32114.287312883793,100000.0,29785.74786554676,125.93838161915212,0.9688545198737308,516.0733523389706,10.0,0.002,1.0
constrained thermal motion,mean_field_theory,polarized,10.0,500.0,10.0,1.0038974141637946,16.83512382229535,16.83512382229535,36.951713283188354,,,,gradient,500000.0,500000.0,31592.38867144674,100000.0,29364.76265911885,123.89172028018328,0.9688545198737308,516.0733523389706,10.0,0.002,1.0
constrained thermal motion,mean_field_theory,polarized,10.0,500.0,10.0,1.0039298258867468,16.98610389965449,16.98610389965449,37.591410965364446,,,,gradient,500000.0,500000.0,31083.175196260065,100000.0,28950.893914108263,121.89480469121594,0.9688545198737308,516.0733523389706,10.0,0.002,1.0
constrained thermal motion,mean_field_theory,polarized,10.0,500.0,10.0,1.0039622386561404,17.137279080874677,17.137279080874677,38.22151783459368,,,,gradient,500000.0,500000.0,30594.684950532683,100000.0,28544.024524008444,119.97915666875562,0.9688545198737308,516.0733523389706,10.0,0.002,1.0
constrained thermal motion,mean_field_theory,polarized,10.0,500.0,10.0,1.0039946524720091,17.288649618078544,17.288649618078544,38.87390057673535,,,,gradient,500000.0,500000.0,30109.531611266437,100000.0,28143.996069574987,118.07659455398604,0.9688545198737308,516.0733523389706,10.0,0.002,1.0
constrained thermal motion,mean_field_theory,polarized,10.0,500.0,10.0,1.0040270673343867,17.440215763714484,17.440215763714484,39.53181080449289,,,,gradient,500000.0,500000.0,29635.880228247726,100000.0,27750.7660228445,116.21913814999108,0.9688545198737308,516.0733523389706,10.0,0.002,1.0
constrained thermal motion,mean_field_theory,polarized,10.0,500.0,10.0,1.0040594832433072,17.59197777055821,17.59197777055821,40.19524054605576,,,,gradient,500000.0,500000.0,29173.36677866003,100000.0,27364.228429778796,114.40535991631386,0.9688545198737308,516.0733523389706,10.0,0.002,1.0
constrained thermal motion,mean_field_theory,polarized,10.0,500.0,10.0,1.0040919001988042,17.743935891710947,17.743935891710947,40.86418161104094,,,,gradient,500000.0,500000.0,28721.641502916485,100000.0,26984.27793332776,112.63388824673132,0.9688545198737308,516.0733523389706,10.0,0.002,1.0
constrained thermal motion,mean_field_theory,polarized,10.0,500.0,10.0,1.0041243182009114,17.89609038060007,17.89609038060007,41.53862559282458,,,,gradient,500000.0,500000.0,28280.368242733563,100000.0,26610.809821681654,110.90340487346496,0.9688545198737308,516.0733523389706,10.0,0.002,1.0
constrained thermal motion,mean_field_theory,polarized,10.0,500.0,10.0,1.0041567372496627,18.04844149098239,18.04844149098239,42.20073848637588,,,,gradient,500000.0,500000.0,27857.49581222181,100000.0,26243.69207611071,109.2450816165561,0.9688545198737308,516.0733523389706,10.0,0.002,1.0
constrained thermal motion,mean_field_theory,polarized,10.0,500.0,10.0,1.0041891573450918,18.20098947694169,18.20098947694169,42.88803206062213,,,,gradient,500000.0,500000.0,27436.083972406683,100000.0,25882.81747977786,107.59248616630072,0.9688545198737308,516.0733523389706,10.0,0.002,1.0
constrained thermal motion,mean_field_theory,polarized,10.0,500.0,10.0,1.0042215784872328,18.35373459289109,18.35373459289109,43.58085122648029,,,,gradient,500000.0,500000.0,27024.19227754859,100000.0,25528.11731311926,105.9772246178376,0.9688545198737308,516.0733523389706,10.0,0.002,1.0
constrained thermal motion,mean_field_theory,polarized,10.0,500.0,10.0,1.0042540006761191,18.506677093570342,18.506677093570342,44.279186852275146,,,,gradient,500000.0,500000.0,26621.532982729143,100000.0,25179.48978789523,104.39816855972214,0.9688545198737308,516.0733523389706,10.0,0.002,1.0
constrained thermal motion,mean_field_theory,polarized,10.0,500.0,10.0,1.0042864239117848,18.659817234050593,18.659817234050593,44.98302959532921,,,,gradient,500000.0,500000.0,26227.82912201705,100000.0,24836.83397479233,102.85423185104726,0.9688545198737308,516.0733523389706,10.0,0.002,1.0
constrained thermal motion,mean_field_theory,polarized,10.0,500.0,10.0,1.0043188481942635,18.813155269731396,18.813155269731396,45.69236990465597,,,,gradient,500000.0,500000.0,25842.814028475183,100000.0,24500.04983821148,101.34436873911838,0.9688545198737308,516.0733523389706,10.0,0.002,1.0
constrained thermal motion,mean_field_theory,polarized,10.0,500.0,10.0,1.004351273523589,18.96669145634245,18.96669145634245,46.38618693185734,,,,gradient,500000.0,500000.0,25474.31309779878,100000.0,24168.99781097992,99.89926705019128,0.9688545198737308,516.0733523389706,10.0,0.002,1.0
constrained thermal motion,mean_field_theory,polarized,10.0,500.0,10.0,1.0043836998997957,19.12042604994493,19.12042604994597,47.10853659607715,,,,gradient,500000.0,500000.0,25105.835237778305,100000.0,23843.610019766104,98.45425583442471,0.9688545198737308,516.0733523389706,10.0,0.002,1.0
constrained thermal motion,mean_field_theory,polarized,10.0,500.0,10.0,1.0044161273229162,19.27435930692878,19.27435930692878,47.8364045136673,,,,gradient,500000.0,500000.0,24745.304302562938,100000.0,23523.80089785212,97.04040902965858,0.9688545198737308,516.0733523389706,10.0,0.002,1.0
constrained thermal motion,mean_field_theory,polarized,10.0,500.0,10.0,1.004448555792985,19.42849148401635,19.42849148401635,48.56978041478138,,,,gradient,500000.0,500000.0,24392.49045796336,100000.0,23209.474222178404,95.6568253253465,0.9688545198737308,516.0733523389706,10.0,0.002,1.0
constrained thermal motion,mean_field_theory,polarized,10.0,500.0,10.0,1.004480985310036,19.582822838263823,19.582822838263823,49.30865382923871,,,,gradient,500000.0,500000.0,24047.172111421885,100000.0,22900.534811581012,94.30263573106622,0.9688545198737308,516.0733523389706,10.0,0.002,1.0
constrained thermal motion,mean_field_theory,polarized,10.0,500.0,10.0,1.004513415874103,19.737353627056375,19.737353627056375,50.02614041995565,,,,gradient,500000.0,500000.0,23717.0862413063,100000.0,22596.883994434036,93.00818133845608,0.9688545198737308,516.0733523389706,10.0,0.002,1.0
constrained thermal motion,mean_field_theory,polarized,10.0,500.0,10.0,1.0045458474852196,19.892084108113917,19.892084108113917,50.778148239592795,,,,gradient,500000.0,500000.0,23386.0501795104,100000.0,22298.39377555445,91.71000070396236,0.9688545198737308,516.0733523389706,10.0,0.002,1.0
constrained thermal motion,mean_field_theory,polarized,10.0,500.0,10.0,1.0045782801434195,20.047014539487297,20.047014539487297,51.53567280644674,,,,gradient,500000.0,500000.0,23061.891433530152,100000.0,22005.01288407929,90.43878993541236,0.9688545198737308,516.0733523389706,10.0,0.002,1.0
constrained thermal motion,mean_field_theory,polarized,10.0,500.0,10.0,1.004610713848737,20.202145179563935,20.202145179563935,52.29870294743017,,,,gradient,500000.0,500000.0,22744.417999274327,100000.0,21716.650462242585,89.1937960755856,0.9688545198737308,516.0733523389706,10.0,0.002,1.0
constrained thermal motion,mean_field_theory,polarized,10.0,500.0,10.0,1.0046431486012053,20.357476287060948,20.357476287060948,53.06722729970899,,,,gradient,500000.0,500000.0,22433.444519586345,100000.0,21433.216793707947,87.97429223367195,0.9688545198737308,516.0733523389706,10.0,0.002,1.0
constrained thermal motion,mean_field_theory,polarized,10.0,500.0,10.0,1.0046755844008588,20.513008121035114,20.513008121035114,53.841234314424305,,,,gradient,500000.0,500000.0,22128.792010046483,100000.0,21154.62331750607,86.77957650998621,0.9688545198737308,516.0733523389706,10.0,0.002,1.0
constrained thermal motion,mean_field_theory,polarized,10.0,500.0,10.0,1.0047080212477308,20.66874094087261,20.66874094087261,54.5893965504876,,,,gradient,500000.0,500000.0,21838.006560841724,100000.0,20880.766446469257,85.63924141506558,0.9688545198737308,516.0733523389706,10.0,0.002,1.0
constrained thermal motion,mean_field_theory,polarized,10.0,500.0,10.0,1.0047404591418554,20.82467500629801,20.82467500629801,55.37668937722013,,,,gradient,500000.0,500000.0,21545.411598503797,100000.0,20611.554987990898,84.49181019021097,0.9688545198737308,516.0733523389706,10.0,0.002,1.0
constrained thermal motion,mean_field_theory,polarized,10.0,500.0,10.0,1.0047728980832662,20.980810577370423,20.980810577370423,56.16948224939254,,,,gradient,500000.0,500000.0,21258.6367031275,100000.0,20346.925946593605,83.36720275736275,0.9688545198737308,516.0733523389706,10.0,0.002,1.0
constrained thermal motion,mean_field_theory,polarized,10.0,500.0,10.0,1.0048053380719972,21.13714791448611,21.13714791448611,56.96776295519592,,,,gradient,500000.0,500000.0,20977.525870705056,100000.0,20086.79545204829,82.26480733609826,0.9688545198737308,516.0733523389706,10.0,0.002,1.0
constrained thermal motion,mean_field_theory,polarized,10.0,500.0,10.0,1.0048377791080825,21.293687278376726,21.293687278377817,57.77151911066289,,,,gradient,500000.0,500000.0,20701.928282815326,100000.0,19831.080838724825,81.18403248162873,0.9688545198737308,516.0733523389706,10.0,0.002,1.0
constrained thermal motion,mean_field_theory,polarized,10.0,500.0,10.0,1.004870221191555,21.45042893011091,21.45042893011091,58.580738163746105,,,,gradient,500000.0,500000.0,20431.698101255817,100000.0,19579.700650578623,80.12430627943458,0.9688545198737308,516.0733523389706,10.0,0.002,1.0
constrained thermal motion,mean_field_theory,polarized,10.0,500.0,10.0,1.0049026643224492,21.607373131094597,21.607373131094597,59.35901415184033,,,,gradient,500000.0,500000.0,20174.15663450628,100000.0,19332.5503564055,79.11433974316188,0.9688545198737308,516.0733523389706,10.0,0.002,1.0
constrained thermal motion,mean_field_theory,polarized,10.0,500.0,10.0,1.004935108500799,21.76452014307264,21.76452014307264,60.1816670388911,,,,gradient,500000.0,500000.0,19914.173366972245,100000.0,19089.5677734577,78.09479751753821,0.9688545198737308,516.0733523389706,10.0,0.002,1.0
constrained thermal motion,mean_field_theory,polarized,10.0,500.0,10.0,1.0049675537266378,21.92187022812697,21.92187022812697,61.00979858602513,,,,gradient,500000.0,500000.0,19659.148146901374,100000.0,18850.683182040808,77.0946986152995,0.9688545198737308,516.0733523389706,10.0,0.002,1.0
constrained thermal motion,mean_field_theory,polarized,10.0,500.0,10.0,1.005,22.079423648679388,22.079423648679388,61.84339563742071,,,,gradient,500000.0,500000.0,19408.953171253062,100000.0,18615.819961026507,76.11354184805124,0.9688545198737308,516.0733523389706,10.0,0.002,1.0
constrained thermal motion,simulation,mixed,0.0,500.0,10.0,1.0,0.0,1.0,0.0,0.0,0.0,64.0,simulation_point,,,,,,,,,,,
constrained thermal motion,simulation,mixed,0.0,500.0,10.0,1.0005,2.0196240732495596,2.0196240732495596,0.0,0.0,0.0,128.0,simulation_point,,,,,,,,,,,
constrained thermal motion,simulation,mixed,0.0,500.0,10.0,1.001,4.078997205186052,4.078997205186052,0.1397564781810485,0.0746517908509109,0.2163981894379409,128.0,simulation_point,,,,,,,,,,,
constrained thermal motion,simulation,mixed,0.0,500.0,10.0,1.0025,10.50330101290684,10.50330101290684,3.800875961492926,3.4820812560912913,4.120431482686165,128.0,simulation_point,,,,,,,,,,,
constrained thermal motion,simulation,mixed,0.0,500.0,10.0,1.005,22.079423648679388,22.079423648679388,16.51978940493829,15.072271947532007,18.021769897706136,128.0,simulation_point,,,,,,,,,,,
constrained thermal motion,simulation,mixed,10.0,500.0,10.0,1.0,0.0,1.0,0.0,0.0,0.0,64.0,simulation_point,,,,,,,,,,,
constrained thermal motion,simulation,mixed,10.0,500.0,10.0,1.0005,2.0196240732495596,2.0196240732495596,0.0,0.0,0.0,128.0,simulation_point,,,,,,,,,,,
constrained thermal motion,simulation,mixed,10.0,500.0,10.0,1.001,4.078997205186052,4.078997205186052,0.0681686209297263,0.0202888896551526,0.1297501384456147,128.0,simulation_point,,,,,,,,,,,
constrained thermal motion,simulation,mixed,10.0,500.0,10.0,1.0025,10.50330101290684,10.50330101290684,1.3547249234100964,1.0097522932611176,1.7016888018384582,128.0,simulation_point,,,,,,,,,,,
constrained thermal motion,simulation,mixed,10.0,500.0,10.0,1.005,22.079423648679388,22.079423648679388,6.208110774411388,5.060395544520063,7.389589703121032,128.0,simulation_point,,,,,,,,,,,
constrained thermal motion,simulation,polarized,0.0,500.0,10.0,1.0,0.0,1.0,0.0,0.0,0.0,64.0,simulation_point,,,,,,,,,,,
constrained thermal motion,simulation,polarized,0.0,500.0,10.0,1.0005,2.0196240732495596,2.0196240732495596,0.0,0.0,0.0,128.0,simulation_point,,,,,,,,,,,
constrained thermal motion,simulation,polarized,0.0,500.0,10.0,1.001,4.078997205186052,4.078997205186052,0.1390955963345118,0.0732707030555514,0.2139113038077101,128.0,simulation_point,,,,,,,,,,,
constrained thermal motion,simulation,polarized,0.0,500.0,10.0,1.0025,10.50330101290684,10.50330101290684,4.299351080632449,3.897658418086387,4.737924228788189,128.0,simulation_point,,,,,,,,,,,
constrained thermal motion,simulation,polarized,0.0,500.0,10.0,1.005,22.079423648679388,22.079423648679388,16.922656507063866,15.39381653528072,18.54658693285742,128.0,simulation_point,,,,,,,,,,,
constrained thermal motion,simulation,polarized,10.0,500.0,10.0,1.0,0.0,1.0,0.1078286976225911,0.0202756392047326,0.2235691653497302,64.0,simulation_point,,,,,,,,,,,
constrained thermal motion,simulation,polarized,10.0,500.0,10.0,1.0005,2.0196240732495596,2.0196240732495596,0.4061645853042633,0.2689752296221708,0.5561860094352835,128.0,simulation_point,,,,,,,,,,,
constrained thermal motion,simulation,polarized,10.0,500.0,10.0,1.001,4.078997205186052,4.078997205186052,3.085554287434402,2.598385280675063,3.6250049902860177,128.0,simulation_point,,,,,,,,,,,
constrained thermal motion,simulation,polarized,10.0,500.0,10.0,1.0025,10.50330101290684,10.50330101290684,18.77217000059278,16.500141763515135,21.0807170563841,128.0,simulation_point,,,,,,,,,,,
constrained thermal motion,simulation,polarized,10.0,500.0,10.0,1.005,22.079423648679388,22.079423648679388,56.4400890774787,50.17490206797979,62.76944800894179,128.0,simulation_point,,,,,,,,,,,
