physical_condition,series,architecture,K_C,K_D,n_binders,gradient_scale,mean_attachments_over_K_D,plotted_axis_coordinate,mean,lower_95_percent,upper_95_percent,trajectory_count,curve_role,arrival_time_limit,recording_time_limit,mean_recorded_duration,path_ci_time_limit,mean_path_ci_duration,observation_lag,mobile_fraction,effective_K_D_at_start,local_K_C_at_start,cleavage_rate_scale,path_ci_correction_coefficient
constrained thermal motion,mean_field_theory,mixed,0.0,499.99999999999994,10.0,1.001,0.0005499375617013,0.0005499375617013,0.1513464249793671,,,,gradient,500000.0,500000.0,489228.6208097896,100000.0,99999.9999767342,1918.543611018783,1.0,499.99999999999994,0.0,0.002,1.0
constrained thermal motion,mean_field_theory,mixed,0.0,482.93864539949584,10.0,1.001,0.0005889084660093,0.0005889084660093,0.1679036969899912,,,,gradient,500000.0,500000.0,487874.48727881326,100000.0,99999.99996347248,1913.2332834463264,1.0,482.93864539949584,0.0,0.002,1.0
constrained thermal motion,mean_field_theory,mixed,0.0,466.45947044060057,10.0,1.001,0.0006306200076885,0.0006306200076885,0.1859442577970902,,,,gradient,500000.0,500000.0,486371.312386282,100000.0,99999.99994245036,1907.338479946204,1.0,466.45947044060057,0.0,0.002,1.0
constrained thermal motion,mean_field_theory,mixed,0.0,450.5426095766997,10.0,1.001,0.0006752626771327,0.0006752626771327,0.2055394056459057,,,,gradient,500000.0,500000.0,484707.47490192,100000.0,99999.99990905864,1900.813627066353,1.0,450.5426095766997,0.0,0.002,1.0
constrained thermal motion,mean_field_theory,mixed,0.0,435.1688751274506,10.0,1.001,0.0007230399665911,0.0007230399665911,0.2267541281031499,,,,gradient,500000.0,500000.0,482871.3433689928,100000.0,99999.99985593645,1893.613111250952,1.0,435.1688751274506,0.0,0.002,1.0
constrained thermal motion,mean_field_theory,mixed,0.0,420.3197341481472,10.0,1.001,0.0007741692325198,0.0007741692325198,0.249645618973461,,,,gradient,500000.0,500000.0,480851.44911436585,100000.0,99999.99977134092,1885.6919573112384,1.0,420.3197341481472,0.0,0.002,1.0
constrained thermal motion,mean_field_theory,mixed,0.0,405.9772860883649,10.0,1.001,0.0008288826125129,0.0008288826125129,0.274261846052934,,,,gradient,500000.0,500000.0,478636.6790311199,100000.0,99999.9996365666,1877.0065844357644,1.0,405.9772860883649,0.0,0.002,1.0
constrained thermal motion,mean_field_theory,mixed,0.0,392.12424121295714,10.0,1.001,0.0008874279999991,0.0008874279999991,0.3006402249497359,,,,gradient,500000.0,500000.0,476216.4849835768,100000.0,99999.9994218836,1867.5156273865755,1.0,392.12424121295714,0.0,0.002,1.0
constrained thermal motion,mean_field_theory,mixed,0.0,378.7438997593818,10.0,1.001,0.0009500700800444,0.0009500700800444,0.3288064561592981,,,,gradient,500000.0,500000.0,473581.1055435052,100000.0,99999.99908017478,1857.1808060529615,1.0,378.7438997593818,0.0,0.002,1.0
constrained thermal motion,mean_field_theory,mixed,0.0,365.82013180623665,10.0,1.001,0.0010170914297683,0.0010170914297683,0.3587735815310395,,,,gradient,500000.0,500000.0,470721.7946688698,100000.0,99999.99853702984,1845.967822230862,1.0,365.82013180623665,0.0,0.002,1.0
constrained thermal motion,mean_field_theory,mixed,0.0,353.33735782873833,10.0,1.001,0.0010887936870454,0.0010887936870454,0.3905413118465762,,,,gradient,500000.0,500000.0,467631.05095958064,100000.0,99999.99767543096,1833.847258665022,1.0,353.33735782873833,0.0,0.002,1.0
constrained thermal motion,mean_field_theory,mixed,0.0,341.28052991769573,10.0,1.001,0.0011654987913375,0.0011654987913375,0.4240956693098271,,,,gradient,500000.0,500000.0,464302.84034880536,100000.0,99999.99631226926,1820.7954523482565,1.0,341.28052991769573,0.0,0.002,1.0
constrained thermal motion,mean_field_theory,mixed,0.0,329.6351136393482,10.0,1.001,0.0012475503006809,0.0012475503006809,0.4594089774641823,,,,gradient,500000.0,500000.0,460732.80458939733,100000.0,99999.99416262405,1806.7953121152837,1.0,329.6351136393482,0.0,0.002,1.0
constrained thermal motion,mean_field_theory,mixed,0.0,318.3870705141918,10.0,1.001,0.0013353147890283,0.0013353147890283,0.4964402168361569,,,,gradient,500000.0,500000.0,456918.4477415558,100000.0,99999.99078597728,1791.8370499668856,1.0,318.3870705141918,0.0,0.002,1.0
constrained thermal motion,mean_field_theory,mixed,0.0,307.52284109367514,10.0,1.001,0.0014291833283365,0.0014291833283365,0.5351357481855736,,,,gradient,500000.0,500000.0,452859.2931062915,100000.0,99999.98550605652,1775.918796495261,1.0,307.52284109367514,0.0,0.002,1.0
constrained thermal motion,mean_field_theory,mixed,0.0,297.0293286143681,10.0,1.001,0.0015295730599706,0.0015295730599706,0.5754303876043898,,,,gradient,500000.0,500000.0,448557.003705548,100000.0,99999.9772927346,1759.0470733550903,1.0,297.0293286143681,0.0,0.002,1.0
constrained thermal motion,mean_field_theory,mixed,0.0,286.8938832098894,10.0,1.001,0.0016369288601932,0.0016369288601932,0.6172488000179001,,,,gradient,500000.0,500000.0,444015.4604772808,100000.0,99999.96459020396,1741.237099910905,1.0,286.8938832098894,0.0,0.002,1.0
constrained thermal motion,mean_field_theory,mixed,0.0,277.1042866615703,10.0,1.001,0.0017517251046924,0.0017517251046924,0.6605071611551641,,,,gradient,500000.0,500000.0,439240.7937936248,100000.0,99999.94507028014,1722.5129168377443,1.0,277.1042866615703,0.0,0.002,1.0
constrained thermal motion,mean_field_theory,mixed,0.0,267.64873766946505,10.0,1.001,0.0018744675373014,0.0018744675373014,0.705115023994025,,,,gradient,500000.0,500000.0,434241.36565454176,100000.0,99999.91528333085,1702.9073162923207,1.0,267.64873766946505,0.0,0.002,1.0
constrained thermal motion,mean_field_theory,mixed,0.0,258.51583762595294,10.0,1.001,0.0020056952482524,0.0020056952482524,0.750977315115392,,,,gradient,500000.0,500000.0,429027.701858996,100000.0,99999.87017190795,1682.4615759176313,1.0,258.51583762595294,0.0,0.002,1.0
constrained thermal motion,mean_field_theory,mixed,0.0,249.69457687478777,10.0,1.001,0.0021459827675044,0.0021459827675044,0.7979963801256537,,,,gradient,500000.0,500000.0,423612.3754949006,100000.0,99999.802404253,1661.2250019407868,1.0,249.69457687478777,0.0,0.002,1.0
constrained thermal motion,mean_field_theory,mixed,0.0,241.17432143902064,10.0,1.001,0.0022959422788744,0.0022959422788744,0.846073995779301,,,,gradient,500000.0,500000.0,418009.84508888714,100000.0,99999.70147700174,1639.254294466224,1.0,241.17432143902064,0.0,0.002,1.0
constrained thermal motion,mean_field_theory,mixed,0.0,232.9448002018065,10.0,1.001,0.0024562259608938,0.0024562259608938,0.8951132697130244,,,,gradient,500000.0,500000.0,412236.2525912253,100000.0,99999.55252985311,1616.6127552597072,1.0,232.9448002018065,0.0,0.002,1.0
constrained thermal motion,mean_field_theory,mixed,0.0,224.9960925246335,10.0,1.001,0.0026275284604977,0.0026275284604977,0.945020356445876,,,,gradient,500000.0,500000.0,406309.1879241992,100000.0,99999.33481116944,1593.3693644086245,1.0,224.9960925246335,0.0,0.002,1.0
constrained thermal motion,mean_field_theory,mixed,0.0,217.3186162880523,10.0,1.001,0.0028105895058362,0.0028105895058362,0.9957059298081512,,,,gradient,500000.0,500000.0,400247.4280022484,100000.0,99999.0197344445,1569.5977568715623,1.0,217.3186162880523,0.0,0.002,1.0
constrained thermal motion,mean_field_theory,mixed,0.0,209.9031163404896,10.0,1.001,0.0030061966646727,0.0030061966646727,1.0470863662556262,,,,gradient,500000.0,500000.0,394070.65887560474,100000.0,99998.56847352388,1545.3751328455087,1.0,209.9031163404896,0.0,0.002,1.0
constrained thermal motion,mean_field_theory,mixed,0.0,202.74065334121792,10.0,1.001,0.0032151882550039,0.0032151882550039,1.0990846094598676,,,,gradient,500000.0,500000.0,387799.1899297433,100000.0,99997.9290617609,1520.7811369793856,1.0,202.74065334121792,0.0,0.002,1.0
constrained thermal motion,mean_field_theory,mixed,0.0,195.82259298403315,10.0,1.001,0.0034384564146917,0.0034384564146917,1.1516307029407824,,,,gradient,500000.0,500000.0,381453.6688967835,100000.0,99997.03298880885,1495.8967407717,1.0,195.82259298403315,0.0,0.002,1.0
constrained thermal motion,mean_field_theory,mixed,0.0,189.1405955886518,10.0,1.001,0.0036769503370475,0.0036769503370475,1.2046619931912643,,,,gradient,500000.0,500000.0,375054.8058434333,100000.0,99995.7913297622,1470.8031601703265,1.0,189.1405955886518,0.0,0.002,1.0
constrained thermal motion,mean_field_theory,mixed,0.0,182.68660604727475,10.0,1.001,0.0039316796794429,0.0039316796794429,1.2581230197752726,,,,gradient,500000.0,500000.0,368623.1133603035,100000.0,99994.09049461804,1445.5808367070726,1.0,182.68660604727475,0.0,0.002,1.0
constrained thermal motion,mean_field_theory,mixed,0.0,176.45284411420445,10.0,1.001,0.0042037181521394,0.0042037181521394,1.311965120526353,,,,gradient,500000.0,500000.0,362178.6689748357,100000.0,99991.78774964556,1420.3085057836695,1.0,176.45284411420445,0.0,0.002,1.0
constrained thermal motion,mean_field_theory,mixed,0.0,170.4317950268048,10.0,1.001,0.0044942072946332,0.0044942072946332,1.3661457887868862,,,,gradient,500000.0,500000.0,355740.9044416366,100000.0,99988.70673211564,1395.0623703593592,1.0,170.4317950268048,0.0,0.002,1.0
constrained thermal motion,mean_field_theory,mixed,0.0,164.6162004464993,10.0,1.001,0.0048043604468947,0.0048043604468947,1.4206278254352636,,,,gradient,500000.0,500000.0,349328.42512511864,100000.0,99984.63324976084,1369.915392647524,1.0,164.6162004464993,0.0,0.002,1.0
constrained thermal motion,mean_field_theory,mixed,0.0,158.99904970888872,10.0,1.001,0.0051354669229407,0.0051354669229407,1.4753783313373363,,,,gradient,500000.0,500000.0,342958.861271243,100000.0,99979.31171837136,1344.9367108676197,1.0,158.99904970888872,0.0,0.002,1.0
constrained thermal motion,mean_field_theory,mixed,0.0,153.57357137243565,10.0,1.001,0.0054888963942197,0.0054888963942197,1.5303675861182355,,,,gradient,500000.0,500000.0,336648.7516423077,100000.0,99972.4426360354,1320.1911829110104,1.0,153.57357137243565,0.0,0.002,1.0
constrained thermal motion,mean_field_theory,mixed,0.0,148.33322505553377,10.0,1.001,0.0058661034902941,0.0058661034902941,1.5855678572308638,,,,gradient,500000.0,500000.0,330413.4588216877,100000.0,99963.68151184452,1295.7390542026967,1.0,148.33322505553377,0.0,0.002,1.0
constrained thermal motion,mean_field_theory,mixed,0.0,143.27169355211623,10.0,1.001,0.0062686326242933,0.0062686326242933,1.640952179712776,,,,gradient,500000.0,500000.0,324267.1145225187,100000.0,99952.63965294413,1271.6357432255636,1.0,143.27169355211623,0.0,0.002,1.0
constrained thermal motion,mean_field_theory,mixed,0.0,138.3828752163014,10.0,1.001,0.0066981230505536,0.0066981230505536,1.696493142335327,,,,gradient,500000.0,500000.0,318222.59247751505,100000.0,99938.88716192976,1247.931735205941,1.0,138.3828752163014,0.0,0.002,1.0
constrained thermal motion,mean_field_theory,mixed,0.0,133.66087660689618,10.0,1.001,0.0071563141617819,0.0071563141617819,1.7521617105655314,,,,gradient,500000.0,500000.0,312291.50594885024,100000.0,99921.95840594063,1224.6725723484324,1.0,133.66087660689618,0.0,0.002,1.0
constrained thermal motion,mean_field_theory,mixed,0.0,129.10000538288736,10.0,1.001,0.007645051032956,0.007645051032956,1.8079261113470957,,,,gradient,500000.0,500000.0,306484.22656741645,100000.0,99901.36009301127,1201.8989277153587,1.0,129.10000538288736,0.0,0.002,1.0
constrained thermal motion,mean_field_theory,mixed,0.0,124.6947634413585,10.0,1.001,0.0081662902190162,0.0081662902190162,1.8637507995215037,,,,gradient,500000.0,500000.0,300809.9210685347,100000.0,99876.581938476,1179.6467492883714,1.0,124.6947634413585,0.0,0.002,1.0
constrained thermal motion,mean_field_theory,mixed,0.0,120.43984028956064,10.0,1.001,0.0087221058131971,0.0087221058131971,1.9195955210202145,,,,gradient,500000.0,500000.0,295276.60250756564,100000.0,99847.10973622104,1157.9474608139828,1.0,120.43984028956064,0.0,0.002,1.0
constrained thermal motion,mean_field_theory,mixed,0.0,116.3301066431441,10.0,1.001,0.0093146957726053,0.0093146957726053,1.9754144839327608,,,,gradient,500000.0,500000.0,289891.19268322573,100000.0,99812.4404807355,1136.828206600885,1.0,116.3301066431441,0.0,0.002,1.0
constrained thermal motion,mean_field_theory,mixed,0.0,112.36060824283784,10.0,1.001,0.0099463885173551,0.0099463885173551,2.031155645262446,,,,gradient,500000.0,500000.0,284659.5927356443,100000.0,99772.09903124404,1116.3121283750756,1.0,112.36060824283784,0.0,0.002,1.0
constrained thermal motion,mean_field_theory,mixed,0.0,108.5265598821192,10.0,1.001,0.0106196498092305,0.0106196498092305,2.08676011863053,,,,gradient,500000.0,500000.0,279586.7591907111,100000.0,99725.65568268066,1096.4186634929847,1.0,108.5265598821192,0.0,0.002,1.0
constrained thermal motion,mean_field_theory,mixed,0.0,104.82333963867583,10.0,1.001,0.0113370899154547,0.0113370899154547,2.1421617063078005,,,,gradient,500000.0,500000.0,274676.7830641624,100000.0,99672.74392113333,1077.1638551535782,1.0,104.82333963867583,0.0,0.002,1.0
constrained thermal motion,mean_field_theory,mixed,0.0,101.24648330270688,10.0,1.001,0.0121014710627041,0.0121014710627041,2.1972865576598655,,,,gradient,500000.0,500000.0,269932.96999661165,100000.0,99613.07760099151,1058.560666653379,1.0,101.24648330270688,0.0,0.002,1.0
constrained thermal motion,mean_field_theory,mixed,0.0,97.7916789953439,10.0,1.001,0.0129157151860073,0.0129157151860073,2.252052955237178,,,,gradient,500000.0,500000.0,265357.9197446416,100000.0,99546.46678985124,1040.6192931162416,1.0,97.7916789953439,0.0,0.002,1.0
constrained thermal motion,mean_field_theory,mixed,0.0,94.45476197070748,10.0,1.001,0.0137829119766258,0.0137829119766258,2.306371229206211,,,,gradient,500000.0,500000.0,260953.6036907539,100000.0,99472.8315833044,1023.3474654539368,1.0,94.45476197070748,0.0,0.002,1.0
constrained thermal motion,mean_field_theory,mixed,0.0,91.2317095953306,10.0,1.001,0.0147063272324095,0.0147063272324095,2.360143800459799,,,,gradient,500000.0,500000.0,256721.43934663897,100000.0,99392.2132888171,1006.750742535839,1.0,91.2317095953306,0.0,0.002,1.0
constrained thermal motion,mean_field_theory,mixed,0.0,88.11863649889834,10.0,1.001,0.0156894115134685,0.0156894115134685,2.413265352431229,,,,gradient,500000.0,500000.0,252662.36110381145,100000.0,99304.78250662664,990.8327886423978,1.0,88.11863649889834,0.0,0.002,1.0
constrained thermal motion,mean_field_theory,mixed,0.0,85.11178989045713,10.0,1.001,0.0167358091052984,0.0167358091052984,2.465623131262463,,,,gradient,500000.0,500000.0,248776.88673030265,100000.0,99210.84378468148,975.5956342364808,1.0,85.11178989045713,0.0,0.002,1.0
constrained thermal motion,mean_field_theory,mixed,0.0,82.2075450344478,10.0,1.001,0.0178493672907437,0.0178493672907437,2.5170973734478186,,,,gradient,500000.0,500000.0,245065.17932148385,100000.0,99110.83668241014,961.0399189077798,1.0,82.2075450344478,0.0,0.002,1.0
constrained thermal motion,mean_field_theory,mixed,0.0,79.4024008811086,10.0,1.001,0.0190341459313818,0.0190341459313818,2.5675618593211484,,,,gradient,500000.0,500000.0,241527.10458707355,100000.0,99005.33323319512,947.1651160277394,1.0,79.4024008811086,0.0,0.002,1.0
constrained thermal motion,mean_field_theory,mixed,0.0,76.69297584598065,10.0,1.001,0.0202944273580693,0.0202944273580693,2.616884589739606,,,,gradient,500000.0,500000.0,238162.2834979328,100000.0,98895.03193843,933.9697392075796,1.0,76.69297584598065,0.0,0.002,1.0
constrained thermal motion,mean_field_theory,mixed,0.0,74.07600373342835,10.0,1.001,0.02163472656951,0.02163472656951,2.664928582016015,,,,gradient,500000.0,500000.0,234970.1404266917,100000.0,98780.74854946203,921.4515310850657,1.0,74.07600373342835,0.0,0.002,1.0
constrained thermal motion,mean_field_theory,mixed,0.0,71.54832979925982,10.0,1.001,0.0230598017367866,0.0230598017367866,2.711552779571057,,,,gradient,500000.0,500000.0,231949.94699817395,100000.0,98663.40399263838,909.6076352869568,1.0,71.54832979925982,0.0,0.002,1.0
constrained thermal motion,mean_field_theory,mixed,0.0,69.10690694770189,10.0,1.001,0.0245746650108607,0.0245746650108607,2.756613067962106,,,,gradient,500000.0,500000.0,229100.861922824,100000.0,98544.00986505565,898.4347526385255,1.0,69.10690694770189,0.0,0.002,1.0
constrained thermal motion,mean_field_theory,mixed,0.0,66.74879205814433,10.0,1.001,0.026184593629079,0.026184593629079,2.7999633879258097,,,,gradient,500000.0,500000.0,226421.9671194717,100000.0,98423.65197397467,887.9292828214575,1.0,66.74879205814433,0.0,0.002,1.0
constrained thermal motion,mean_field_theory,mixed,0.0,64.47114243722574,10.0,1.001,0.0278951413157572,0.0278951413157572,2.841456933927848,,,,gradient,500000.0,500000.0,223912.30044632827,100000.0,98303.47241327338,878.087452730699,1.0,64.47114243722574,0.0,0.002,1.0
constrained thermal motion,mean_field_theory,mixed,0.0,62.27121239198354,10.0,1.001,0.0297121499709348,0.0297121499709348,2.8809474245420743,,,,gradient,500000.0,500000.0,221570.88535381985,100000.0,98184.65066887996,868.9054327600778,1.0,62.27121239198354,0.0,0.002,1.0
constrained thermal motion,mean_field_theory,mixed,0.0,60.146349919937705,10.0,1.001,0.0316417616404345,0.0316417616404345,2.9182904288404554,,,,gradient,500000.0,500000.0,219396.75775076487,100000.0,98068.38422573011,860.3794421598623,1.0,60.146349919937705,0.0,0.002,1.0
constrained thermal motion,mean_field_theory,mixed,0.0,58.09399351211762,10.0,1.001,0.0336904307594163,0.0336904307594163,2.9533447310069243,,,,gradient,500000.0,500000.0,217388.99034111065,100000.0,97955.86911597362,852.5058444749436,1.0,58.09399351211762,0.0,0.002,1.0
constrained thermal motion,mean_field_theory,mixed,0.0,56.111669065178376,10.0,1.001,0.0358649366607092,0.0358649366607092,2.9859737136423785,,,,gradient,500000.0,500000.0,215546.71464306343,100000.0,97848.2808060626,845.2812338943666,1.0,56.111669065178376,0.0,0.002,1.0
constrained thermal motion,mean_field_theory,mixed,0.0,54.19698689888411,10.0,1.001,0.0381723963383459,0.0381723963383459,3.0160467388400947,,,,gradient,500000.0,500000.0,213869.14085119945,100000.0,97746.7557731994,838.7025131419587,1.0,54.19698689888411,0.0,0.002,1.0
constrained thermal motion,mean_field_theory,mixed,0.0,52.34763887536267,10.0,1.001,0.0406202774559301,0.0406202774559301,3.0434405051179656,,,,gradient,500000.0,500000.0,212355.5756471231,100000.0,97652.374072599,832.7669633220514,1.0,52.34763887536267,0.0,0.002,1.0
constrained thermal motion,mean_field_theory,mixed,0.0,50.561395616659304,10.0,1.001,0.04321641158875,0.04321641158875,3.0680403578029285,,,,gradient,500000.0,500000.0,211005.43801056463,100000.0,97566.14314907692,827.4723059237829,1.0,50.561395616659304,0.0,0.002,1.0
constrained thermal motion,mean_field_theory,mixed,0.0,48.836103817234914,10.0,1.001,0.0459690076879323,0.0459690076879323,3.0897415304799356,,,,gradient,500000.0,500000.0,209818.2730331005,100000.0,97488.98310141607,822.816756992551,1.0,48.836103817234914,0.0,0.002,1.0
constrained thermal motion,mean_field_theory,mixed,0.0,47.16968364816918,10.0,1.001,0.0488866657544223,0.0488866657544223,3.1084502957240425,,,,gradient,500000.0,500000.0,208793.76369573217,100000.0,97421.71356728632,818.7990733165966,1.0,47.16968364816918,0.0,0.002,1.0
constrained thermal motion,mean_field_theory,mixed,0.0,45.56012624993918,10.0,1.001,0.0519783907102014,0.0519783907102014,3.124085004467233,,,,gradient,500000.0,500000.0,207931.74054033268,100000.0,97365.0423604978,815.4185903542458,1.0,45.56012624993918,0.0,0.002,1.0
constrained thermal motion,mean_field_theory,mixed,0.0,44.00549131075131,10.0,1.001,0.0552536064539186,0.0552536064539186,3.1365769950907705,,,,gradient,500000.0,500000.0,207232.18914770504,100000.0,97319.55596156936,812.6752515596276,1.0,44.00549131075131,0.0,0.002,1.0
constrained thermal motion,mean_field_theory,mixed,0.0,42.503904727507056,10.0,1.001,0.0587221700880542,0.0587221700880542,3.1458713555363107,,,,gradient,500000.0,500000.0,206695.25532941593,100000.0,97285.71193597888,810.5696287428076,1.0,42.503904727507056,0.0,0.002,1.0
constrained thermal motion,mean_field_theory,mixed,0.0,41.053556346582994,10.0,1.001,0.0623943863048462,0.0623943863048462,3.15192752445287,,,,gradient,500000.0,500000.0,206321.24794954545,100000.0,97263.83333203138,809.1029331354723,1.0,41.053556346582994,0.0,0.002,1.0
constrained thermal motion,mean_field_theory,mixed,0.0,39.65269778170136,10.0,1.001,0.0662810219185316,0.0662810219185316,3.1547197204689055,,,,gradient,500000.0,500000.0,206110.639311021,100000.0,97254.10509039764,808.2770169059646,1.0,39.65269778170136,0.0,0.002,1.0
constrained thermal motion,mean_field_theory,mixed,0.0,38.299640306260926,10.0,1.001,0.0703933205319817,0.0703933205319817,3.154237192087749,,,,gradient,500000.0,500000.0,206064.06306935992,100000.0,97256.57247962111,808.094364977882,1.0,38.299640306260926,0.0,0.002,1.0
constrained thermal motion,mean_field_theory,mixed,0.0,36.99275281758719,10.0,1.001,0.0747430173265756,0.0747430173265756,3.1504842842945635,,,,gradient,500000.0,500000.0,206182.309668632,100000.0,97271.14155469292,808.5580771318903,1.0,36.99275281758719,0.0,0.002,1.0
constrained thermal motion,mean_field_theory,mixed,0.0,35.73045987064789,10.0,1.001,0.079342353965155,0.079342353965155,3.143480321659806,,,,gradient,500000.0,500000.0,206466.31932836195,100000.0,97297.58161862438,809.6718405033802,1.0,35.73045987064789,0.0,0.002,1.0
constrained thermal motion,mean_field_theory,mixed,0.0,34.5112397788635,10.0,1.001,0.084204093599163,0.084204093599163,3.133259311395942,,,,gradient,500000.0,500000.0,206917.1726409219,100000.0,97335.52964870183,811.4398927094976,1.0,34.5112397788635,0.0,0.002,1.0
constrained thermal motion,mean_field_theory,mixed,0.0,33.33362277972309,10.0,1.001,0.0893415359725868,0.0893415359725868,3.1198694733601378,,,,gradient,500000.0,500000.0,207536.07886356267,100000.0,97384.49662913269,813.8669759355399,1.0,33.33362277972309,0.0,0.002,1.0
constrained thermal motion,mean_field_theory,mixed,0.0,32.196189262994515,10.0,1.001,0.0947685326171135,0.0947685326171135,3.103372607293482,,,,gradient,500000.0,500000.0,208324.36200511229,100000.0,97443.87570968713,816.9582823729894,1.0,32.196189262994515,0.0,0.002,1.0
constrained thermal motion,mean_field_theory,mixed,0.0,31.09756805939273,10.0,1.001,0.1004995021349694,0.1004995021349694,3.083843310554896,,,,gradient,500000.0,500000.0,209283.4448132685,100000.0,97512.95208563968,820.7193914245822,1.0,31.09756805939273,0.0,0.002,1.0
constrained thermal motion,mean_field_theory,mixed,0.0,30.03643478764353,10.0,1.001,0.1065494455682493,0.1065494455682493,3.061368062162434,,,,gradient,500000.0,500000.0,210414.83076258007,100000.0,97590.91446746704,825.1561990689414,1.0,30.03643478764353,0.0,0.002,1.0
constrained thermal motion,mean_field_theory,mixed,0.0,29.01151025794974,10.0,1.001,0.1129339618561527,0.1129339618561527,3.0360441910280733,,,,gradient,500000.0,500000.0,211720.08412669,100000.0,97676.86798006736,830.2748397125098,1.0,29.01151025794974,0.0,0.002,1.0
constrained thermal motion,mean_field_theory,mixed,0.0,28.02155892993567,10.0,1.001,0.1196692633844152,0.1196692633844152,3.007978747858199,,,,gradient,500000.0,500000.0,213200.8081939395,100000.0,97769.84830133768,836.0816007605471,1.0,28.02155892993567,0.0,0.002,1.0
constrained thermal motion,mean_field_theory,mixed,0.0,27.065387423210577,10.0,1.001,0.1267721916343592,0.1267721916343592,2.9772873012317023,,,,gradient,500000.0,500000.0,214858.621651896,100000.0,97868.83681923928,842.5828300074353,1.0,27.065387423210577,0.0,0.002,1.0
constrained thermal motion,mean_field_theory,mixed,0.0,26.141843078755738,10.0,1.001,0.1342602329423662,0.1342602329423662,2.9440926789023987,,,,gradient,500000.0,500000.0,216695.13313040673,100000.0,97972.77655683974,849.7848358055165,1.0,26.141843078755738,0.0,0.002,1.0
constrained thermal motion,mean_field_theory,mixed,0.0,25.24981256940098,10.0,1.001,0.1421515343841761,0.1421515343841761,2.908523675421299,,,,gradient,500000.0,500000.0,218711.91385512435,100000.0,98080.5885871431,857.693779824017,1.0,25.24981256940098,0.0,0.002,1.0
constrained thermal motion,mean_field_theory,mixed,0.0,24.388220557715364,10.0,1.001,0.1504649198022411,0.1504649198022411,2.8707137467578376,,,,gradient,500000.0,500000.0,220910.4683278272,100000.0,98191.18863560242,866.3155620699106,1.0,24.388220557715364,0.0,0.002,1.0
constrained thermal motion,mean_field_theory,mixed,0.0,23.556028399694405,10.0,1.001,0.1592199059983548,0.1592199059983548,2.8307997118143327,,,,gradient,500000.0,500000.0,223292.20292020484,100000.0,98303.50354974592,875.6556977262935,1.0,23.556028399694405,0.0,0.002,1.0
constrained thermal motion,mean_field_theory,mixed,0.0,22.752232892680944,10.0,1.001,0.1684367191179464,0.1684367191179464,2.7889204796018356,,,,gradient,500000.0,500000.0,225858.39224686832,100000.0,98416.48730411573,885.7191852818365,1.0,22.752232892680944,0.0,0.002,1.0
constrained thermal motion,mean_field_theory,mixed,0.0,21.97586506601039,10.0,1.001,0.1781363112567127,0.1781363112567127,2.745215819476808,,,,gradient,500000.0,500000.0,228610.1431734369,100000.0,98529.13620607996,896.510365386027,1.0,21.97586506601039,0.0,0.002,1.0
constrained thermal motion,mean_field_theory,mixed,0.0,21.225989012922337,10.0,1.001,0.1883403773246554,0.1883403773246554,2.699825190280745,,,,gradient,500000.0,500000.0,231548.35632022587,100000.0,98640.50297568248,908.0327698832386,1.0,21.225989012922337,0.0,0.002,1.0
constrained thermal motion,mean_field_theory,mixed,0.0,20.501700762330604,10.0,1.001,0.1990713722070327,0.1990713722070327,2.6528866425612505,,,,gradient,500000.0,500000.0,234673.68494251888,100000.0,98749.70939120407,920.2889605588974,1.0,20.501700762330604,0.0,0.002,1.0
constrained thermal motion,mean_field_theory,mixed,0.0,19.802127189091507,10.0,1.001,0.2103525282662197,0.2103525282662197,2.604535806325147,,,,gradient,500000.0,500000.0,237986.4911062781,100000.0,98855.95722213734,933.280357279522,1.0,19.802127189091507,0.0,0.002,1.0
constrained thermal motion,mean_field_theory,mixed,0.0,19.12642496145677,10.0,1.001,0.2222078732329297,0.2222078732329297,2.5549049750592054,,,,gradient,500000.0,500000.0,241486.79913581104,100000.0,98958.53721260151,947.007055434553,1.0,19.12642496145677,0.0,0.002,1.0
constrained thermal motion,mean_field_theory,mixed,0.0,18.473779524442087,10.0,1.001,0.2346622485396711,0.2346622485396711,2.5041222950626216,,,,gradient,500000.0,500000.0,245174.24638647807,100000.0,99056.83592996022,961.4676328881492,1.0,18.473779524442087,0.0,0.002,1.0
constrained thermal motion,mean_field_theory,mixed,0.0,17.84340411788602,10.0,1.001,0.2477413281536342,0.2477413281536342,2.4523110675128086,,,,gradient,500000.0,500000.0,249048.03149249905,100000.0,99150.3403539946,976.658947029408,1.0,17.84340411788602,0.0,0.002,1.0
constrained thermal motion,mean_field_theory,mixed,0.0,17.234538828015335,10.0,1.001,0.2614716379704082,0.2614716379704082,2.3995891691396913,,,,gradient,500000.0,500000.0,253106.8603566591,100000.0,99238.64014933824,992.5759229672906,1.0,17.234538828015335,0.0,0.002,1.0
constrained thermal motion,mean_field_theory,mixed,0.0,16.64644967137348,10.0,1.001,0.2758805758339639,0.2758805758339639,2.346068595900353,,,,gradient,500000.0,500000.0,257348.8902835881,100000.0,99321.427634976,1009.2113344454434,1.0,16.64644967137348,0.0,0.002,1.0
constrained thermal motion,mean_field_theory,mixed,0.0,16.078427710007997,10.0,1.001,0.2909964322521751,0.2909964322521751,2.2918551326213965,,,,gradient,500000.0,500000.0,261771.67281005115,100000.0,99398.49553651288,1026.5555796472595,1.0,16.078427710007997,0.0,0.002,1.0
constrained thermal motion,mean_field_theory,mixed,0.0,15.52978819684997,10.0,1.001,0.3068484118807646,0.3068484118807646,2.237048150179794,,,,gradient,500000.0,500000.0,266372.09595130186,100000.0,99469.7326760119,1044.5964547109877,1.0,15.52978819684997,0.0,0.002,1.0
constrained thermal motion,mean_field_theory,mixed,0.0,14.999869750255616,10.0,1.001,0.3234666558518964,0.3234666558518964,2.18174053038779,,,,gradient,500000.0,500000.0,271146.32675800886,100000.0,99535.11781724948,1063.31892846278,1.0,14.999869750255616,0.0,0.002,1.0
constrained thermal motion,mean_field_theory,mixed,0.0,14.488033556714646,10.0,1.001,0.3408822650267101,0.3408822650267101,2.1260187172862373,,,,gradient,500000.0,500000.0,276089.75525796006,100000.0,99594.71193782316,1082.7049225802357,1.0,14.488033556714646,0.0,0.002,1.0
constrained thermal motion,mean_field_theory,mixed,0.0,13.99366260076443,10.0,1.001,0.3591273242538297,0.3591273242538297,2.0699628920085393,,,,gradient,500000.0,500000.0,281196.9410353125,100000.0,99648.64924130046,1102.733102099265,1.0,13.99366260076443,0.0,0.002,1.0
constrained thermal motion,mean_field_theory,mixed,0.0,13.51616092118153,10.0,1.001,0.378234927718317,0.378234927718317,2.0136472666975775,,,,gradient,500000.0,500000.0,286461.5638688796,100000.0,99697.12725025813,1123.3786818387434,1.0,13.51616092118153,0.0,0.002,1.0
constrained thermal motion,mean_field_theory,mixed,0.0,13.054952892554027,10.0,1.001,0.3982392054676147,0.3982392054676147,1.9571404911186456,,,,gradient,500000.0,500000.0,291876.38000115013,100000.0,99740.39633355572,1144.6132549064712,1.0,13.054952892554027,0.0,0.002,1.0
constrained thermal motion,mean_field_theory,mixed,0.0,12.609482531368554,10.0,1.001,0.4191753512027707,0.4191753512027707,1.900506163605738,,,,gradient,500000.0,500000.0,297433.1857326003,100000.0,99778.74901832052,1166.4046499317658,1.0,12.609482531368554,0.0,0.002,1.0
constrained thermal motion,mean_field_theory,mixed,0.0,12.179212825775473,10.0,1.001,0.4410796514246251,0.4410796514246251,1.8438034357906483,,,,gradient,500000.0,500000.0,303122.79011907766,100000.0,99812.50941945105,1188.716823996383,1.0,12.179212825775473,0.0,0.002,1.0
constrained thermal motion,mean_field_theory,mixed,0.0,11.763625088224352,10.0,1.001,0.4639895160256864,0.4639895160256864,1.7870876982419326,,,,gradient,500000.0,500000.0,308934.99858473334,100000.0,99842.02308863155,1211.5097983715034,1.0,11.763625088224352,0.0,0.002,1.0
constrained thermal motion,mean_field_theory,mixed,0.0,11.362218330189195,10.0,1.001,0.4879435104191387,0.4879435104191387,1.7304113317240457,,,,gradient,500000.0,500000.0,314858.60923804465,100000.0,99867.64754319994,1234.7396440707632,1.0,11.362218330189195,0.0,0.002,1.0
constrained thermal motion,mean_field_theory,mixed,0.0,10.97450865822979,10.0,1.001,0.5129813892968051,0.5129813892968051,1.6738245063628152,,,,gradient,500000.0,500000.0,320881.4235847541,100000.0,99889.74368544915,1258.358523861781,1.0,10.97450865822979,0.0,0.002,1.0
constrained thermal motion,mean_field_theory,mixed,0.0,10.60002869066107,10.0,1.001,0.539144132107981,0.539144132107981,1.6173760086811622,,,,gradient,500000.0,500000.0,326990.2731622557,100000.0,99908.66826842696,1282.3147967147283,1.0,10.60002869066107,0.0,0.002,1.0
constrained thermal motion,mean_field_theory,mixed,0.0,10.238326994127304,10.0,1.001,0.5664739803508593,0.5664739803508593,1.5611140743776786,,,,gradient,500000.0,500000.0,333171.0633701378,100000.0,99924.76750808852,1306.553189686815,1.0,10.238326994127304,0.0,0.002,1.0
constrained thermal motion,mean_field_theory,mixed,0.0,9.888967539401872,10.0,1.001,0.5950144767678267,0.5950144767678267,1.5050872030165887,,,,gradient,500000.0,500000.0,339408.8354401985,100000.0,99938.37188698618,1331.0150409419548,1.0,9.888967539401872,0.0,0.002,1.0
constrained thermal motion,mean_field_theory,mixed,0.0,9.551529175756654,10.0,1.001,0.6248105065352388,0.6248105065352388,1.449344929638248,,,,gradient,500000.0,500000.0,345687.8470801363,100000.0,99949.79214425656,1355.6386160005345,1.0,9.551529175756654,0.0,0.002,1.0
constrained thermal motion,mean_field_theory,mixed,0.0,9.22560512326737,10.0,1.001,0.6559083405374433,0.6559083405374433,1.3939385278393923,,,,gradient,500000.0,500000.0,351991.671844313,100000.0,99959.31640255325,1380.3594974286784,1.0,9.22560512326737,0.0,0.002,1.0
constrained thermal motion,mean_field_theory,mixed,0.0,8.91080248244279,10.0,1.001,0.6883556808138271,0.6883556808138271,1.338921619263812,,,,gradient,500000.0,500000.0,358303.3167471777,100000.0,99967.20834660632,1405.1110460673635,1.0,8.91080248244279,0.0,0.002,1.0
constrained thermal motion,mean_field_theory,mixed,0.0,8.606741760586775,10.0,1.001,0.7222017082665564,0.7222017082665564,1.2843506657911885,,,,gradient,500000.0,500000.0,364605.3570555673,100000.0,99973.70634085393,1429.8249296296758,1.0,8.606741760586775,0.0,0.002,1.0
constrained thermal motion,mean_field_theory,mixed,0.0,8.313056414322105,10.0,1.001,0.7574971327155241,0.7574971327155241,1.2302853230917314,,,,gradient,500000.0,500000.0,370880.0865980902,100000.0,99979.02335557029,1454.4317121493732,1.0,8.313056414322105,0.0,0.002,1.0
constrained thermal motion,mean_field_theory,mixed,0.0,8.029392407724618,10.0,1.001,0.7942942453858313,0.7942942453858313,1.1767886376452157,,,,gradient,500000.0,500000.0,377109.68133803847,100000.0,99983.3475616208,1478.861495443288,1.0,8.029392407724618,0.0,0.002,1.0
constrained thermal motion,mean_field_theory,mixed,0.0,7.755407785535052,10.0,1.001,0.832646973911956,0.832646973911956,1.1239270737503844,,,,gradient,500000.0,500000.0,383276.3733974094,100000.0,99986.8434525264,1503.0446015584682,1.0,7.755407785535052,0.0,0.002,1.0
constrained thermal motion,mean_field_theory,mixed,0.0,7.490772260934007,10.0,1.001,0.8726109399416813,0.8726109399416813,1.0717703623686816,,,,gradient,500000.0,500000.0,389362.6322235497,100000.0,99989.65335786712,1526.9122832296064,1.0,7.490772260934007,0.0,0.002,1.0
constrained thermal motion,mean_field_theory,mixed,0.0,7.235166817383181,10.0,1.001,0.9142435194218228,0.9142435194218228,1.020391169665983,,,,gradient,500000.0,500000.0,395351.3491818963,100000.0,99991.89922253085,1550.3974477721424,1.0,7.235166817383181,0.0,0.002,1.0
constrained thermal motion,mean_field_theory,mixed,0.0,6.988283324052833,10.0,1.001,0.9576039056469804,0.9576039056469804,0.9698645895961128,,,,gradient,500000.0,500000.0,401226.0215651763,100000.0,99993.68454070004,1573.435378686966,1.0,6.988283324052833,0.0,0.002,1.0
constrained thermal motion,mean_field_theory,mixed,0.0,6.749824164371927,10.0,1.001,1.0027531751518226,1.0027531751518226,0.9202674715149756,,,,gradient,500000.0,500000.0,406970.9318489949,100000.0,99995.09634999104,1595.9644386235095,1.0,6.749824164371927,0.0,0.002,1.0
constrained thermal motion,mean_field_theory,mixed,0.0,6.519501877253128,10.0,1.001,1.0497543565269878,1.0497543565269878,0.8716776002997282,,,,gradient,500000.0,500000.0,412571.3180111302,100000.0,99996.20720873131,1617.9267372985498,1.0,6.519501877253128,0.0,0.002,1.0
constrained thermal motion,mean_field_theory,mixed,0.0,6.2970388105601955,10.0,1.001,1.0986725022384474,1.0986725022384474,0.8241727524413035,,,,gradient,500000.0,500000.0,418013.5308755337,100000.0,99997.07709679824,1639.2687485315048,1.0,6.2970388105601955,0.0,0.002,1.0
constrained thermal motion,mean_field_theory,mixed,0.0,6.08216678639999,10.0,1.001,1.1495747635302611,1.1495747635302611,0.7778296567443268,,,,gradient,500000.0,500000.0,423285.1747352909,100000.0,99997.75519662218,1659.941861707023,1.0,6.08216678639999,0.0,0.002,1.0
constrained thermal motion,mean_field_theory,mixed,0.0,5.874626777835635,10.0,1.001,1.2025304684910063,1.2025304684910063,0.7327228923356577,,,,gradient,500000.0,500000.0,428375.22795009706,100000.0,99998.28152573638,1679.902854706263,1.0,5.874626777835635,0.0,0.002,1.0
constrained thermal motion,mean_field_theory,mixed,0.0,5.674168596631097,10.0,1.001,1.257611203364866,1.257611203364866,0.6889237594002785,,,,gradient,500000.0,500000.0,433274.14077768335,100000.0,99998.68840464744,1699.1142775595426,1.0,5.674168596631097,0.0,0.002,1.0
constrained thermal motion,mean_field_theory,mixed,0.0,5.480550591650763,10.0,1.001,1.3148908971893942,1.3148908971893942,0.6464991592896688,,,,gradient,500000.0,500000.0,437973.90836685576,100000.0,99999.00175415246,1717.544738693552,1.0,5.480550591650763,0.0,0.002,1.0
constrained thermal motion,mean_field_theory,mixed,0.0,5.293539357550453,10.0,1.001,1.374445909843372,1.374445909843372,0.6055105203028998,,,,gradient,500000.0,500000.0,442468.11757989286,100000.0,99999.24222421118,1735.1690885485991,1.0,5.293539357550453,0.0,0.002,1.0
constrained thermal motion,mean_field_theory,mixed,0.0,5.112909453408669,10.0,1.001,1.436355123589929,1.436355123589929,0.5660128035476026,,,,gradient,500000.0,500000.0,446751.96709082415,100000.0,99999.42616236932,1751.968498395389,1.0,5.112909453408669,0.0,0.002,1.0
constrained thermal motion,mean_field_theory,mixed,0.0,4.938443130958922,10.0,1.001,1.5007000382022653,1.5007000382022653,0.5280536199606937,,,,gradient,500000.0,500000.0,450822.2609905537,100000.0,99999.56643374852,1767.9304352570734,1.0,4.938443130958922,0.0,0.002,1.0
constrained thermal motion,mean_field_theory,mixed,0.0,4.769930072095496,10.0,1.001,1.567564869761828,1.567564869761828,0.4916724849919609,,,,gradient,500000.0,500000.0,454677.3768826403,100000.0,99999.6731069932,1783.0485367946678,1.0,4.769930072095496,0.0,0.002,1.0
constrained thermal motion,mean_field_theory,mixed,0.0,4.60716713533624,10.0,1.001,1.637036653221715,1.637036653221715,0.456900231894186,,,,gradient,500000.0,500000.0,458317.21014737507,100000.0,99999.75402171948,1797.3223927348042,1.0,4.60716713533624,0.0,0.002,1.0
constrained thermal motion,mean_field_theory,mixed,0.0,4.449958110936721,10.0,1.001,1.709205348831403,1.709205348831403,0.4237585983189394,,,,gradient,500000.0,500000.0,461743.0966545622,100000.0,99999.81525305258,1810.757241782597,1.0,4.449958110936721,0.0,0.002,1.0
constrained thermal motion,mean_field_theory,mixed,0.0,4.298113484360561,10.0,1.001,1.784163952522561,1.784163952522561,0.3922599943254455,,,,gradient,500000.0,500000.0,464957.7167006516,100000.0,99999.86148830094,1823.3635949045165,1.0,4.298113484360561,0.0,0.002,1.0
constrained thermal motion,mean_field_theory,mixed,0.0,4.151450207820797,10.0,1.001,1.8620086103598117,1.8620086103598117,0.3624074533000107,,,,gradient,500000.0,500000.0,467964.9833140315,100000.0,99999.89632964648,1835.1567973099277,1.0,4.151450207820797,0.0,0.002,1.0
constrained thermal motion,mean_field_theory,mixed,0.0,4.009791479616863,10.0,1.001,1.9428387371647304,1.9428387371647304,0.3341947609755709,,,,gradient,500000.0,500000.0,470769.91831051774,100000.0,99999.92253540744,1846.1565423941872,1.0,4.009791479616863,0.0,0.002,1.0
constrained thermal motion,mean_field_theory,mixed,0.0,3.872966531001219,10.0,1.001,2.0267571394261803,2.0267571394261803,0.3076067520104812,,,,gradient,500000.0,500000.0,473378.51958464296,100000.0,99999.94221088591,1856.3863513123256,1.0,3.872966531001219,0.0,0.002,1.0
constrained thermal motion,mean_field_theory,mixed,0.0,3.740810420318628,10.0,1.001,2.1138701426152813,2.1138701426152813,0.2826197586606868,,,,gradient,500000.0,500000.0,475797.6231002013,100000.0,99999.95695829454,1865.8730317654952,1.0,3.740810420318628,0.0,0.002,1.0
constrained thermal motion,mean_field_theory,mixed,0.0,3.613163834169996,10.0,1.001,2.20428772302879,2.20428772302879,0.259202192125325,,,,gradient,500000.0,500000.0,478034.7629057844,100000.0,99999.96799380294,1874.646129042292,1.0,3.613163834169996,0.0,0.002,1.0
constrained thermal motion,mean_field_theory,mixed,0.0,3.4898728953610147,10.0,1.001,2.2981236442905413,2.2981236442905413,0.2373152342616517,,,,gradient,500000.0,500000.0,480098.0322642819,100000.0,99999.97623840244,1882.7373814285563,1.0,3.4898728953610147,0.0,0.002,1.0
constrained thermal motion,mean_field_theory,mixed,0.0,3.3707889774041324,10.0,1.001,2.395495598646788,2.395495598646788,0.2169136155836932,,,,gradient,500000.0,500000.0,481995.9486683639,100000.0,99999.98238808697,1890.180190856329,1.0,3.3707889774041324,0.0,0.002,1.0
constrained thermal motion,mean_field_theory,mixed,0.0,3.2557685253502084,10.0,1.001,2.496525353197764,2.496525353197764,0.1979464547541479,,,,gradient,500000.0,500000.0,483737.3251383458,100000.0,99999.98696781669,1897.0091181895912,1.0,3.2557685253502084,0.0,0.002,1.0
constrained thermal motion,mean_field_theory,mixed,0.0,3.1446728827338895,10.0,1.001,2.6013389012145764,2.6013389012145764,0.1803581350696457,,,,gradient,500000.0,500000.0,485331.1497851288,100000.0,99999.99037286402,1903.2594109220736,1.0,3.1446728827338895,0.0,0.002,1.0
constrained thermal motion,mean_field_theory,mixed,0.0,3.037368124424066,10.0,1.001,2.7100666186976956,2.7100666186976956,0.1640891946050214,,,,gradient,500000.0,500000.0,486786.4751893671,100000.0,99999.992900357,1908.966569370067,1.0,3.037368124424066,0.0,0.002,1.0
constrained thermal motion,mean_field_theory,mixed,0.0,2.9337248951779333,10.0,1.001,2.8228434263406075,2.8228434263406075,0.1490772085719217,,,,gradient,500000.0,500000.0,488112.3187193119,100000.0,99999.99477330496,1914.1659557620076,1.0,2.9337248951779333,0.0,0.002,1.0
constrained thermal motion,mean_field_theory,mixed,0.0,2.8336182537040195,10.0,1.001,2.9398089570699413,2.9398089570699413,0.1352576448915056,,,,gradient,500000.0,500000.0,489317.5744966916,100000.0,99999.99615883024,1918.8924490066336,1.0,2.8336182537040195,0.0,0.002,1.0
constrained thermal motion,mean_field_theory,mixed,0.0,2.73692752204621,10.0,1.001,3.061107729341261,3.061107729341261,0.1225646768111962,,,,gradient,500000.0,500000.0,490410.9373394823,100000.0,99999.99718198372,1923.1801464293424,1.0,2.73692752204621,0.0,0.002,1.0
constrained thermal motion,mean_field_theory,mixed,0.0,2.643536140107192,10.0,1.001,3.186889326377957,3.186889326377957,0.1109319394372397,,,,gradient,500000.0,500000.0,491400.8386693207,100000.0,99999.99793619227,1927.0621124287088,1.0,2.643536140107192,0.0,0.002,1.0
constrained thermal motion,mean_field_theory,mixed,0.0,2.55333152513596,10.0,1.001,3.317308581549101,3.317308581549101,0.1002932201616357,,,,gradient,500000.0,500000.0,492295.3940785797,100000.0,99999.99849114395,1930.5701728571753,1.0,2.55333152513596,0.0,0.002,1.0
constrained thermal motion,mean_field_theory,mixed,0.0,2.4662049360099805,10.0,1.001,3.452525770090878,3.452525770090878,0.090583075993205,,,,gradient,500000.0,500000.0,493102.36200989265,100000.0,99999.9988987373,1933.734752979971,1.0,2.4662049360099805,0.0,0.002,1.0
constrained thermal motion,mean_field_theory,mixed,0.0,2.3820513421484217,10.0,1.001,3.592706807385174,3.592706807385174,0.0817373736520493,,,,gradient,500000.0,500000.0,493829.11281111103,100000.0,99999.99919755277,1936.584756122004,1.0,2.3820513421484217,0.0,0.002,1.0
constrained thermal motion,mean_field_theory,mixed,0.0,2.300769296898421,10.0,1.001,3.738023454018136,3.738023454018136,0.0736937508679652,,,,gradient,500000.0,500000.0,494482.60728925886,100000.0,99999.99941622328,1939.147479565721,1.0,2.300769296898421,0.0,0.002,1.0
constrained thermal motion,mean_field_theory,mixed,0.0,2.2222608152417487,10.0,1.001,3.888653527851019,3.888653527851019,0.0663919995788703,,,,gradient,500000.0,500000.0,495069.3837946305,100000.0,99999.9995759548,1941.448563900512,1.0,2.2222608152417487,0.0,0.002,1.0
constrained thermal motion,mean_field_theory,mixed,0.0,2.14643125567446,10.0,1.001,4.04478112334536,4.04478112334536,0.0597743736206117,,,,gradient,500000.0,500000.0,495595.55281738826,100000.0,99999.99969242976,1943.5119718328951,1.0,2.14643125567446,0.0,0.002,1.0
constrained thermal motion,mean_field_theory,mixed,0.0,2.073189206117126,10.0,1.001,4.206596838394584,4.206596838394584,0.0537858250220338,,,,gradient,500000.0,500000.0,496066.7980654855,100000.0,99999.99977721552,1945.3599924136688,1.0,2.073189206117126,0.0,0.002,1.0
constrained thermal motion,mean_field_theory,mixed,0.0,2.0024463737181235,10.0,1.001,4.374298008924366,4.374298008924366,0.0483741741753213,,,,gradient,500000.0,500000.0,496488.38301247166,100000.0,99999.9998388313,1947.0132667155751,1.0,2.0024463737181235,0.0,0.002,1.0
constrained thermal motion,mean_field_theory,mixed,0.0,1.9341174784171276,10.0,1.001,4.548088951534675,4.548088951534675,0.0434902199615916,,,,gradient,500000.0,500000.0,496865.1619462473,100000.0,99999.9998835399,1948.490831161754,1.0,1.9341174784171276,0.0,0.002,1.0
constrained thermal motion,mean_field_theory,mixed,0.0,1.8681201501405136,10.0,1.001,4.728181214467245,4.728181214467245,0.0390877964070796,,,,gradient,500000.0,500000.0,497201.59461244894,100000.0,99999.99991593152,1949.8101749507805,1.0,1.8681201501405136,0.0,0.002,1.0
constrained thermal motion,mean_field_theory,mixed,0.0,1.8043748295047255,10.0,1.001,4.914793837193356,4.914793837193356,0.0351237826648504,,,,gradient,500000.0,500000.0,497501.76362210466,100000.0,99999.9999393664,1950.987308321979,1.0,1.8043748295047255,0.0,0.002,1.0
constrained thermal motion,mean_field_theory,mixed,0.0,1.7428046719079182,10.0,1.001,5.108153618928221,5.108153618928221,0.0315580731028863,,,,gradient,500000.0,500000.0,497769.393876985,100000.0,99999.9999563014,1952.0368387332744,1.0,1.7428046719079182,0.0,0.002,1.0
constrained thermal motion,mean_field_theory,mixed,0.0,1.6833354548942463,10.0,1.001,5.308495396390077,5.308495396390077,0.0283535140757521,,,,gradient,500000.0,500000.0,498007.8733540618,100000.0,99999.99996852483,1952.9720523688695,1.0,1.6833354548942463,0.0,0.002,1.0
constrained thermal motion,mean_field_theory,mixed,0.0,1.625895488679144,10.0,1.001,5.51606233113404,5.51606233113404,0.0254758136062346,,,,gradient,500000.0,500000.0,498220.2746802757,100000.0,99999.999977338,1953.8049987461793,1.0,1.625895488679144,0.0,0.002,1.0
constrained thermal motion,mean_field_theory,mixed,0.0,1.5704155297277151,10.0,1.001,5.731106206803334,5.731106206803334,0.0228934297450073,,,,gradient,500000.0,500000.0,498409.3770141051,100000.0,99999.99998368704,1954.5465765259023,1.0,1.5704155297277151,0.0,0.002,1.0
constrained thermal motion,mean_field_theory,mixed,0.0,1.5168286972820697,10.0,1.001,5.9538877366531535,5.9538877366531535,0.0205774428466071,,,,gradient,500000.0,500000.0,498577.68783343106,100000.0,99999.9999882578,1955.2066189546315,1.0,1.5168286972820697,0.0,0.002,1.0
constrained thermal motion,mean_field_theory,mixed,0.0,1.4650703927369702,10.0,1.001,6.184676881715615,6.184676881715615,0.0185014164296324,,,,gradient,500000.0,500000.0,498727.4643047958,100000.0,99999.99999154704,1955.793977665866,1.0,1.4650703927369702,0.0,0.002,1.0
constrained thermal motion,mean_field_theory,mixed,0.0,1.4150782217666005,10.0,1.001,6.4237531799877585,6.4237531799877585,0.0166412507043173,,,,gradient,500000.0,500000.0,498860.7339783731,100000.0,99999.99999391276,1956.3166038367576,1.0,1.4150782217666005,0.0,0.002,1.0
constrained thermal motion,mean_field_theory,mixed,0.0,1.3667919191085791,10.0,1.001,6.671406087038491,6.671406087038491,0.0149750322725587,,,,gradient,500000.0,500000.0,498979.31461453653,100000.0,99999.99999561415,1956.781625939359,1.0,1.3667919191085791,0.0,0.002,1.0
constrained thermal motion,mean_field_theory,mixed,0.0,1.32015327591455,10.0,1.001,6.92793532844469,6.92793532844469,0.0134828829503286,,,,gradient,500000.0,500000.0,499084.83300126065,100000.0,99999.9999968376,1957.1954235343555,1.0,1.32015327591455,0.0,0.002,1.0
constrained thermal motion,mean_field_theory,mixed,0.0,1.27510606957976,10.0,1.001,7.193651264481543,7.193651264481543,0.0121468101422527,,,,gradient,500000.0,500000.0,499178.7426684136,100000.0,99999.99999771795,1957.5636967388768,1.0,1.27510606957976,0.0,0.002,1.0
constrained thermal motion,mean_field_theory,mixed,0.0,1.23159599596705,10.0,1.001,7.468875267507312,7.468875267507312,0.0109505607209337,,,,gradient,500000.0,500000.0,499262.3404429992,100000.0,99999.99999835108,1957.8915311490168,1.0,1.23159599596705,0.0,0.002,1.0
constrained thermal motion,mean_field_theory,mixed,0.0,1.1895706039435407,10.0,1.001,7.753940112498646,7.753940112498646,0.0098794799343198,,,,gradient,500000.0,500000.0,499336.7818224766,100000.0,99999.99999880687,1958.1834581273592,1.0,1.1895706039435407,0.0,0.002,1.0
constrained thermal motion,mean_field_theory,mixed,0.0,1.148979232151108,10.0,1.001,8.049190381208575,8.049190381208575,0.0089203764850875,,,,gradient,500000.0,500000.0,499403.0951683181,100000.0,99999.99999913508,1958.4435104639924,1.0,1.148979232151108,0.0,0.002,1.0
constrained thermal motion,mean_field_theory,mixed,0.0,1.1097729479344187,10.0,1.001,8.354982880436278,8.354982880436278,0.0080613945966541,,,,gradient,500000.0,500000.0,499462.194743153,100000.0,99999.9999993721,1958.675273502561,1.0,1.1097729479344187,0.0,0.002,1.0
constrained thermal motion,mean_field_theory,mixed,0.0,1.0719044883529074,10.0,1.001,8.6716870749149,8.6716870749149,0.0072918935994027,,,,gradient,500000.0,500000.0,499514.8926301001,100000.0,99999.999999543,1958.8819318827457,1.0,1.0719044883529074,0.0,0.002,1.0
constrained thermal motion,mean_field_theory,mixed,0.0,1.0353282032055862,10.0,1.001,8.999685535341603,8.999685535341603,0.0066023353351373,,,,gradient,500000.0,500000.0,499561.9095845532,100000.0,99999.99999966704,1959.0663120962872,1.0,1.0353282032055862,0.0,0.002,1.0
constrained thermal motion,mean_field_theory,mixed,0.0,1.0,10.0,1.001,9.339374402092544,9.339374402092544,0.0059841794840669,,,,gradient,500000.0,500000.0,499603.88487657194,100000.0,99999.99999975652,1959.230921084596,1.0,1.0,0.0,0.002,1.0
constrained thermal motion,mean_field_theory,mixed,10.0,499.99999999999994,10.0,1.001,0.0005499375617013,0.0005499375617013,0.1065220118721478,,,,gradient,500000.0,500000.0,492832.0766497539,100000.0,99999.99972471496,1932.674810391192,0.889020898621993,562.4164749951478,10.0,0.002,1.0
constrained thermal motion,mean_field_theory,mixed,10.0,482.93864539949584,10.0,1.001,0.0005889084660093,0.0005889084660093,0.1182397274714442,,,,gradient,500000.0,500000.0,491949.06513473345,100000.0,99999.99953899276,1929.2120201362095,0.889020898621993,543.2253011690323,10.0,0.002,1.0
constrained thermal motion,mean_field_theory,mixed,10.0,466.45947044060057,10.0,1.001,0.0006306200076885,0.0006306200076885,0.1310835169909559,,,,gradient,500000.0,500000.0,490966.63791761186,100000.0,99999.99922854656,1925.3593643827917,0.889020898621993,524.688982186612,10.0,0.002,1.0
constrained thermal motion,mean_field_theory,mixed,10.0,450.5426095766997,10.0,1.001,0.0006752626771327,0.0006752626771327,0.1451314169397404,,,,gradient,500000.0,500000.0,489875.5968151375,100000.0,99999.9987110877,1921.0807718240685,0.889020898621993,506.7851726264851,10.0,0.002,1.0
constrained thermal motion,mean_field_theory,mixed,10.0,435.1688751274506,10.0,1.001,0.0007230399665911,0.0007230399665911,0.1604620739406265,,,,gradient,500000.0,500000.0,488666.2457498865,100000.0,99999.9978517484,1916.338218627006,0.889020898621993,489.49228955356887,10.0,0.002,1.0
constrained thermal motion,mean_field_theory,mixed,10.0,420.3197341481472,10.0,1.001,0.0007741692325198,0.0007741692325198,0.17715391620679,,,,gradient,500000.0,500000.0,487328.42563882814,100000.0,99999.99643110222,1911.0918652503065,0.889020898621993,472.7894865009972,10.0,0.002,1.0
constrained thermal motion,mean_field_theory,mixed,10.0,405.9772860883649,10.0,1.001,0.0008288826125129,0.0008288826125129,0.1952842100685117,,,,gradient,500000.0,500000.0,485851.5625630554,100000.0,99999.9940950686,1905.3002453453155,0.889020898621993,456.65662833982975,10.0,0.002,1.0
constrained thermal motion,mean_field_theory,mixed,10.0,392.12424121295714,10.0,1.001,0.0008874279999991,0.0008874279999991,0.2149280049719958,,,,gradient,500000.0,500000.0,484224.73057982425,100000.0,99999.99027744688,1898.9205120777424,0.889020898621993,441.0742670062769,10.0,0.002,1.0
constrained thermal motion,mean_field_theory,mixed,10.0,378.7438997593818,10.0,1.001,0.0009500700800444,0.0009500700800444,0.2361569742562894,,,,gradient,500000.0,500000.0,482436.73042256746,100000.0,99999.98408180496,1891.9087467551665,0.889020898621993,426.0236180571743,10.0,0.002,1.0
constrained thermal motion,mean_field_theory,mixed,10.0,365.82013180623665,10.0,1.001,0.0010170914297683,0.0010170914297683,0.2590381633365298,,,,gradient,500000.0,500000.0,480476.185167112,100000.0,99999.97410405948,1884.2203339886744,0.889020898621993,411.486538025448,10.0,0.002,1.0
constrained thermal motion,mean_field_theory,mixed,10.0,353.33735782873833,10.0,1.001,0.0010887936870454,0.0010887936870454,0.2836326616095615,,,,gradient,500000.0,500000.0,478331.6537223301,100000.0,99999.95817023482,1875.810406754236,0.889020898621993,397.44550254827647,10.0,0.002,1.0
constrained thermal motion,mean_field_theory,mixed,10.0,341.28052991769573,10.0,1.001,0.0011654987913375,0.0011654987913375,0.3099942193609405,,,,gradient,500000.0,500000.0,475991.7627247768,100000.0,99999.93295540391,1866.634363626576,0.889020898621993,383.8835852415731,10.0,0.002,1.0
constrained thermal motion,mean_field_theory,mixed,10.0,329.6351136393482,10.0,1.001,0.0012475503006809,0.0012475503006809,0.3381678360978468,,,,gradient,500000.0,500000.0,473445.35707890993,100000.0,99999.8934399081,1856.64845913298,0.889020898621993,370.7844372953344,10.0,0.002,1.0
constrained thermal motion,mean_field_theory,mixed,10.0,318.3870705141918,10.0,1.001,0.0013353147890283,0.0013353147890283,0.3681883519509328,,,,gradient,500000.0,500000.0,470681.6689772603,100000.0,99999.83214804454,1845.8104665774915,0.889020898621993,358.1322677652467,10.0,0.002,1.0
constrained thermal motion,mean_field_theory,mixed,10.0,307.52284109367514,10.0,1.001,0.0014291833283365,0.0014291833283365,0.4000790789595166,,,,gradient,500000.0,500000.0,467690.5047528362,100000.0,99999.73810339624,1834.080410795436,0.889020898621993,345.91182453679556,10.0,0.002,1.0
constrained thermal motion,mean_field_theory,mixed,10.0,297.0293286143681,10.0,1.001,0.0015295730599706,0.0015295730599706,0.433850514026515,,,,gradient,500000.0,500000.0,464462.44834661786,100000.0,99999.59542527897,1821.421366065168,0.889020898621993,334.10837593893666,10.0,0.002,1.0
constrained thermal motion,mean_field_theory,mixed,10.0,286.8938832098894,10.0,1.001,0.0016369288601932,0.0016369288601932,0.4694991799006859,,,,gradient,500000.0,500000.0,460989.07950497064,100000.0,99999.38148431492,1807.8003117841984,0.889020898621993,322.70769298515125,10.0,0.002,1.0
constrained thermal motion,mean_field_theory,mixed,10.0,277.1042866615703,10.0,1.001,0.0017517251046924,0.0017517251046924,0.5070066444378988,,,,gradient,500000.0,500000.0,457263.2040459417,100000.0,99999.06453432533,1793.1890354742811,0.889020898621993,311.6960322204907,10.0,0.002,1.0
constrained thermal motion,mean_field_theory,mixed,10.0,267.64873766946505,10.0,1.001,0.0018744675373014,0.0018744675373014,0.5463387712336848,,,,gradient,500000.0,500000.0,453279.0926454686,100000.0,99998.60074527384,1777.565069197916,0.889020898621993,301.06011915392315,10.0,0.002,1.0
constrained thermal motion,mean_field_theory,mixed,10.0,258.51583762595294,10.0,1.001,0.0020056952482524,0.0020056952482524,0.5874452560105936,,,,gradient,500000.0,500000.0,449032.7236027601,100000.0,99997.93058041876,1760.9126415794517,0.889020898621993,290.78713225601297,10.0,0.002,1.0
constrained thermal motion,mean_field_theory,mixed,10.0,249.69457687478777,10.0,1.001,0.0021459827675044,0.0021459827675044,0.6302595022751218,,,,gradient,500000.0,500000.0,444522.0239734862,100000.0,99996.97449222804,1743.223623425436,0.889020898621993,280.86468750264623,10.0,0.002,1.0
constrained thermal motion,mean_field_theory,mixed,10.0,241.17432143902064,10.0,1.001,0.0022959422788744,0.0022959422788744,0.6746988860338097,,,,gradient,500000.0,500000.0,439747.10235999647,100000.0,99995.6279568988,1724.498440627437,0.889020898621993,271.2808234461614,10.0,0.002,1.0
constrained thermal motion,mean_field_theory,mixed,10.0,232.9448002018065,10.0,1.001,0.0024562259608938,0.0024562259608938,0.7206654520578137,,,,gradient,500000.0,500000.0,434710.4655932944,100000.0,99993.75592582532,1704.746923895272,0.889020898621993,262.023986795898,10.0,0.002,1.0
constrained thermal motion,mean_field_theory,mixed,10.0,224.9960925246335,10.0,1.001,0.0026275284604977,0.0026275284604977,0.7680477933197936,,,,gradient,500000.0,500000.0,429417.0417698345,100000.0,99991.18684143822,1683.9883990973904,0.889020898621993,253.083018490773,10.0,0.002,1.0
constrained thermal motion,mean_field_theory,mixed,10.0,217.3186162880523,10.0,1.001,0.0028105895058362,0.0028105895058362,0.8167205130088346,,,,gradient,500000.0,500000.0,423874.8263860183,100000.0,99987.7064396908,1662.2542211216405,0.889020898621993,244.447140247099,10.0,0.002,1.0
constrained thermal motion,mean_field_theory,mixed,10.0,209.9031163404896,10.0,1.001,0.0030061966646727,0.0030061966646727,0.8665484258174504,,,,gradient,500000.0,500000.0,418094.5480918536,100000.0,99983.05163554904,1639.586463105308,0.889020898621993,236.1059415654292,10.0,0.002,1.0
constrained thermal motion,mean_field_theory,mixed,10.0,202.74065334121792,10.0,1.001,0.0032151882550039,0.0032151882550039,0.917388538802187,,,,gradient,500000.0,500000.0,412089.8458576886,100000.0,99976.9048529812,1616.038611206622,0.889020898621993,228.0493671807621,10.0,0.002,1.0
constrained thermal motion,mean_field_theory,mixed,10.0,195.82259298403315,10.0,1.001,0.0034384564146917,0.0034384564146917,0.9690929239763204,,,,gradient,500000.0,500000.0,405877.2830490953,100000.0,99968.88920913612,1591.6756198003736,0.889020898621993,220.267704940979,10.0,0.002,1.0
constrained thermal motion,mean_field_theory,mixed,10.0,189.1405955886518,10.0,1.001,0.0036769503370475,0.0036769503370475,1.021511951191537,,,,gradient,500000.0,500000.0,399476.2800988278,100000.0,99958.5649856669,1566.5736474463836,0.889020898621993,212.7515740989047,10.0,0.002,1.0
constrained thermal motion,mean_field_theory,mixed,10.0,182.68660604727475,10.0,1.001,0.0039316796794429,0.0039316796794429,1.074497705850672,,,,gradient,500000.0,500000.0,392908.9757118748,100000.0,99945.42781299588,1540.8195125955874,0.889020898621993,205.49191400387107,10.0,0.002,1.0
constrained thermal motion,mean_field_theory,mixed,10.0,176.45284411420445,10.0,1.001,0.0042037181521394,0.0042037181521394,1.127907457468331,,,,gradient,500000.0,500000.0,386200.0156727875,100000.0,99928.9089526036,1514.5098653834805,0.889020898621993,198.4799731791584,10.0,0.002,1.0
constrained thermal motion,mean_field_theory,mixed,10.0,170.4317950268048,10.0,1.001,0.0044942072946332,0.0044942072946332,1.1884369078373007,,,,gradient,500000.0,500000.0,378602.65686703543,100000.0,99907.72853577854,1484.7163014393543,0.889020898621993,191.70729877214225,10.0,0.002,1.0
constrained thermal motion,mean_field_theory,mixed,10.0,164.6162004464993,10.0,1.001,0.0048043604468947,0.0048043604468947,1.3190357537922202,,,,gradient,500000.0,500000.0,358949.6844991618,100000.0,99532.55139494163,1407.6458215653404,0.889020898621993,185.16572636442964,10.0,0.002,1.0
constrained thermal motion,mean_field_theory,mixed,10.0,158.99904970888872,10.0,1.001,0.0051354669229407,0.0051354669229407,1.3884493712058992,,,,gradient,500000.0,500000.0,351314.8197798505,100000.0,99154.29904871542,1377.7051756072567,0.889020898621993,178.84737012970297,10.0,0.002,1.0
constrained thermal motion,mean_field_theory,mixed,10.0,153.57357137243565,10.0,1.001,0.0054888963942197,0.0054888963942197,1.4520023457812663,,,,gradient,500000.0,500000.0,345035.1322920217,100000.0,98835.5569589222,1353.078950164791,0.889020898621993,172.74461332740202,10.0,0.002,1.0
constrained thermal motion,mean_field_theory,mixed,10.0,148.33322505553377,10.0,1.001,0.0058661034902941,0.0058661034902941,1.5144254706835187,,,,gradient,500000.0,500000.0,339110.97375167365,100000.0,98555.2514942518,1329.8469558889162,0.889020898621993,166.8500991207905,10.0,0.002,1.0
constrained thermal motion,mean_field_theory,mixed,10.0,143.27169355211623,10.0,1.001,0.0062686326242933,0.0062686326242933,1.5768442802627929,,,,gradient,500000.0,500000.0,333369.98201787216,100000.0,98301.16432893933,1307.333262815185,0.889020898621993,161.15672170833253,10.0,0.002,1.0
constrained thermal motion,mean_field_theory,mixed,10.0,138.3828752163014,10.0,1.001,0.0066981230505536,0.0066981230505536,1.6397298453950735,,,,gradient,500000.0,500000.0,327770.33937377075,100000.0,98063.68712099057,1285.37387989714,0.889020898621993,155.6576177576913,10.0,0.002,1.0
constrained thermal motion,mean_field_theory,mixed,10.0,133.66087660689618,10.0,1.001,0.0071563141617819,0.0071563141617819,1.7026101156627846,,,,gradient,500000.0,500000.0,322426.9904692626,100000.0,97828.37437454327,1264.4195704676963,0.889020898621993,150.34615813202393,10.0,0.002,1.0
constrained thermal motion,mean_field_theory,mixed,10.0,129.10000538288736,10.0,1.001,0.007645051032956,0.007645051032956,1.7663252877251483,,,,gradient,500000.0,500000.0,317202.2620244992,100000.0,97600.39711810445,1243.9304393117616,0.889020898621993,145.21593989859625,10.0,0.002,1.0
constrained thermal motion,mean_field_theory,mixed,10.0,124.6947634413585,10.0,1.001,0.0081662902190162,0.0081662902190162,1.83080868598562,,,,gradient,500000.0,500000.0,312126.35790075327,100000.0,97374.32066437544,1224.0249329441306,0.889020898621993,140.26077861008537,10.0,0.002,1.0
constrained thermal motion,mean_field_theory,mixed,10.0,120.43984028956064,10.0,1.001,0.0087221058131971,0.0087221058131971,1.895866855420192,,,,gradient,500000.0,500000.0,307239.95623663394,100000.0,97146.82575681934,1204.8625734769955,0.889020898621993,135.47470084926658,10.0,0.002,1.0
constrained thermal motion,mean_field_theory,mixed,10.0,116.3301066431441,10.0,1.001,0.0093146957726053,0.0093146957726053,1.9620518233264843,,,,gradient,500000.0,500000.0,302465.354112657,100000.0,96919.06564343467,1186.138643579047,0.889020898621993,130.8519370280935,10.0,0.002,1.0
constrained thermal motion,mean_field_theory,mixed,10.0,112.36060824283784,10.0,1.001,0.0099463885173551,0.0099463885173551,2.029114379632203,,,,gradient,500000.0,500000.0,297847.983920555,100000.0,96688.71008045766,1168.0313094923724,0.889020898621993,126.38691443249522,10.0,0.002,1.0
constrained thermal motion,mean_field_theory,mixed,10.0,108.5265598821192,10.0,1.001,0.0106196498092305,0.0106196498092305,2.097191196404564,,,,gradient,500000.0,500000.0,293371.60227537336,100000.0,96455.60323041416,1150.4768716681308,0.889020898621993,122.0742505045026,10.0,0.002,1.0
constrained thermal motion,mean_field_theory,mixed,10.0,104.82333963867583,10.0,1.001,0.0113370899154547,0.0113370899154547,2.166821889650671,,,,gradient,500000.0,500000.0,288958.52296026895,100000.0,96220.47544530845,1133.1706782755646,0.889020898621993,117.90874635360645,10.0,0.002,1.0
constrained thermal motion,mean_field_theory,mixed,10.0,101.24648330270688,10.0,1.001,0.0121014710627041,0.0121014710627041,2.237664266888991,,,,gradient,500000.0,500000.0,284658.143721526,100000.0,95982.14226377978,1116.3064459667687,0.889020898621993,113.885380489527,10.0,0.002,1.0
constrained thermal motion,mean_field_theory,mixed,10.0,97.7916789953439,10.0,1.001,0.0129157151860073,0.0129157151860073,2.3097692228040603,,,,gradient,500000.0,500000.0,280458.12940604443,100000.0,95740.65839751848,1099.835801592331,0.889020898621993,109.99930276883671,10.0,0.002,1.0
constrained thermal motion,mean_field_theory,mixed,10.0,94.45476197070748,10.0,1.001,0.0137829119766258,0.0137829119766258,2.383154822346034,,,,gradient,500000.0,500000.0,276346.54885274504,100000.0,95496.15518044349,1083.7119562852747,0.889020898621993,106.2458285481421,10.0,0.002,1.0
constrained thermal motion,mean_field_theory,mixed,10.0,91.2317095953306,10.0,1.001,0.0147063272324095,0.0147063272324095,2.4577962461420912,,,,gradient,500000.0,500000.0,272312.6729043917,100000.0,95248.83482493817,1067.892834919183,0.889020898621993,102.62043303677368,10.0,0.002,1.0
constrained thermal motion,mean_field_theory,mixed,10.0,88.11863649889834,10.0,1.001,0.0156894115134685,0.0156894115134685,2.5338154070652843,,,,gradient,500000.0,500000.0,268310.8763897673,100000.0,94999.4179182282,1052.1995152539894,0.889020898621993,99.11874584217836,10.0,0.002,1.0
constrained thermal motion,mean_field_theory,mixed,10.0,85.11178989045713,10.0,1.001,0.0167358091052984,0.0167358091052984,2.6106270151252096,,,,gradient,500000.0,500000.0,264417.3202897337,100000.0,94747.21246025724,1036.9306678028772,0.889020898621993,95.73654570143712,10.0,0.002,1.0
constrained thermal motion,mean_field_theory,mixed,10.0,82.2075450344478,10.0,1.001,0.0178493672907437,0.0178493672907437,2.6884264545648944,,,,gradient,500000.0,500000.0,260555.14244549617,100000.0,94493.55275910514,1021.7848723352788,0.889020898621993,92.469755392558,10.0,0.002,1.0
constrained thermal motion,mean_field_theory,mixed,10.0,79.4024008811086,10.0,1.001,0.0190341459313818,0.0190341459313818,2.7668014285607003,,,,gradient,500000.0,500000.0,256758.45775796645,100000.0,94238.42946442716,1006.8959127763392,0.889020898621993,89.31443681940945,10.0,0.002,1.0
constrained thermal motion,mean_field_theory,mixed,10.0,76.69297584598065,10.0,1.001,0.0202944273580693,0.0202944273580693,2.8455017925684114,,,,gradient,500000.0,500000.0,253025.775688308,100000.0,93982.33733254044,992.2579438757176,0.889020898621993,86.26678626436892,10.0,0.002,1.0
constrained thermal motion,mean_field_theory,mixed,10.0,74.07600373342835,10.0,1.001,0.02163472656951,0.02163472656951,2.9242476373390276,,,,gradient,500000.0,500000.0,249356.58519825476,100000.0,93725.82518536173,977.8689615617834,0.889020898621993,83.32312980296437,10.0,0.002,1.0
constrained thermal motion,mean_field_theory,mixed,10.0,71.54832979925982,10.0,1.001,0.0230598017367866,0.0230598017367866,3.0027342660239653,,,,gradient,500000.0,500000.0,245751.54909372647,100000.0,93469.48849002236,963.7315650734372,0.889020898621993,80.47991887498,10.0,0.002,1.0
constrained thermal motion,mean_field_theory,mixed,10.0,69.10690694770189,10.0,1.001,0.0245746650108607,0.0245746650108607,3.080639011742501,,,,gradient,500000.0,500000.0,242212.52424839497,100000.0,93213.96379188998,949.8530362682156,0.889020898621993,77.73372600668839,10.0,0.002,1.0
constrained thermal motion,mean_field_theory,mixed,10.0,66.74879205814433,10.0,1.001,0.026184593629079,0.026184593629079,3.1576288490493,,,,gradient,500000.0,500000.0,238742.5216689366,100000.0,92959.9231146804,936.2451830154376,0.889020898621993,75.08124067905132,10.0,0.002,1.0
constrained thermal motion,mean_field_theory,mixed,10.0,64.47114243722574,10.0,1.001,0.0278951413157572,0.0278951413157572,3.2333682507305626,,,,gradient,500000.0,500000.0,235345.62003569936,100000.0,92708.06825412076,922.9240001399976,0.889020898621993,72.51926533690917,10.0,0.002,1.0
constrained thermal motion,mean_field_theory,mixed,10.0,62.27121239198354,10.0,1.001,0.0297121499709348,0.0297121499709348,3.3075267582692405,,,,gradient,500000.0,500000.0,232026.8308327137,100000.0,92459.12548878284,909.9091405204456,0.889020898621993,70.0447115343471,10.0,0.002,1.0
constrained thermal motion,mean_field_theory,mixed,10.0,60.146349919937705,10.0,1.001,0.0316417616404345,0.0316417616404345,3.379785300986655,,,,gradient,500000.0,500000.0,228791.8646306128,100000.0,92213.84509182224,897.2229985514226,0.889020898621993,67.65459621159212,10.0,0.002,1.0
constrained thermal motion,mean_field_theory,mixed,10.0,58.09399351211762,10.0,1.001,0.0336904307594163,0.0336904307594163,3.449732361365947,,,,gradient,500000.0,500000.0,225636.13216654336,100000.0,91973.72175467186,884.8475771236995,0.889020898621993,65.34603809895236,10.0,0.002,1.0
constrained thermal motion,mean_field_theory,mixed,10.0,56.111669065178376,10.0,1.001,0.0358649366607092,0.0358649366607092,3.5173092807305384,,,,gradient,500000.0,500000.0,222590.23282261693,100000.0,91737.99860835038,872.9028738141841,0.889020898621993,63.116254243463814,10.0,0.002,1.0
constrained thermal motion,mean_field_theory,mixed,10.0,54.19698689888411,10.0,1.001,0.0381723963383459,0.0381723963383459,3.5821617054849995,,,,gradient,500000.0,500000.0,219648.13838039184,100000.0,91508.20311461674,861.3652485505562,0.889020898621993,60.96255665405723,10.0,0.002,1.0
constrained thermal motion,mean_field_theory,mixed,10.0,52.34763887536267,10.0,1.001,0.0406202774559301,0.0406202774559301,3.6439047735249463,,,,gradient,500000.0,500000.0,216807.4598105099,100000.0,91286.02677161682,850.2253325902349,0.889020898621993,58.88234906120088,10.0,0.002,1.0
constrained thermal motion,mean_field_theory,mixed,10.0,50.561395616659304,10.0,1.001,0.04321641158875,0.04321641158875,3.7026820086452306,,,,gradient,500000.0,500000.0,214095.1130679435,100000.0,91070.22660902144,839.5886786978176,0.889020898621993,56.87312378711329,10.0,0.002,1.0
constrained thermal motion,mean_field_theory,mixed,10.0,48.836103817234914,10.0,1.001,0.0459690076879323,0.0459690076879323,3.757948130396232,,,,gradient,500000.0,500000.0,211496.7869112409,100000.0,90863.74157833848,829.3991643578074,0.889020898621993,54.932458722772694,10.0,0.002,1.0
constrained thermal motion,mean_field_theory,mixed,10.0,47.16968364816918,10.0,1.001,0.0488866657544223,0.0488866657544223,3.810017170757785,,,,gradient,500000.0,500000.0,209038.03501529744,100000.0,90664.72684407464,819.75700005999,0.889020898621993,53.05801440807916,10.0,0.002,1.0
constrained thermal motion,mean_field_theory,mixed,10.0,45.56012624993918,10.0,1.001,0.0519783907102014,0.0519783907102014,3.8582923915491136,,,,gradient,500000.0,500000.0,206703.7003376176,100000.0,90476.58116495506,810.6027464220298,0.889020898621993,51.2475312116494,10.0,0.002,1.0
constrained thermal motion,mean_field_theory,mixed,10.0,44.00549131075131,10.0,1.001,0.0552536064539186,0.0552536064539186,3.902912149200063,,,,gradient,500000.0,500000.0,204506.91573342055,100000.0,90298.6970979914,801.9879048369434,0.889020898621993,49.49882660684472,10.0,0.002,1.0
constrained thermal motion,mean_field_theory,mixed,10.0,42.503904727507056,10.0,1.001,0.0587221700880542,0.0587221700880542,3.9442224867075577,,,,gradient,500000.0,500000.0,202461.30691494487,100000.0,90129.43395919164,793.965909470372,0.889020898621993,47.80979254074824,10.0,0.002,1.0
constrained thermal motion,mean_field_theory,mixed,10.0,41.053556346582994,10.0,1.001,0.0623943863048462,0.0623943863048462,3.981454513354448,,,,gradient,500000.0,500000.0,200548.14137566497,100000.0,89973.30387960478,786.4632995124115,0.889020898621993,46.178392892919774,10.0,0.002,1.0
constrained thermal motion,mean_field_theory,mixed,10.0,39.65269778170136,10.0,1.001,0.0662810219185316,0.0662810219185316,4.015367354725718,,,,gradient,500000.0,500000.0,198787.98877394007,100000.0,89826.55037245456,779.560740289961,0.889020898621993,44.6026610208648,10.0,0.002,1.0
constrained thermal motion,mean_field_theory,mixed,10.0,38.299640306260926,10.0,1.001,0.0703933205319817,0.0703933205319817,4.045149648513363,,,,gradient,500000.0,500000.0,197162.5683133492,100000.0,89693.912790513,773.1865424052909,0.889020898621993,43.08069738925871,10.0,0.002,1.0
constrained thermal motion,mean_field_theory,mixed,10.0,36.99275281758719,10.0,1.001,0.0747430173265756,0.0747430173265756,4.071168516553524,,,,gradient,500000.0,500000.0,195679.94694168444,100000.0,89573.81531935903,767.372340947782,0.889020898621993,41.61066728006842,10.0,0.002,1.0
constrained thermal motion,mean_field_theory,mixed,10.0,35.73045987064789,10.0,1.001,0.079342353965155,0.079342353965155,4.093450817163881,,,,gradient,500000.0,500000.0,194339.0608073015,100000.0,89466.50562050911,762.1139639502019,0.889020898621993,40.19079858081075,10.0,0.002,1.0
constrained thermal motion,mean_field_theory,mixed,10.0,34.5112397788635,10.0,1.001,0.084204093599163,0.084204093599163,4.11263543705588,,,,gradient,500000.0,500000.0,193147.1853348168,100000.0,89368.92540601714,757.4399424894775,0.889020898621993,38.81937964828147,10.0,0.002,1.0
constrained thermal motion,mean_field_theory,mixed,10.0,33.33362277972309,10.0,1.001,0.0893415359725868,0.0893415359725868,4.127621839505284,,,,gradient,500000.0,500000.0,192084.22015353048,100000.0,89287.357008154,753.2714515824724,0.889020898621993,37.49475724517965,10.0,0.002,1.0
constrained thermal motion,mean_field_theory,mixed,10.0,32.196189262994515,10.0,1.001,0.0947685326171135,0.0947685326171135,4.138972538313735,,,,gradient,500000.0,500000.0,191155.9796209208,100000.0,89219.13570605162,749.631292631062,0.889020898621993,36.21533454714001,10.0,0.002,1.0
constrained thermal motion,mean_field_theory,mixed,10.0,31.09756805939273,10.0,1.001,0.1004995021349694,0.1004995021349694,4.146745406647934,,,,gradient,500000.0,500000.0,190359.61137026476,100000.0,89164.2796806181,746.5082798833912,0.889020898621993,34.979569217770724,10.0,0.002,1.0
constrained thermal motion,mean_field_theory,mixed,10.0,30.03643478764353,10.0,1.001,0.1065494455682493,0.1065494455682493,4.150998096816742,,,,gradient,500000.0,500000.0,189691.94009514936,100000.0,89122.78595768893,743.8899611574485,0.889020898621993,33.785971549376214,10.0,0.002,1.0
constrained thermal motion,mean_field_theory,mixed,10.0,29.01151025794974,10.0,1.001,0.1129339618561527,0.1129339618561527,4.1517928104072395,,,,gradient,500000.0,500000.0,189149.61790104365,100000.0,89094.60471082568,741.7632074550731,0.889020898621993,32.63310266712333,10.0,0.002,1.0
constrained thermal motion,mean_field_theory,mixed,10.0,28.02155892993567,10.0,1.001,0.1196692633844152,0.1196692633844152,4.149196616479512,,,,gradient,500000.0,500000.0,188729.19110754767,100000.0,89079.6385447352,740.1144749315595,0.889020898621993,31.519572794486457,10.0,0.002,1.0
constrained thermal motion,mean_field_theory,mixed,10.0,27.065387423210577,10.0,1.001,0.1267721916343592,0.1267721916343592,4.1432813585256145,,,,gradient,500000.0,500000.0,188427.14940750465,100000.0,89077.74464454094,738.9299976764887,0.889020898621993,30.444039577880204,10.0,0.002,1.0
constrained thermal motion,mean_field_theory,mixed,10.0,26.141843078755738,10.0,1.001,0.1342602329423662,0.1342602329423662,4.134123460684001,,,,gradient,500000.0,500000.0,188239.9642408646,100000.0,89088.73788483004,738.195938199469,0.889020898621993,29.40520646846021,10.0,0.002,1.0
constrained thermal motion,mean_field_theory,mixed,10.0,25.24981256940098,10.0,1.001,0.1421515343841761,0.1421515343841761,4.121803671883204,,,,gradient,500000.0,500000.0,188164.1189507682,100000.0,89112.3945018784,737.898505689287,0.889020898621993,28.401821159141353,10.0,0.002,1.0
constrained thermal motion,mean_field_theory,mixed,10.0,24.388220557715364,10.0,1.001,0.1504649198022411,0.1504649198022411,4.106406731429743,,,,gradient,500000.0,500000.0,188196.132514918,100000.0,89148.45627516888,738.0240490781099,0.889020898621993,27.43267407494895,10.0,0.002,1.0
constrained thermal motion,mean_field_theory,mixed,10.0,23.556028399694405,10.0,1.001,0.1592199059983548,0.1592199059983548,4.088020900906114,,,,gradient,500000.0,500000.0,188332.5783704704,100000.0,89196.6354260947,738.5591308645897,0.889020898621993,26.496596914883444,10.0,0.002,1.0
constrained thermal motion,mean_field_theory,mixed,10.0,22.752232892680944,10.0,1.001,0.1684367191179464,0.1684367191179464,4.066737198923146,,,,gradient,500000.0,500000.0,188570.09956295343,100000.0,89256.62111905326,739.490586521386,0.889020898621993,25.592461243540544,10.0,0.002,1.0
constrained thermal motion,mean_field_theory,mixed,10.0,21.97586506601039,10.0,1.001,0.1781363112567127,0.1781363112567127,4.042647633667792,,,,gradient,500000.0,500000.0,188905.42053667107,100000.0,89328.0916961195,740.8055707320434,0.889020898621993,24.719177130789152,10.0,0.002,1.0
constrained thermal motion,mean_field_theory,mixed,10.0,21.225989012922337,10.0,1.001,0.1883403773246554,0.1883403773246554,4.0158354930479625,,,,gradient,500000.0,500000.0,189335.34509656945,100000.0,89410.77374066686,742.4915493983116,0.889020898621993,23.87569183786703,10.0,0.002,1.0
constrained thermal motion,mean_field_theory,mixed,10.0,20.501700762330604,10.0,1.001,0.1990713722070327,0.1990713722070327,3.9852286415155014,,,,gradient,500000.0,500000.0,189854.93553997023,100000.0,89511.24900611563,744.5291589802755,0.889020898621993,23.06098854831063,10.0,0.002,1.0
constrained thermal motion,mean_field_theory,mixed,10.0,19.802127189091507,10.0,1.001,0.2103525282662197,0.2103525282662197,3.953344370037077,,,,gradient,500000.0,500000.0,190466.04360200913,100000.0,89614.8420006369,746.9256611843496,0.889020898621993,22.274085142188845,10.0,0.002,1.0
constrained thermal motion,mean_field_theory,mixed,10.0,19.12642496145677,10.0,1.001,0.2222078732329297,0.2222078732329297,3.919065201703331,,,,gradient,500000.0,500000.0,191162.97789233815,100000.0,89728.35187884465,749.6587368326988,0.889020898621993,21.51403301216345,10.0,0.002,1.0
constrained thermal motion,mean_field_theory,mixed,10.0,18.473779524442087,10.0,1.001,0.2346622485396711,0.2346622485396711,3.882473976850227,,,,gradient,500000.0,500000.0,191943.08877640983,100000.0,89851.50440467325,752.7179952016073,0.889020898621993,20.779915919948515,10.0,0.002,1.0
constrained thermal motion,mean_field_theory,mixed,10.0,17.84340411788602,10.0,1.001,0.2477413281536342,0.2477413281536342,3.8424116387365905,,,,gradient,500000.0,500000.0,192805.7332947493,100000.0,89991.58882651193,756.1009148813698,0.889020898621993,20.070848891790725,10.0,0.002,1.0
constrained thermal motion,mean_field_theory,mixed,10.0,17.234538828015335,10.0,1.001,0.2614716379704082,0.2614716379704082,3.801624206787858,,,,gradient,500000.0,500000.0,193745.75629942885,100000.0,90132.14885400837,759.7872796056033,0.889020898621993,19.385977151638784,10.0,0.002,1.0
constrained thermal motion,mean_field_theory,mixed,10.0,16.64644967137348,10.0,1.001,0.2758805758339639,0.2758805758339639,3.758830695797061,,,,gradient,500000.0,500000.0,194762.02123834187,100000.0,90281.17278138816,763.772632307223,0.889020898621993,18.724475090716023,10.0,0.002,1.0
constrained thermal motion,mean_field_theory,mixed,10.0,16.078427710007997,10.0,1.001,0.2909964322521751,0.2909964322521751,3.712872102643401,,,,gradient,500000.0,500000.0,195857.69888203425,100000.0,90446.05365875052,768.0694073805265,0.889020898621993,18.08554527225401,10.0,0.002,1.0
constrained thermal motion,mean_field_theory,mixed,10.0,15.52978819684997,10.0,1.001,0.3068484118807646,0.3068484118807646,3.666544259757963,,,,gradient,500000.0,500000.0,197021.4164708204,100000.0,90609.7789703811,772.633005767923,0.889020898621993,17.468417470187227,10.0,0.002,1.0
constrained thermal motion,mean_field_theory,mixed,10.0,14.999869750255616,10.0,1.001,0.3234666558518964,0.3234666558518964,3.6171552701703353,,,,gradient,500000.0,500000.0,198264.29477853596,100000.0,90789.22253549828,777.5070383471998,0.889020898621993,16.872347740650227,10.0,0.002,1.0
constrained thermal motion,mean_field_theory,mixed,10.0,14.488033556714646,10.0,1.001,0.3408822650267101,0.3408822650267101,3.567700124113732,,,,gradient,500000.0,500000.0,199569.34378019252,100000.0,90966.01017533592,782.6248775693824,0.889020898621993,16.296617525157732,10.0,0.002,1.0
constrained thermal motion,mean_field_theory,mixed,10.0,13.99366260076443,10.0,1.001,0.3591273242538297,0.3591273242538297,3.5153639442716655,,,,gradient,500000.0,500000.0,200954.3031881133,100000.0,91157.856989319,788.0560909337775,0.889020898621993,15.74053278438673,10.0,0.002,1.0
constrained thermal motion,mean_field_theory,mixed,10.0,13.51616092118153,10.0,1.001,0.378234927718317,0.378234927718317,3.4631858361970873,,,,gradient,500000.0,500000.0,202396.51853636676,100000.0,91346.0332877174,793.7118373975167,0.889020898621993,15.203423161516174,10.0,0.002,1.0
constrained thermal motion,mean_field_theory,mixed,10.0,13.054952892554027,10.0,1.001,0.3982392054676147,0.3982392054676147,3.408349990063373,,,,gradient,500000.0,500000.0,203920.34117187047,100000.0,91548.2764434035,799.6876124387078,0.889020898621993,14.684641174115892,10.0,0.002,1.0
constrained thermal motion,mean_field_theory,mixed,10.0,12.609482531368554,10.0,1.001,0.4191753512027707,0.4191753512027707,3.352366618203806,,,,gradient,500000.0,500000.0,205514.62173080855,100000.0,91755.33905744924,805.9396930619944,0.889020898621993,14.183561433610391,10.0,0.002,1.0
constrained thermal motion,mean_field_theory,mixed,10.0,12.179212825775473,10.0,1.001,0.4410796514246251,0.4410796514246251,3.296916655849913,,,,gradient,500000.0,500000.0,207159.3519827941,100000.0,91956.94881623368,812.3896156188003,0.889020898621993,13.69957989137667,10.0,0.002,1.0
constrained thermal motion,mean_field_theory,mixed,10.0,11.763625088224352,10.0,1.001,0.4639895160256864,0.4639895160256864,3.239052372304536,,,,gradient,500000.0,500000.0,208891.7986355465,100000.0,92171.55474386275,819.1835240609666,0.889020898621993,13.232113110567251,10.0,0.002,1.0
constrained thermal motion,mean_field_theory,mixed,10.0,11.362218330189195,10.0,1.001,0.4879435104191387,0.4879435104191387,3.1803592829375944,,,,gradient,500000.0,500000.0,210695.59967845937,100000.0,92389.42273654866,826.2572536410171,0.889020898621993,12.780597562780525,10.0,0.002,1.0
constrained thermal motion,mean_field_theory,mixed,10.0,10.97450865822979,10.0,1.001,0.5129813892968051,0.5129813892968051,3.1224411141339834,,,,gradient,500000.0,500000.0,212545.87158690795,100000.0,92600.85489383317,833.5132219094429,0.889020898621993,12.34448894873066,10.0,0.002,1.0
constrained thermal motion,mean_field_theory,mixed,10.0,10.60002869066107,10.0,1.001,0.539144132107981,0.539144132107981,3.062433916012248,,,,gradient,500000.0,500000.0,214491.87908193827,100000.0,92823.49962509068,841.1446238507383,0.889020898621993,11.923261542098064,10.0,0.002,1.0
constrained thermal motion,mean_field_theory,mixed,10.0,10.238326994127304,10.0,1.001,0.5664739803508593,0.5664739803508593,3.001868962460941,,,,gradient,500000.0,500000.0,216512.6446945588,100000.0,93048.01581212894,849.0691948806228,0.889020898621993,11.516407555769492,10.0,0.002,1.0
constrained thermal motion,mean_field_theory,mixed,10.0,9.888967539401872,10.0,1.001,0.5950144767678267,0.5950144767678267,2.9408414025306744,,,,gradient,500000.0,500000.0,218609.644124536,100000.0,93273.87524985784,857.2927220570039,0.889020898621993,11.123436529703683,10.0,0.002,1.0
constrained thermal motion,mean_field_theory,mixed,10.0,9.551529175756654,10.0,1.001,0.6248105065352388,0.6248105065352388,2.879436424768814,,,,gradient,500000.0,500000.0,220784.64916199463,100000.0,93500.59487656056,865.8221535764496,0.889020898621993,10.743874739684736,10.0,0.002,1.0
constrained thermal motion,mean_field_theory,mixed,10.0,9.22560512326737,10.0,1.001,0.6559083405374433,0.6559083405374433,2.817733712617601,,,,gradient,500000.0,500000.0,223039.64565650743,100000.0,93727.7088709681,874.665277084343,0.889020898621993,10.37726462625042,10.0,0.002,1.0
constrained thermal motion,mean_field_theory,mixed,10.0,8.91080248244279,10.0,1.001,0.6883556808138271,0.6883556808138271,2.7558084627500117,,,,gradient,500000.0,500000.0,225376.79810621924,100000.0,93954.76201361402,883.830580808703,0.889020898621993,10.023164243106974,10.0,0.002,1.0
constrained thermal motion,mean_field_theory,mixed,10.0,8.606741760586775,10.0,1.001,0.7222017082665564,0.7222017082665564,2.69373172091114,,,,gradient,500000.0,500000.0,227798.42110665285,100000.0,94181.30732189922,893.3271415947171,0.889020898621993,9.681146724365494,10.0,0.002,1.0
constrained thermal motion,mean_field_theory,mixed,10.0,8.313056414322105,10.0,1.001,0.7574971327155241,0.7574971327155241,2.631570468015949,,,,gradient,500000.0,500000.0,230306.9523557139,100000.0,94406.9052443352,903.1645190420152,0.889020898621993,9.350799769957684,10.0,0.002,1.0
constrained thermal motion,mean_field_theory,mixed,10.0,8.029392407724618,10.0,1.001,0.7942942453858313,0.7942942453858313,2.569387549060433,,,,gradient,500000.0,500000.0,232904.9272047365,100000.0,94631.1237567508,913.3526557048492,0.889020898621993,9.031725148610564,10.0,0.002,1.0
constrained thermal motion,mean_field_theory,mixed,10.0,7.755407785535052,10.0,1.001,0.832646973911956,0.832646973911956,2.5072414303831834,,,,gradient,500000.0,500000.0,235594.9573163004,100000.0,94853.53929413404,923.9017933972564,0.889020898621993,8.7235382177811,10.0,0.002,1.0
constrained thermal motion,mean_field_theory,mixed,10.0,7.490772260934007,10.0,1.001,0.8726109399416813,0.8726109399416813,2.4451856634268925,,,,gradient,500000.0,500000.0,238379.72066333293,100000.0,95073.73896394685,934.8224339738548,0.889020898621993,8.425867459971876,10.0,0.002,1.0
constrained thermal motion,mean_field_theory,mixed,10.0,7.235166817383181,10.0,1.001,0.9142435194218228,0.9142435194218228,2.383267573350361,,,,gradient,500000.0,500000.0,241261.9881839636,100000.0,95291.3261868072,946.1254438586808,0.889020898621993,8.138354034869023,10.0,0.002,1.0
constrained thermal motion,mean_field_theory,mixed,10.0,6.988283324052833,10.0,1.001,0.9576039056469804,0.9576039056469804,2.321522768769862,,,,gradient,500000.0,500000.0,244244.85692642795,100000.0,95505.94600129304,957.8229683389332,0.889020898621993,7.860651346762338,10.0,0.002,1.0
constrained thermal motion,mean_field_theory,mixed,10.0,6.749824164371927,10.0,1.001,1.0027531751518226,1.0027531751518226,2.258821940884194,,,,gradient,500000.0,500000.0,247387.81843772437,100000.0,95722.88421410954,970.148307598919,0.889020898621993,7.592424626726258,10.0,0.002,1.0
constrained thermal motion,mean_field_theory,mixed,10.0,6.519501877253128,10.0,1.001,1.0497543565269878,1.0497543565269878,2.197631250237152,,,,gradient,500000.0,500000.0,250578.58342487545,100000.0,95929.78326321358,982.6611114701,0.889020898621993,7.333350529057907,10.0,0.002,1.0
constrained thermal motion,mean_field_theory,mixed,10.0,6.2970388105601955,10.0,1.001,1.0986725022384474,1.0986725022384474,2.1367122736844637,,,,gradient,500000.0,500000.0,253877.59133857943,100000.0,96132.5892835816,995.5983974061938,0.889020898621993,7.083116741485808,10.0,0.002,1.0
constrained thermal motion,mean_field_theory,mixed,10.0,6.08216678639999,10.0,1.001,1.1495747635302611,1.1495747635302611,2.074977197534493,,,,gradient,500000.0,500000.0,257352.17656921723,100000.0,96335.78921807614,1009.2242218400676,0.889020898621993,6.8414216086792985,10.0,0.002,1.0
constrained thermal motion,mean_field_theory,mixed,10.0,5.874626777835635,10.0,1.001,1.2025304684910063,1.2025304684910063,2.0147329450882947,,,,gradient,500000.0,500000.0,260874.3266086578,100000.0,96528.78545974666,1023.036574935913,0.889020898621993,6.607973768604843,10.0,0.002,1.0
constrained thermal motion,mean_field_theory,mixed,10.0,5.674168596631097,10.0,1.001,1.257611203364866,1.257611203364866,1.9537218413219064,,,,gradient,500000.0,500000.0,264582.0436055602,100000.0,96721.0990128727,1037.5766415904322,0.889020898621993,6.382491801290854,10.0,0.002,1.0
constrained thermal motion,mean_field_theory,mixed,10.0,5.480550591650763,10.0,1.001,1.3148908971893942,1.3148908971893942,1.894165506680548,,,,gradient,500000.0,500000.0,268335.9367108849,100000.0,96903.14556705726,1052.2977910230782,0.889020898621993,6.164703889577589,10.0,0.002,1.0
constrained thermal motion,mean_field_theory,mixed,10.0,5.293539357550453,10.0,1.001,1.374445909843372,1.374445909843372,1.8338866089227643,,,,gradient,500000.0,500000.0,272284.1316718851,100000.0,97083.40216212896,1067.7809085171964,0.889020898621993,5.954347491443211,10.0,0.002,1.0
constrained thermal motion,mean_field_theory,mixed,10.0,5.112909453408669,10.0,1.001,1.436355123589929,1.436355123589929,1.7739502806417529,,,,gradient,500000.0,500000.0,276358.7132890962,100000.0,97257.24585216556,1083.75965995724,0.889020898621993,5.751169023510943,10.0,0.002,1.0
constrained thermal motion,mean_field_theory,mixed,10.0,4.938443130958922,10.0,1.001,1.5007000382022653,1.5007000382022653,1.7153895286591558,,,,gradient,500000.0,500000.0,280477.0512820637,100000.0,97420.93211561628,1099.910005027701,0.889020898621993,5.554923555355837,10.0,0.002,1.0
constrained thermal motion,mean_field_theory,mixed,10.0,4.769930072095496,10.0,1.001,1.567564869761828,1.567564869761828,1.6561501345478735,,,,gradient,500000.0,500000.0,284804.17668370035,100000.0,97581.56182285512,1116.8791242498053,0.889020898621993,5.3653745142426015,10.0,0.002,1.0
constrained thermal motion,mean_field_theory,mixed,10.0,4.60716713533624,10.0,1.001,1.637036653221715,1.637036653221715,1.5972717352414767,,,,gradient,500000.0,500000.0,289262.42989505705,100000.0,97735.3497084806,1134.3624701766944,0.889020898621993,5.182293399938603,10.0,0.002,1.0
constrained thermal motion,mean_field_theory,mixed,10.0,4.449958110936721,10.0,1.001,1.709205348831403,1.709205348831403,1.5387878215774198,,,,gradient,500000.0,500000.0,293852.3129859613,100000.0,97882.2342433509,1152.3620117096525,0.889020898621993,5.005459509258196,10.0,0.002,1.0
constrained thermal motion,mean_field_theory,mixed,10.0,4.298113484360561,10.0,1.001,1.784163952522561,1.784163952522561,1.4807442557239172,,,,gradient,500000.0,500000.0,298573.7014726547,100000.0,98022.20715143536,1170.8772606770772,0.889020898621993,4.834659670006359,10.0,0.002,1.0
constrained thermal motion,mean_field_theory,mixed,10.0,4.151450207820797,10.0,1.001,1.8620086103598117,1.8620086103598117,1.4231988774587607,,,,gradient,500000.0,500000.0,303425.549405269,100000.0,98155.30655743254,1189.9041153147805,0.889020898621993,4.669687984000893,10.0,0.002,1.0
constrained thermal motion,mean_field_theory,mixed,10.0,4.009791479616863,10.0,1.001,1.9428387371647304,1.9428387371647304,1.366218512494108,,,,gradient,500000.0,500000.0,308405.70154709514,100000.0,98281.61356910603,1209.4341237140986,0.889020898621993,4.510345578863389,10.0,0.002,1.0
constrained thermal motion,mean_field_theory,mixed,10.0,3.872966531001219,10.0,1.001,2.0267571394261803,2.0267571394261803,1.3098749698668872,,,,gradient,500000.0,500000.0,313510.7662678586,100000.0,98401.24945725898,1229.4539853641515,0.889020898621993,4.356440368279784,10.0,0.002,1.0
constrained thermal motion,mean_field_theory,mixed,10.0,3.740810420318628,10.0,1.001,2.1138701426152813,2.1138701426152813,1.254241003346452,,,,gradient,500000.0,500000.0,318736.03547041013,100000.0,98514.37276928128,1249.9452371388634,0.889020898621993,4.207786820441441,10.0,0.002,1.0
constrained thermal motion,mean_field_theory,mixed,10.0,3.613163834169996,10.0,1.001,2.20428772302879,2.20428772302879,1.199386852451397,,,,gradient,500000.0,500000.0,324075.444422519,100000.0,98621.1762062802,1270.8840957745842,0.889020898621993,4.064205734387684,10.0,0.002,1.0
constrained thermal motion,mean_field_theory,mixed,10.0,3.4898728953610147,10.0,1.001,2.2981236442905413,2.2981236442905413,1.1453776254154475,,,,gradient,500000.0,500000.0,329521.57342029706,100000.0,98721.8833240752,1292.2414643933218,0.889020898621993,3.925524023980105,10.0,0.002,1.0
constrained thermal motion,mean_field_theory,mixed,10.0,3.3707889774041324,10.0,1.001,2.395495598646788,2.395495598646788,1.0922713709926073,,,,gradient,500000.0,500000.0,335065.7243073743,100000.0,98816.74550419326,1313.9832325779382,0.889020898621993,3.7915745092482624,10.0,0.002,1.0
constrained thermal motion,mean_field_theory,mixed,10.0,3.2557685253502084,10.0,1.001,2.496525353197764,2.496525353197764,1.0394474385795756,,,,gradient,500000.0,500000.0,340800.01788258774,100000.0,98907.30046118086,1336.4706583630891,0.889020898621993,3.6621957148552298,10.0,0.002,1.0
constrained thermal motion,mean_field_theory,mixed,10.0,3.1446728827338895,10.0,1.001,2.6013389012145764,2.6013389012145764,0.9883447781955198,,,,gradient,500000.0,500000.0,346505.83575410536,100000.0,98991.19554942286,1358.8464147219818,0.889020898621993,3.537231675440048,10.0,0.002,1.0
constrained thermal motion,mean_field_theory,mixed,10.0,3.037368124424066,10.0,1.001,2.7100666186976956,2.7100666186976956,0.9376526017210364,,,,gradient,500000.0,500000.0,352381.3897073132,100000.0,99071.32788496929,1381.8878027737774,0.889020898621993,3.4165317476024137,10.0,0.002,1.0
constrained thermal motion,mean_field_theory,mixed,10.0,2.9337248951779333,10.0,1.001,2.8228434263406075,2.8228434263406075,0.8887188043145846,,,,gradient,500000.0,500000.0,358195.2659149595,100000.0,99145.54357152629,1404.6873173135666,0.889020898621993,3.299950428302966,10.0,0.002,1.0
constrained thermal motion,mean_field_theory,mixed,10.0,2.8336182537040195,10.0,1.001,2.9398089570699413,2.9398089570699413,0.8403179189587072,,,,gradient,500000.0,500000.0,364151.1987886778,100000.0,99216.66703554566,1428.0439168183443,0.889020898621993,3.1873471794602426,10.0,0.002,1.0
constrained thermal motion,mean_field_theory,mixed,10.0,2.73692752204621,10.0,1.001,3.061107729341261,3.061107729341261,0.7936900876738476,,,,gradient,500000.0,500000.0,370009.5898177229,100000.0,99282.5437344779,1451.017999285188,0.889020898621993,3.0785862585328685,10.0,0.002,1.0
constrained thermal motion,mean_field_theory,mixed,10.0,2.643536140107192,10.0,1.001,3.186889326377957,3.186889326377957,0.7477209214281304,,,,gradient,500000.0,500000.0,375976.0579507997,100000.0,99346.10694905848,1474.4159135325478,0.889020898621993,2.973536554882733,10.0,0.002,1.0
constrained thermal motion,mean_field_theory,mixed,10.0,2.55333152513596,10.0,1.001,3.317308581549101,3.317308581549101,0.7030296072778417,,,,gradient,500000.0,500000.0,381921.391867335,100000.0,99406.52629720056,1497.7309484993532,0.889020898621993,2.872071431721903,10.0,0.002,1.0
constrained thermal motion,mean_field_theory,mixed,10.0,2.4662049360099805,10.0,1.001,3.452525770090878,3.452525770090878,0.6596617222631436,,,,gradient,500000.0,500000.0,387824.5883327468,100000.0,99464.16232549924,1520.8807385597916,0.889020898621993,2.774068573452735,10.0,0.002,1.0
constrained thermal motion,mean_field_theory,mixed,10.0,2.3820513421484217,10.0,1.001,3.592706807385174,3.592706807385174,0.6178000654844958,,,,gradient,500000.0,500000.0,393633.1112519987,100000.0,99517.87528682944,1543.6592598117595,0.889020898621993,2.6794098382171527,10.0,0.002,1.0
constrained thermal motion,mean_field_theory,mixed,10.0,2.300769296898421,10.0,1.001,3.738023454018136,3.738023454018136,0.5775259417225099,,,,gradient,500000.0,500000.0,399310.8104529251,100000.0,99567.19523722108,1565.924746874216,0.889020898621993,2.587981115477349,10.0,0.002,1.0
constrained thermal motion,mean_field_theory,mixed,10.0,2.2222608152417487,10.0,1.001,3.888653527851019,3.888653527851019,0.538827829059667,,,,gradient,500000.0,500000.0,404844.0902644065,100000.0,99612.5312569612,1587.6238833898294,0.889020898621993,2.499672188456216,10.0,0.002,1.0
constrained thermal motion,mean_field_theory,mixed,10.0,2.14643125567446,10.0,1.001,4.04478112334536,4.04478112334536,0.5017040705405803,,,,gradient,500000.0,500000.0,410220.83433545113,100000.0,99654.1953564544,1608.7091542566711,0.889020898621993,2.4143766012716776,10.0,0.002,1.0
constrained thermal motion,mean_field_theory,mixed,10.0,2.073189206117126,10.0,1.001,4.206596838394584,4.206596838394584,0.4661589624186602,,,,gradient,500000.0,500000.0,415430.52956802567,100000.0,99692.43644498975,1629.1393316393164,0.889020898621993,2.3319915306047667,10.0,0.002,1.0
constrained thermal motion,mean_field_theory,mixed,10.0,2.0024463737181235,10.0,1.001,4.374298008924366,4.374298008924366,0.4321993812383968,,,,gradient,500000.0,500000.0,420464.35829501407,100000.0,99727.4641009523,1648.8798364510355,0.889020898621993,2.252417661746727,10.0,0.002,1.0
constrained thermal motion,mean_field_theory,mixed,10.0,1.9341174784171276,10.0,1.001,4.548088951534675,4.548088951534675,0.399694484750287,,,,gradient,500000.0,500000.0,425381.467776033,100000.0,99760.3158922012,1668.162618729541,0.889020898621993,2.17555906887573,10.0,0.002,1.0
constrained thermal motion,mean_field_theory,mixed,10.0,1.8681201501405136,10.0,1.001,4.728181214467245,4.728181214467245,0.3689523621003942,,,,gradient,500000.0,500000.0,430037.5723371364,100000.0,99789.34986723932,1686.4218523024956,0.889020898621993,2.101323099418868,10.0,0.002,1.0
constrained thermal motion,mean_field_theory,mixed,10.0,1.8043748295047255,10.0,1.001,4.914793837193356,4.914793837193356,0.3397156120071029,,,,gradient,500000.0,500000.0,434558.7514945855,100000.0,99816.37437655155,1704.1519666454333,0.889020898621993,2.0296202623600377,10.0,0.002,1.0
constrained thermal motion,mean_field_theory,mixed,10.0,1.7428046719079182,10.0,1.001,5.108153618928221,5.108153618928221,0.3121731197787385,,,,gradient,500000.0,500000.0,438823.5977235373,100000.0,99840.09439691334,1720.8768538177933,0.889020898621993,1.9603641203590532,10.0,0.002,1.0
constrained thermal motion,mean_field_theory,mixed,10.0,1.6833354548942463,10.0,1.001,5.308495396390077,5.308495396390077,0.2861517594477062,,,,gradient,500000.0,500000.0,442942.60194425535,100000.0,99861.96611032092,1737.0298115460994,0.889020898621993,1.8934711855519517,10.0,0.002,1.0
constrained thermal motion,mean_field_theory,mixed,10.0,1.625895488679144,10.0,1.001,5.51606233113404,5.51606233113404,0.2617111017407224,,,,gradient,500000.0,500000.0,446860.0867689415,100000.0,99881.47722144572,1752.392497133104,0.889020898621993,1.828860818906875,10.0,0.002,1.0
constrained thermal motion,mean_field_theory,mixed,10.0,1.5704155297277151,10.0,1.001,5.731106206803334,5.731106206803334,0.2388184337653469,,,,gradient,500000.0,500000.0,450578.30654893926,100000.0,99898.79339376593,1766.9737511723108,0.889020898621993,1.7664551330141989,10.0,0.002,1.0
constrained thermal motion,mean_field_theory,mixed,10.0,1.5168286972820697,10.0,1.001,5.9538877366531535,5.9538877366531535,0.2174359215863551,,,,gradient,500000.0,500000.0,454100.4396773609,100000.0,99914.07890386748,1780.7860379504348,0.889020898621993,1.7061788981937278,10.0,0.002,1.0
constrained thermal motion,mean_field_theory,mixed,10.0,1.4650703927369702,10.0,1.001,6.184676881715615,6.184676881715615,0.1975209757631194,,,,gradient,500000.0,500000.0,457430.4530547262,100000.0,99927.49557166088,1793.8449139401027,0.889020898621993,1.6479594518057672,10.0,0.002,1.0
constrained thermal motion,mean_field_theory,mixed,10.0,1.4150782217666005,10.0,1.001,6.4237531799877585,6.4237531799877585,0.1790266411497513,,,,gradient,500000.0,500000.0,460572.9932595275,100000.0,99939.20185551472,1806.1686010177548,0.889020898621993,1.591726610656747,10.0,0.002,1.0
constrained thermal motion,mean_field_theory,mixed,10.0,1.3667919191085791,10.0,1.001,6.671406087038491,6.671406087038491,0.161902014109673,,,,gradient,500000.0,500000.0,463533.2903605674,100000.0,99949.3520044601,1817.777609257127,0.889020898621993,1.537412586393801,10.0,0.002,1.0
constrained thermal motion,mean_field_theory,mixed,10.0,1.32015327591455,10.0,1.001,6.92793532844469,6.92793532844469,0.1460886499619769,,,,gradient,500000.0,500000.0,466349.61359370325,100000.0,99958.27851111974,1828.822014092954,0.889020898621993,1.484951903786316,10.0,0.002,1.0
constrained thermal motion,mean_field_theory,mixed,10.0,1.27510606957976,10.0,1.001,7.193651264481543,7.193651264481543,0.1315386785124089,,,,gradient,500000.0,500000.0,468960.6881874227,100000.0,99965.72592143442,1839.0615223036184,0.889020898621993,1.4342813217959327,10.0,0.002,1.0
constrained thermal motion,mean_field_theory,mixed,10.0,1.23159599596705,10.0,1.001,7.468875267507312,7.468875267507312,0.1181845670001164,,,,gradient,500000.0,500000.0,471436.5897186569,100000.0,99972.17741779888,1848.7709400731644,0.889020898621993,1.3853397573398532,10.0,0.002,1.0
constrained thermal motion,mean_field_theory,mixed,10.0,1.1895706039435407,10.0,1.001,7.753940112498646,7.753940112498646,0.105968175614207,,,,gradient,500000.0,500000.0,473724.1438192527,100000.0,99977.48428590708,1857.7417404676576,0.889020898621993,1.338068211655551,10.0,0.002,1.0
constrained thermal motion,mean_field_theory,mixed,10.0,1.148979232151108,10.0,1.001,8.049190381208575,8.049190381208575,0.0948233391349038,,,,gradient,500000.0,500000.0,475886.1403048193,100000.0,99982.0062654418,1866.2201580581147,0.889020898621993,1.2924096991781158,10.0,0.002,1.0
constrained thermal motion,mean_field_theory,mixed,10.0,1.1097729479344187,10.0,1.001,8.354982880436278,8.354982880436278,0.0846869426630162,,,,gradient,500000.0,500000.0,477900.60999124614,100000.0,99985.73804246188,1874.1200391813577,0.889020898621993,1.248309178844499,10.0,0.002,1.0
constrained thermal motion,mean_field_theory,mixed,10.0,1.0719044883529074,10.0,1.001,8.6716870749149,8.6716870749149,0.0754942927978273,,,,gradient,500000.0,500000.0,479774.3930378544,100000.0,99988.7910698548,1881.4682079915856,0.889020898621993,1.2057134877418394,10.0,0.002,1.0
constrained thermal motion,mean_field_theory,mixed,10.0,1.0353282032055862,10.0,1.001,8.999685535341603,8.999685535341603,0.0671811244813659,,,,gradient,500000.0,500000.0,481514.2843628466,100000.0,99991.26652280791,1888.2913112268493,0.889020898621993,1.164571277019892,10.0,0.002,1.0
constrained thermal motion,mean_field_theory,mixed,10.0,1.0,10.0,1.001,9.339374402092544,9.339374402092544,0.0596840918864142,,,,gradient,500000.0,500000.0,483126.9708858892,100000.0,99993.25521820098,1894.6155721015264,0.889020898621993,1.1248329499902958,10.0,0.002,1.0
constrained thermal motion,mean_field_theory,polarized,0.0,499.99999999999994,10.0,1.001,0.0005499375617013,0.0005499375617013,0.4486139849856213,,,,gradient,500000.0,500000.0,463208.21957135614,100000.0,99999.99952005732,1816.5028218484551,1.0,499.99999999999994,0.0,0.002,1.0
constrained thermal motion,mean_field_theory,polarized,0.0,482.93864539949584,10.0,1.001,0.0005889084660093,0.0005889084660093,0.4876440698007737,,,,gradient,500000.0,500000.0,459343.3742011674,100000.0,99999.99924747812,1801.346565494774,1.0,482.93864539949584,0.0,0.002,1.0
constrained thermal motion,mean_field_theory,polarized,0.0,466.45947044060057,10.0,1.001,0.0006306200076885,0.0006306200076885,0.5287288360842376,,,,gradient,500000.0,500000.0,455185.7387009056,100000.0,99999.998819029,1785.042112552571,1.0,466.45947044060057,0.0,0.002,1.0
constrained thermal motion,mean_field_theory,polarized,0.0,450.5426095766997,10.0,1.001,0.0006752626771327,0.0006752626771327,0.5718064782051683,,,,gradient,500000.0,500000.0,450731.1364502396,100000.0,99999.9981459124,1767.5730841185866,1.0,450.5426095766997,0.0,0.002,1.0
constrained thermal motion,mean_field_theory,polarized,0.0,435.1688751274506,10.0,1.001,0.0007230399665911,0.0007230399665911,0.6167970359054893,,,,gradient,500000.0,500000.0,445977.97215490544,100000.0,99999.99708951036,1748.933224136884,1.0,435.1688751274506,0.0,0.002,1.0
constrained thermal motion,mean_field_theory,polarized,0.0,420.3197341481472,10.0,1.001,0.0007741692325198,0.0007741692325198,0.6636038119179383,,,,gradient,500000.0,500000.0,440927.446138447,100000.0,99999.99543421384,1729.1272397586156,1.0,420.3197341481472,0.0,0.002,1.0
constrained thermal motion,mean_field_theory,polarized,0.0,405.9772860883649,10.0,1.001,0.0008288826125129,0.0008288826125129,0.7121153579479022,,,,gradient,500000.0,500000.0,435583.71526540816,100000.0,99999.99284609142,1708.1714324133654,1.0,405.9772860883649,0.0,0.002,1.0
constrained thermal motion,mean_field_theory,polarized,0.0,392.12424121295714,10.0,1.001,0.0008874279999991,0.0008874279999991,0.7622079753872258,,,,gradient,500000.0,500000.0,429953.9909246073,100000.0,99999.98881050869,1686.0940820572837,1.0,392.12424121295714,0.0,0.002,1.0
constrained thermal motion,mean_field_theory,polarized,0.0,378.7438997593818,10.0,1.001,0.0009500700800444,0.0009500700800444,0.8137486467775105,,,,gradient,500000.0,500000.0,424048.56656049605,100000.0,99999.98253877046,1662.9355551392002,1.0,378.7438997593818,0.0,0.002,1.0
constrained thermal motion,mean_field_theory,polarized,0.0,365.82013180623665,10.0,1.001,0.0010170914297683,0.0010170914297683,0.8665982869996547,,,,gradient,500000.0,500000.0,417880.7698941542,100000.0,99999.9728297354,1638.7481172319774,1.0,365.82013180623665,0.0,0.002,1.0
constrained thermal motion,mean_field_theory,polarized,0.0,353.33735782873833,10.0,1.001,0.0010887936870454,0.0010887936870454,0.9206151817469947,,,,gradient,500000.0,500000.0,411466.8380912753,100000.0,99999.95786682474,1613.5954434951973,1.0,353.33735782873833,0.0,0.002,1.0
constrained thermal motion,mean_field_theory,polarized,0.0,341.28052991769573,10.0,1.001,0.0011654987913375,0.0011654987913375,0.9756584670195952,,,,gradient,500000.0,500000.0,404825.71753044886,100000.0,99999.93492360544,1587.5518334527403,1.0,341.28052991769573,0.0,0.002,1.0
constrained thermal motion,mean_field_theory,polarized,0.0,329.6351136393482,10.0,1.001,0.0012475503006809,0.0012475503006809,1.0315914985665695,,,,gradient,500000.0,500000.0,397978.7932841462,100000.0,99999.89994204184,1560.7011501339066,1.0,329.6351136393482,0.0,0.002,1.0
constrained thermal motion,mean_field_theory,polarized,0.0,318.3870705141918,10.0,1.001,0.0013353147890283,0.0013353147890283,1.088284965054963,,,,gradient,500000.0,500000.0,390949.5567088234,100000.0,99999.84693635307,1533.1355165051898,1.0,318.3870705141918,0.0,0.002,1.0
constrained thermal motion,mean_field_theory,polarized,0.0,307.52284109367514,10.0,1.001,0.0014291833283365,0.0014291833283365,1.145619613054417,,,,gradient,500000.0,500000.0,383763.2224179937,100000.0,99999.7671624606,1504.953813403897,1.0,307.52284109367514,0.0,0.002,1.0
constrained thermal motion,mean_field_theory,polarized,0.0,297.0293286143681,10.0,1.001,0.0015295730599706,0.0015295730599706,1.2034884746258114,,,,gradient,500000.0,500000.0,376446.3081748986,100000.0,99999.64797872445,1476.2600320584258,1.0,297.0293286143681,0.0,0.002,1.0
constrained thermal motion,mean_field_theory,polarized,0.0,286.8938832098894,10.0,1.001,0.0016369288601932,0.0016369288601932,1.2617985175516404,,,,gradient,500000.0,500000.0,369026.1927306648,100000.0,99999.47130921556,1447.161540120254,1.0,286.8938832098894,0.0,0.002,1.0
constrained thermal motion,mean_field_theory,polarized,0.0,277.1042866615703,10.0,1.001,0.0017517251046924,0.0017517251046924,1.3204716716334892,,,,gradient,500000.0,500000.0,361530.66725204774,100000.0,99999.21160791292,1417.76732255705,1.0,277.1042866615703,0.0,0.002,1.0
constrained thermal motion,mean_field_theory,polarized,0.0,267.64873766946505,10.0,1.001,0.0018744675373014,0.0018744675373014,1.3794452192853868,,,,gradient,500000.0,500000.0,353987.4957074869,100000.0,99998.8332137203,1388.186257676419,1.0,267.64873766946505,0.0,0.002,1.0
constrained thermal motion,mean_field_theory,polarized,0.0,258.51583762595294,10.0,1.001,0.0020056952482524,0.0020056952482524,1.4386715721269268,,,,gradient,500000.0,500000.0,346423.9984589443,100000.0,99998.28698547886,1358.5254841527228,1.0,258.51583762595294,0.0,0.002,1.0
constrained thermal motion,mean_field_theory,polarized,0.0,249.69457687478777,10.0,1.001,0.0021459827675044,0.0021459827675044,1.4981174849617531,,,,gradient,500000.0,500000.0,338866.6714584525,100000.0,99997.50611752164,1328.888907680206,1.0,249.69457687478777,0.0,0.002,1.0
constrained thermal motion,mean_field_theory,polarized,0.0,241.17432143902064,10.0,1.001,0.0022959422788744,0.0022959422788744,1.557762782457739,,,,gradient,500000.0,500000.0,331340.8510397457,100000.0,99996.40106429058,1299.3758864303754,1.0,241.17432143902064,0.0,0.002,1.0
constrained thermal motion,mean_field_theory,polarized,0.0,232.9448002018065,10.0,1.001,0.0024562259608938,0.0024562259608938,1.6175986907468085,,,,gradient,500000.0,500000.0,323870.4315304075,100000.0,99994.8535513686,1270.0801236486568,1.0,232.9448002018065,0.0,0.002,1.0
constrained thermal motion,mean_field_theory,polarized,0.0,224.9960925246335,10.0,1.001,0.0026275284604977,0.0026275284604977,1.6776258755111455,,,,gradient,500000.0,500000.0,316477.6400028449,100000.0,99992.70972298352,1241.088784324882,1.0,224.9960925246335,0.0,0.002,1.0
constrained thermal motion,mean_field_theory,polarized,0.0,217.3186162880523,10.0,1.001,0.0028105895058362,0.0028105895058362,1.737852290113593,,,,gradient,500000.0,500000.0,309182.8696384748,100000.0,99989.77257335997,1212.481841719509,1.0,217.3186162880523,0.0,0.002,1.0
constrained thermal motion,mean_field_theory,polarized,0.0,209.9031163404896,10.0,1.001,0.0030061966646727,0.0030061966646727,1.7982909327865837,,,,gradient,500000.0,500000.0,302004.5705771662,100000.0,99985.79392853468,1184.3316493222203,1.0,209.9031163404896,0.0,0.002,1.0
constrained thermal motion,mean_field_theory,polarized,0.0,202.74065334121792,10.0,1.001,0.0032151882550039,0.0032151882550039,1.8589576020931715,,,,gradient,500000.0,500000.0,294959.19490182505,100000.0,99980.4663795551,1156.7027251051964,1.0,202.74065334121792,0.0,0.002,1.0
constrained thermal motion,mean_field_theory,polarized,0.0,195.82259298403315,10.0,1.001,0.0034384564146917,0.0034384564146917,1.9198687263527447,,,,gradient,500000.0,500000.0,288061.19065563375,100000.0,99973.41570571672,1129.6517280613089,1.0,195.82259298403315,0.0,0.002,1.0
constrained thermal motion,mean_field_theory,polarized,0.0,189.1405955886518,10.0,1.001,0.0036769503370475,0.0036769503370475,1.9810393270976916,,,,gradient,500000.0,500000.0,281323.03855004255,100000.0,99964.19445200636,1103.2276021570297,1.0,189.1405955886518,0.0,0.002,1.0
constrained thermal motion,mean_field_theory,polarized,0.0,182.68660604727475,10.0,1.001,0.0039316796794429,0.0039316796794429,2.042481160401455,,,,gradient,500000.0,500000.0,274755.324291023,100000.0,99952.27741945878,1077.471859964796,1.0,182.68660604727475,0.0,0.002,1.0
constrained thermal motion,mean_field_theory,polarized,0.0,176.45284411420445,10.0,1.001,0.0042037181521394,0.0042037181521394,2.104201064374313,,,,gradient,500000.0,500000.0,268366.8391897034,100000.0,99937.05987136989,1052.4189772145232,1.0,176.45284411420445,0.0,0.002,1.0
constrained thermal motion,mean_field_theory,polarized,0.0,170.4317950268048,10.0,1.001,0.0044942072946332,0.0044942072946332,2.166199527244322,,,,gradient,500000.0,500000.0,262164.70186439407,100000.0,99917.85923523296,1028.0968700564474,1.0,170.4317950268048,0.0,0.002,1.0
constrained thermal motion,mean_field_theory,polarized,0.0,164.6162004464993,10.0,1.001,0.0048043604468947,0.0048043604468947,2.228469478857503,,,,gradient,500000.0,500000.0,256154.494300537,100000.0,99893.92097811282,1004.5274286295568,1.0,164.6162004464993,0.0,0.002,1.0
constrained thermal motion,mean_field_theory,polarized,0.0,158.99904970888872,10.0,1.001,0.0051354669229407,0.0051354669229407,2.2909952994705445,,,,gradient,500000.0,500000.0,250340.40622462193,100000.0,99864.42914868306,981.7270832338116,1.0,158.99904970888872,0.0,0.002,1.0
constrained thermal motion,mean_field_theory,polarized,0.0,153.57357137243565,10.0,1.001,0.0054888963942197,0.0054888963942197,2.35375203340582,,,,gradient,500000.0,500000.0,244725.3825810813,100000.0,99828.5218190214,959.707382670907,1.0,153.57357137243565,0.0,0.002,1.0
constrained thermal motion,mean_field_theory,polarized,0.0,148.33322505553377,10.0,1.001,0.0058661034902941,0.0058661034902941,2.416704791313331,,,,gradient,500000.0,500000.0,239311.2698001073,100000.0,99785.31134084713,938.475567843558,1.0,148.33322505553377,0.0,0.002,1.0
constrained thermal motion,mean_field_theory,polarized,0.0,143.27169355211623,10.0,1.001,0.0062686326242933,0.0062686326242933,2.479808323110354,,,,gradient,500000.0,500000.0,234098.95744524777,100000.0,99733.90898070436,918.0351272362658,1.0,143.27169355211623,0.0,0.002,1.0
constrained thermal motion,mean_field_theory,polarized,0.0,138.3828752163014,10.0,1.001,0.0066981230505536,0.0066981230505536,2.5430067437322106,,,,gradient,500000.0,500000.0,229088.51268312312,100000.0,99673.45314953385,898.3863242475417,1.0,138.3828752163014,0.0,0.002,1.0
constrained thermal motion,mean_field_theory,polarized,0.0,133.66087660689618,10.0,1.001,0.0071563141617819,0.0071563141617819,2.6062333951834793,,,,gradient,500000.0,500000.0,224279.30578929765,100000.0,99603.14012899777,879.5266893697947,1.0,133.66087660689618,0.0,0.002,1.0
constrained thermal motion,mean_field_theory,polarized,0.0,129.10000538288736,10.0,1.001,0.007645051032956,0.007645051032956,2.669410830602851,,,,gradient,500000.0,500000.0,219670.12557390652,100000.0,99522.2559523794,861.4514728388491,1.0,129.10000538288736,0.0,0.002,1.0
constrained thermal motion,mean_field_theory,polarized,0.0,124.6947634413585,10.0,1.001,0.0081662902190162,0.0081662902190162,2.7324509087582576,,,,gradient,500000.0,500000.0,215259.28416895543,100000.0,99430.20794725227,844.1540555645311,1.0,124.6947634413585,0.0,0.002,1.0
constrained thermal motion,mean_field_theory,polarized,0.0,120.43984028956064,10.0,1.001,0.0087221058131971,0.0087221058131971,2.7952549902462924,,,,gradient,500000.0,500000.0,211044.7110663421,100000.0,99326.55440586177,827.6263179072239,1.0,120.43984028956064,0.0,0.002,1.0
constrained thermal motion,mean_field_theory,polarized,0.0,116.3301066431441,10.0,1.001,0.0093146957726053,0.0093146957726053,2.857714229424486,,,,gradient,500000.0,500000.0,207024.0366384328,100000.0,99211.03092048549,811.8589672095403,1.0,116.3301066431441,0.0,0.002,1.0
constrained thermal motion,mean_field_theory,polarized,0.0,112.36060824283784,10.0,1.001,0.0099463885173551,0.0099463885173551,2.9197099585603663,,,,gradient,500000.0,500000.0,203194.6656223029,100000.0,99083.5720965141,796.8418259698153,1.0,112.36060824283784,0.0,0.002,1.0
constrained thermal motion,mean_field_theory,polarized,0.0,108.5265598821192,10.0,1.001,0.0106196498092305,0.0106196498092305,2.9811141627001225,,,,gradient,500000.0,500000.0,199553.8412175648,100000.0,98944.3276166738,782.5640832061365,1.0,108.5265598821192,0.0,0.002,1.0
constrained thermal motion,mean_field_theory,polarized,0.0,104.82333963867583,10.0,1.001,0.0113370899154547,0.0113370899154547,3.0417900452598556,,,,gradient,500000.0,500000.0,196098.70055017775,100000.0,98793.67194971388,769.0145119614815,1.0,104.82333963867583,0.0,0.002,1.0
constrained thermal motion,mean_field_theory,polarized,0.0,101.24648330270688,10.0,1.001,0.0121014710627041,0.0121014710627041,3.1015926852796296,,,,gradient,500000.0,500000.0,192826.3223041389,100000.0,98632.207346193,756.1816560946625,1.0,101.24648330270688,0.0,0.002,1.0
constrained thermal motion,mean_field_theory,polarized,0.0,97.7916789953439,10.0,1.001,0.0129157151860073,0.0129157151860073,3.160369787639482,,,,gradient,500000.0,500000.0,189733.76733191437,100000.0,98460.7601130168,744.0539895369191,1.0,97.7916789953439,0.0,0.002,1.0
constrained thermal motion,mean_field_theory,polarized,0.0,94.45476197070748,10.0,1.001,0.0137829119766258,0.0137829119766258,3.217962527334471,,,,gradient,500000.0,500000.0,186818.1130337795,100000.0,98280.37048060435,732.6200511128608,1.0,94.45476197070748,0.0,0.002,1.0
constrained thermal motion,mean_field_theory,polarized,0.0,91.2317095953306,10.0,1.001,0.0147063272324095,0.0147063272324095,3.274206488178126,,,,gradient,500000.0,500000.0,184076.48225516727,100000.0,98092.27665112833,721.8685578634011,1.0,91.2317095953306,0.0,0.002,1.0
constrained thermal motion,mean_field_theory,polarized,0.0,88.11863649889834,10.0,1.001,0.0156894115134685,0.0156894115134685,3.328932695091711,,,,gradient,500000.0,500000.0,181506.0673970396,100000.0,97897.89382917108,711.7884995962338,1.0,88.11863649889834,0.0,0.002,1.0
constrained thermal motion,mean_field_theory,polarized,0.0,85.11178989045713,10.0,1.001,0.0167358091052984,0.0167358091052984,3.3819687375093013,,,,gradient,500000.0,500000.0,179104.1503730201,100000.0,97698.78918059288,702.3692171490984,1.0,85.11178989045713,0.0,0.002,1.0
constrained thermal motion,mean_field_theory,polarized,0.0,82.2075450344478,10.0,1.001,0.0178493672907437,0.0178493672907437,3.433139979457441,,,,gradient,500000.0,500000.0,176868.11898356726,100000.0,97496.65374143714,693.6004666022245,1.0,82.2075450344478,0.0,0.002,1.0
constrained thermal motion,mean_field_theory,polarized,0.0,79.4024008811086,10.0,1.001,0.0190341459313818,0.0190341459313818,3.482270849623494,,,,gradient,500000.0,500000.0,174795.48021419888,100000.0,97293.27231146132,685.4724714282308,1.0,79.4024008811086,0.0,0.002,1.0
constrained thermal motion,mean_field_theory,polarized,0.0,76.69297584598065,10.0,1.001,0.0202944273580693,0.0202944273580693,3.5291862023221436,,,,gradient,500000.0,500000.0,172883.87090524266,100000.0,97090.49232603272,677.975964334285,1.0,76.69297584598065,0.0,0.002,1.0
constrained thermal motion,mean_field_theory,polarized,0.0,74.07600373342835,10.0,1.001,0.02163472656951,0.02163472656951,3.573712737768794,,,,gradient,500000.0,500000.0,171131.0661849502,100000.0,96890.19261699026,671.1022203331381,1.0,74.07600373342835,0.0,0.002,1.0
constrained thermal motion,mean_field_theory,polarized,0.0,71.54832979925982,10.0,1.001,0.0230598017367866,0.0230598017367866,3.615680467606801,,,,gradient,500000.0,500000.0,169534.9860081817,100000.0,96694.252860546,664.8430823850263,1.0,71.54832979925982,0.0,0.002,1.0
constrained thermal motion,mean_field_theory,polarized,0.0,69.10690694770189,10.0,1.001,0.0245746650108607,0.0245746650108607,3.654924209292507,,,,gradient,500000.0,500000.0,168093.70009861395,100000.0,96504.5243803051,659.1909807788783,1.0,69.10690694770189,0.0,0.002,1.0
constrained thermal motion,mean_field_theory,polarized,0.0,66.74879205814433,10.0,1.001,0.026184593629079,0.026184593629079,3.6912850908321473,,,,gradient,500000.0,500000.0,166805.43155402032,100000.0,96322.8028370311,654.1389472706679,1.0,66.74879205814433,0.0,0.002,1.0
constrained thermal motion,mean_field_theory,polarized,0.0,64.47114243722574,10.0,1.001,0.0278951413157572,0.0278951413157572,3.72461204559054,,,,gradient,500000.0,500000.0,165668.5593410477,100000.0,96150.8032029236,649.6806248668537,1.0,64.47114243722574,0.0,0.002,1.0
constrained thermal motion,mean_field_theory,polarized,0.0,62.27121239198354,10.0,1.001,0.0297121499709348,0.0297121499709348,3.754763275539747,,,,gradient,500000.0,500000.0,164681.61987744432,100000.0,95990.1372938266,645.8102740291934,1.0,62.27121239198354,0.0,0.002,1.0
constrained thermal motion,mean_field_theory,polarized,0.0,60.146349919937705,10.0,1.001,0.0316417616404345,0.0316417616404345,3.781607660465715,,,,gradient,500000.0,500000.0,163843.3078749381,100000.0,95842.29402270356,642.5227759801494,1.0,60.146349919937705,0.0,0.002,1.0
constrained thermal motion,mean_field_theory,polarized,0.0,58.09399351211762,10.0,1.001,0.0336904307594163,0.0336904307594163,3.805026090372219,,,,gradient,500000.0,500000.0,163152.47659414838,100000.0,95708.62244483712,639.8136337025427,1.0,58.09399351211762,0.0,0.002,1.0
constrained thermal motion,mean_field_theory,polarized,0.0,56.111669065178376,10.0,1.001,0.0358649366607092,0.0358649366607092,3.824912698656765,,,,gradient,500000.0,500000.0,162608.13764307956,100000.0,95590.31759062136,637.6789711493316,1.0,56.111669065178376,0.0,0.002,1.0
constrained thermal motion,mean_field_theory,polarized,0.0,54.19698689888411,10.0,1.001,0.0381723963383459,0.0381723963383459,3.8411759745836904,,,,gradient,500000.0,500000.0,162209.4604313386,100000.0,95488.40902518952,636.1155311032886,1.0,54.19698689888411,0.0,0.002,1.0
constrained thermal motion,mean_field_theory,polarized,0.0,52.34763887536267,10.0,1.001,0.0406202774559301,0.0406202774559301,3.8537397351760103,,,,gradient,500000.0,500000.0,161955.77137343676,100000.0,95403.7520345002,635.1206720526932,1.0,52.34763887536267,0.0,0.002,1.0
constrained thermal motion,mean_field_theory,polarized,0.0,50.561395616659304,10.0,1.001,0.04321641158875,0.04321641158875,3.8625439388150102,,,,gradient,500000.0,500000.0,161846.5529144353,100000.0,95337.02131257304,634.6923643703346,1.0,50.561395616659304,0.0,0.002,1.0
constrained thermal motion,mean_field_theory,polarized,0.0,48.836103817234914,10.0,1.001,0.0459690076879323,0.0459690076879323,3.867545325549277,,,,gradient,500000.0,500000.0,161881.4424301041,100000.0,95288.7070122478,634.8291860004082,1.0,48.836103817234914,0.0,0.002,1.0
constrained thermal motion,mean_field_theory,polarized,0.0,47.16968364816918,10.0,1.001,0.0488866657544223,0.0488866657544223,3.868717872282744,,,,gradient,500000.0,500000.0,162060.23103124517,100000.0,95259.11301943024,635.5303177695889,1.0,47.16968364816918,0.0,0.002,1.0
constrained thermal motion,mean_field_theory,polarized,0.0,45.56012624993918,10.0,1.001,0.0519783907102014,0.0519783907102014,3.8660530545195457,,,,gradient,500000.0,500000.0,162382.86227746127,100000.0,95248.35731563048,636.7955383429854,1.0,45.56012624993918,0.0,0.002,1.0
constrained thermal motion,mean_field_theory,polarized,0.0,44.00549131075131,10.0,1.001,0.0552536064539186,0.0552536064539186,3.859559910111805,,,,gradient,500000.0,500000.0,162849.4307803942,100000.0,95256.37430330418,638.6252187466439,1.0,44.00549131075131,0.0,0.002,1.0
constrained thermal motion,mean_field_theory,polarized,0.0,42.503904727507056,10.0,1.001,0.0587221700880542,0.0587221700880542,3.849264904315685,,,,gradient,500000.0,500000.0,163460.1806500305,100000.0,95282.9189806443,641.0203162746294,1.0,42.503904727507056,0.0,0.002,1.0
constrained thermal motion,mean_field_theory,polarized,0.0,41.053556346582994,10.0,1.001,0.0623943863048462,0.0623943863048462,3.8352115993352127,,,,gradient,500000.0,500000.0,164215.50371144462,100000.0,95327.5728650462,643.9823674958612,1.0,41.053556346582994,0.0,0.002,1.0
constrained thermal motion,mean_field_theory,polarized,0.0,39.65269778170136,10.0,1.001,0.0662810219185316,0.0662810219185316,3.8174601352494983,,,,gradient,500000.0,500000.0,165115.93739307253,100000.0,95389.75157557012,647.5134799728335,1.0,39.65269778170136,0.0,0.002,1.0
constrained thermal motion,mean_field_theory,polarized,0.0,38.299640306260926,10.0,1.001,0.0703933205319817,0.0703933205319817,3.796086532708464,,,,gradient,500000.0,500000.0,166162.16216322125,100000.0,95468.7139930926,651.6163222087108,1.0,38.299640306260926,0.0,0.002,1.0
constrained thermal motion,mean_field_theory,polarized,0.0,36.99275281758719,10.0,1.001,0.0747430173265756,0.0747430173265756,3.771181830910687,,,,gradient,500000.0,500000.0,167354.99836823062,100000.0,95563.57292102111,656.2941112479632,1.0,36.99275281758719,0.0,0.002,1.0
constrained thermal motion,mean_field_theory,polarized,0.0,35.73045987064789,10.0,1.001,0.079342353965155,0.079342353965155,3.7428510770726904,,,,gradient,500000.0,500000.0,168695.402305069,100000.0,95673.3071688448,661.5505972747804,1.0,35.73045987064789,0.0,0.002,1.0
constrained thermal motion,mean_field_theory,polarized,0.0,34.5112397788635,10.0,1.001,0.084204093599163,0.084204093599163,3.711212185818862,,,,gradient,500000.0,500000.0,170184.46134312323,100000.0,95796.7749748932,667.3900444828362,1.0,34.5112397788635,0.0,0.002,1.0
constrained thermal motion,mean_field_theory,polarized,0.0,33.33362277972309,10.0,1.001,0.0893415359725868,0.0893415359725868,3.676394688588579,,,,gradient,500000.0,500000.0,171823.38789442962,100000.0,95932.7286731784,673.8172074291357,1.0,33.33362277972309,0.0,0.002,1.0
constrained thermal motion,mean_field_theory,polarized,0.0,32.196189262994515,10.0,1.001,0.0947685326171135,0.0947685326171135,3.638538394289726,,,,gradient,500000.0,500000.0,173613.51201885653,100000.0,96079.83049246986,680.8373020347315,1.0,32.196189262994515,0.0,0.002,1.0
constrained thermal motion,mean_field_theory,polarized,0.0,31.09756805939273,10.0,1.001,0.1004995021349694,0.1004995021349694,3.5977919830140093,,,,gradient,500000.0,500000.0,175556.27244070315,100000.0,96236.66935423543,688.4559703556986,1.0,31.09756805939273,0.0,0.002,1.0
constrained thermal motion,mean_field_theory,polarized,0.0,30.03643478764353,10.0,1.001,0.1065494455682493,0.1065494455682493,3.5543115546907056,,,,gradient,500000.0,500000.0,177653.2057453103,100000.0,96401.77851066778,696.6792382169031,1.0,30.03643478764353,0.0,0.002,1.0
constrained thermal motion,mean_field_theory,polarized,0.0,29.01151025794974,10.0,1.001,0.1129339618561527,0.1129339618561527,3.508259154153572,,,,gradient,500000.0,500000.0,179905.9335187449,100000.0,96573.65383577284,705.5134647793917,1.0,29.01151025794974,0.0,0.002,1.0
constrained thermal motion,mean_field_theory,polarized,0.0,28.02155892993567,10.0,1.001,0.1196692633844152,0.1196692633844152,3.45980129325697,,,,gradient,500000.0,500000.0,182316.14719015028,100000.0,96750.77255300568,714.9652830986286,1.0,28.02155892993567,0.0,0.002,1.0
constrained thermal motion,mean_field_theory,polarized,0.0,27.065387423210577,10.0,1.001,0.1267721916343592,0.1267721916343592,3.409107489499689,,,,gradient,500000.0,500000.0,184885.5903349037,100000.0,96931.61215362424,725.0415307251126,1.0,27.065387423210577,0.0,0.002,1.0
constrained thermal motion,mean_field_theory,polarized,0.0,26.141843078755738,10.0,1.001,0.1342602329423662,0.1342602329423662,3.3563488391512513,,,,gradient,500000.0,500000.0,187616.03819839255,100000.0,97114.66923298722,735.749169405461,1.0,26.141843078755738,0.0,0.002,1.0
constrained thermal motion,mean_field_theory,polarized,0.0,25.24981256940098,10.0,1.001,0.1421515343841761,0.1421515343841761,3.3016966412063335,,,,gradient,500000.0,500000.0,190509.27420393188,100000.0,97298.47794880904,747.0951929565956,1.0,25.24981256940098,0.0,0.002,1.0
constrained thermal motion,mean_field_theory,polarized,0.0,24.388220557715364,10.0,1.001,0.1504649198022411,0.1504649198022411,3.2453210867002045,,,,gradient,500000.0,500000.0,193567.06321736544,100000.0,97481.627788602,759.086522421041,1.0,24.388220557715364,0.0,0.002,1.0
constrained thermal motion,mean_field_theory,polarized,0.0,23.556028399694405,10.0,1.001,0.1592199059983548,0.1592199059983548,3.1873900260683645,,,,gradient,500000.0,500000.0,196791.12135383592,100000.0,97662.7803241768,771.7298876621016,1.0,23.556028399694405,0.0,0.002,1.0
constrained thermal motion,mean_field_theory,polarized,0.0,22.752232892680944,10.0,1.001,0.1684367191179464,0.1684367191179464,3.1280678253907137,,,,gradient,500000.0,500000.0,200183.08213287411,100000.0,97840.68463159088,785.031694638722,1.0,22.752232892680944,0.0,0.002,1.0
constrained thermal motion,mean_field_theory,polarized,0.0,21.97586506601039,10.0,1.001,0.1781363112567127,0.1781363112567127,3.0675143205925535,,,,gradient,500000.0,500000.0,203744.4588164975,100000.0,98014.19106600048,798.9978777117549,1.0,21.97586506601039,0.0,0.002,1.0
constrained thermal motion,mean_field_theory,polarized,0.0,21.225989012922337,10.0,1.001,0.1883403773246554,0.1883403773246554,3.0058838770046403,,,,gradient,500000.0,500000.0,207476.6028037872,100000.0,98182.2631036687,813.63373648544,1.0,21.225989012922337,0.0,0.002,1.0
constrained thermal motion,mean_field_theory,polarized,0.0,20.501700762330604,10.0,1.001,0.1990713722070327,0.1990713722070327,2.9433245601782856,,,,gradient,500000.0,500000.0,211380.65800722525,100000.0,98343.98699826642,828.9437568910794,1.0,20.501700762330604,0.0,0.002,1.0
constrained thermal motion,mean_field_theory,polarized,0.0,19.802127189091507,10.0,1.001,0.2103525282662197,0.2103525282662197,2.879977422496095,,,,gradient,500000.0,500000.0,215457.5112012068,100000.0,98498.57904486277,844.9314164753208,1.0,19.802127189091507,0.0,0.002,1.0
constrained thermal motion,mean_field_theory,polarized,0.0,19.12642496145677,10.0,1.001,0.2222078732329297,0.2222078732329297,2.8159759089495737,,,,gradient,500000.0,500000.0,219707.7384153967,100000.0,98645.39030212793,861.5989741780264,1.0,19.12642496145677,0.0,0.002,1.0
constrained thermal motion,mean_field_theory,polarized,0.0,18.473779524442087,10.0,1.001,0.2346622485396711,0.2346622485396711,2.7514453844435436,,,,gradient,500000.0,500000.0,224131.5475446106,100000.0,98783.90868900868,878.9472452729827,1.0,18.473779524442087,0.0,0.002,1.0
constrained thermal motion,mean_field_theory,polarized,0.0,17.84340411788602,10.0,1.001,0.2477413281536342,0.2477413281536342,2.686502784130252,,,,gradient,500000.0,500000.0,228728.7174650059,100000.0,98913.75844444409,896.9753626078663,1.0,17.84340411788602,0.0,0.002,1.0
constrained thermal motion,mean_field_theory,polarized,0.0,17.234538828015335,10.0,1.001,0.2614716379704082,0.2614716379704082,2.621256387527646,,,,gradient,500000.0,500000.0,233498.53408299352,100000.0,99034.69701446302,915.680525815661,1.0,17.234538828015335,0.0,0.002,1.0
constrained thermal motion,mean_field_theory,polarized,0.0,16.64644967137348,10.0,1.001,0.2758805758339639,0.2758805758339639,2.555805716510505,,,,gradient,500000.0,500000.0,238439.72389846257,100000.0,99146.60950683586,935.0577407782846,1.0,16.64644967137348,0.0,0.002,1.0
constrained thermal motion,mean_field_theory,polarized,0.0,16.078427710007997,10.0,1.001,0.2909964322521751,0.2909964322521751,2.490241556603175,,,,gradient,500000.0,500000.0,243550.38583496204,100000.0,99249.50092578956,955.0995522939688,1.0,16.078427710007997,0.0,0.002,1.0
constrained thermal motion,mean_field_theory,polarized,0.0,15.52978819684997,10.0,1.001,0.3068484118807646,0.3068484118807646,2.424646100318974,,,,gradient,500000.0,500000.0,248827.9222747148,100000.0,99343.48646460236,975.7957736263326,1.0,15.52978819684997,0.0,0.002,1.0
constrained thermal motion,mean_field_theory,polarized,0.0,14.999869750255616,10.0,1.001,0.3234666558518964,0.3234666558518964,2.3590932105014564,,,,gradient,500000.0,500000.0,254268.97042999713,100000.0,99428.78018870777,997.1332173725376,1.0,14.999869750255616,0.0,0.002,1.0
constrained thermal motion,mean_field_theory,polarized,0.0,14.488033556714646,10.0,1.001,0.3408822650267101,0.3408822650267101,2.2936488006717495,,,,gradient,500000.0,500000.0,259869.33537894572,100000.0,99505.68248344884,1019.0954328586108,1.0,14.488033556714646,0.0,0.002,1.0
constrained thermal motion,mean_field_theory,polarized,0.0,13.99366260076443,10.0,1.001,0.3591273242538297,0.3591273242538297,2.2283713282410336,,,,gradient,500000.0,500000.0,265623.92628752906,100000.0,99574.5666671146,1041.6624560295256,1.0,13.99366260076443,0.0,0.002,1.0
constrained thermal motion,mean_field_theory,polarized,0.0,13.51616092118153,10.0,1.001,0.378234927718317,0.378234927718317,2.163312395011465,,,,gradient,500000.0,500000.0,271526.69751591666,100000.0,99635.8651790252,1064.810578493791,1.0,13.51616092118153,0.0,0.002,1.0
constrained thermal motion,mean_field_theory,polarized,0.0,13.054952892554027,10.0,1.001,0.3982392054676147,0.3982392054676147,2.0985174477121067,,,,gradient,500000.0,500000.0,277570.5964645287,100000.0,99690.05574559516,1088.5121429981518,1.0,13.054952892554027,0.0,0.002,1.0
constrained thermal motion,mean_field_theory,polarized,0.0,12.609482531368554,10.0,1.001,0.4191753512027707,0.4191753512027707,2.0340265693139803,,,,gradient,500000.0,500000.0,283747.5201328356,100000.0,99737.64790348597,1112.7353730699435,1.0,12.609482531368554,0.0,0.002,1.0
constrained thermal motion,mean_field_theory,polarized,0.0,12.179212825775473,10.0,1.001,0.4410796514246251,0.4410796514246251,1.9698753496187973,,,,gradient,500000.0,500000.0,290048.28243684984,100000.0,99779.17022119976,1137.4442448503914,1.0,12.179212825775473,0.0,0.002,1.0
constrained thermal motion,mean_field_theory,polarized,0.0,11.763625088224352,10.0,1.001,0.4639895160256864,0.4639895160256864,1.9060958211351555,,,,gradient,500000.0,500000.0,296462.59434384934,100000.0,99815.15851043974,1162.598409191566,1.0,11.763625088224352,0.0,0.002,1.0
constrained thermal motion,mean_field_theory,polarized,0.0,11.362218330189195,10.0,1.001,0.4879435104191387,0.4879435104191387,1.8427174436403584,,,,gradient,500000.0,500000.0,302979.0588257562,100000.0,99846.14525983491,1188.1531718657106,1.0,11.362218330189195,0.0,0.002,1.0
constrained thermal motion,mean_field_theory,polarized,0.0,10.97450865822979,10.0,1.001,0.5129813892968051,0.5129813892968051,1.779768118181734,,,,gradient,500000.0,500000.0,309585.1824951657,100000.0,99872.65045944163,1214.059539196728,1.0,10.97450865822979,0.0,0.002,1.0
constrained thermal motion,mean_field_theory,polarized,0.0,10.60002869066107,10.0,1.001,0.539144132107981,0.539144132107981,1.717275208747464,,,,gradient,500000.0,500000.0,316267.40556433244,100000.0,99895.17391862608,1240.2643355464018,1.0,10.60002869066107,0.0,0.002,1.0
constrained thermal motion,mean_field_theory,polarized,0.0,10.238326994127304,10.0,1.001,0.5664739803508593,0.5664739803508593,1.655266547594041,,,,gradient,500000.0,500000.0,323011.1514532736,100000.0,99914.18911586545,1266.7103978559749,1.0,10.238326994127304,0.0,0.002,1.0
constrained thermal motion,mean_field_theory,polarized,0.0,9.888967539401872,10.0,1.001,0.5950144767678267,0.5950144767678267,1.593771398444017,,,,gradient,500000.0,500000.0,329800.89696900145,100000.0,99930.13855984667,1293.3368508588292,1.0,9.888967539401872,0.0,0.002,1.0
constrained thermal motion,mean_field_theory,polarized,0.0,9.551529175756654,10.0,1.001,0.6248105065352388,0.6248105065352388,1.5328213506489283,,,,gradient,500000.0,500000.0,336620.2634898308,100000.0,99943.4305895271,1320.079464666003,1.0,9.551529175756654,0.0,0.002,1.0
constrained thermal motion,mean_field_theory,polarized,0.0,9.22560512326737,10.0,1.001,0.6559083405374433,0.6559083405374433,1.472451117130389,,,,gradient,500000.0,500000.0,343452.1290273446,100000.0,99954.43749849216,1346.8710942248806,1.0,9.22560512326737,0.0,0.002,1.0
constrained thermal motion,mean_field_theory,polarized,0.0,8.91080248244279,10.0,1.001,0.6883556808138271,0.6883556808138271,1.4126992096135975,,,,gradient,500000.0,500000.0,350278.7604190918,100000.0,99963.4948369397,1373.6421977219286,1.0,8.91080248244279,0.0,0.002,1.0
constrained thermal motion,mean_field_theory,polarized,0.0,8.606741760586775,10.0,1.001,0.7222017082665564,0.7222017082665564,1.3536084664863322,,,,gradient,500000.0,500000.0,357081.96425146825,100000.0,99970.90172353608,1400.3214284371304,1.0,8.606741760586775,0.0,0.002,1.0
constrained thermal motion,mean_field_theory,polarized,0.0,8.313056414322105,10.0,1.001,0.7574971327155241,0.7574971327155241,1.2952264115839731,,,,gradient,500000.0,500000.0,363843.2544453307,100000.0,99976.92198851412,1426.8362919424735,1.0,8.313056414322105,0.0,0.002,1.0
constrained thermal motion,mean_field_theory,polarized,0.0,8.029392407724618,10.0,1.001,0.7942942453858313,0.7942942453858313,1.2376054263507827,,,,gradient,500000.0,500000.0,370544.03379276063,100000.0,99981.78596828064,1453.113858010826,1.0,8.029392407724618,0.0,0.002,1.0
constrained thermal motion,mean_field_theory,polarized,0.0,7.755407785535052,10.0,1.001,0.832646973911956,0.832646973911956,1.1808027230395932,,,,gradient,500000.0,500000.0,377165.78613465454,100000.0,99985.69277850416,1479.0815142535473,1.0,7.755407785535052,0.0,0.002,1.0
constrained thermal motion,mean_field_theory,polarized,0.0,7.490772260934007,10.0,1.001,0.8726109399416813,0.8726109399416813,1.1248801127648034,,,,gradient,500000.0,500000.0,383690.2753544624,100000.0,99988.81290613076,1504.6677464880877,1.0,7.490772260934007,0.0,0.002,1.0
constrained thermal motion,mean_field_theory,polarized,0.0,7.235166817383181,10.0,1.001,0.9142435194218228,0.9142435194218228,1.0699035690622734,,,,gradient,500000.0,500000.0,390099.7469559237,100000.0,99991.2909786401,1529.8029292389165,1.0,7.235166817383181,0.0,0.002,1.0
constrained thermal motion,mean_field_theory,polarized,0.0,6.988283324052833,10.0,1.001,0.9576039056469804,0.9576039056469804,1.0159425948561336,,,,gradient,500000.0,500000.0,396377.1277222051,100000.0,99993.24858988194,1554.42010871453,1.0,6.988283324052833,0.0,0.002,1.0
constrained thermal motion,mean_field_theory,polarized,0.0,6.749824164371927,10.0,1.001,1.0027531751518226,1.0027531751518226,0.9630694080332916,,,,gradient,500000.0,500000.0,402506.21883647656,100000.0,99994.78708399594,1578.4557601430454,1.0,6.749824164371927,0.0,0.002,1.0
constrained thermal motion,mean_field_theory,polarized,0.0,6.519501877253128,10.0,1.001,1.0497543565269878,1.0497543565269878,0.9113579678200132,,,,gradient,500000.0,500000.0,408471.8778937391,100000.0,99995.9902209988,1601.8505015440749,1.0,6.519501877253128,0.0,0.002,1.0
constrained thermal motion,mean_field_theory,polarized,0.0,6.2970388105601955,10.0,1.001,1.0986725022384474,1.0986725022384474,0.8608828704687073,,,,gradient,500000.0,500000.0,414260.1854548513,100000.0,99996.92666855863,1624.5497468817698,1.0,6.2970388105601955,0.0,0.002,1.0
constrained thermal motion,mean_field_theory,polarized,0.0,6.08216678639999,10.0,1.001,1.1495747635302611,1.1495747635302611,0.8117181480434309,,,,gradient,500000.0,500000.0,419858.5921786258,100000.0,99997.65228323091,1646.5042830534346,1.0,6.08216678639999,0.0,0.002,1.0
constrained thermal motion,mean_field_theory,polarized,0.0,5.874626777835635,10.0,1.001,1.2025304684910063,1.2025304684910063,0.7639360080509051,,,,gradient,500000.0,500000.0,425256.0431057405,100000.0,99998.21216067858,1667.6707572774137,1.0,5.874626777835635,0.0,0.002,1.0
constrained thermal motion,mean_field_theory,polarized,0.0,5.674168596631097,10.0,1.001,1.257611203364866,1.257611203364866,0.7176055540629943,,,,gradient,500000.0,500000.0,430443.076334191,100000.0,99998.6424478237,1688.012064055651,1.0,5.674168596631097,0.0,0.002,1.0
constrained thermal motion,mean_field_theory,polarized,0.0,5.480550591650763,10.0,1.001,1.3148908971893942,1.3148908971893942,0.6727915281862131,,,,gradient,500000.0,500000.0,435411.89409221685,100000.0,99998.97192036088,1707.4976238910465,1.0,5.480550591650763,0.0,0.002,1.0
constrained thermal motion,mean_field_theory,polarized,0.0,5.293539357550453,10.0,1.001,1.374445909843372,1.374445909843372,0.6295531152076171,,,,gradient,500000.0,500000.0,440156.4050467064,100000.0,99999.22333692778,1726.1035492027704,1.0,5.293539357550453,0.0,0.002,1.0
constrained thermal motion,mean_field_theory,polarized,0.0,5.112909453408669,10.0,1.001,1.436355123589929,1.436355123589929,0.5879428455481445,,,,gradient,500000.0,500000.0,444672.2375441465,100000.0,99999.41458651736,1743.8126962515548,1.0,5.112909453408669,0.0,0.002,1.0
constrained thermal motion,mean_field_theory,polarized,0.0,4.938443130958922,10.0,1.001,1.5007000382022653,1.5007000382022653,0.5480056299435516,,,,gradient,500000.0,500000.0,448956.7243318251,100000.0,99999.55964902644,1760.6146052228437,1.0,4.938443130958922,0.0,0.002,1.0
constrained thermal motion,mean_field_theory,polarized,0.0,4.769930072095496,10.0,1.001,1.567564869761828,1.567564869761828,0.5097779532863665,,,,gradient,500000.0,500000.0,453008.86010919616,100000.0,99999.6693903212,1776.5053337615536,1.0,4.769930072095496,0.0,0.002,1.0
constrained thermal motion,mean_field_theory,polarized,0.0,4.60716713533624,10.0,1.001,1.637036653221715,1.637036653221715,0.4732872486125145,,,,gradient,500000.0,500000.0,456829.23398400535,100000.0,99999.75221343072,1791.487192094139,1.0,4.60716713533624,0.0,0.002,1.0
constrained thermal motion,mean_field_theory,polarized,0.0,4.449958110936721,10.0,1.001,1.709205348831403,1.709205348831403,0.4385514651486249,,,,gradient,500000.0,500000.0,460419.9395240042,100000.0,99999.8145866545,1805.5683902902124,1.0,4.449958110936721,0.0,0.002,1.0
constrained thermal motion,mean_field_theory,polarized,0.0,4.298113484360561,10.0,1.001,1.784163952522561,1.784163952522561,0.4055788370221441,,,,gradient,500000.0,500000.0,463784.46558456594,100000.0,99999.861467914,1818.762610135553,1.0,4.298113484360561,0.0,0.002,1.0
constrained thermal motion,mean_field_theory,polarized,0.0,4.151450207820797,10.0,1.001,1.8620086103598117,1.8620086103598117,0.374367852039273,,,,gradient,500000.0,500000.0,466927.57144246256,100000.0,99999.89664283444,1831.0885154606376,1.0,4.151450207820797,0.0,0.002,1.0
constrained thermal motion,mean_field_theory,polarized,0.0,4.009791479616863,10.0,1.001,1.9428387371647304,1.9428387371647304,0.3449074131852706,,,,gradient,500000.0,500000.0,469855.1499684552,100000.0,99999.92299195813,1842.5692155625693,1.0,4.009791479616863,0.0,0.002,1.0
constrained thermal motion,mean_field_theory,polarized,0.0,3.872966531001219,10.0,1.001,2.0267571394261803,2.0267571394261803,0.3171771794895983,,,,gradient,500000.0,500000.0,472574.0826328337,100000.0,99999.94270039396,1853.2316965993475,1.0,3.872966531001219,0.0,0.002,1.0
constrained thermal motion,mean_field_theory,polarized,0.0,3.740810420318628,10.0,1.001,2.1138701426152813,2.1138701426152813,0.2911480678428024,,,,gradient,500000.0,500000.0,475092.090063601,100000.0,99999.95742121057,1863.106235543533,1.0,3.740810420318628,0.0,0.002,1.0
constrained thermal motion,mean_field_theory,polarized,0.0,3.613163834169996,10.0,1.001,2.20428772302879,2.20428772302879,0.2667828934128757,,,,gradient,500000.0,500000.0,477417.5816845502,100000.0,99999.96840200084,1872.225810527648,1.0,3.613163834169996,0.0,0.002,1.0
constrained thermal motion,mean_field_theory,polarized,0.0,3.4898728953610147,10.0,1.001,2.2981236442905413,2.2981236442905413,0.2440371235623366,,,,gradient,500000.0,500000.0,479559.5076669867,100000.0,99999.97658238046,1880.625520262693,1.0,3.4898728953610147,0.0,0.002,1.0
constrained thermal motion,mean_field_theory,polarized,0.0,3.3707889774041324,10.0,1.001,2.395495598646788,2.395495598646788,0.2228597186276512,,,,gradient,500000.0,500000.0,481527.2160573621,100000.0,99999.98266872962,1888.3420237543612,1.0,3.3707889774041324,0.0,0.002,1.0
constrained thermal motion,mean_field_theory,polarized,0.0,3.2557685253502084,10.0,1.001,2.496525353197764,2.496525353197764,0.2031940325348435,,,,gradient,500000.0,500000.0,483330.31751598744,100000.0,99999.9871912414,1895.4130098666176,1.0,3.2557685253502084,0.0,0.002,1.0
constrained thermal motion,mean_field_theory,polarized,0.0,3.1446728827338895,10.0,1.001,2.6013389012145764,2.6013389012145764,0.1849787468839615,,,,gradient,500000.0,500000.0,484978.5596429029,100000.0,99999.99054730628,1901.876704481972,1.0,3.1446728827338895,0.0,0.002,1.0
constrained thermal motion,mean_field_theory,polarized,0.0,3.037368124424066,10.0,1.001,2.7100666186976956,2.7100666186976956,0.1681488136942004,,,,gradient,500000.0,500000.0,486481.7123967496,100000.0,99999.99303439616,1907.771421163724,1.0,3.037368124424066,0.0,0.002,1.0
constrained thermal motion,mean_field_theory,polarized,0.0,2.9337248951779333,10.0,1.001,2.8228434263406075,2.8228434263406075,0.1526363842867439,,,,gradient,500000.0,500000.0,487849.4656513303,100000.0,99999.99487491835,1913.1351594169817,1.0,2.9337248951779333,0.0,0.002,1.0
constrained thermal motion,mean_field_theory,polarized,0.0,2.8336182537040195,10.0,1.001,2.9398089570699413,2.9398089570699413,0.1383717046070278,,,,gradient,500000.0,500000.0,489091.33949877333,100000.0,99999.99623497328,1918.005252936366,1.0,2.8336182537040195,0.0,0.002,1.0
constrained thermal motion,mean_field_theory,polarized,0.0,2.73692752204621,10.0,1.001,3.061107729341261,3.061107729341261,0.1252839604654799,,,,gradient,500000.0,500000.0,490216.6075095101,100000.0,99999.99723846432,1922.4180686647455,1.0,2.73692752204621,0.0,0.002,1.0
constrained thermal motion,mean_field_theory,polarized,0.0,2.643536140107192,10.0,1.001,3.186889326377957,3.186889326377957,0.1133020595234561,,,,gradient,500000.0,500000.0,491234.2328095164,100000.0,99999.9979777114,1926.4087561157503,1.0,2.643536140107192,0.0,0.002,1.0
constrained thermal motion,mean_field_theory,polarized,0.0,2.55333152513596,10.0,1.001,3.317308581549101,3.317308581549101,0.1023553402135616,,,,gradient,500000.0,500000.0,492152.8165379525,100000.0,99999.998521421,1930.0110452468723,1.0,2.55333152513596,0.0,0.002,1.0
constrained thermal motion,mean_field_theory,polarized,0.0,2.4662049360099805,10.0,1.001,3.452525770090878,3.452525770090878,0.0923742010190305,,,,gradient,500000.0,500000.0,492980.5580076591,100000.0,99999.99892065552,1933.257090226114,1.0,2.4662049360099805,0.0,0.002,1.0
constrained thermal motion,mean_field_theory,polarized,0.0,2.3820513421484217,10.0,1.001,3.592706807385174,3.592706807385174,0.083290646538027,,,,gradient,500000.0,500000.0,493725.22570689104,100000.0,99999.99921331472,1936.177355713298,1.0,2.3820513421484217,0.0,0.002,1.0
constrained thermal motion,mean_field_theory,polarized,0.0,2.300769296898421,10.0,1.001,3.738023454018136,3.738023454018136,0.0750387494432745,,,,gradient,500000.0,500000.0,494394.13814935606,100000.0,99999.99942748994,1938.8005417621807,1.0,2.300769296898421,0.0,0.002,1.0
constrained thermal motion,mean_field_theory,polarized,0.0,2.2222608152417487,10.0,1.001,3.888653527851019,3.888653527851019,0.0675550297616585,,,,gradient,500000.0,500000.0,494994.1534987224,100000.0,99999.99958396454,1941.1535431322443,1.0,2.2222608152417487,0.0,0.002,1.0
constrained thermal motion,mean_field_theory,polarized,0.0,2.14643125567446,10.0,1.001,4.04478112334536,4.04478112334536,0.0607787548143483,,,,gradient,500000.0,500000.0,495531.6668566752,100000.0,99999.99969809392,1943.2614386536284,1.0,2.14643125567446,0.0,0.002,1.0
constrained thermal motion,mean_field_theory,polarized,0.0,2.073189206117126,10.0,1.001,4.206596838394584,4.206596838394584,0.0546521646696348,,,,gradient,500000.0,500000.0,496012.61410383624,100000.0,99999.99978120354,1945.1475062895536,1.0,2.073189206117126,0.0,0.002,1.0
constrained thermal motion,mean_field_theory,polarized,0.0,2.0024463737181235,10.0,1.001,4.374298008924366,4.374298008924366,0.0491206290810694,,,,gradient,500000.0,500000.0,496442.48121428024,100000.0,99999.99984162713,1946.833259663844,1.0,2.0024463737181235,0.0,0.002,1.0
constrained thermal motion,mean_field_theory,polarized,0.0,1.9341174784171276,10.0,1.001,4.548088951534675,4.548088951534675,0.0441327426395667,,,,gradient,500000.0,500000.0,496826.3180208079,100000.0,99999.99988549126,1948.338502042384,1.0,1.9341174784171276,0.0,0.002,1.0
constrained thermal motion,mean_field_theory,polarized,0.0,1.8681201501405136,10.0,1.001,4.728181214467245,4.728181214467245,0.0396403652975501,,,,gradient,500000.0,500000.0,497168.7554814537,100000.0,99999.99991728902,1949.6813940449165,1.0,1.8681201501405136,0.0,0.002,1.0
constrained thermal motion,mean_field_theory,polarized,0.0,1.8043748295047255,10.0,1.001,4.914793837193356,4.914793837193356,0.0355986155695869,,,,gradient,500000.0,500000.0,497474.0255844538,100000.0,99999.99994030855,1950.87853170374,1.0,1.8043748295047255,0.0,0.002,1.0
constrained thermal motion,mean_field_theory,polarized,0.0,1.7428046719079182,10.0,1.001,5.108153618928221,5.108153618928221,0.0319658236244021,,,,gradient,500000.0,500000.0,497745.98312227265,100000.0,99999.99995695196,1951.9450318520496,1.0,1.7428046719079182,0.0,0.002,1.0
constrained thermal motion,mean_field_theory,polarized,0.0,1.6833354548942463,10.0,1.001,5.308495396390077,5.308495396390077,0.0287034512048524,,,,gradient,500000.0,500000.0,497988.1286616584,100000.0,99999.99996897257,1952.8946222025816,1.0,1.6833354548942463,0.0,0.002,1.0
constrained thermal motion,mean_field_theory,polarized,0.0,1.625895488679144,10.0,1.001,5.51606233113404,5.51606233113404,0.0257759848905022,,,,gradient,500000.0,500000.0,498203.63213201414,100000.0,99999.99997764564,1953.739733851036,1.0,1.625895488679144,0.0,0.002,1.0
constrained thermal motion,mean_field_theory,polarized,0.0,1.5704155297277151,10.0,1.001,5.731106206803334,5.731106206803334,0.0231508086937908,,,,gradient,500000.0,500000.0,498395.35654703,100000.0,99999.99998389804,1954.4915943020785,1.0,1.5704155297277151,0.0,0.002,1.0
constrained thermal motion,mean_field_theory,polarized,0.0,1.5168286972820697,10.0,1.001,5.9538877366531535,5.9538877366531535,0.0207980613921205,,,,gradient,500000.0,500000.0,498565.8814605672,100000.0,99999.99998840294,1955.1603194532047,1.0,1.5168286972820697,0.0,0.002,1.0
constrained thermal motion,mean_field_theory,polarized,0.0,1.4650703927369702,10.0,1.001,6.184676881715615,6.184676881715615,0.018690483376545,,,,gradient,500000.0,500000.0,498717.52583742794,100000.0,99999.99999164576,1955.755003284031,1.0,1.4650703927369702,0.0,0.002,1.0
constrained thermal motion,mean_field_theory,polarized,0.0,1.4150782217666005,10.0,1.001,6.4237531799877585,6.4237531799877585,0.0168032571691187,,,,gradient,500000.0,500000.0,498852.3700914193,100000.0,99999.99999398044,1956.283804280076,1.0,1.4150782217666005,0.0,0.002,1.0
constrained thermal motion,mean_field_theory,polarized,0.0,1.3667919191085791,10.0,1.001,6.671406087038491,6.671406087038491,0.0151138451465077,,,,gradient,500000.0,500000.0,498972.2771057934,100000.0,99999.99999566,1956.7540278658569,1.0,1.3667919191085791,0.0,0.002,1.0
constrained thermal motion,mean_field_theory,polarized,0.0,1.32015327591455,10.0,1.001,6.92793532844469,6.92793532844469,0.0136018274227883,,,,gradient,500000.0,500000.0,499078.9121067586,100000.0,99999.99999686908,1957.17220434023,1.0,1.32015327591455,0.0,0.002,1.0
constrained thermal motion,mean_field_theory,polarized,0.0,1.27510606957976,10.0,1.001,7.193651264481543,7.193651264481543,0.0122487423010746,,,,gradient,500000.0,500000.0,499173.7613066981,100000.0,99999.9999977392,1957.5441619870512,1.0,1.27510606957976,0.0,0.002,1.0
constrained thermal motion,mean_field_theory,polarized,0.0,1.23159599596705,10.0,1.001,7.468875267507312,7.468875267507312,0.0110379312088851,,,,gradient,500000.0,500000.0,499258.14927323785,100000.0,99999.99999836524,1957.875095189168,1.0,1.23159599596705,0.0,0.002,1.0
constrained thermal motion,mean_field_theory,polarized,0.0,1.1895706039435407,10.0,1.001,7.753940112498646,7.753940112498646,0.0099543895902155,,,,gradient,500000.0,500000.0,499333.25501217187,100000.0,99999.9999988166,1958.1696274987132,1.0,1.1895706039435407,0.0,0.002,1.0
constrained thermal motion,mean_field_theory,polarized,0.0,1.148979232151108,10.0,1.001,8.049190381208575,8.049190381208575,0.008984624839446,,,,gradient,500000.0,500000.0,499400.1267774359,100000.0,99999.99999914158,1958.431869715435,1.0,1.148979232151108,0.0,0.002,1.0
constrained thermal motion,mean_field_theory,polarized,0.0,1.1097729479344187,10.0,1.001,8.354982880436278,8.354982880436278,0.0081165220277544,,,,gradient,500000.0,500000.0,499459.695641862,100000.0,99999.9999993768,1958.665473105341,1.0,1.1097729479344187,0.0,0.002,1.0
constrained thermal motion,mean_field_theory,polarized,0.0,1.0719044883529074,10.0,1.001,8.6716870749149,8.6716870749149,0.0073392178893123,,,,gradient,500000.0,500000.0,499512.7878766614,100000.0,99999.99999954646,1958.8736779476917,1.0,1.0719044883529074,0.0,0.002,1.0
constrained thermal motion,mean_field_theory,polarized,0.0,1.0353282032055862,10.0,1.001,8.999685535341603,8.999685535341603,0.006642983298804,,,,gradient,500000.0,500000.0,499560.13619897416,100000.0,99999.99999966934,1959.059357643036,1.0,1.0353282032055862,0.0,0.002,1.0
constrained thermal motion,mean_field_theory,polarized,0.0,1.0,10.0,1.001,9.339374402092544,9.339374402092544,0.0060191142795612,,,,gradient,500000.0,500000.0,499602.3899536392,100000.0,99999.99999975818,1959.2250586417224,1.0,1.0,0.0,0.002,1.0
constrained thermal motion,mean_field_theory,polarized,10.0,499.99999999999994,10.0,1.001,0.0005499375617013,0.0005499375617013,2.145482650578734,,,,gradient,500000.0,500000.0,313400.3614589186,100000.0,96761.63044668228,1229.0210253290925,0.9688545198737308,516.0733523389705,10.0,0.002,1.0
constrained thermal motion,mean_field_theory,polarized,10.0,482.93864539949584,10.0,1.001,0.0005889084660093,0.0005889084660093,2.2468486092409385,,,,gradient,500000.0,500000.0,307072.5193690177,100000.0,96380.09550258706,1204.2059583098733,0.9688545198737308,498.4635314107184,10.0,0.002,1.0
constrained thermal motion,mean_field_theory,polarized,10.0,466.45947044060057,10.0,1.001,0.0006306200076885,0.0006306200076885,2.351656749158631,,,,gradient,500000.0,500000.0,300685.68514808046,100000.0,95973.57068699323,1179.1595496003156,0.9688545198737308,481.4546052810834,10.0,0.002,1.0
constrained thermal motion,mean_field_theory,polarized,10.0,450.5426095766997,10.0,1.001,0.0006752626771327,0.0006752626771327,2.4599436452494543,,,,gradient,500000.0,500000.0,294241.63050721877,100000.0,95542.36390808348,1153.8887470871323,0.9688545198737308,465.0260697915908,10.0,0.002,1.0
constrained thermal motion,mean_field_theory,polarized,10.0,435.1688751274506,10.0,1.001,0.0007230399665911,0.0007230399665911,2.5717352940843226,,,,gradient,500000.0,500000.0,287743.0992542286,100000.0,95086.88966990808,1128.4043108008964,0.9688545198737308,449.1581204412046,10.0,0.002,1.0
constrained thermal motion,mean_field_theory,polarized,10.0,420.3197341481472,10.0,1.001,0.0007741692325198,0.0007741692325198,2.687046217303609,,,,gradient,500000.0,500000.0,281193.96683566936,100000.0,94607.64977350865,1102.7214385712523,0.9688545198737308,433.8316285121184,10.0,0.002,1.0
constrained thermal motion,mean_field_theory,polarized,10.0,405.9772860883649,10.0,1.001,0.0008288826125129,0.0008288826125129,2.805878694814544,,,,gradient,500000.0,500000.0,274599.36968845513,100000.0,94105.21353347096,1076.8602732880593,0.9688545198737308,419.0281180101996,10.0,0.002,1.0
constrained thermal motion,mean_field_theory,polarized,10.0,392.12424121295714,10.0,1.001,0.0008874279999991,0.0008874279999991,2.9282221582664287,,,,gradient,500000.0,500000.0,267965.79750228795,100000.0,93580.19846193664,1050.846264714855,0.9688545198737308,404.7297433922918,10.0,0.002,1.0
constrained thermal motion,mean_field_theory,polarized,10.0,378.7438997593818,10.0,1.001,0.0009500700800444,0.0009500700800444,3.054052770526962,,,,gradient,500000.0,500000.0,261301.1426769684,100000.0,93033.25235667608,1024.710363439092,0.9688545198737308,390.9192680535184,10.0,0.002,1.0
constrained thermal motion,mean_field_theory,polarized,10.0,365.82013180623665,10.0,1.001,0.0010170914297683,0.0010170914297683,3.1833332095618876,,,,gradient,500000.0,500000.0,254614.70282983375,100000.0,92465.03766126002,998.4890307052306,0.9688545198737308,377.5800435486572,10.0,0.002,1.0
constrained thermal motion,mean_field_theory,polarized,10.0,353.33735782873833,10.0,1.001,0.0010887936870454,0.0010887936870454,3.3160126657590783,,,,gradient,500000.0,500000.0,247917.13410859593,100000.0,91876.21884331047,972.2240553278272,0.9688545198737308,364.6959895225428,10.0,0.002,1.0
constrained thermal motion,mean_field_theory,polarized,10.0,341.28052991769573,10.0,1.001,0.0011654987913375,0.0011654987913375,3.452027051041532,,,,gradient,500000.0,500000.0,241220.35519736016,100000.0,91267.45336461849,945.9621772445496,0.9688545198737308,352.25157432529113,10.0,0.002,1.0
constrained thermal motion,mean_field_theory,polarized,10.0,329.6351136393482,10.0,1.001,0.0012475503006809,0.0012475503006809,3.5912994070628725,,,,gradient,500000.0,500000.0,234537.40415050072,100000.0,90639.3866041748,919.754526080395,0.9688545198737308,340.2317962889919,10.0,0.002,1.0
constrained thermal motion,mean_field_theory,polarized,10.0,318.3870705141918,10.0,1.001,0.0013353147890283,0.0013353147890283,3.733740489337506,,,,gradient,500000.0,500000.0,227882.252413536,100000.0,89992.65085530121,893.6558918177883,0.9688545198737308,328.62216564328634,10.0,0.002,1.0
constrained thermal motion,mean_field_theory,polarized,10.0,307.52284109367514,10.0,1.001,0.0014291833283365,0.0014291833283365,3.8792494953272674,,,,gradient,500000.0,500000.0,221269.58244906465,100000.0,89327.86826871312,867.7238527414299,0.9688545198737308,317.40868704803495,10.0,0.002,1.0
constrained thermal motion,mean_field_theory,polarized,10.0,297.0293286143681,10.0,1.001,0.0015295730599706,0.0015295730599706,4.027714897945819,,,,gradient,500000.0,500000.0,214714.5371376963,100000.0,88645.65737216448,842.0177926968482,0.9688545198737308,306.57784272202133,10.0,0.002,1.0
constrained thermal motion,mean_field_theory,polarized,10.0,286.8938832098894,10.0,1.001,0.0016369288601932,0.0016369288601932,4.179015342247453,,,,gradient,500000.0,500000.0,208232.4504540903,100000.0,87946.64258373712,816.5978449180013,0.9688545198737308,296.1165761473454,10.0,0.002,1.0
constrained thermal motion,mean_field_theory,polarized,10.0,277.1042866615703,10.0,1.001,0.0017517251046924,0.0017517251046924,4.333020562314643,,,,gradient,500000.0,500000.0,201838.5697296861,100000.0,87231.46596455433,791.5238028615141,0.9688545198737308,286.0122763298714,10.0,0.002,1.0
constrained thermal motion,mean_field_theory,polarized,10.0,267.64873766946505,10.0,1.001,0.0018744675373014,0.0018744675373014,4.489592277464981,,,,gradient,500000.0,500000.0,195547.78005797663,100000.0,86500.80034053825,766.8540394430456,0.9688545198737308,276.2527625967491,10.0,0.002,1.0
constrained thermal motion,mean_field_theory,polarized,10.0,258.51583762595294,10.0,1.001,0.0020056952482524,0.0020056952482524,4.648585031417781,,,,gradient,500000.0,500000.0,189374.34105865008,100000.0,85755.36286808805,742.6444747398042,0.9688545198737308,266.826269912685,10.0,0.002,1.0
constrained thermal motion,mean_field_theory,polarized,10.0,249.69457687478777,10.0,1.001,0.0021459827675044,0.0021459827675044,4.8098469444756935,,,,gradient,500000.0,500000.0,183331.64533445856,100000.0,84995.92812717645,718.9476287625826,0.9688545198737308,257.72143469726507,10.0,0.002,1.0
constrained thermal motion,mean_field_theory,polarized,10.0,241.17432143902064,10.0,1.001,0.0022959422788744,0.0022959422788744,4.973220356272608,,,,gradient,500000.0,500000.0,177432.00659067146,100000.0,84223.33989323158,695.8117905516527,0.9688545198737308,248.92728112622365,10.0,0.002,1.0
constrained thermal motion,mean_field_theory,polarized,10.0,232.9448002018065,10.0,1.001,0.0024562259608938,0.0024562259608938,5.1385423446373055,,,,gradient,500000.0,500000.0,171686.48365955224,100000.0,83438.52085810715,673.2803280766755,0.9688545198737308,240.4332079001559,10.0,0.002,1.0
constrained thermal motion,mean_field_theory,polarized,10.0,224.9960925246335,10.0,1.001,0.0026275284604977,0.0026275284604977,5.305645113883444,,,,gradient,500000.0,500000.0,166104.74470172296,100000.0,82642.47972823496,651.3911556930312,0.9688545198737308,232.2289754647136,10.0,0.002,1.0
constrained thermal motion,mean_field_theory,polarized,10.0,217.3186162880523,10.0,1.001,0.0028105895058362,0.0028105895058362,5.474356252882746,,,,gradient,500000.0,500000.0,160694.97378795812,100000.0,81836.31531123862,630.1763677959142,0.9688545198737308,224.3046936668831,10.0,0.002,1.0
constrained thermal motion,mean_field_theory,polarized,10.0,209.9031163404896,10.0,1.001,0.0030061966646727,0.0030061966646727,5.644498869205535,,,,gradient,500000.0,500000.0,155463.8200362766,100000.0,81021.21739530191,609.6620393579474,0.9688545198737308,216.65080983246685,10.0,0.002,1.0
constrained thermal motion,mean_field_theory,polarized,10.0,202.74065334121792,10.0,1.001,0.0032151882550039,0.0032151882550039,5.815891610234373,,,,gradient,500000.0,500000.0,150416.38761585692,100000.0,80198.46441543271,589.8681867288507,0.9688545198737308,209.2580972503909,10.0,0.002,1.0
constrained thermal motion,mean_field_theory,polarized,10.0,195.82259298403315,10.0,1.001,0.0034384564146917,0.0034384564146917,5.988348585427496,,,,gradient,500000.0,500000.0,145556.2633364822,100000.0,79369.41807395058,570.8088758293419,0.9688545198737308,202.11764404995952,10.0,0.002,1.0
constrained thermal motion,mean_field_theory,polarized,10.0,189.1405955886518,10.0,1.001,0.0036769503370475,0.0036769503370475,6.1616792058576095,,,,gradient,500000.0,500000.0,140885.57728807148,100000.0,78535.5152303694,552.4924599532214,0.9688545198737308,195.2208424576501,10.0,0.002,1.0
constrained thermal motion,mean_field_theory,polarized,10.0,182.68660604727475,10.0,1.001,0.0039316796794429,0.0039316796794429,6.335687958058916,,,,gradient,500000.0,500000.0,136405.09112522533,100000.0,77698.2574907419,534.9219259812758,0.9688545198737308,188.55937842049187,10.0,0.002,1.0
constrained thermal motion,mean_field_theory,polarized,10.0,176.45284411420445,10.0,1.001,0.0042037181521394,0.0042037181521394,6.510174129209973,,,,gradient,500000.0,500000.0,132114.3081072601,100000.0,76859.1990059621,518.0953259108239,0.9688545198737308,182.12522158352655,10.0,0.002,1.0
constrained thermal motion,mean_field_theory,polarized,10.0,170.4317950268048,10.0,1.001,0.0044942072946332,0.0044942072946332,6.684931500151122,,,,gradient,500000.0,500000.0,128011.59888666442,100000.0,76019.93303055773,502.0062701437821,0.9688545198737308,175.9106156092629,10.0,0.002,1.0
constrained thermal motion,mean_field_theory,polarized,10.0,164.6162004464993,10.0,1.001,0.0048043604468947,0.0048043604468947,6.859748021859604,,,,gradient,500000.0,500000.0,124094.33724061036,100000.0,75182.07780206036,486.6444597670995,0.9688545198737308,169.90806882745767,10.0,0.002,1.0
constrained thermal motion,mean_field_theory,polarized,10.0,158.99904970888872,10.0,1.001,0.0051354669229407,0.0051354669229407,7.034405490079281,,,,gradient,500000.0,500000.0,120359.04039816094,100000.0,74347.2622781988,471.9962368555331,0.9688545198737308,164.11034520395364,10.0,0.002,1.0
constrained thermal motion,mean_field_theory,polarized,10.0,153.57357137243565,10.0,1.001,0.0054888963942197,0.0054888963942197,7.208679231922384,,,,gradient,500000.0,500000.0,116801.50926176462,100000.0,73517.11222219521,458.0451343598612,0.9688545198737308,158.51045561768206,10.0,0.002,1.0
constrained thermal motion,mean_field_theory,polarized,10.0,148.33322505553377,10.0,1.001,0.0058661034902941,0.0058661034902941,7.382337817648947,,,,gradient,500000.0,500000.0,113416.96458325649,100000.0,72693.23706016807,444.77241013041754,0.9688545198737308,153.1016494353206,10.0,0.002,1.0
constrained thermal motion,mean_field_theory,polarized,10.0,143.27169355211623,10.0,1.001,0.0062686326242933,0.0062686326242933,7.555142810423462,,,,gradient,500000.0,500000.0,110200.17596618924,100000.0,71877.2178564867,432.1575528085853,0.9688545198737308,147.8774063734446,10.0,0.002,1.0
constrained thermal motion,mean_field_theory,polarized,10.0,138.3828752163014,10.0,1.001,0.0066981230505536,0.0066981230505536,7.726848566664479,,,,gradient,500000.0,500000.0,107145.58137137051,100000.0,71070.59666834137,420.1787504759628,0.9688545198737308,142.83142863836423,10.0,0.002,1.0
constrained thermal motion,mean_field_theory,polarized,10.0,133.66087660689618,10.0,1.001,0.0071563141617819,0.0071563141617819,7.897202099690336,,,,gradient,500000.0,500000.0,104247.3955579776,100000.0,70274.867455414,408.8133159136376,0.9688545198737308,137.9576333341728,10.0,0.002,1.0
constrained thermal motion,mean_field_theory,polarized,10.0,129.10000538288736,10.0,1.001,0.007645051032956,0.007645051032956,8.065943019395197,,,,gradient,500000.0,500000.0,101499.7065648876,100000.0,69491.46863937026,398.0380649603435,0.9688545198737308,133.25014512985166,10.0,0.002,1.0
constrained thermal motion,mean_field_theory,polarized,10.0,124.6947634413585,10.0,1.001,0.0081662902190162,0.0081662902190162,8.232803560849566,,,,gradient,500000.0,500000.0,98896.5599101306,100000.0,68721.77733338329,387.8296467063944,0.9688545198737308,128.7032891765936,10.0,0.002,1.0
constrained thermal motion,mean_field_theory,polarized,10.0,120.43984028956064,10.0,1.001,0.0087221058131971,0.0087221058131971,8.397508714612904,,,,gradient,500000.0,500000.0,96432.03064974972,100000.0,67967.10519784428,378.16482607744985,0.9688545198737308,124.31158426680756,10.0,0.002,1.0
constrained thermal motion,mean_field_theory,polarized,10.0,116.3301066431441,10.0,1.001,0.0093146957726053,0.0093146957726053,8.559776471291599,,,,gradient,500000.0,500000.0,94100.2837944226,100000.0,67228.69582545117,369.0207207624416,0.9688545198737308,120.06973622655464,10.0,0.002,1.0
constrained thermal motion,mean_field_theory,polarized,10.0,112.36060824283784,10.0,1.001,0.0099463885173551,0.0099463885173551,8.719318192215749,,,,gradient,500000.0,500000.0,91895.6238383193,100000.0,66507.72351766376,360.3749954443894,0.9688545198737308,115.97263153345418,10.0,0.002,1.0
constrained thermal motion,mean_field_theory,polarized,10.0,108.5265598821192,10.0,1.001,0.0106196498092305,0.0106196498092305,8.875839117127004,,,,gradient,500000.0,500000.0,89812.53432320176,100000.0,65805.29328531298,352.2060169537324,0.9688545198737308,112.01533115236256,10.0,0.002,1.0
constrained thermal motion,mean_field_theory,polarized,10.0,104.82333963867583,10.0,1.001,0.0113370899154547,0.0113370899154547,9.02903901826038,,,,gradient,500000.0,500000.0,87845.70845396207,100000.0,65122.4418880974,344.492974329263,0.9688545198737308,108.19306458139586,10.0,0.002,1.0
constrained thermal motion,mean_field_theory,polarized,10.0,101.24648330270688,10.0,1.001,0.0121014710627041,0.0121014710627041,9.178613008308584,,,,gradient,500000.0,500000.0,85990.0718154459,100000.0,64460.13971911622,337.21596790370944,0.9688545198737308,104.5012241011191,10.0,0.002,1.0
constrained thermal motion,mean_field_theory,polarized,10.0,97.7916789953439,10.0,1.001,0.0129157151860073,0.0129157151860073,9.32425250740696,,,,gradient,500000.0,500000.0,84240.79822839735,100000.0,63819.29334116836,330.3560714839112,0.9688545198737308,100.93535921996724,10.0,0.002,1.0
constrained thermal motion,mean_field_theory,polarized,10.0,94.45476197070748,10.0,1.001,0.0137829119766258,0.0137829119766258,9.465646371445525,,,,gradient,500000.0,500000.0,82593.31973565336,100000.0,63200.74848829299,323.8953715123661,0.9688545198737308,97.49117130920504,10.0,0.002,1.0
constrained thermal motion,mean_field_theory,polarized,10.0,91.2317095953306,10.0,1.001,0.0147063272324095,0.0147063272324095,9.602482180946833,,,,gradient,500000.0,500000.0,81043.33164219311,100000.0,62605.29335901882,317.8169868321298,0.9688545198737308,94.16450842095536,10.0,0.002,1.0
constrained thermal motion,mean_field_theory,polarized,10.0,88.11863649889834,10.0,1.001,0.0156894115134685,0.0156894115134685,9.73444768623678,,,,gradient,500000.0,500000.0,79586.79344994652,100000.0,62033.66204377834,312.10507235273144,0.9688545198737308,90.95136028305129,10.0,0.002,1.0
constrained thermal motion,mean_field_theory,polarized,10.0,85.11178989045713,10.0,1.001,0.0167358091052984,0.0167358091052984,9.86123240106749,,,,gradient,500000.0,500000.0,78219.92644030227,100000.0,61486.53794805402,306.74480956981284,0.9688545198737308,87.84785346467663,10.0,0.002,1.0
constrained thermal motion,mean_field_theory,polarized,10.0,82.2075450344478,10.0,1.001,0.0178493672907437,0.0178493672907437,9.98252933304493,,,,gradient,500000.0,500000.0,76939.20856753463,100000.0,60964.55709312432,301.7223865393515,0.9688545198737308,84.85024670696875,10.0,0.002,1.0
constrained thermal motion,mean_field_theory,polarized,10.0,79.4024008811086,10.0,1.001,0.0190341459313818,0.0190341459313818,10.098036835424285,,,,gradient,500000.0,500000.0,75741.36723859182,100000.0,60468.311196808296,297.0249695631052,0.9688545198737308,81.9549264129531,10.0,0.002,1.0
constrained thermal motion,mean_field_theory,polarized,10.0,76.69297584598065,10.0,1.001,0.0202944273580693,0.0202944273580693,10.207460561244806,,,,gradient,500000.0,500000.0,74623.37047467288,100000.0,59998.35045655019,292.6406685281289,0.9688545198737308,79.15840229137387,10.0,0.002,1.0
constrained thermal motion,mean_field_theory,polarized,10.0,74.07600373342835,10.0,1.001,0.02163472656951,0.02163472656951,10.310515497157189,,,,gradient,500000.0,500000.0,73582.41687295528,100000.0,59555.1859770076,288.5584975410011,0.9688545198737308,76.45730314916894,10.0,0.002,1.0
constrained thermal motion,mean_field_theory,polarized,10.0,71.54832979925982,10.0,1.001,0.0230598017367866,0.0230598017367866,10.406928051252727,,,,gradient,500000.0,500000.0,72615.92472145507,100000.0,59139.29180140313,284.7683322410003,0.9688545198737308,73.84837282751656,10.0,0.002,1.0
constrained thermal motion,mean_field_theory,polarized,10.0,69.10690694770189,10.0,1.001,0.0245746650108607,0.0245746650108607,10.496438166386104,,,,gradient,500000.0,500000.0,71721.52055969175,100000.0,58751.10652265434,281.26086493996763,0.9688545198737308,71.32846627655562,10.0,0.002,1.0
constrained thermal motion,mean_field_theory,polarized,10.0,66.74879205814433,10.0,1.001,0.026184593629079,0.026184593629079,10.578801428226855,,,,gradient,500000.0,500000.0,70897.02742654513,100000.0,58391.03446465218,278.0275585354711,0.9688545198737308,68.8945457640468,10.0,0.002,1.0
constrained thermal motion,mean_field_theory,polarized,10.0,64.47114243722574,10.0,1.001,0.0278951413157572,0.0278951413157572,10.653791135733735,,,,gradient,500000.0,500000.0,70140.4529929146,100000.0,58059.44643673367,275.0605999722141,0.9688545198737308,66.5436772134047,10.0,0.002,1.0
constrained thermal motion,mean_field_theory,polarized,10.0,62.27121239198354,10.0,1.001,0.0297121499709348,0.0297121499709348,10.72120030070711,,,,gradient,500000.0,500000.0,69449.97773867562,100000.0,57756.68007554801,272.3528538771593,0.9688545198737308,64.27302666668598,10.0,0.002,1.0
constrained thermal motion,mean_field_theory,polarized,10.0,60.146349919937705,10.0,1.001,0.0316417616404345,0.0316417616404345,10.780843542987268,,,,gradient,500000.0,500000.0,68823.94330470149,100000.0,57483.03979883499,269.89781688118234,0.9688545198737308,62.07985686827005,10.0,0.002,1.0
constrained thermal motion,mean_field_theory,polarized,10.0,58.09399351211762,10.0,1.001,0.0336904307594163,0.0336904307594163,10.832558848388766,,,,gradient,500000.0,500000.0,68260.84111983406,100000.0,57238.79640136605,267.6895730189571,0.9688545198737308,59.96152396511389,10.0,0.002,1.0
constrained thermal motion,mean_field_theory,polarized,10.0,56.111669065178376,10.0,1.001,0.0358649366607092,0.0358649366607092,10.87620915796848,,,,gradient,500000.0,500000.0,67759.30138739379,100000.0,57024.186333057994,265.7227505387992,0.9688545198737308,57.91547431960303,10.0,0.002,1.0
constrained thermal motion,mean_field_theory,polarized,10.0,54.19698689888411,10.0,1.001,0.0381723963383459,0.0381723963383459,10.911683759404571,,,,gradient,500000.0,500000.0,67318.08249474294,100000.0,56839.41070232105,263.9924803715409,0.9688545198737308,55.93924143115679,10.0,0.002,1.0
constrained thermal motion,mean_field_theory,polarized,10.0,52.34763887536267,10.0,1.001,0.0406202774559301,0.0406202774559301,10.938899454301009,,,,gradient,500000.0,500000.0,66936.06089623248,100000.0,56684.634052584894,262.49435645581366,0.9688545198737308,54.030442962876464,10.0,0.002,1.0
constrained thermal motion,mean_field_theory,polarized,10.0,50.561395616659304,10.0,1.001,0.04321641158875,0.04321641158875,10.957801478931886,,,,gradient,500000.0,500000.0,66612.22150850968,100000.0,56559.982963201765,261.224398072587,0.9688545198737308,52.1867778696526,10.0,0.002,1.0
constrained thermal motion,mean_field_theory,polarized,10.0,48.836103817234914,10.0,1.001,0.0459690076879323,0.0459690076879323,10.968364160348468,,,,gradient,500000.0,500000.0,66345.64864746422,100000.0,56465.54452728705,260.17901430378123,0.9688545198737308,50.40602362426884,10.0,0.002,1.0
constrained thermal motion,mean_field_theory,polarized,10.0,47.16968364816918,10.0,1.001,0.0488866657544223,0.0488866657544223,10.970591294526086,,,,gradient,500000.0,500000.0,66135.51752827744,100000.0,56401.364760601646,259.35497069912725,0.9688545198737308,48.68603353815879,10.0,0.002,1.0
constrained thermal motion,mean_field_theory,polarized,10.0,45.56012624993918,10.0,1.001,0.0519783907102014,0.0519783907102014,10.964516238548237,,,,gradient,500000.0,500000.0,65981.0863432254,100000.0,56367.446994871454,258.7493582087271,0.9688545198737308,47.02473417358569,10.0,0.002,1.0
constrained thermal motion,mean_field_theory,polarized,10.0,44.00549131075131,10.0,1.001,0.0552536064539186,0.0552536064539186,10.950201714249369,,,,gradient,500000.0,500000.0,65881.68892616876,100000.0,56363.75030837898,258.35956441634806,0.9688545198737308,45.420122844125736,10.0,0.002,1.0
constrained thermal motion,mean_field_theory,polarized,10.0,42.503904727507056,10.0,1.001,0.0587221700880542,0.0587221700880542,10.927739326189874,,,,gradient,500000.0,500000.0,65836.72800682911,100000.0,56390.18804424376,258.18324708560436,0.9688545198737308,43.87026520044157,10.0,0.002,1.0
constrained thermal motion,mean_field_theory,polarized,10.0,41.053556346582994,10.0,1.001,0.0623943863048462,0.0623943863048462,10.897248802311118,,,,gradient,500000.0,500000.0,65845.66905447662,100000.0,56446.62646466104,258.2183100175554,0.9688545198737308,42.373292898435814,10.0,0.002,1.0
constrained thermal motion,mean_field_theory,polarized,10.0,39.65269778170136,10.0,1.001,0.0662810219185316,0.0662810219185316,10.858876970690872,,,,gradient,500000.0,500000.0,65908.03470471023,100000.0,56532.88358522932,258.46288119494204,0.9688545198737308,40.92740134697337,10.0,0.002,1.0
constrained thermal motion,mean_field_theory,polarized,10.0,38.299640306260926,10.0,1.001,0.0703933205319817,0.0703933205319817,10.812796490571811,,,,gradient,500000.0,500000.0,66023.39976056536,100000.0,56648.72822979619,258.91529317868765,0.9688545198737308,39.53084753245767,10.0,0.002,1.0
constrained thermal motion,mean_field_theory,polarized,10.0,36.99275281758719,10.0,1.001,0.0747430173265756,0.0747430173265756,10.759204359945384,,,,gradient,500000.0,500000.0,66191.38675451853,100000.0,56793.87934136291,259.5740657039943,0.9688545198737308,38.18194791763824,10.0,0.002,1.0
constrained thermal motion,mean_field_theory,polarized,10.0,35.73045987064789,10.0,1.001,0.079342353965155,0.079342353965155,10.698320225563837,,,,gradient,500000.0,500000.0,66411.66205524771,100000.0,56968.00557919218,260.4378904127361,0.9688545198737308,36.87907641211664,10.0,0.002,1.0
constrained thermal motion,mean_field_theory,polarized,10.0,34.5112397788635,10.0,1.001,0.084204093599163,0.084204093599163,10.630384523972808,,,,gradient,500000.0,500000.0,66683.93249977747,100000.0,57170.725226998795,261.5056176461861,0.9688545198737308,35.62066241210424,10.0,0.002,1.0
constrained thermal motion,mean_field_theory,polarized,10.0,33.33362277972309,10.0,1.001,0.0893415359725868,0.0893415359725868,10.555656484160671,,,,gradient,500000.0,500000.0,67007.9425297696,100000.0,57401.606431020526,262.77624521478276,0.9688545198737308,34.40518890706874,10.0,0.002,1.0
constrained thermal motion,mean_field_theory,polarized,10.0,32.196189262994515,10.0,1.001,0.0947685326171135,0.0947685326171135,10.474412023634478,,,,gradient,500000.0,500000.0,67383.47180807783,100000.0,57660.16778074976,264.2489090512856,0.9688545198737308,33.2311906509871,10.0,0.002,1.0
constrained thermal motion,mean_field_theory,polarized,10.0,31.09756805939273,10.0,1.001,0.1004995021349694,0.1004995021349694,10.386941570146984,,,,gradient,500000.0,500000.0,67810.33329060419,100000.0,57945.879238896414,265.9228756494282,0.9688545198737308,32.09725239600021,10.0,0.002,1.0
constrained thermal motion,mean_field_theory,polarized,10.0,30.03643478764353,10.0,1.001,0.1065494455682493,0.1065494455682493,10.293547840897425,,,,gradient,500000.0,500000.0,68288.37172760864,100000.0,58258.16342125868,267.79753618670054,0.9688545198737308,31.002007186340144,10.0,0.002,1.0
constrained thermal motion,mean_field_theory,polarized,10.0,29.01151025794974,10.0,1.001,0.1129339618561527,0.1129339618561527,10.194543610043493,,,,gradient,500000.0,500000.0,68817.46256743581,100000.0,58596.397220547035,269.8724022252385,0.9688545198737308,29.94413471047311,10.0,0.002,1.0
constrained thermal motion,mean_field_theory,polarized,10.0,28.02155892993567,10.0,1.001,0.1196692633844152,0.1196692633844152,10.090249493676827,,,,gradient,500000.0,500000.0,69397.51123602763,100000.0,58959.9137627521,272.14710288638287,0.9688545198737308,28.92235970947183,10.0,0.002,1.0
constrained thermal motion,mean_field_theory,polarized,10.0,27.065387423210577,10.0,1.001,0.1267721916343592,0.1267721916343592,9.980991779226883,,,,gradient,500000.0,500000.0,70028.45276534476,100000.0,59348.004678620295,274.62138339350884,0.9688545198737308,27.935450439698588,10.0,0.002,1.0
constrained thermal motion,mean_field_theory,polarized,10.0,26.141843078755738,10.0,1.001,0.1342602329423662,0.1342602329423662,9.867100323705207,,,,gradient,500000.0,500000.0,70710.25174433479,100000.0,59759.922667263,277.29510487974426,0.9688545198737308,26.98221718794558,10.0,0.002,1.0
constrained thermal motion,mean_field_theory,polarized,10.0,25.24981256940098,10.0,1.001,0.1421515343841761,0.1421515343841761,9.748906542191357,,,,gradient,500000.0,500000.0,71442.90256670045,100000.0,60194.884324082865,280.1682453596096,0.9688545198737308,26.06151083724288,10.0,0.002,1.0
constrained thermal motion,mean_field_theory,polarized,10.0,24.388220557715364,10.0,1.001,0.1504649198022411,0.1504649198022411,9.626741505016703,,,,gradient,500000.0,500000.0,72226.42995016022,100000.0,60652.07320027232,283.24090176533423,0.9688545198737308,25.172221481604733,10.0,0.002,1.0
constrained thermal motion,mean_field_theory,polarized,10.0,23.556028399694405,10.0,1.001,0.1592199059983548,0.1592199059983548,9.500934158681057,,,,gradient,500000.0,500000.0,73060.88970299187,100000.0,61130.64305723918,286.5132929529093,0.9688545198737308,24.313277088044575,10.0,0.002,1.0
constrained thermal motion,mean_field_theory,polarized,10.0,22.752232892680944,10.0,1.001,0.1684367191179464,0.1684367191179464,9.371809682441434,,,,gradient,500000.0,500000.0,73946.36971373076,100000.0,61629.72127566351,289.9857635832579,0.9688545198737308,23.483642204245697,10.0,0.002,1.0
constrained thermal motion,mean_field_theory,polarized,10.0,21.97586506601039,10.0,1.001,0.1781363112567127,0.1781363112567127,9.239687989298911,,,,gradient,500000.0,500000.0,74882.99114104158,100000.0,62148.412376223176,293.65878878839834,0.9688545198737308,22.682316710329708,10.0,0.002,1.0
constrained thermal motion,mean_field_theory,polarized,10.0,21.225989012922337,10.0,1.001,0.1883403773246554,0.1883403773246554,9.104882377076516,,,,gradient,500000.0,500000.0,75870.90978077838,100000.0,62685.80160705266,297.53297953246425,0.9688545198737308,21.90833461321797,10.0,0.002,1.0
constrained thermal motion,mean_field_theory,polarized,10.0,20.501700762330604,10.0,1.001,0.1990713722070327,0.1990713722070327,8.967698332446325,,,,gradient,500000.0,500000.0,76910.3175873227,100000.0,63240.95855168185,301.6090885777361,0.9688545198737308,21.160762882132765,10.0,0.002,1.0
constrained thermal motion,mean_field_theory,polarized,10.0,19.802127189091507,10.0,1.001,0.2103525282662197,0.2103525282662197,8.828432488201674,,,,gradient,500000.0,500000.0,78001.44432694021,100000.0,63812.94071100232,305.888016968393,0.9688545198737308,20.43870032383426,10.0,0.002,1.0
constrained thermal motion,mean_field_theory,polarized,10.0,19.12642496145677,10.0,1.001,0.2222078732329297,0.2222078732329297,8.687371731745134,,,,gradient,500000.0,500000.0,79144.55933971316,100000.0,64400.7970136898,310.3708209400516,0.9688545198737308,19.74127649623752,10.0,0.002,1.0
constrained thermal motion,mean_field_theory,polarized,10.0,18.473779524442087,10.0,1.001,0.2346622485396711,0.2346622485396711,8.544792460710067,,,,gradient,500000.0,500000.0,80339.97338736054,100000.0,65003.57121070021,315.0587191661198,0.9688545198737308,19.067650659099723,10.0,0.002,1.0
constrained thermal motion,mean_field_theory,polarized,10.0,17.84340411788602,10.0,1.001,0.2477413281536342,0.2477413281536342,8.400959979997296,,,,gradient,500000.0,500000.0,81588.04056217356,100000.0,65620.30511210328,319.95310024381786,0.9688545198737308,18.417010760512863,10.0,0.002,1.0
constrained thermal motion,mean_field_theory,polarized,10.0,17.234538828015335,10.0,1.001,0.2614716379704082,0.2614716379704082,8.256128032998335,,,,gradient,500000.0,500000.0,82889.16023318723,100000.0,66250.04162790101,325.0555303262244,0.9688545198737308,17.788572457980052,10.0,0.002,1.0
constrained thermal motion,mean_field_theory,polarized,10.0,16.64644967137348,10.0,1.001,0.2758805758339639,0.2758805758339639,8.110538458721008,,,,gradient,500000.0,500000.0,84243.77900318052,100000.0,66891.82757845256,330.36776079678634,0.9688545198737308,17.181578172895335,10.0,0.002,1.0
constrained thermal motion,mean_field_theory,polarized,10.0,16.078427710007997,10.0,1.001,0.2909964322521751,0.2909964322521751,7.964420965672469,,,,gradient,500000.0,500000.0,85652.39265058647,100000.0,67544.71624496696,335.8917358846528,0.9688545198737308,16.59529617728725,10.0,0.002,1.0
constrained thermal motion,mean_field_theory,polarized,10.0,15.52978819684997,10.0,1.001,0.3068484118807646,0.3068484118807646,7.817993012787393,,,,gradient,500000.0,500000.0,87115.54802764872,100000.0,68207.76963550317,341.62960010842636,0.9688545198737308,16.02901971172508,10.0,0.002,1.0
constrained thermal motion,mean_field_theory,polarized,10.0,14.999869750255616,10.0,1.001,0.3234666558518964,0.3234666558518964,7.671459787286411,,,,gradient,500000.0,500000.0,88633.84488664099,100000.0,68880.06044849634,347.5837054378078,0.9688545198737308,15.482066133324668,10.0,0.002,1.0
constrained thermal motion,mean_field_theory,polarized,10.0,14.488033556714646,10.0,1.001,0.3408822650267101,0.3408822650267101,7.525014269297409,,,,gradient,500000.0,500000.0,90207.9376037761,100000.0,69560.67372085262,353.75661805402393,0.9688545198737308,14.953776092826452,10.0,0.002,1.0
constrained thermal motion,mean_field_theory,polarized,10.0,13.99366260076443,10.0,1.001,0.3591273242538297,0.3591273242538297,7.378837373071347,,,,gradient,500000.0,500000.0,91838.5367694086,100000.0,70248.70815461465,360.1511245859161,0.9688545198737308,14.443512739753954,10.0,0.002,1.0
constrained thermal motion,mean_field_theory,polarized,10.0,13.51616092118153,10.0,1.001,0.378234927718317,0.378234927718317,7.233098154806389,,,,gradient,500000.0,500000.0,93526.41061256902,100000.0,70943.27712217912,366.77023769634906,0.9688545198737308,13.950660954694282,10.0,0.002,1.0
constrained thermal motion,mean_field_theory,polarized,10.0,13.054952892554027,10.0,1.001,0.3982392054676147,0.3982392054676147,7.087954077522269,,,,gradient,500000.0,500000.0,95272.3862261706,100000.0,71643.50935600538,373.6172008869436,0.9688545198737308,13.474626607775395,10.0,0.002,1.0
constrained thermal motion,mean_field_theory,polarized,10.0,12.609482531368554,10.0,1.001,0.4191753512027707,0.4191753512027707,6.943551323756437,,,,gradient,500000.0,500000.0,97077.35055853694,100000.0,72348.54933486432,380.6954923864194,0.9688545198737308,13.014835842446116,10.0,0.002,1.0
constrained thermal motion,mean_field_theory,polarized,10.0,12.179212825775473,10.0,1.001,0.4410796514246251,0.4410796514246251,6.800025147488958,,,,gradient,500000.0,500000.0,98942.25113646612,100000.0,73057.55738392952,388.0088279861416,0.9688545198737308,12.57073438369547,10.0,0.002,1.0
constrained thermal motion,mean_field_theory,polarized,10.0,11.763625088224352,10.0,1.001,0.4639895160256864,0.4639895160256864,6.6575002571983894,,,,gradient,500000.0,500000.0,100868.09648370258,100000.0,73769.70951130359,395.5611626811866,0.9688545198737308,12.14178686987752,10.0,0.002,1.0
constrained thermal motion,mean_field_theory,polarized,10.0,11.362218330189195,10.0,1.001,0.4879435104191387,0.4879435104191387,6.51609122268268,,,,gradient,500000.0,500000.0,102855.95619827368,100000.0,74484.19700766615,403.3566909736223,0.9688545198737308,11.727476207336077,10.0,0.002,1.0
constrained thermal motion,mean_field_theory,polarized,10.0,10.97450865822979,10.0,1.001,0.5129813892968051,0.5129813892968051,6.375902898851937,,,,gradient,500000.0,500000.0,104906.960652592,100000.0,75200.22584008473,411.3998456964392,0.9688545198737308,11.327302947051413,10.0,0.002,1.0
constrained thermal motion,mean_field_theory,polarized,10.0,10.60002869066107,10.0,1.001,0.539144132107981,0.539144132107981,6.237030860445244,,,,gradient,500000.0,500000.0,107022.30027844835,100000.0,75917.01587386495,419.69529520960145,0.9688545198737308,10.940784682557457,10.0,0.002,1.0
constrained thermal motion,mean_field_theory,polarized,10.0,10.238326994127304,10.0,1.001,0.5664739803508593,0.5664739803508593,6.099561842246979,,,,gradient,500000.0,500000.0,109203.22440084744,100000.0,76633.79995918286,428.2479388268528,0.9688545198737308,10.567455468403708,10.0,0.002,1.0
constrained thermal motion,mean_field_theory,polarized,10.0,9.888967539401872,10.0,1.001,0.5950144767678267,0.5950144767678267,5.963574180070934,,,,gradient,500000.0,500000.0,111451.03958353103,100000.0,77349.82292088085,437.0629003275727,0.9688545198737308,10.20686525846077,10.0,0.002,1.0
constrained thermal motion,mean_field_theory,polarized,10.0,9.551529175756654,10.0,1.001,0.6248105065352388,0.6248105065352388,5.82913824841677,,,,gradient,500000.0,500000.0,113767.1074505926,100000.0,78064.34049128194,446.14551941408865,0.9688545198737308,9.858579363392442,10.0,0.002,1.0
constrained thermal motion,mean_field_theory,polarized,10.0,9.22560512326737,10.0,1.001,0.6559083405374433,0.6559083405374433,5.696316891311084,,,,gradient,500000.0,500000.0,116152.84194844084,100000.0,78776.61822603022,455.50134097427787,0.9688545198737308,9.522177926640346,10.0,0.002,1.0
constrained thermal motion,mean_field_theory,polarized,10.0,8.91080248244279,10.0,1.001,0.6883556808138271,0.6883556808138271,5.565165843441708,,,,gradient,500000.0,500000.0,118609.70601483942,100000.0,79485.93044332576,465.13610201897814,0.9688545198737308,9.197255418289345,10.0,0.002,1.0
constrained thermal motion,mean_field_theory,polarized,10.0,8.606741760586775,10.0,1.001,0.7222017082665564,0.7222017082665564,5.435734139216732,,,,gradient,500000.0,500000.0,121139.20762186576,100000.0,80191.55922578982,475.05571616417944,0.9688545198737308,8.883420146203662,10.0,0.002,1.0
constrained thermal motion,mean_field_theory,polarized,10.0,8.313056414322105,10.0,1.001,0.7574971327155241,0.7574971327155241,5.308064507924151,,,,gradient,500000.0,500000.0,123742.89516280324,100000.0,80892.79352309564,485.2662555404049,0.9688545198737308,8.580293783844382,10.0,0.002,1.0
constrained thermal motion,mean_field_theory,polarized,10.0,8.029392407724618,10.0,1.001,0.7942942453858313,0.7942942453858313,5.182193753596499,,,,gradient,500000.0,500000.0,126422.3521542873,100000.0,81588.92839160607,495.773930016813,0.9688545198737308,8.287510914199045,10.0,0.002,1.0
constrained thermal motion,mean_field_theory,polarized,10.0,7.755407785535052,10.0,1.001,0.832646973911956,0.832646973911956,5.058153118615313,,,,gradient,500000.0,500000.0,129179.19122853376,100000.0,82279.26440499336,506.5850636413088,0.9688545198737308,8.004718589273653,10.0,0.002,1.0
constrained thermal motion,mean_field_theory,polarized,10.0,7.490772260934007,10.0,1.001,0.8726109399416813,0.8726109399416813,4.935968630493841,,,,gradient,500000.0,500000.0,132015.04739314126,100000.0,82963.10726684137,517.706068208397,0.9688545198737308,7.731575904615965,10.0,0.002,1.0
constrained thermal motion,mean_field_theory,polarized,10.0,7.235166817383181,10.0,1.001,0.9142435194218228,0.9142435194218228,4.815661431558576,,,,gradient,500000.0,500000.0,134931.57053924963,100000.0,83639.76765322716,529.1434138794103,0.9688545198737308,7.467753588357238,10.0,0.002,1.0
constrained thermal motion,mean_field_theory,polarized,10.0,6.988283324052833,10.0,1.001,0.9576039056469804,0.9576039056469804,4.6972480916112405,,,,gradient,500000.0,500000.0,137930.41718410162,100000.0,84308.56130959728,540.9035968003985,0.9688545198737308,7.21293360427694,10.0,0.002,1.0
constrained thermal motion,mean_field_theory,polarized,10.0,6.749824164371927,10.0,1.001,1.0027531751518226,1.0027531751518226,4.580740903840526,,,,gradient,500000.0,500000.0,141013.24143736617,100000.0,84968.80942214941,552.9931036759458,0.9688545198737308,6.966808768412022,10.0,0.002,1.0
constrained thermal motion,mean_field_theory,polarized,10.0,6.519501877253128,10.0,1.001,1.0497543565269878,1.0497543565269878,4.466148164505366,,,,gradient,500000.0,500000.0,144181.68518543016,100000.0,85619.83928006461,565.4183732761967,0.9688545198737308,6.729082378748467,10.0,0.002,1.0
constrained thermal motion,mean_field_theory,polarized,10.0,6.2970388105601955,10.0,1.001,1.0986725022384474,1.0986725022384474,4.353474437085091,,,,gradient,500000.0,500000.0,147437.3674950357,100000.0,86260.98523995766,578.1857548824929,0.9688545198737308,6.499467857548808,10.0,0.002,1.0
constrained thermal motion,mean_field_theory,polarized,10.0,6.08216678639999,10.0,1.001,1.1495747635302611,1.1495747635302611,4.242720801722687,,,,gradient,500000.0,500000.0,150781.87324111757,100000.0,86891.58999934817,591.3014636906571,0.9688545198737308,6.277688405884374,10.0,0.002,1.0
constrained thermal motion,mean_field_theory,polarized,10.0,5.874626777835635,10.0,1.001,1.2025304684910063,1.2025304684910063,4.133885090899667,,,,gradient,500000.0,500000.0,154216.7409720021,100000.0,87511.00618096949,604.7715332235376,0.9688545198737308,6.0634766699558424,10.0,0.002,1.0
constrained thermal motion,mean_field_theory,polarized,10.0,5.674168596631097,10.0,1.001,1.257611203364866,1.257611203364866,4.026962112369557,,,,gradient,500000.0,500000.0,157743.45003041072,100000.0,88118.59822429807,618.6017648251401,0.9688545198737308,5.856574418799845,10.0,0.002,1.0
constrained thermal motion,mean_field_theory,polarized,10.0,5.480550591650763,10.0,1.001,1.3148908971893942,1.3148908971893942,3.921943860431652,,,,gradient,500000.0,500000.0,161363.40695748825,100000.0,88713.74457541048,632.7976743430911,0.9688545198737308,5.656732232993075,10.0,0.002,1.0
constrained thermal motion,mean_field_theory,polarized,10.0,5.293539357550453,10.0,1.001,1.374445909843372,1.374445909843372,3.818819716642045,,,,gradient,500000.0,500000.0,165077.93121212636,100000.0,89295.84016065486,647.3644361259858,0.9688545198737308,5.463709203978686,10.0,0.002,1.0
constrained thermal motion,mean_field_theory,polarized,10.0,5.112909453408669,10.0,1.001,1.436355123589929,1.436355123589929,3.7175766410814033,,,,gradient,500000.0,500000.0,168888.24024854673,100000.0,89864.29912400227,662.3068245041048,0.9688545198737308,5.277272643652451,10.0,0.002,1.0
constrained thermal motion,mean_field_theory,polarized,10.0,4.938443130958922,10.0,1.001,1.5007000382022653,1.5007000382022653,3.618199355283619,,,,gradient,500000.0,500000.0,172795.43400110104,100000.0,90418.55780220043,677.6291529454943,0.9688545198737308,5.097197803858665,10.0,0.002,1.0
constrained thermal motion,mean_field_theory,polarized,10.0,4.769930072095496,10.0,1.001,1.567564869761828,1.567564869761828,3.520670517884332,,,,gradient,500000.0,500000.0,176800.47883388004,100000.0,90958.0779060545,693.335211113255,0.9688545198737308,4.923267605457581,10.0,0.002,1.0
constrained thermal motion,mean_field_theory,polarized,10.0,4.60716713533624,10.0,1.001,1.637036653221715,1.637036653221715,3.4249708940307433,,,,gradient,500000.0,500000.0,180904.19102247863,100000.0,91482.34987060746,709.4282000881516,0.9688545198737308,4.7552723766378096,10.0,0.002,1.0
constrained thermal motion,mean_field_theory,polarized,10.0,4.449958110936721,10.0,1.001,1.709205348831403,1.709205348831403,3.3310795195071012,,,,gradient,500000.0,500000.0,185107.21984239295,100000.0,91990.89633139236,725.9106660486,0.9688545198737308,4.593009600158212,10.0,0.002,1.0
constrained thermal motion,mean_field_theory,polarized,10.0,4.298113484360561,10.0,1.001,1.784163952522561,1.784163952522561,3.2389738604841622,,,,gradient,500000.0,500000.0,189410.0303483135,100000.0,92483.2756786711,742.7844327384845,0.9688545198737308,4.436283669214577,10.0,0.002,1.0
constrained thermal motion,mean_field_theory,polarized,10.0,4.151450207820797,10.0,1.001,1.8620086103598117,1.8620086103598117,3.148629969701022,,,,gradient,500000.0,500000.0,193812.8859364811,100000.0,92959.08563671018,760.0505330842395,0.9688545198737308,4.284905651636789,10.0,0.002,1.0
constrained thermal motion,mean_field_theory,polarized,10.0,4.009791479616863,10.0,1.001,1.9428387371647304,1.9428387371647304,3.060022639820028,,,,gradient,500000.0,500000.0,198315.83079193084,100000.0,93417.9668105434,777.7091403605131,0.9688545198737308,4.138693062132232,10.0,0.002,1.0
constrained thermal motion,mean_field_theory,polarized,10.0,3.872966531001219,10.0,1.001,2.0267571394261803,2.0267571394261803,2.973125554586011,,,,gradient,500000.0,500000.0,202918.67233016103,100000.0,93859.60613905752,795.7594993339649,0.9688545198737308,3.997469642300865,10.0,0.002,1.0
constrained thermal motion,mean_field_theory,polarized,10.0,3.740810420318628,10.0,1.001,2.1138701426152813,2.1138701426152813,2.8879114383304803,,,,gradient,500000.0,500000.0,207620.9637512254,100000.0,94283.7401900416,814.1998578479428,0.9688545198737308,3.861065148156776,10.0,0.002,1.0
constrained thermal motion,mean_field_theory,polarized,10.0,3.613163834169996,10.0,1.001,2.20428772302879,2.20428772302879,2.80435220425872,,,,gradient,500000.0,500000.0,212421.98683307195,100000.0,94690.15823067556,833.0273993453802,0.9688545198737308,3.729315144900077,10.0,0.002,1.0
constrained thermal motion,mean_field_theory,polarized,10.0,3.4898728953610147,10.0,1.001,2.2981236442905413,2.2981236442905413,2.722419101852401,,,,gradient,500000.0,500000.0,217320.73509805175,100000.0,95078.70500622634,852.238176855105,0.9688545198737308,3.6020608086917365,10.0,0.002,1.0
constrained thermal motion,mean_field_theory,polarized,10.0,3.3707889774041324,10.0,1.001,2.395495598646788,2.395495598646788,2.642082863605492,,,,gradient,500000.0,500000.0,222315.8974931682,100000.0,95449.28315948538,871.8270489928165,0.9688545198737308,3.4791487351924024,10.0,0.002,1.0
constrained thermal motion,mean_field_theory,polarized,10.0,3.2557685253502084,10.0,1.001,2.496525353197764,2.496525353197764,2.5633138512218507,,,,gradient,500000.0,500000.0,227405.84273355367,100000.0,95801.85522563872,891.7876185629556,0.9688545198737308,3.3604307546343777,10.0,0.002,1.0
constrained thermal motion,mean_field_theory,polarized,10.0,3.1446728827338895,10.0,1.001,2.6013389012145764,2.6013389012145764,2.4860822012753645,,,,gradient,500000.0,500000.0,232588.6044622678,100000.0,96136.44514020185,912.1121743618344,0.9688545198737308,3.2457637532038657,10.0,0.002,1.0
constrained thermal motion,mean_field_theory,polarized,10.0,3.037368124424066,10.0,1.001,2.7100666186976956,2.7100666186976956,2.410357970246018,,,,gradient,500000.0,500000.0,237861.8673867086,100000.0,96453.13920260756,932.791636810622,0.9688545198737308,3.135009500518118,10.0,0.002,1.0
constrained thermal motion,mean_field_theory,polarized,10.0,2.9337248951779333,10.0,1.001,2.8228434263406075,2.8228434263406075,2.336111278732229,,,,gradient,500000.0,500000.0,243222.9545560801,100000.0,96752.08644481846,953.8155080630592,0.9688545198737308,3.028034482989542,10.0,0.002,1.0
constrained thermal motion,mean_field_theory,polarized,10.0,2.8336182537040195,10.0,1.001,2.9398089570699413,2.9398089570699413,2.263312454549732,,,,gradient,500000.0,500000.0,248668.81594812815,100000.0,97033.49836265712,975.1718272475614,0.9688545198737308,2.924709742875866,10.0,0.002,1.0
constrained thermal motion,mean_field_theory,polarized,10.0,2.73692752204621,10.0,1.001,3.061107729341261,3.061107729341261,2.19193217432937,,,,gradient,500000.0,500000.0,254196.0185359636,100000.0,97297.6479777242,996.8471315135828,0.9688545198737308,2.824910722822359,10.0,0.002,1.0
constrained thermal motion,mean_field_theory,polarized,10.0,2.643536140107192,10.0,1.001,3.186889326377957,3.186889326377957,2.1219416031498133,,,,gradient,500000.0,500000.0,259800.73800836096,100000.0,97544.86820973687,1018.8264235621998,0.9688545198737308,2.7285171157086827,10.0,0.002,1.0
constrained thermal motion,mean_field_theory,polarized,10.0,2.55333152513596,10.0,1.001,3.317308581549101,3.317308581549101,2.053312531659138,,,,gradient,500000.0,500000.0,265478.75231671747,100000.0,97775.54955234787,1041.0931463400684,0.9688545198737308,2.635412719619383,10.0,0.002,1.0
constrained thermal motion,mean_field_theory,polarized,10.0,2.4662049360099805,10.0,1.001,3.452525770090878,3.452525770090878,1.9860175100803128,,,,gradient,500000.0,500000.0,271225.43722212926,100000.0,97990.13706005274,1063.6291655769776,0.9688545198737308,2.545485297763174,10.0,0.002,1.0
constrained thermal motion,mean_field_theory,polarized,10.0,2.3820513421484217,10.0,1.001,3.592706807385174,3.592706807385174,1.9200299784397312,,,,gradient,500000.0,500000.0,277035.76401405403,100000.0,98189.12666934411,1086.4147608394276,0.9688545198737308,2.4586264431721605,10.0,0.002,1.0
constrained thermal motion,mean_field_theory,polarized,10.0,2.300769296898421,10.0,1.001,3.738023454018136,3.738023454018136,1.855324392321106,,,,gradient,500000.0,500000.0,282904.2995695507,100000.0,98373.06089311963,1109.428625762944,0.9688545198737308,2.3747314480178887,10.0,0.002,1.0
constrained thermal motion,mean_field_theory,polarized,10.0,2.2222608152417487,10.0,1.001,3.888653527851019,3.888653527851019,1.7918763434155702,,,,gradient,500000.0,500000.0,288825.208917446,100000.0,98542.52394337815,1132.6478781076314,0.9688545198737308,2.293699177386686,10.0,0.002,1.0
constrained thermal motion,mean_field_theory,polarized,10.0,2.14643125567446,10.0,1.001,4.04478112334536,4.04478112334536,1.7296626741279173,,,,gradient,500000.0,500000.0,294792.2604668661,100000.0,98698.13635255452,1156.04808026222,0.9688545198737308,2.2154319473621293,10.0,0.002,1.0
constrained thermal motion,mean_field_theory,polarized,10.0,2.073189206117126,10.0,1.001,4.206596838394584,4.206596838394584,1.6686615854931088,,,,gradient,500000.0,500000.0,300798.8340532896,100000.0,98840.54917829495,1179.6032707972142,0.9688545198737308,2.139835407267669,10.0,0.002,1.0
constrained thermal motion,mean_field_theory,polarized,10.0,2.0024463737181235,10.0,1.001,4.374298008924366,4.374298008924366,1.6088527376641506,,,,gradient,500000.0,500000.0,306837.93194551906,100000.0,98970.43788893476,1203.2860076294864,0.9688545198737308,2.0668184259274542,10.0,0.002,1.0
constrained thermal motion,mean_field_theory,polarized,10.0,1.9341174784171276,10.0,1.001,4.548088951534675,4.548088951534675,1.5502173422309486,,,,gradient,500000.0,500000.0,312902.192949587,100000.0,99088.49603724838,1227.0674233317138,0.9688545198737308,1.996292981808247,10.0,0.002,1.0
constrained thermal motion,mean_field_theory,polarized,10.0,1.8681201501405136,10.0,1.001,4.728181214467245,4.728181214467245,1.4927382456637983,,,,gradient,500000.0,500000.0,318983.9097322774,100000.0,99195.42883760676,1250.9172930677544,0.9688545198737308,1.9281740569099917,10.0,0.002,1.0
constrained thermal motion,mean_field_theory,polarized,10.0,1.8043748295047255,10.0,1.001,4.914793837193356,4.914793837193356,1.4363994817929535,,,,gradient,500000.0,500000.0,325075.1226540316,100000.0,99291.94676565067,1274.8044025648298,0.9688545198737308,1.8623795342771243,10.0,0.002,1.0
constrained thermal motion,mean_field_theory,polarized,10.0,1.7428046719079182,10.0,1.001,5.108153618928221,5.108153618928221,1.3811701896880415,,,,gradient,500000.0,500000.0,331169.97578140063,100000.0,99378.75930033716,1298.7057873780416,0.9688545198737308,1.7988300990070782,10.0,0.002,1.0
constrained thermal motion,mean_field_theory,polarized,10.0,1.6833354548942463,10.0,1.001,5.308495396390077,5.308495396390077,1.3270570242313566,,,,gradient,500000.0,500000.0,337257.31544350786,100000.0,99456.56892471472,1322.5777076215995,0.9688545198737308,1.7374491426366396,10.0,0.002,1.0
constrained thermal motion,mean_field_theory,polarized,10.0,1.625895488679144,10.0,1.001,5.51606233113404,5.51606233113404,1.2740499855090388,,,,gradient,500000.0,500000.0,343328.27738133376,100000.0,99526.0654947184,1346.3854014954263,0.9688545198737308,1.6781626707909092,10.0,0.002,1.0
constrained thermal motion,mean_field_theory,polarized,10.0,1.5704155297277151,10.0,1.001,5.731106206803334,5.731106206803334,1.2221409695394332,,,,gradient,500000.0,500000.0,349373.78890173667,100000.0,99587.92107439738,1370.093289810732,0.9688545198737308,1.6208992139835243,10.0,0.002,1.0
constrained thermal motion,mean_field_theory,polarized,10.0,1.5168286972820697,10.0,1.001,5.9538877366531535,5.9538877366531535,1.171323782998235,,,,gradient,500000.0,500000.0,355384.60727392253,100000.0,99642.78532165287,1393.665126564402,0.9688545198737308,1.5655897414606226,10.0,0.002,1.0
constrained thermal motion,mean_field_theory,polarized,10.0,1.4650703927369702,10.0,1.001,6.184676881715615,6.184676881715615,1.12159414334603,,,,gradient,500000.0,500000.0,361351.3616704175,100000.0,99691.28149158126,1417.064163413402,0.9688545198737308,1.5121675779846808,10.0,0.002,1.0
constrained thermal motion,mean_field_theory,polarized,10.0,1.4150782217666005,10.0,1.001,6.4237531799877585,6.4237531799877585,1.0729496632290183,,,,gradient,500000.0,500000.0,367264.5985634389,100000.0,99734.0031052448,1440.2533276997606,0.9688545198737308,1.4605683234579172,10.0,0.002,1.0
constrained thermal motion,mean_field_theory,polarized,10.0,1.3667919191085791,10.0,1.001,6.671406087038491,6.671406087038491,1.025389817872299,,,,gradient,500000.0,500000.0,373114.830441139,100000.0,99771.51131123932,1463.1954134946627,0.9688545198737308,1.4107297752883592,10.0,0.002,1.0
constrained thermal motion,mean_field_theory,polarized,10.0,1.32015327591455,10.0,1.001,6.92793532844469,6.92793532844469,0.978915894089174,,,,gradient,500000.0,500000.0,378892.5876441804,100000.0,99804.33294642316,1485.8532848791388,0.9688545198737308,1.3625918534049917,10.0,0.002,1.0
constrained thermal motion,mean_field_theory,polarized,10.0,1.27510606957976,10.0,1.001,7.193651264481543,7.193651264481543,0.9335309193978604,,,,gradient,500000.0,500000.0,384588.4730589252,100000.0,99832.9592819388,1508.1900904271577,0.9688545198737308,1.3160965278315908,10.0,0.002,1.0
constrained thermal motion,mean_field_theory,polarized,10.0,1.23159599596705,10.0,1.001,7.468875267507312,7.468875267507312,0.889239569676064,,,,gradient,500000.0,500000.0,390193.21932942554,100000.0,99857.84542163204,1530.1694875663748,0.9688545198737308,1.2711877487319374,10.0,0.002,1.0
constrained thermal motion,mean_field_theory,polarized,10.0,1.1895706039435407,10.0,1.001,7.753940112498646,7.753940112498646,0.8460480538083447,,,,gradient,500000.0,500000.0,395697.74816443655,100000.0,99879.41030345194,1551.755875154653,0.9688545198737308,1.227811378842074,10.0,0.002,1.0
constrained thermal motion,mean_field_theory,polarized,10.0,1.148979232151108,10.0,1.001,8.049190381208575,8.049190381208575,0.8039639738283465,,,,gradient,500000.0,500000.0,401093.231235637,100000.0,99898.03724072826,1572.9146322966155,0.9688545198737308,1.1859151282081573,10.0,0.002,1.0
constrained thermal motion,mean_field_theory,polarized,10.0,1.1097729479344187,10.0,1.001,8.354982880436278,8.354982880436278,0.7629961593027613,,,,gradient,500000.0,500000.0,406371.15206592454,100000.0,99914.0749300728,1593.6123610428413,0.9688545198737308,1.1454484911512346,10.0,0.002,1.0
constrained thermal motion,mean_field_theory,polarized,10.0,1.0719044883529074,10.0,1.001,8.6716870749149,8.6716870749149,0.723154474983853,,,,gradient,500000.0,500000.0,411523.3682222594,100000.0,99927.838846175,1613.8171302833705,0.9688545198737308,1.106362685382948,10.0,0.002,1.0
constrained thermal motion,mean_field_theory,polarized,10.0,1.0353282032055862,10.0,1.001,8.999685535341603,8.999685535341603,0.6844496012803776,,,,gradient,500000.0,500000.0,416542.1730358201,100000.0,99939.61294115838,1633.4987177875296,0.9688545198737308,1.0686105931987795,10.0,0.002,1.0
constrained thermal motion,mean_field_theory,polarized,10.0,1.0,10.0,1.001,9.339374402092544,9.339374402092544,0.6468927876695445,,,,gradient,500000.0,500000.0,421420.3559970226,100000.0,99949.65156706436,1652.6288470471477,0.9688545198737308,1.0321467046779411,10.0,0.002,1.0
constrained thermal motion,simulation,mixed,0.0,500.0,10.0,1.001,0.0005499375617013,0.0005499375617013,0.1397564781810485,0.0744937585545968,0.2127112155298749,128.0,simulation_point,,,,,,,,,,,
constrained thermal motion,simulation,mixed,0.0,100.0,10.0,1.001,0.0123861204650365,0.0123861204650365,2.800341813949202,2.5195838747265853,3.107322340973225,128.0,simulation_point,,,,,,,,,,,
constrained thermal motion,simulation,mixed,0.0,10.0,10.0,1.001,0.5857011719726677,0.5857011719726677,3.4588175641269348,3.154174772727869,3.7829695312973257,128.0,simulation_point,,,,,,,,,,,
constrained thermal motion,simulation,mixed,0.0,1.0,10.0,1.001,9.339374402092544,9.339374402092544,0.0386144592795525,0.0079907009952133,0.0798085705943566,128.0,simulation_point,,,,,,,,,,,
constrained thermal motion,simulation,mixed,10.0,500.0,10.0,1.001,0.0005499375617013,0.0005499375617013,0.0681686209297263,0.0198809873154257,0.1297760563709968,128.0,simulation_point,,,,,,,,,,,
constrained thermal motion,simulation,mixed,10.0,100.0,10.0,1.001,0.0123861204650365,0.0123861204650365,1.8695104123034565,1.5277492976869247,2.255452727391586,128.0,simulation_point,,,,,,,,,,,
constrained thermal motion,simulation,mixed,10.0,10.0,10.0,1.001,0.5857011719726677,0.5857011719726677,6.0123560141806225,4.979295181850553,7.132409282025629,128.0,simulation_point,,,,,,,,,,,
constrained thermal motion,simulation,mixed,10.0,1.0,10.0,1.001,9.339374402092544,9.339374402092544,1.660615649141321,1.34525469515458,2.0033158785401772,128.0,simulation_point,,,,,,,,,,,
constrained thermal motion,simulation,polarized,0.0,500.0,10.0,1.001,0.0005499375617013,0.0005499375617013,0.1390955963345118,0.0731546955675148,0.213918491648546,128.0,simulation_point,,,,,,,,,,,
constrained thermal motion,simulation,polarized,0.0,100.0,10.0,1.001,0.0123861204650365,0.0123861204650365,3.25519586509958,2.985735210844126,3.539778610631465,128.0,simulation_point,,,,,,,,,,,
constrained thermal motion,simulation,polarized,0.0,10.0,10.0,1.001,0.5857011719726677,0.5857011719726677,3.576373643721599,3.1788921570020277,4.007457641113015,128.0,simulation_point,,,,,,,,,,,
constrained thermal motion,simulation,polarized,0.0,1.0,10.0,1.001,9.339374402092544,9.339374402092544,0.0172431597547841,0.0,0.045084659066277,128.0,simulation_point,,,,,,,,,,,
constrained thermal motion,simulation,polarized,10.0,500.0,10.0,1.001,0.0005499375617013,0.0005499375617013,3.085554287434402,2.585039922412552,3.6009120355516884,128.0,simulation_point,,,,,,,,,,,
constrained thermal motion,simulation,polarized,10.0,100.0,10.0,1.001,0.0123861204650365,0.0123861204650365,11.213125585508742,9.502379882045664,12.976632409575458,128.0,simulation_point,,,,,,,,,,,
constrained thermal motion,simulation,polarized,10.0,10.0,10.0,1.001,0.5857011719726677,0.5857011719726677,7.858298532860092,6.491921421667292,9.393193052010924,128.0,simulation_point,,,,,,,,,,,
constrained thermal motion,simulation,polarized,10.0,1.0,10.0,1.001,9.339374402092544,9.339374402092544,0.4129636872459885,0.2836529905760648,0.5509992455862904,128.0,simulation_point,,,,,,,,,,,
