physical_condition,series,architecture,K_C,K_D,n_binders,gradient_scale,receptor_density_contrast_percent,plotted_axis_coordinate,mean,lower_95_percent,upper_95_percent,trajectory_count,curve_role,arrival_time_limit,recording_time_limit,mean_recorded_duration,path_ci_time_limit,mean_path_ci_duration,observation_lag,mobile_fraction,effective_K_D_at_start,local_K_C_at_start,cleavage_rate_scale,path_ci_correction_coefficient
constrained thermal motion,mean_field_theory,mixed,0.0,500.0,10.0,1.0,0.0,1.0,0.0,,,,zero_gradient_control,200000.0,200000.0,199999.99983693837,100000.0,99999.9999999985,0.0,1.0,500.0,0.0,0.002,1.0
constrained thermal motion,mean_field_theory,mixed,0.0,500.0,10.0,1.0005,2.0196240732495596,2.0196240732495596,0.0182141233542644,,,,gradient,500000.0,500000.0,499999.9909323085,100000.0,99999.99999999977,1960.7842781659156,1.0,500.0,0.0,0.002,1.0
constrained thermal motion,mean_field_theory,mixed,0.0,500.0,10.0,1.0005323020344072,2.151458835184439,2.151458835184439,0.0194191783161754,,,,gradient,500000.0,500000.0,499999.9253827501,100000.0,99999.9999999998,1960.784021108824,1.0,500.0,0.0,0.002,1.0
constrained thermal motion,mean_field_theory,mixed,0.0,500.0,10.0,1.0005646051117143,2.283463960464771,2.2834639604638607,0.0206300419641332,,,,gradient,500000.0,500000.0,499999.5538014266,100000.0,99999.99999999993,1960.7825639271632,1.0,500.0,0.0,0.002,1.0
constrained thermal motion,mean_field_theory,mixed,0.0,500.0,10.0,1.000596909231955,2.4156396692418314,2.415639669240921,0.0218470402375679,,,,gradient,500000.0,500000.0,499997.94330905547,100000.0,99999.99999999936,1960.7762482708056,1.0,500.0,0.0,0.002,1.0
constrained thermal motion,mean_field_theory,mixed,0.0,500.0,10.0,1.0006292143951636,2.547986181953243,2.547986181953243,0.0230704751756918,,,,gradient,500000.0,500000.0,499992.3481754373,100000.0,100000.0,1960.7543065703424,1.0,500.0,0.0,0.002,1.0
constrained thermal motion,mean_field_theory,mixed,0.0,500.0,10.0,1.0006615206013727,2.6805037193187164,2.6805037193187164,0.0243001217501076,,,,gradient,500000.0,500000.0,499976.1329484062,100000.0,99999.99999999948,1960.6907174447304,1.0,500.0,0.0,0.002,1.0
constrained thermal motion,mean_field_theory,mixed,0.0,500.0,10.0,1.0006938278506168,2.8131925023468174,2.8131925023468174,0.0255361794909647,,,,gradient,500000.0,500000.0,499935.8095015514,100000.0,99999.99999999948,1960.5325862805937,1.0,500.0,0.0,0.002,1.0
constrained thermal motion,mean_field_theory,mixed,0.0,500.0,10.0,1.000726136142929,2.9460527523271773,2.9460527523271773,0.0267787681701282,,,,gradient,500000.0,500000.0,499847.7996645251,100000.0,99999.99999999962,1960.1874496648045,1.0,500.0,0.0,0.002,1.0
constrained thermal motion,mean_field_theory,mixed,0.0,500.0,10.0,1.0007584454783431,3.07908469083904,3.07908469083904,0.0280271268509565,,,,gradient,500000.0,500000.0,499675.627326032,100000.0,99999.99999999956,1959.512264023655,1.0,500.0,0.0,0.002,1.0
constrained thermal motion,mean_field_theory,mixed,0.0,500.0,10.0,1.0007907558568931,3.212288539746999,3.212288539746999,0.0292799182960022,,,,gradient,500000.0,500000.0,499368.6877782103,100000.0,99999.99999999945,1958.3085795223935,1.0,500.0,0.0,0.002,1.0
constrained thermal motion,mean_field_theory,mixed,0.0,500.0,10.0,1.0008230672786125,3.34566452120153,3.34566452120153,0.0305351618858811,,,,gradient,500000.0,500000.0,498863.16057916253,100000.0,99999.99999999836,1956.3261199182843,1.0,500.0,0.0,0.002,1.0
constrained thermal motion,mean_field_theory,mixed,0.0,500.0,10.0,1.000855379743535,3.4792128576401016,3.479212857641012,0.0317898328136259,,,,gradient,500000.0,500000.0,498083.58499704394,100000.0,99999.9999999883,1953.2689607727216,1.0,500.0,0.0,0.002,1.0
constrained thermal motion,mean_field_theory,mixed,0.0,500.0,10.0,1.000887693251694,3.612933771790416,3.612933771790416,0.0330411575415496,,,,gradient,500000.0,500000.0,496951.0395642206,100000.0,99999.99999991777,1948.8276061341985,1.0,500.0,0.0,0.002,1.0
constrained thermal motion,mean_field_theory,mixed,0.0,500.0,10.0,1.0009200078031233,3.7468274866633737,3.7468274866633737,0.0342856379171048,,,,gradient,500000.0,500000.0,495387.22097217134,100000.0,99999.99999949826,1942.6949842045935,1.0,500.0,0.0,0.002,1.0
constrained thermal motion,mean_field_theory,mixed,0.0,500.0,10.0,1.000952323397857,3.880894225562681,3.880894225562681,0.0355194811872352,,,,gradient,500000.0,500000.0,493320.2484131791,100000.0,99999.99999738456,1934.5892094634476,1.0,500.0,0.0,0.002,1.0
constrained thermal motion,mean_field_theory,mixed,0.0,500.0,10.0,1.0009846400359284,4.015134212076887,4.015134212076887,0.0367388926266912,,,,gradient,500000.0,500000.0,490689.9141801847,100000.0,99999.999988141,1924.2741732556265,1.0,500.0,0.0,0.002,1.0
constrained thermal motion,mean_field_theory,mixed,0.0,500.0,10.0,1.001016957717371,4.149547670086262,4.1495476700853295,0.0379402190912392,,,,gradient,500000.0,500000.0,487450.58359396824,100000.0,99999.9999524564,1911.5709160547776,1.0,500.0,0.0,0.002,1.0
constrained thermal motion,mean_field_theory,mixed,0.0,500.0,10.0,1.0010492764422192,4.284134823757602,4.284134823757602,0.0391199759234135,,,,gradient,500000.0,500000.0,483570.1129763785,100000.0,99999.99982811822,1896.3533842210925,1.0,500.0,0.0,0.002,1.0
constrained thermal motion,mean_field_theory,mixed,0.0,500.0,10.0,1.0010815962105062,4.418895897551067,4.418895897551067,0.040275734499864,,,,gradient,500000.0,500000.0,479043.3701720134,100000.0,99999.9994393001,1878.6014516549549,1.0,500.0,0.0,0.002,1.0
constrained thermal motion,mean_field_theory,mixed,0.0,500.0,10.0,1.0011139170222656,4.553831116213192,4.553831116213192,0.0414053045045612,,,,gradient,500000.0,500000.0,473878.274373544,100000.0,99999.99833201394,1858.346174013898,1.0,500.0,0.0,0.002,1.0
constrained thermal motion,mean_field_theory,mixed,0.0,500.0,10.0,1.0011462388775312,4.688940704782785,4.688940704782785,0.0425071108981129,,,,gradient,500000.0,500000.0,468098.1294364199,100000.0,99999.99543319969,1835.6789389663527,1.0,500.0,0.0,0.002,1.0
constrained thermal motion,mean_field_theory,mixed,0.0,500.0,10.0,1.001178561776337,4.824224888589401,4.824224888590334,0.0435802056499255,,,,gradient,500000.0,500000.0,461739.1673233482,100000.0,99999.98839933104,1810.7418326405816,1.0,500.0,0.0,0.002,1.0
constrained thermal motion,mean_field_theory,mixed,0.0,500.0,10.0,1.001210885718716,4.959683893253852,4.959683893254785,0.0446241631343519,,,,gradient,500000.0,500000.0,454844.30440109706,100000.0,99999.97238951371,1783.703154514106,1.0,500.0,0.0,0.002,1.0
constrained thermal motion,mean_field_theory,mixed,0.0,500.0,10.0,1.0012432107047022,5.095317944687516,5.095317944687516,0.0456392715828721,,,,gradient,500000.0,500000.0,447466.4054953442,100000.0,99999.93806400604,1754.7702176288008,1.0,500.0,0.0,0.002,1.0
constrained thermal motion,mean_field_theory,mixed,0.0,500.0,10.0,1.0012755367343298,5.231127269095603,5.231127269095603,0.0466264805734691,,,,gradient,500000.0,500000.0,439668.4966545099,100000.0,99999.86880211713,1724.1901829588624,1.0,500.0,0.0,0.002,1.0
constrained thermal motion,mean_field_theory,mixed,0.0,500.0,10.0,1.0013078638076318,5.367112092972803,5.367112092972803,0.0475871091974114,,,,gradient,500000.0,500000.0,431511.562193187,100000.0,99999.73619954252,1692.2022046791649,1.0,500.0,0.0,0.002,1.0
constrained thermal motion,mean_field_theory,mixed,0.0,500.0,10.0,1.0013401919246423,5.503272643109303,5.503272643109303,0.0485229381965194,,,,gradient,500000.0,500000.0,423056.8432220418,100000.0,99999.49419562184,1659.046444008007,1.0,500.0,0.0,0.002,1.0
constrained thermal motion,mean_field_theory,mixed,0.0,500.0,10.0,1.0013725210853948,5.6396091465864995,5.6396091465864995,0.0494361664272706,,,,gradient,500000.0,500000.0,414364.2040408277,100000.0,99999.07141558218,1624.9576629052067,1.0,500.0,0.0,0.002,1.0
constrained thermal motion,mean_field_theory,mixed,0.0,500.0,10.0,1.0014048512899232,5.776121830781067,5.776121830781067,0.0503294790034129,,,,gradient,500000.0,500000.0,405485.9064318555,100000.0,99998.3574127566,1590.1408095366885,1.0,500.0,0.0,0.002,1.0
constrained thermal motion,mean_field_theory,mixed,0.0,500.0,10.0,1.001437182538261,5.912810923361667,5.912810923361667,0.0512058500769121,,,,gradient,500000.0,500000.0,396479.6111981699,100000.0,99997.19794213148,1554.822004698705,1.0,500.0,0.0,0.002,1.0
constrained thermal motion,mean_field_theory,mixed,0.0,500.0,10.0,1.001469514830442,6.049676652291125,6.049676652291125,0.0520684643314456,,,,gradient,500000.0,500000.0,387396.6675801052,100000.0,99995.38072447124,1519.202617961197,1.0,500.0,0.0,0.002,1.0
constrained thermal motion,mean_field_theory,mixed,0.0,500.0,10.0,1.0015018481665,6.1867192458287645,6.1867192458287645,0.0529207472868649,,,,gradient,500000.0,500000.0,378282.1230354968,100000.0,99992.62063334076,1483.459306021556,1.0,500.0,0.0,0.002,1.0
constrained thermal motion,mean_field_theory,mixed,0.0,500.0,10.0,1.0015341825464683,6.323938932526962,6.323938932526962,0.0537662820915078,,,,gradient,500000.0,500000.0,369176.33824128815,100000.0,99988.5477245808,1447.7503460442672,1.0,500.0,0.0,0.002,1.0
constrained thermal motion,mean_field_theory,mixed,0.0,500.0,10.0,1.001566517970381,6.461335941234392,6.461335941234392,0.0546087740961445,,,,gradient,500000.0,500000.0,360114.75759732985,100000.0,99982.6930362235,1412.2147356758032,1.0,500.0,0.0,0.002,1.0
constrained thermal motion,mean_field_theory,mixed,0.0,500.0,10.0,1.0015988544382717,6.598910501095423,6.598910501095423,0.0554526350621914,,,,gradient,500000.0,500000.0,351124.9944708965,100000.0,99974.43276044288,1376.9607626309669,1.0,500.0,0.0,0.002,1.0
constrained thermal motion,mean_field_theory,mixed,0.0,500.0,10.0,1.001631191950174,6.736662841550567,6.736662841549634,0.0563009372341633,,,,gradient,500000.0,500000.0,342238.5157542443,100000.0,99963.09765472027,1342.1118264872323,1.0,500.0,0.0,0.002,1.0
constrained thermal motion,mean_field_theory,mixed,0.0,500.0,10.0,1.001663530506122,6.874593192335898,6.874593192335898,0.0571571122765674,,,,gradient,500000.0,500000.0,333478.1093146704,100000.0,99947.87016379336,1307.75729143008,1.0,500.0,0.0,0.002,1.0
constrained thermal motion,mean_field_theory,mixed,0.0,500.0,10.0,1.0016958701061487,7.012701783485231,7.012701783485231,0.0580243294106668,,,,gradient,500000.0,500000.0,324862.8466514927,100000.0,99927.81187783505,1273.9719476529126,1.0,500.0,0.0,0.002,1.0
constrained thermal motion,mean_field_theory,mixed,0.0,500.0,10.0,1.0017282107502885,7.1509888453306525,7.1509888453306525,0.0589054138762695,,,,gradient,500000.0,500000.0,316408.41839511896,100000.0,99901.8670881058,1240.817327039682,1.0,500.0,0.0,0.002,1.0
constrained thermal motion,mean_field_theory,mixed,0.0,500.0,10.0,1.0017605524385749,7.28945460849999,7.28945460849999,0.0598033396190613,,,,gradient,500000.0,500000.0,308126.7141399765,100000.0,99868.80299774092,1208.3400554508885,1.0,500.0,0.0,0.002,1.0
constrained thermal motion,mean_field_theory,mixed,0.0,500.0,10.0,1.0017928951710413,7.428099303919056,7.428099303919056,0.0607206589416684,,,,gradient,500000.0,500000.0,300027.525182271,100000.0,99827.25451210076,1176.578530126553,1.0,500.0,0.0,0.002,1.0
constrained thermal motion,mean_field_theory,mixed,0.0,500.0,10.0,1.0018252389477216,7.566923162813066,7.566923162813066,0.0616578801388734,,,,gradient,500000.0,500000.0,292119.86981892807,100000.0,99775.96059929332,1145.5681169369727,1.0,500.0,0.0,0.002,1.0
constrained thermal motion,mean_field_theory,mixed,0.0,500.0,10.0,1.00185758376865,7.705926416707887,7.7059264167088415,0.062615866285334,,,,gradient,500000.0,500000.0,284409.1184463156,100000.0,99713.49853355344,1115.3298762600612,1.0,500.0,0.0,0.002,1.0
constrained thermal motion,mean_field_theory,mixed,0.0,500.0,10.0,1.0018899296338593,7.845109297423858,7.845109297423858,0.0635949292403887,,,,gradient,500000.0,500000.0,276898.81362202944,100000.0,99638.40206115034,1085.8777004785468,1.0,500.0,0.0,0.002,1.0
constrained thermal motion,mean_field_theory,mixed,0.0,500.0,10.0,1.0019222765433835,7.984472037084656,7.984472037083701,0.0645948420943036,,,,gradient,500000.0,500000.0,269590.9210342836,100000.0,99549.18373403233,1057.2192981736612,1.0,500.0,0.0,0.002,1.0
constrained thermal motion,mean_field_theory,mixed,0.0,500.0,10.0,1.0019546244972573,8.12401486811396,8.12401486811396,0.0656164549092201,,,,gradient,500000.0,500000.0,262485.7900049258,100000.0,99444.02743128134,1029.3560392350032,1.0,500.0,0.0,0.002,1.0
constrained thermal motion,mean_field_theory,mixed,0.0,500.0,10.0,1.0019869734955131,8.263738023232857,8.263738023232857,0.066657902917259,,,,gradient,500000.0,500000.0,255583.35539314803,100000.0,99321.54237283804,1002.2876682084236,1.0,500.0,0.0,0.002,1.0
constrained thermal motion,mean_field_theory,mixed,0.0,500.0,10.0,1.0020193235381851,8.403641735466106,8.40364173546515,0.0677167883319501,,,,gradient,500000.0,500000.0,248882.2730657069,100000.0,99180.45264165405,976.0089139831642,1.0,500.0,0.0,0.002,1.0
constrained thermal motion,mean_field_theory,mixed,0.0,500.0,10.0,1.0020516746253074,8.543726238137639,8.543726238137639,0.0687911021574374,,,,gradient,500000.0,500000.0,242380.1982017604,100000.0,99019.40972764154,950.510581183374,1.0,500.0,0.0,0.002,1.0
constrained thermal motion,mean_field_theory,mixed,0.0,500.0,10.0,1.002084026756913,8.683991764873845,8.683991764873845,0.069878547493692,,,,gradient,500000.0,500000.0,236074.1276420558,100000.0,98837.15490515024,925.7808927139444,1.0,500.0,0.0,0.002,1.0
constrained thermal motion,mean_field_theory,mixed,0.0,500.0,10.0,1.0021163799330364,8.824438549603997,8.824438549603997,0.0709766079103479,,,,gradient,500000.0,500000.0,229960.5235282063,100000.0,98632.53619906888,901.805974620417,1.0,500.0,0.0,0.002,1.0
constrained thermal motion,mean_field_theory,mixed,0.0,500.0,10.0,1.0021487341537108,8.965066826557688,8.965066826557688,0.0720853493279968,,,,gradient,500000.0,500000.0,224036.03497297803,100000.0,98403.63753877109,878.5726861685413,1.0,500.0,0.0,0.002,1.0
constrained thermal motion,mean_field_theory,mixed,0.0,500.0,10.0,1.00218108941897,9.105876830268244,9.105876830268244,0.0731993708598633,,,,gradient,500000.0,500000.0,218295.9723116024,100000.0,98150.30427265416,856.0626365160879,1.0,500.0,0.0,0.002,1.0
constrained thermal motion,mean_field_theory,mixed,0.0,500.0,10.0,1.002213445728848,9.246868795571949,9.246868795572926,0.0743158058740503,,,,gradient,500000.0,500000.0,212735.73941845493,100000.0,97871.8002957184,834.2578016409998,1.0,500.0,0.0,0.002,1.0
constrained thermal motion,mean_field_theory,mixed,0.0,500.0,10.0,1.002245803083378,9.388042957607666,9.388042957608643,0.0754318672806024,,,,gradient,500000.0,500000.0,207350.56783996604,100000.0,97567.52294827136,813.139481725357,1.0,500.0,0.0,0.002,1.0
constrained thermal motion,mean_field_theory,mixed,0.0,500.0,10.0,1.002278161482594,9.529399551820015,9.529399551820015,0.0765448415463095,,,,gradient,500000.0,500000.0,202135.56553401664,100000.0,97237.02191581206,792.6884922902614,1.0,500.0,0.0,0.002,1.0
constrained thermal motion,mean_field_theory,mixed,0.0,500.0,10.0,1.00231052092653,9.670938813956887,9.670938813956887,0.0776529527699199,,,,gradient,500000.0,500000.0,197086.0926280628,100000.0,96879.63936264862,772.886637757109,1.0,500.0,0.0,0.002,1.0
constrained thermal motion,mean_field_theory,mixed,0.0,500.0,10.0,1.002342881415219,9.812660980069875,9.812660980068898,0.0787548903541245,,,,gradient,500000.0,500000.0,192197.6889257569,100000.0,96494.64989093818,753.716427159831,1.0,500.0,0.0,0.002,1.0
constrained thermal motion,mean_field_theory,mixed,0.0,500.0,10.0,1.0023752429486958,9.954566286516542,9.954566286516542,0.0798463328291259,,,,gradient,500000.0,500000.0,187464.5891386681,100000.0,96082.90157777684,735.1552515241884,1.0,500.0,0.0,0.002,1.0
constrained thermal motion,mean_field_theory,mixed,0.0,500.0,10.0,1.0024076055269937,10.09665496996086,10.096654969961838,0.0809251626196467,,,,gradient,500000.0,500000.0,182881.8079672823,100000.0,95644.54818108073,717.183560656009,1.0,500.0,0.0,0.002,1.0
constrained thermal motion,mean_field_theory,mixed,0.0,500.0,10.0,1.0024399691501458,10.238927267370702,10.238927267370702,0.0819894611392209,,,,gradient,500000.0,500000.0,178444.41732009596,100000.0,95179.87836091626,699.7820287062586,1.0,500.0,0.0,0.002,1.0
constrained thermal motion,mean_field_theory,mixed,0.0,500.0,10.0,1.0024723338181865,10.381383416021103,10.381383416021103,0.0830375142496648,,,,gradient,500000.0,500000.0,174147.5654864067,100000.0,94689.30704758195,682.9316293584577,1.0,500.0,0.0,0.002,1.0
constrained thermal motion,mean_field_theory,mixed,0.0,500.0,10.0,1.0025046995311493,10.52402365349372,10.52402365349372,0.0840694090281282,,,,gradient,500000.0,500000.0,169987.3411798407,100000.0,94172.45550764773,666.6170242346694,1.0,500.0,0.0,0.002,1.0
constrained thermal motion,mean_field_theory,mixed,0.0,500.0,10.0,1.002537066289068,10.666848217677206,10.666848217677206,0.0850832231128603,,,,gradient,500000.0,500000.0,165958.82773570466,100000.0,93630.23539376144,650.818932296881,1.0,500.0,0.0,0.002,1.0
constrained thermal motion,mean_field_theory,mixed,0.0,500.0,10.0,1.0025694340919764,10.809857346767672,10.809857346767672,0.0860767806881964,,,,gradient,500000.0,500000.0,162056.92185094138,100000.0,93063.9801736989,635.517340591927,1.0,500.0,0.0,0.002,1.0
constrained thermal motion,mean_field_theory,mixed,0.0,500.0,10.0,1.0026018029399082,10.953051279268957,10.953051279268957,0.0870491601716952,,,,gradient,500000.0,500000.0,158277.19009347048,100000.0,92474.52149069436,620.6948631116489,1.0,500.0,0.0,0.002,1.0
constrained thermal motion,mean_field_theory,mixed,0.0,500.0,10.0,1.0026341728328971,11.096430253993184,11.096430253993184,0.0879996187718836,,,,gradient,500000.0,500000.0,154615.32578053456,100000.0,91862.7647195063,606.3346109040571,1.0,500.0,0.0,0.002,1.0
constrained thermal motion,mean_field_theory,mixed,0.0,500.0,10.0,1.0026665437709767,11.239994510060036,11.239994510060036,0.0889275805160242,,,,gradient,500000.0,500000.0,151067.15219076278,100000.0,91229.67811890168,592.4202046696579,1.0,500.0,0.0,0.002,1.0
constrained thermal motion,mean_field_theory,mixed,0.0,500.0,10.0,1.002698915754181,11.383744286900166,11.383744286900166,0.0898348182261995,,,,gradient,500000.0,500000.0,147630.0009048469,100000.0,90574.8074625176,578.9411800190074,1.0,500.0,0.0,0.002,1.0
constrained thermal motion,mean_field_theory,mixed,0.0,500.0,10.0,1.0027312887825437,11.527679824252646,11.527679824252646,0.0907189830315619,,,,gradient,500000.0,500000.0,144298.70493377655,100000.0,89900.5598710148,565.8772742501042,1.0,500.0,0.0,0.002,1.0
constrained thermal motion,mean_field_theory,mixed,0.0,500.0,10.0,1.0027636628560983,11.671801362166368,11.67180136216539,0.0915797239904392,,,,gradient,500000.0,500000.0,141069.35176831498,100000.0,89208.17580249967,553.2131441894705,1.0,500.0,0.0,0.002,1.0
constrained thermal motion,mean_field_theory,mixed,0.0,500.0,10.0,1.002796037974879,11.81610914099942,11.81610914099942,0.0924170089653466,,,,gradient,500000.0,500000.0,137938.28634345293,100000.0,88498.78408196985,540.934456248835,1.0,500.0,0.0,0.002,1.0
constrained thermal motion,mean_field_theory,mixed,0.0,500.0,10.0,1.0028284141389192,11.960603401422444,11.960603401422444,0.0932309082232909,,,,gradient,500000.0,500000.0,134901.98364350302,100000.0,87773.52788325159,529.0273868372667,1.0,500.0,0.0,0.002,1.0
constrained thermal motion,mean_field_theory,mixed,0.0,500.0,10.0,1.0028607913482526,12.10528438441516,12.10528438441516,0.0940220930047657,,,,gradient,500000.0,500000.0,131957.3923801928,100000.0,87033.19491160769,517.4799701184031,1.0,500.0,0.0,0.002,1.0
constrained thermal motion,mean_field_theory,mixed,0.0,500.0,10.0,1.002893169602913,12.25015233127058,12.25015233127058,0.0947919654126188,,,,gradient,500000.0,500000.0,129102.03675189114,100000.0,86278.11019482676,506.2824970662397,1.0,500.0,0.0,0.002,1.0
constrained thermal motion,mean_field_theory,mixed,0.0,500.0,10.0,1.0029255489029345,12.395207483592618,12.395207483592618,0.095539108847635,,,,gradient,500000.0,500000.0,126331.59783567698,100000.0,85510.64694960666,495.418030728145,1.0,500.0,0.0,0.002,1.0
constrained thermal motion,mean_field_theory,mixed,0.0,500.0,10.0,1.0029579292483504,12.540450083296362,12.540450083296362,0.0962638951807212,,,,gradient,500000.0,500000.0,123643.04060579363,100000.0,84731.941438021,484.874669042328,1.0,500.0,0.0,0.002,1.0
constrained thermal motion,mean_field_theory,mixed,0.0,500.0,10.0,1.0029903106391944,12.685880372610514,12.685880372610514,0.096966744727355,,,,gradient,500000.0,500000.0,121033.44561616224,100000.0,83943.11138336115,474.6409632006363,1.0,500.0,0.0,0.002,1.0
constrained thermal motion,mean_field_theory,mixed,0.0,500.0,10.0,1.0030226930755008,12.831498594078772,12.831498594078772,0.0976481177802133,,,,gradient,500000.0,500000.0,118500.00535149926,100000.0,83145.25156879889,464.7059033392128,1.0,500.0,0.0,0.002,1.0
constrained thermal motion,mean_field_theory,mixed,0.0,500.0,10.0,1.003055076557303,12.977304990554272,12.977304990554272,0.098309641587163,,,,gradient,500000.0,500000.0,116040.80690742808,100000.0,82338.65718472101,455.06198787226697,1.0,500.0,0.0,0.002,1.0
constrained thermal motion,mean_field_theory,mixed,0.0,500.0,10.0,1.0030874610846343,13.12329980520599,13.12329980520499,0.0989516256755379,,,,gradient,500000.0,500000.0,113653.09854159006,100000.0,81524.54454450552,445.6984256532943,1.0,500.0,0.0,0.002,1.0
constrained thermal motion,mean_field_theory,mixed,0.0,500.0,10.0,1.0031198466575295,13.269483281518069,13.269483281518069,0.0995736599608048,,,,gradient,500000.0,500000.0,111333.72108533756,100000.0,80704.58165109629,436.60282778563754,1.0,500.0,0.0,0.002,1.0
constrained thermal motion,mean_field_theory,mixed,0.0,500.0,10.0,1.0031522332760217,13.41585566328838,13.41585566328838,0.100176301577529,,,,gradient,500000.0,500000.0,109080.2765103138,100000.0,79879.74195686333,427.7657902365248,1.0,500.0,0.0,0.002,1.0
constrained thermal motion,mean_field_theory,mixed,0.0,500.0,10.0,1.0031846209401447,13.56241719462976,13.56241719462976,0.1007601162316533,,,,gradient,500000.0,500000.0,106890.46047311496,100000.0,79050.96172627345,419.1782763651567,1.0,500.0,0.0,0.002,1.0
constrained thermal motion,mean_field_theory,mixed,0.0,500.0,10.0,1.0032170096499322,13.709168119969515,13.709168119969515,0.1013256739361299,,,,gradient,500000.0,500000.0,104762.05870102088,100000.0,78219.13877473821,410.8316027491015,1.0,500.0,0.0,0.002,1.0
constrained thermal motion,mean_field_theory,mixed,0.0,500.0,10.0,1.003249399405418,13.856108684052847,13.856108684051849,0.1018752888605534,,,,gradient,500000.0,500000.0,102694.10886758628,100000.0,77384.10215558263,402.7219955591619,1.0,500.0,0.0,0.002,1.0
constrained thermal motion,mean_field_theory,mixed,0.0,500.0,10.0,1.0032817902066362,14.003239131940193,14.003239131940193,0.102408064368242,,,,gradient,500000.0,500000.0,100683.5530506739,100000.0,76547.60430091522,394.8374629438192,1.0,500.0,0.0,0.002,1.0
constrained thermal motion,mean_field_theory,mixed,0.0,500.0,10.0,1.0033141820536202,14.150559709008624,14.150559709008624,0.1029242863790172,,,,gradient,500000.0,500000.0,98728.2355974786,100000.0,75710.59551372712,387.16955136266114,1.0,500.0,0.0,0.002,1.0
constrained thermal motion,mean_field_theory,mixed,0.0,500.0,10.0,1.0033465749464037,14.298070660951367,14.298070660951367,0.1034245145011544,,,,gradient,500000.0,500000.0,96826.26823384048,100000.0,74873.8142619581,379.7108558189823,1.0,500.0,0.0,0.002,1.0
constrained thermal motion,mean_field_theory,mixed,0.0,500.0,10.0,1.0033789688850208,14.445772233782115,14.445772233782115,0.1039092983952517,,,,gradient,500000.0,500000.0,94975.83624133076,100000.0,74037.95877886939,372.4542597699245,1.0,500.0,0.0,0.002,1.0
constrained thermal motion,mean_field_theory,mixed,0.0,500.0,10.0,1.003411363869505,14.593664673829457,14.593664673829457,0.104379537080591,,,,gradient,500000.0,500000.0,93175.42224378542,100000.0,73203.51176932477,365.3938127207271,1.0,500.0,0.0,0.002,1.0
constrained thermal motion,mean_field_theory,mixed,0.0,500.0,10.0,1.0034437598998902,14.741748227741304,14.741748227741304,0.1048370684478029,,,,gradient,500000.0,500000.0,91424.14687501396,100000.0,72370.50206914515,358.52606617652526,1.0,500.0,0.0,0.002,1.0
constrained thermal motion,mean_field_theory,mixed,0.0,500.0,10.0,1.00347615697621,14.890023142484242,14.890023142484242,0.1052807456928678,,,,gradient,500000.0,500000.0,89719.33573386865,100000.0,71540.35301786374,351.840532289681,1.0,500.0,0.0,0.002,1.0
constrained thermal motion,mean_field_theory,mixed,0.0,500.0,10.0,1.0035085550984983,15.038489665344112,15.038489665344112,0.1057110687377118,,,,gradient,500000.0,500000.0,88059.43964197359,100000.0,70713.60728440787,345.3311358508768,1.0,500.0,0.0,0.002,1.0
constrained thermal motion,mean_field_theory,mixed,0.0,500.0,10.0,1.003540954266789,15.18714804392718,15.18714804392718,0.1061285218156169,,,,gradient,500000.0,500000.0,86442.96901216824,100000.0,69890.77108808844,338.99203534183624,1.0,500.0,0.0,0.002,1.0
constrained thermal motion,mean_field_theory,mixed,0.0,500.0,10.0,1.0035733544811158,15.33599852615879,15.33599852615879,0.1065335730469154,,,,gradient,500000.0,500000.0,84868.49135582689,100000.0,69072.31536521012,332.81761316010545,1.0,500.0,0.0,0.002,1.0
constrained thermal motion,mean_field_theory,mixed,0.0,500.0,10.0,1.0036057557415123,15.485041360283525,15.485041360283525,0.1069277043181756,,,,gradient,500000.0,500000.0,83335.21130936919,100000.0,68258.30825666609,326.80475023282037,1.0,500.0,0.0,0.002,1.0
constrained thermal motion,mean_field_theory,mixed,0.0,500.0,10.0,1.0036381580480125,15.634276794867862,15.634276794868883,0.1073113868800517,,,,gradient,500000.0,500000.0,81841.78494854519,100000.0,67449.20097192598,320.9481762688047,1.0,500.0,0.0,0.002,1.0
constrained thermal motion,mean_field_theory,mixed,0.0,500.0,10.0,1.0036705614006496,15.78370507880047,15.78370507880047,0.1076840018719508,,,,gradient,500000.0,500000.0,80386.33686432306,100000.0,66645.75672428492,315.24053672283554,1.0,500.0,0.0,0.002,1.0
constrained thermal motion,mean_field_theory,mixed,0.0,500.0,10.0,1.0037029657994585,15.933326461291664,15.933326461292683,0.1080459538961108,,,,gradient,500000.0,500000.0,78967.64087149837,100000.0,65848.31575142613,309.6770230254838,1.0,500.0,0.0,0.002,1.0
constrained thermal motion,mean_field_theory,mixed,0.0,500.0,10.0,1.0037353712444717,16.083141191870666,16.083141191870666,0.1083976310181248,,,,gradient,500000.0,500000.0,77584.51695316094,100000.0,65057.18937614257,304.2530076594547,1.0,500.0,0.0,0.002,1.0
constrained thermal motion,mean_field_theory,mixed,0.0,500.0,10.0,1.0037677777357237,16.233149520392274,16.233149520392274,0.1087394050069111,,,,gradient,500000.0,500000.0,76235.82933986747,100000.0,64272.661355436394,298.96403662693126,1.0,500.0,0.0,0.002,1.0
constrained thermal motion,mean_field_theory,mixed,0.0,500.0,10.0,1.0038001852732483,16.383351697034154,16.383351697034154,0.1090733932658113,,,,gradient,500000.0,500000.0,74921.3642919402,100000.0,63494.56540597211,293.80927173309885,1.0,500.0,0.0,0.002,1.0
constrained thermal motion,mean_field_theory,mixed,0.0,500.0,10.0,1.0038325938570791,16.53374797229519,16.53374797229519,0.1093986064485503,,,,gradient,500000.0,500000.0,73639.357866289,100000.0,62723.5176911339,288.78179555407456,1.0,500.0,0.0,0.002,1.0
constrained thermal motion,mean_field_theory,mixed,0.0,500.0,10.0,1.00386500348725,16.684338597000004,16.684338597000004,0.1097149750452877,,,,gradient,500000.0,500000.0,72388.59454328485,100000.0,61959.82665478954,283.8768413462151,1.0,500.0,0.0,0.002,1.0
constrained thermal motion,mean_field_theory,mixed,0.0,500.0,10.0,1.0038974141637946,16.83512382229535,16.83512382229535,0.1100228107883106,,,,gradient,500000.0,500000.0,71168.09885078107,100000.0,61203.676449123544,279.0905837285532,1.0,500.0,0.0,0.002,1.0
constrained thermal motion,mean_field_theory,mixed,0.0,500.0,10.0,1.0039298258867468,16.98610389965449,16.98610389965449,0.1103224108560321,,,,gradient,500000.0,500000.0,69976.9311610719,100000.0,60455.2301166162,274.4193378865565,1.0,500.0,0.0,0.002,1.0
constrained thermal motion,mean_field_theory,mixed,0.0,500.0,10.0,1.0039622386561404,17.137279080874677,17.137279080874677,0.1106143624725997,,,,gradient,500000.0,500000.0,68814.32249722639,100000.0,59714.58311658417,269.8600882244172,1.0,500.0,0.0,0.002,1.0
constrained thermal motion,mean_field_theory,mixed,0.0,500.0,10.0,1.0039946524720091,17.288649618078544,17.288649618078544,0.1109005988797377,,,,gradient,500000.0,500000.0,67680.11745467967,100000.0,58981.63273501738,265.4122253124693,1.0,500.0,0.0,0.002,1.0
constrained thermal motion,mean_field_theory,mixed,0.0,500.0,10.0,1.0040270673343867,17.440215763714484,17.440215763714484,0.111179451236149,,,,gradient,500000.0,500000.0,66572.59122632383,100000.0,58256.81164507993,261.0689852012699,1.0,500.0,0.0,0.002,1.0
constrained thermal motion,mean_field_theory,mixed,0.0,500.0,10.0,1.0040594832433072,17.59197777055821,17.59197777055821,0.1114511645760914,,,,gradient,500000.0,500000.0,65490.934389939925,100000.0,57540.20766417924,256.8271936860389,1.0,500.0,0.0,0.002,1.0
constrained thermal motion,mean_field_theory,mixed,0.0,500.0,10.0,1.0040919001988042,17.743935891710947,17.743935891710947,0.1117159716629242,,,,gradient,500000.0,500000.0,64434.36663833292,100000.0,56831.89317949724,252.68379073856048,1.0,500.0,0.0,0.002,1.0
constrained thermal motion,mean_field_theory,mixed,0.0,500.0,10.0,1.0041243182009114,17.89609038060007,17.89609038060007,0.111974093469401,,,,gradient,500000.0,500000.0,63402.1356059698,100000.0,56131.92615210674,248.6358259057639,1.0,500.0,0.0,0.002,1.0
constrained thermal motion,mean_field_theory,mixed,0.0,500.0,10.0,1.0041567372496627,18.04844149098239,18.04844149098239,0.1122268212739649,,,,gradient,500000.0,500000.0,62393.93863171228,100000.0,55440.266410688506,244.68211228122465,1.0,500.0,0.0,0.002,1.0
constrained thermal motion,mean_field_theory,mixed,0.0,500.0,10.0,1.0041891573450918,18.20098947694169,18.20098947694169,0.1124745944942321,,,,gradient,500000.0,500000.0,61409.13593127544,100000.0,54756.96079132729,240.82014090696256,1.0,500.0,0.0,0.002,1.0
constrained thermal motion,mean_field_theory,mixed,0.0,500.0,10.0,1.0042215784872328,18.35373459289109,18.35373459289109,0.1127163271090997,,,,gradient,500000.0,500000.0,60446.541743636626,100000.0,54082.140104211234,237.04526173975148,1.0,500.0,0.0,0.002,1.0
constrained thermal motion,mean_field_theory,mixed,0.0,500.0,10.0,1.0042540006761191,18.506677093570342,18.506677093570342,0.1129521987455707,,,,gradient,500000.0,500000.0,59505.505542203115,100000.0,53415.811528667546,233.35492369491416,1.0,500.0,0.0,0.002,1.0
constrained thermal motion,mean_field_theory,mixed,0.0,500.0,10.0,1.0042864239117848,18.659817234050593,18.659817234050593,0.1131823795022138,,,,gradient,500000.0,500000.0,58585.39958169123,100000.0,52757.972248149745,229.74666502624012,1.0,500.0,0.0,0.002,1.0
constrained thermal motion,mean_field_theory,mixed,0.0,500.0,10.0,1.0043188481942635,18.813155269731396,18.813155269731396,0.1134070303597808,,,,gradient,500000.0,500000.0,57685.617998627225,100000.0,52108.610197627255,226.21810979853817,1.0,500.0,0.0,0.002,1.0
constrained thermal motion,mean_field_theory,mixed,0.0,500.0,10.0,1.004351273523589,18.96669145634245,18.96669145634245,0.1136282516716068,,,,gradient,500000.0,500000.0,56806.240766112096,100000.0,51467.66614733427,222.76957163181217,1.0,500.0,0.0,0.002,1.0
constrained thermal motion,mean_field_theory,mixed,0.0,500.0,10.0,1.0043836998997957,19.12042604994493,19.12042604994597,0.1138448381676545,,,,gradient,500000.0,500000.0,55946.20478984651,100000.0,50835.168964176446,219.39688152880984,1.0,500.0,0.0,0.002,1.0
constrained thermal motion,mean_field_theory,mixed,0.0,500.0,10.0,1.0044161273229162,19.27435930692878,19.27435930692878,0.1140563785464096,,,,gradient,500000.0,500000.0,55104.77368785169,100000.0,50211.095772508415,216.09715171706543,1.0,500.0,0.0,0.002,1.0
constrained thermal motion,mean_field_theory,mixed,0.0,500.0,10.0,1.004448555792985,19.42849148401635,19.42849148401635,0.1142630023127632,,,,gradient,500000.0,500000.0,54281.42160977048,100000.0,49595.40229423709,212.8683200383156,1.0,500.0,0.0,0.002,1.0
constrained thermal motion,mean_field_theory,mixed,0.0,500.0,10.0,1.004480985310036,19.582822838263823,19.582822838263823,0.1144648317899505,,,,gradient,500000.0,500000.0,53475.64061510501,100000.0,48988.03823735317,209.70839456903929,1.0,500.0,0.0,0.002,1.0
constrained thermal motion,mean_field_theory,mixed,0.0,500.0,10.0,1.004513415874103,19.737353627056375,19.737353627056375,0.1146622487790452,,,,gradient,500000.0,500000.0,52687.0215096818,100000.0,48388.952400551665,206.61577062620313,1.0,500.0,0.0,0.002,1.0
constrained thermal motion,mean_field_theory,mixed,0.0,500.0,10.0,1.0045458474852196,19.892084108113917,19.892084108113917,0.114857473360084,,,,gradient,500000.0,500000.0,51915.714718639545,100000.0,47798.1344372257,203.5910381123119,1.0,500.0,0.0,0.002,1.0
constrained thermal motion,mean_field_theory,mixed,0.0,500.0,10.0,1.0045782801434195,20.047014539487297,20.047014539487297,0.1150482842248762,,,,gradient,500000.0,500000.0,51160.53312212782,100000.0,47215.489410928734,200.6295416554032,1.0,500.0,0.0,0.002,1.0
constrained thermal motion,mean_field_theory,mixed,0.0,500.0,10.0,1.004610713848737,20.202145179563935,20.202145179563935,0.1152347791028951,,,,gradient,500000.0,500000.0,50421.03444747354,100000.0,46640.94628052073,197.72954685283744,1.0,500.0,0.0,0.002,1.0
constrained thermal motion,mean_field_theory,mixed,0.0,500.0,10.0,1.0046431486012053,20.357476287060948,20.357476287060948,0.1154170501377302,,,,gradient,500000.0,500000.0,49696.79112835404,100000.0,46074.43038753247,194.8893769739374,1.0,500.0,0.0,0.002,1.0
constrained thermal motion,mean_field_theory,mixed,0.0,500.0,10.0,1.0046755844008588,20.513008121035114,20.513008121035114,0.1155951841483904,,,,gradient,500000.0,500000.0,48987.38974588386,100000.0,45515.86383545312,192.107410768172,1.0,500.0,0.0,0.002,1.0
constrained thermal motion,mean_field_theory,mixed,0.0,500.0,10.0,1.0047080212477308,20.66874094087261,20.66874094087261,0.11577043767763,,,,gradient,500000.0,500000.0,48292.74631813816,100000.0,44965.22210485952,189.38331889465945,1.0,500.0,0.0,0.002,1.0
constrained thermal motion,mean_field_theory,mixed,0.0,500.0,10.0,1.0047404591418554,20.82467500629801,20.82467500629801,0.1159433342325774,,,,gradient,500000.0,500000.0,47612.56883082629,100000.0,44422.455419895494,186.7159561993188,1.0,500.0,0.0,0.002,1.0
constrained thermal motion,mean_field_theory,mixed,0.0,500.0,10.0,1.0047728980832662,20.980810577370423,20.980810577370423,0.1161123805552966,,,,gradient,500000.0,500000.0,46946.05238592707,100000.0,43887.406973460245,184.10216621932187,1.0,500.0,0.0,0.002,1.0
constrained thermal motion,mean_field_theory,mixed,0.0,500.0,10.0,1.0048053380719972,21.13714791448611,21.13714791448611,0.1162776454908245,,,,gradient,500000.0,500000.0,46292.83560231003,100000.0,43359.98790400574,181.54053177376483,1.0,500.0,0.0,0.002,1.0
constrained thermal motion,mean_field_theory,mixed,0.0,500.0,10.0,1.0048377791080825,21.293687278376726,21.293687278377817,0.1164391938218384,,,,gradient,500000.0,500000.0,45652.56876258599,100000.0,42840.10772114417,179.02968142190582,1.0,500.0,0.0,0.002,1.0
constrained thermal motion,mean_field_theory,mixed,0.0,500.0,10.0,1.004870221191555,21.45042893011091,21.45042893011091,0.1165970864428021,,,,gradient,500000.0,500000.0,45024.91337949822,100000.0,42327.67455188673,176.56828776273812,1.0,500.0,0.0,0.002,1.0
constrained thermal motion,mean_field_theory,mixed,0.0,500.0,10.0,1.0049026643224492,21.607373131094597,21.607373131094597,0.1167535608064538,,,,gradient,500000.0,500000.0,44410.05888759223,100000.0,41822.74434644192,174.1570936768323,1.0,500.0,0.0,0.002,1.0
constrained thermal motion,mean_field_theory,mixed,0.0,500.0,10.0,1.004935108500799,21.76452014307264,21.76452014307264,0.1169072612629207,,,,gradient,500000.0,500000.0,43807.32568310707,100000.0,41325.13579717698,171.79343405140028,1.0,500.0,0.0,0.002,1.0
constrained thermal motion,mean_field_theory,mixed,0.0,500.0,10.0,1.0049675537266378,21.92187022812697,21.92187022812697,0.1170575247176781,,,,gradient,500000.0,500000.0,43216.23366804493,100000.0,40834.70565844336,169.4754261491958,1.0,500.0,0.0,0.002,1.0
constrained thermal motion,mean_field_theory,mixed,0.0,500.0,10.0,1.005,22.079423648679388,22.079423648679388,0.1172043991102477,,,,gradient,500000.0,500000.0,42636.48579548455,100000.0,40351.357602837954,167.20190508033156,1.0,500.0,0.0,0.002,1.0
constrained thermal motion,mean_field_theory,mixed,10.0,500.0,10.0,1.0,0.0,1.0,0.0,,,,zero_gradient_control,200000.0,200000.0,199999.99982999155,100000.0,99999.999999998,0.0,0.889020898621993,562.4164749951478,10.0,0.002,1.0
constrained thermal motion,mean_field_theory,mixed,10.0,500.0,10.0,1.0005,2.0196240732495596,2.0196240732495596,0.0157113143907093,,,,gradient,500000.0,500000.0,499999.9985820259,100000.0,100000.0,1960.7843081648073,0.889020898621993,562.4164749951478,10.0,0.002,1.0
constrained thermal motion,mean_field_theory,mixed,10.0,500.0,10.0,1.0005323020344072,2.151458835184439,2.151458835184439,0.016747479522204,,,,gradient,500000.0,500000.0,499999.98540861206,100000.0,99999.99999999968,1960.784256504361,0.889020898621993,562.4164749951478,10.0,0.002,1.0
constrained thermal motion,mean_field_theory,mixed,10.0,500.0,10.0,1.0005646051117143,2.283463960464771,2.2834639604638607,0.0177881944333919,,,,gradient,500000.0,500000.0,499999.8945323869,100000.0,99999.99999999968,1960.7839001270072,0.889020898621993,562.4164749951478,10.0,0.002,1.0
constrained thermal motion,mean_field_theory,mixed,10.0,500.0,10.0,1.000596909231955,2.4156396692418314,2.415639669240921,0.0188336759264532,,,,gradient,500000.0,500000.0,499999.4286508072,100000.0,99999.99999999996,1960.7820731404208,0.889020898621993,562.4164749951478,10.0,0.002,1.0
constrained thermal motion,mean_field_theory,mixed,10.0,500.0,10.0,1.0006292143951636,2.547986181953243,2.547986181953243,0.0198841487509267,,,,gradient,500000.0,500000.0,499997.5593162838,100000.0,99999.99999999968,1960.7747424167992,0.889020898621993,562.4164749951478,10.0,0.002,1.0
constrained thermal motion,mean_field_theory,mixed,10.0,500.0,10.0,1.0006615206013727,2.6805037193187164,2.6805037193187164,0.0209390216729209,,,,gradient,500000.0,500000.0,499991.4259105742,100000.0,99999.99999999936,1960.7506898453892,0.889020898621993,562.4164749951478,10.0,0.002,1.0
constrained thermal motion,mean_field_theory,mixed,10.0,500.0,10.0,1.0006938278506168,2.8131925023468174,2.8131925023468174,0.0219986734945577,,,,gradient,500000.0,500000.0,499974.4463692085,100000.0,99999.9999999994,1960.6841034086608,0.889020898621993,562.4164749951478,10.0,0.002,1.0
constrained thermal motion,mean_field_theory,mixed,10.0,500.0,10.0,1.000726136142929,2.9460527523271773,2.9460527523271773,0.0230638125151654,,,,gradient,500000.0,500000.0,499933.7788667817,100000.0,99999.99999999984,1960.524623006987,0.889020898621993,562.4164749951478,10.0,0.002,1.0
constrained thermal motion,mean_field_theory,mixed,10.0,500.0,10.0,1.0007584454783431,3.07908469083904,3.07908469083904,0.0241341619061675,,,,gradient,500000.0,500000.0,499847.53475350846,100000.0,99999.9999999988,1960.1864107980723,0.889020898621993,562.4164749951478,10.0,0.002,1.0
constrained thermal motion,mean_field_theory,mixed,10.0,500.0,10.0,1.0007907558568931,3.212288539746999,3.212288539746999,0.025209105274883,,,,gradient,500000.0,500000.0,499682.575667844,100000.0,99999.99999999114,1959.5395124229176,0.889020898621993,562.4164749951478,10.0,0.002,1.0
constrained thermal motion,mean_field_theory,mixed,10.0,500.0,10.0,1.0008230672786125,3.34566452120153,3.34566452120153,0.0262876048116221,,,,gradient,500000.0,500000.0,499393.6353913132,100000.0,99999.99999993334,1958.4064132992676,0.889020898621993,562.4164749951478,10.0,0.002,1.0
constrained thermal motion,mean_field_theory,mixed,10.0,500.0,10.0,1.000855379743535,3.4792128576401016,3.479212857641012,0.0273672791396448,,,,gradient,500000.0,500000.0,498923.2319765239,100000.0,99999.99999957538,1956.561694025584,0.889020898621993,562.4164749951478,10.0,0.002,1.0
constrained thermal motion,mean_field_theory,mixed,10.0,500.0,10.0,1.000887693251694,3.612933771790416,3.612933771790416,0.0284469777740317,,,,gradient,500000.0,500000.0,498206.3685558684,100000.0,99999.99999770698,1953.750464924974,0.889020898621993,562.4164749951478,10.0,0.002,1.0
constrained thermal motion,mean_field_theory,mixed,10.0,500.0,10.0,1.0009200078031233,3.7468274866633737,3.7468274866633737,0.0295245207720637,,,,gradient,500000.0,500000.0,497173.7305896251,100000.0,99999.99998936195,1949.7009042730392,0.889020898621993,562.4164749951478,10.0,0.002,1.0
constrained thermal motion,mean_field_theory,mixed,10.0,500.0,10.0,1.000952323397857,3.880894225562681,3.880894225562681,0.0305972652734755,,,,gradient,500000.0,500000.0,495756.5237929332,100000.0,99999.9999568409,1944.1432305605224,0.889020898621993,562.4164749951478,10.0,0.002,1.0
constrained thermal motion,mean_field_theory,mixed,10.0,500.0,10.0,1.0009846400359284,4.015134212076887,4.015134212076887,0.0316624243790879,,,,gradient,500000.0,500000.0,493891.4727767339,100000.0,99999.99984452392,1936.8293050067996,0.889020898621993,562.4164749951478,10.0,0.002,1.0
constrained thermal motion,mean_field_theory,mixed,10.0,500.0,10.0,1.001016957717371,4.149547670086262,4.1495476700853295,0.0327170913587593,,,,gradient,500000.0,500000.0,491524.3913604811,100000.0,99999.99949546564,1927.5466327862007,0.889020898621993,562.4164749951478,10.0,0.002,1.0
constrained thermal motion,mean_field_theory,mixed,10.0,500.0,10.0,1.0010492764422192,4.284134823757602,4.284134823757602,0.0337580290757775,,,,gradient,500000.0,500000.0,488610.5757837923,100000.0,99999.99850032997,1916.11990503448,0.889020898621993,562.4164749951478,10.0,0.002,1.0
constrained thermal motion,mean_field_theory,mixed,10.0,500.0,10.0,1.0010815962105062,4.418895897551067,4.418895897551067,0.0347836095334682,,,,gradient,500000.0,500000.0,485127.06537569297,100000.0,99999.99591282196,1902.4590799046784,0.889020898621993,562.4164749951478,10.0,0.002,1.0
constrained thermal motion,mean_field_theory,mixed,10.0,500.0,10.0,1.0011139170222656,4.553831116213192,4.553831116213192,0.0357917808170413,,,,gradient,500000.0,500000.0,481062.8703673216,100000.0,99999.98969359368,1886.5210602640063,0.889020898621993,562.4164749951478,10.0,0.002,1.0
constrained thermal motion,mean_field_theory,mixed,10.0,500.0,10.0,1.0011462388775312,4.688940704782785,4.688940704782785,0.0367809051273197,,,,gradient,500000.0,500000.0,476421.58709355694,100000.0,99999.9757641182,1868.319949386498,0.889020898621993,562.4164749951478,10.0,0.002,1.0
constrained thermal motion,mean_field_theory,mixed,10.0,500.0,10.0,1.001178561776337,4.824224888589401,4.824224888590334,0.0377497984920565,,,,gradient,500000.0,500000.0,471220.0082478125,100000.0,99999.9464874306,1847.921600971814,0.889020898621993,562.4164749951478,10.0,0.002,1.0
constrained thermal motion,mean_field_theory,mixed,10.0,500.0,10.0,1.001210885718716,4.959683893253852,4.959683893254785,0.0386974456512852,,,,gradient,500000.0,500000.0,465482.9444100722,100000.0,99999.888135989,1825.4233114120475,0.889020898621993,562.4164749951478,10.0,0.002,1.0
constrained thermal motion,mean_field_theory,mixed,10.0,500.0,10.0,1.0012432107047022,5.095317944687516,5.095317944687516,0.0396235918705183,,,,gradient,500000.0,500000.0,459246.4520200527,100000.0,99999.77748963617,1800.9664785100106,0.889020898621993,562.4164749951478,10.0,0.002,1.0
constrained thermal motion,mean_field_theory,mixed,10.0,500.0,10.0,1.0012755367343298,5.231127269095603,5.231127269095603,0.0405288824713848,,,,gradient,500000.0,500000.0,452558.63443797367,100000.0,99999.57811933206,1774.7397428940144,0.889020898621993,562.4164749951478,10.0,0.002,1.0
constrained thermal motion,mean_field_theory,mixed,10.0,500.0,10.0,1.0013078638076318,5.367112092972803,5.367112092972803,0.0414140107803077,,,,gradient,500000.0,500000.0,445468.2211944684,100000.0,99999.23421988948,1746.934200762621,0.889020898621993,562.4164749951478,10.0,0.002,1.0
constrained thermal motion,mean_field_theory,mixed,10.0,500.0,10.0,1.0013401919246423,5.503272643109303,5.503272643109303,0.0422800956633616,,,,gradient,500000.0,500000.0,438026.5253294853,100000.0,99998.66410954292,1717.7510797234718,0.889020898621993,562.4164749951478,10.0,0.002,1.0
constrained thermal motion,mean_field_theory,mixed,10.0,500.0,10.0,1.0013725210853948,5.6396091465864995,5.6396091465864995,0.0431286498322,,,,gradient,500000.0,500000.0,430285.7297941455,100000.0,99997.75260082216,1687.3950188005706,0.889020898621993,562.4164749951478,10.0,0.002,1.0
constrained thermal motion,mean_field_theory,mixed,10.0,500.0,10.0,1.0014048512899232,5.776121830781067,5.776121830781067,0.0439612622850274,,,,gradient,500000.0,500000.0,422292.15578487824,100000.0,99996.33467514189,1656.0476697446206,0.889020898621993,562.4164749951478,10.0,0.002,1.0
constrained thermal motion,mean_field_theory,mixed,10.0,500.0,10.0,1.001437182538261,5.912810923361667,5.912810923361667,0.044780434938131,,,,gradient,500000.0,500000.0,414099.837441459,100000.0,99994.20034327231,1623.9209311429763,0.889020898621993,562.4164749951478,10.0,0.002,1.0
constrained thermal motion,mean_field_theory,mixed,10.0,500.0,10.0,1.001469514830442,6.049676652291125,6.049676652291125,0.0455887370344604,,,,gradient,500000.0,500000.0,405758.16407222,100000.0,99991.08111500616,1591.208486557725,0.889020898621993,562.4164749951478,10.0,0.002,1.0
constrained thermal motion,mean_field_theory,mixed,10.0,500.0,10.0,1.0015018481665,6.1867192458287645,6.1867192458287645,0.0463888255367597,,,,gradient,500000.0,500000.0,397311.5354261339,100000.0,99986.63905322396,1558.0844526515054,0.889020898621993,562.4164749951478,10.0,0.002,1.0
constrained thermal motion,mean_field_theory,mixed,10.0,500.0,10.0,1.0015341825464683,6.323938932526962,6.323938932526962,0.0471834928869721,,,,gradient,500000.0,500000.0,388800.868135499,100000.0,99980.4619856796,1524.7092868058787,0.889020898621993,562.4164749951478,10.0,0.002,1.0
constrained thermal motion,mean_field_theory,mixed,10.0,500.0,10.0,1.001566517970381,6.461335941234392,6.461335941234392,0.0479756024279177,,,,gradient,500000.0,500000.0,380263.10059828695,100000.0,99972.05552608406,1491.2278454834782,0.889020898621993,562.4164749951478,10.0,0.002,1.0
constrained thermal motion,mean_field_theory,mixed,10.0,500.0,10.0,1.0015988544382717,6.598910501095423,6.598910501095423,0.0487681994269057,,,,gradient,500000.0,500000.0,371727.12424139347,100000.0,99960.78211880506,1457.7534283976215,0.889020898621993,562.4164749951478,10.0,0.002,1.0
constrained thermal motion,mean_field_theory,mixed,10.0,500.0,10.0,1.001631191950174,6.736662841550567,6.736662841549634,0.0495640745294099,,,,gradient,500000.0,500000.0,363228.1489982842,100000.0,99946.01734167892,1424.4241137187612,0.889020898621993,562.4164749951478,10.0,0.002,1.0
constrained thermal motion,mean_field_theory,mixed,10.0,500.0,10.0,1.001663530506122,6.874593192335898,6.874593192335898,0.0503658473660263,,,,gradient,500000.0,500000.0,354792.23658049654,100000.0,99927.01546215043,1391.3421042372413,0.889020898621993,562.4164749951478,10.0,0.002,1.0
constrained thermal motion,mean_field_theory,mixed,10.0,500.0,10.0,1.0016958701061487,7.012701783485231,7.012701783485231,0.0511759148005312,,,,gradient,500000.0,500000.0,346442.0117248148,100000.0,99902.95347621194,1358.5961244110383,0.889020898621993,562.4164749951478,10.0,0.002,1.0
constrained thermal motion,mean_field_theory,mixed,10.0,500.0,10.0,1.0017282107502885,7.1509888453306525,7.1509888453306525,0.0519963940808571,,,,gradient,500000.0,500000.0,338196.8870915659,100000.0,99872.93788822024,1326.2623023198662,0.889020898621993,562.4164749951478,10.0,0.002,1.0
constrained thermal motion,mean_field_theory,mixed,10.0,500.0,10.0,1.0017605524385749,7.28945460849999,7.28945460849999,0.0528293933759774,,,,gradient,500000.0,500000.0,330072.20075334323,100000.0,99835.94173830334,1294.400787268013,0.889020898621993,562.4164749951478,10.0,0.002,1.0
constrained thermal motion,mean_field_theory,mixed,10.0,500.0,10.0,1.0017928951710413,7.428099303919056,7.428099303919056,0.0536767433743264,,,,gradient,500000.0,500000.0,322081.1512982589,100000.0,99790.8594308223,1263.0633384245448,0.889020898621993,562.4164749951478,10.0,0.002,1.0
constrained thermal motion,mean_field_theory,mixed,10.0,500.0,10.0,1.0018252389477216,7.566923162813066,7.566923162813066,0.0545390178791186,,,,gradient,500000.0,500000.0,314237.28210933745,100000.0,99736.74508998945,1232.303067095441,0.889020898621993,562.4164749951478,10.0,0.002,1.0
constrained thermal motion,mean_field_theory,mixed,10.0,500.0,10.0,1.00185758376865,7.705926416707887,7.7059264167088415,0.0554168595787041,,,,gradient,500000.0,500000.0,306549.6305266101,100000.0,99672.52127954103,1202.1554138298436,0.889020898621993,562.4164749951478,10.0,0.002,1.0
constrained thermal motion,mean_field_theory,mixed,10.0,500.0,10.0,1.0018899296338593,7.845109297423858,7.845109297423858,0.0563105181168588,,,,gradient,500000.0,500000.0,299025.2721610282,100000.0,99597.10004842252,1172.648126121679,0.889020898621993,562.4164749951478,10.0,0.002,1.0
constrained thermal motion,mean_field_theory,mixed,10.0,500.0,10.0,1.0019222765433835,7.984472037084656,7.984472037083701,0.0572198645755361,,,,gradient,500000.0,500000.0,291669.54824264336,100000.0,99509.39725592888,1143.8021499711504,0.889020898621993,562.4164749951478,10.0,0.002,1.0
constrained thermal motion,mean_field_theory,mixed,10.0,500.0,10.0,1.0019546244972573,8.12401486811396,8.12401486811396,0.0581454943095573,,,,gradient,500000.0,500000.0,284485.38944181695,100000.0,99408.03865490825,1115.6289782032038,0.889020898621993,562.4164749951478,10.0,0.002,1.0
constrained thermal motion,mean_field_theory,mixed,10.0,500.0,10.0,1.0019869734955131,8.263738023232857,8.263738023232857,0.0590861936655429,,,,gradient,500000.0,500000.0,277476.0300891083,100000.0,99292.06708962044,1088.1412944670913,0.889020898621993,562.4164749951478,10.0,0.002,1.0
constrained thermal motion,mean_field_theory,mixed,10.0,500.0,10.0,1.0020193235381851,8.403641735466106,8.40364173546515,0.0600403579345983,,,,gradient,500000.0,500000.0,270643.3569539795,100000.0,99160.62429763364,1061.3464978587433,0.889020898621993,562.4164749951478,10.0,0.002,1.0
constrained thermal motion,mean_field_theory,mixed,10.0,500.0,10.0,1.0020516746253074,8.543726238137639,8.543726238137639,0.0610066254742322,,,,gradient,500000.0,500000.0,263987.6705006849,100000.0,99012.7736919652,1035.2457666693524,0.889020898621993,562.4164749951478,10.0,0.002,1.0
constrained thermal motion,mean_field_theory,mixed,10.0,500.0,10.0,1.002084026756913,8.683991764873845,8.683991764873845,0.06198343391832,,,,gradient,500000.0,500000.0,257508.42556580645,100000.0,98847.64621575244,1009.8369630031624,0.889020898621993,562.4164749951478,10.0,0.002,1.0
constrained thermal motion,mean_field_theory,mixed,10.0,500.0,10.0,1.0021163799330364,8.824438549603997,8.824438549603997,0.0629690645148432,,,,gradient,500000.0,500000.0,251204.35994218223,100000.0,98664.44919455682,985.1151370281656,0.889020898621993,562.4164749951478,10.0,0.002,1.0
constrained thermal motion,mean_field_theory,mixed,10.0,500.0,10.0,1.0021487341537108,8.965066826557688,8.965066826557688,0.063963716932475,,,,gradient,500000.0,500000.0,245073.47564150515,100000.0,98461.70380036796,961.0724534960988,0.889020898621993,562.4164749951478,10.0,0.002,1.0
constrained thermal motion,mean_field_theory,mixed,10.0,500.0,10.0,1.00218108941897,9.105876830268244,9.105876830268244,0.0649635638045269,,,,gradient,500000.0,500000.0,239113.75188591727,100000.0,98239.44785811537,937.7009877879108,0.889020898621993,562.4164749951478,10.0,0.002,1.0
constrained thermal motion,mean_field_theory,mixed,10.0,500.0,10.0,1.002213445728848,9.246868795571949,9.246868795572926,0.0659666122516399,,,,gradient,500000.0,500000.0,233322.43640851323,100000.0,97997.17272333209,914.989946700052,0.889020898621993,562.4164749951478,10.0,0.002,1.0
constrained thermal motion,mean_field_theory,mixed,10.0,500.0,10.0,1.002245803083378,9.388042957607666,9.388042957608643,0.0669709024567379,,,,gradient,500000.0,500000.0,227696.38113255484,100000.0,97734.4533291124,892.9269848335484,0.889020898621993,562.4164749951478,10.0,0.002,1.0
constrained thermal motion,mean_field_theory,mixed,10.0,500.0,10.0,1.002278161482594,9.529399551820015,9.529399551820015,0.0679745060800016,,,,gradient,500000.0,500000.0,222232.1729081195,100000.0,97450.9632291022,871.4987172867433,0.889020898621993,562.4164749951478,10.0,0.002,1.0
constrained thermal motion,mean_field_theory,mixed,10.0,500.0,10.0,1.00231052092653,9.670938813956887,9.670938813956887,0.0689762082364193,,,,gradient,500000.0,500000.0,216926.38143333892,100000.0,97146.16839165616,850.6916918954468,0.889020898621993,562.4164749951478,10.0,0.002,1.0
constrained thermal motion,mean_field_theory,mixed,10.0,500.0,10.0,1.002342881415219,9.812660980069875,9.812660980068898,0.0699751300366581,,,,gradient,500000.0,500000.0,211775.42432651308,100000.0,96819.44876243724,830.4918601039728,0.889020898621993,562.4164749951478,10.0,0.002,1.0
constrained thermal motion,mean_field_theory,mixed,10.0,500.0,10.0,1.0023752429486958,9.954566286516542,9.954566286516542,0.0709679997682949,,,,gradient,500000.0,500000.0,206775.18313642635,100000.0,96471.48762089084,810.8830711232406,0.889020898621993,562.4164749951478,10.0,0.002,1.0
constrained thermal motion,mean_field_theory,mixed,10.0,500.0,10.0,1.0024076055269937,10.09665496996086,10.096654969961838,0.0719532155533881,,,,gradient,500000.0,500000.0,201921.67396200585,100000.0,96102.34783468618,791.8497018117877,0.889020898621993,562.4164749951478,10.0,0.002,1.0
constrained thermal motion,mean_field_theory,mixed,10.0,500.0,10.0,1.0024399691501458,10.238927267370702,10.238927267370702,0.0729292951435681,,,,gradient,500000.0,500000.0,197210.87280335068,100000.0,95712.17995485588,773.3759717778458,0.889020898621993,562.4164749951478,10.0,0.002,1.0
constrained thermal motion,mean_field_theory,mixed,10.0,500.0,10.0,1.0024723338181865,10.381383416021103,10.381383416021103,0.0738948818320455,,,,gradient,500000.0,500000.0,192638.74253415168,100000.0,95301.2173410118,755.446049153536,0.889020898621993,562.4164749951478,10.0,0.002,1.0
constrained thermal motion,mean_field_theory,mixed,10.0,500.0,10.0,1.0025046995311493,10.52402365349372,10.52402365349372,0.0748500892121088,,,,gradient,500000.0,500000.0,188201.85935884848,100000.0,94868.99763223776,738.0465072896019,0.889020898621993,562.4164749951478,10.0,0.002,1.0
constrained thermal motion,mean_field_theory,mixed,10.0,500.0,10.0,1.002537066289068,10.666848217677206,10.666848217677206,0.0757933140232397,,,,gradient,500000.0,500000.0,183895.9987413725,100000.0,94416.1311411132,721.1607793779312,0.889020898621993,562.4164749951478,10.0,0.002,1.0
constrained thermal motion,mean_field_theory,mixed,10.0,500.0,10.0,1.0025694340919764,10.809857346767672,10.809857346767672,0.0767227081634508,,,,gradient,500000.0,500000.0,179716.89693833492,100000.0,93943.57220726262,704.7721448562154,0.889020898621993,562.4164749951478,10.0,0.002,1.0
constrained thermal motion,mean_field_theory,mixed,10.0,500.0,10.0,1.0026018029399082,10.953051279268957,10.953051279268957,0.0776374217847749,,,,gradient,500000.0,500000.0,175660.64288356653,100000.0,93451.83731822604,688.8652662100648,0.889020898621993,562.4164749951478,10.0,0.002,1.0
constrained thermal motion,mean_field_theory,mixed,10.0,500.0,10.0,1.0026341728328971,11.096430253993184,11.096430253993184,0.0785367263517837,,,,gradient,500000.0,500000.0,171723.39495714495,100000.0,92941.496181153,673.4250782633135,0.889020898621993,562.4164749951478,10.0,0.002,1.0
constrained thermal motion,mean_field_theory,mixed,10.0,500.0,10.0,1.0026665437709767,11.239994510060036,11.239994510060036,0.0794200089116532,,,,gradient,500000.0,500000.0,167901.3893099145,100000.0,92413.16548096016,658.4368208231941,0.889020898621993,562.4164749951478,10.0,0.002,1.0
constrained thermal motion,mean_field_theory,mixed,10.0,500.0,10.0,1.002698915754181,11.383744286900166,11.383744286900166,0.0802886968398898,,,,gradient,500000.0,500000.0,164192.04002274637,100000.0,91866.2225924228,643.8903530303779,0.889020898621993,562.4164749951478,10.0,0.002,1.0
constrained thermal motion,mean_field_theory,mixed,10.0,500.0,10.0,1.0027312887825437,11.527679824252646,11.527679824252646,0.0811405782846168,,,,gradient,500000.0,500000.0,160590.73914561243,100000.0,91302.51366349128,629.7676044925978,0.889020898621993,562.4164749951478,10.0,0.002,1.0
constrained thermal motion,mean_field_theory,mixed,10.0,500.0,10.0,1.0027636628560983,11.671801362166368,11.67180136216539,0.0819751806299822,,,,gradient,500000.0,500000.0,157093.93326416292,100000.0,90722.88417230126,616.0546402516193,0.889020898621993,562.4164749951478,10.0,0.002,1.0
constrained thermal motion,mean_field_theory,mixed,10.0,500.0,10.0,1.002796037974879,11.81610914099942,11.81610914099942,0.0827922861027828,,,,gradient,500000.0,500000.0,153698.21243618822,100000.0,90128.08668054228,602.7380879850518,0.889020898621993,562.4164749951478,10.0,0.002,1.0
constrained thermal motion,mean_field_theory,mixed,10.0,500.0,10.0,1.0028284141389192,11.960603401422444,11.960603401422444,0.0835917574817542,,,,gradient,500000.0,500000.0,150400.26469967596,100000.0,89518.89176148741,589.8049596065724,0.889020898621993,562.4164749951478,10.0,0.002,1.0
constrained thermal motion,mean_field_theory,mixed,10.0,500.0,10.0,1.0028607913482526,12.10528438441516,12.10528438441516,0.0843740006624541,,,,gradient,500000.0,500000.0,147197.20274165474,100000.0,88895.75890934636,577.2439323202146,0.889020898621993,562.4164749951478,10.0,0.002,1.0
constrained thermal motion,mean_field_theory,mixed,10.0,500.0,10.0,1.002893169602913,12.25015233127058,12.25015233127058,0.0851400436271224,,,,gradient,500000.0,500000.0,144086.48824117554,100000.0,88258.73083074081,565.0450519261785,0.889020898621993,562.4164749951478,10.0,0.002,1.0
constrained thermal motion,mean_field_theory,mixed,10.0,500.0,10.0,1.0029255489029345,12.395207483592618,12.395207483592618,0.0858884129306778,,,,gradient,500000.0,500000.0,141064.19939896555,100000.0,87609.69858927262,553.1929388194728,0.889020898621993,562.4164749951478,10.0,0.002,1.0
constrained thermal motion,mean_field_theory,mixed,10.0,500.0,10.0,1.0029579292483504,12.540450083296362,12.540450083296362,0.0866192252755704,,,,gradient,500000.0,500000.0,138127.4118814683,100000.0,86949.46462199435,541.6761250253659,0.889020898621993,562.4164749951478,10.0,0.002,1.0
constrained thermal motion,mean_field_theory,mixed,10.0,500.0,10.0,1.0029903106391944,12.685880372610514,12.685880372610514,0.0873326438819343,,,,gradient,500000.0,500000.0,135273.29773076755,100000.0,86278.82772192986,530.4835205128139,0.889020898621993,562.4164749951478,10.0,0.002,1.0
constrained thermal motion,mean_field_theory,mixed,10.0,500.0,10.0,1.0030226930755008,12.831498594078772,12.831498594078772,0.0880288726458585,,,,gradient,500000.0,500000.0,132499.12361343272,100000.0,85598.57983528181,519.6044063271871,0.889020898621993,562.4164749951478,10.0,0.002,1.0
constrained thermal motion,mean_field_theory,mixed,10.0,500.0,10.0,1.003055076557303,12.977304990554272,12.977304990554272,0.0887091909523072,,,,gradient,500000.0,500000.0,129802.96548114148,100000.0,84908.77641990922,509.0312371809469,0.889020898621993,562.4164749951478,10.0,0.002,1.0
constrained thermal motion,mean_field_theory,mixed,10.0,500.0,10.0,1.0030874610846343,13.12329980520599,13.12329980520499,0.0893736508958924,,,,gradient,500000.0,500000.0,127182.06714600229,100000.0,84210.33779458179,498.75320449412663,0.889020898621993,562.4164749951478,10.0,0.002,1.0
constrained thermal motion,mean_field_theory,mixed,10.0,500.0,10.0,1.0031198466575295,13.269483281518069,13.269483281518069,0.0900216991857093,,,,gradient,500000.0,500000.0,124633.43562887816,100000.0,83504.63763296421,488.7585710936399,0.889020898621993,562.4164749951478,10.0,0.002,1.0
constrained thermal motion,mean_field_theory,mixed,10.0,500.0,10.0,1.0031522332760217,13.41585566328838,13.41585566328838,0.0906536555150784,,,,gradient,500000.0,500000.0,122154.69219311724,100000.0,82792.41802246466,479.0380086004598,0.889020898621993,562.4164749951478,10.0,0.002,1.0
constrained thermal motion,mean_field_theory,mixed,10.0,500.0,10.0,1.0031846209401447,13.56241719462976,13.56241719462976,0.0912698570145435,,,,gradient,500000.0,500000.0,119743.54174683316,100000.0,82074.40243965253,469.5825166542477,0.889020898621993,562.4164749951478,10.0,0.002,1.0
constrained thermal motion,mean_field_theory,mixed,10.0,500.0,10.0,1.0032170096499322,13.709168119969515,13.709168119969515,0.0918706547427718,,,,gradient,500000.0,500000.0,117397.77028191969,100000.0,81351.29434133646,460.3834128702732,0.889020898621993,562.4164749951478,10.0,0.002,1.0
constrained thermal motion,mean_field_theory,mixed,10.0,500.0,10.0,1.003249399405418,13.856108684052847,13.856108684051849,0.0924579878333445,,,,gradient,500000.0,500000.0,115116.316927938,100000.0,80622.74660096002,451.43653697230593,0.889020898621993,562.4164749951478,10.0,0.002,1.0
constrained thermal motion,mean_field_theory,mixed,10.0,500.0,10.0,1.0032817902066362,14.003239131940193,14.003239131940193,0.0930308732048783,,,,gradient,500000.0,500000.0,112896.15213821769,100000.0,79890.33061798336,442.7300083851674,0.889020898621993,562.4164749951478,10.0,0.002,1.0
constrained thermal motion,mean_field_theory,mixed,10.0,500.0,10.0,1.0033141820536202,14.150559709008624,14.150559709008624,0.0935894493572275,,,,gradient,500000.0,500000.0,110735.15663552238,100000.0,79154.85471205765,434.2555162177348,0.889020898621993,562.4164749951478,10.0,0.002,1.0
constrained thermal motion,mean_field_theory,mixed,10.0,500.0,10.0,1.0033465749464037,14.298070660951367,14.298070660951367,0.0941340974169937,,,,gradient,500000.0,500000.0,108631.41420787633,100000.0,78416.93383992111,426.0055459132405,0.889020898621993,562.4164749951478,10.0,0.002,1.0
constrained thermal motion,mean_field_theory,mixed,10.0,500.0,10.0,1.0033789688850208,14.445772233782115,14.445772233782115,0.0946651994884057,,,,gradient,500000.0,500000.0,106583.07724890008,100000.0,77677.15879227045,417.9728519564709,0.889020898621993,562.4164749951478,10.0,0.002,1.0
constrained thermal motion,mean_field_theory,mixed,10.0,500.0,10.0,1.003411363869505,14.593664673829457,14.593664673829457,0.0951834697658355,,,,gradient,500000.0,500000.0,104588.60546288385,100000.0,76935.90867119773,410.1513939720935,0.889020898621993,562.4164749951478,10.0,0.002,1.0
constrained thermal motion,mean_field_theory,mixed,10.0,500.0,10.0,1.0034437598998902,14.741748227741304,14.741748227741304,0.095690403826838,,,,gradient,500000.0,500000.0,102646.93906558376,100000.0,76193.0812776183,402.5370159434657,0.889020898621993,562.4164749951478,10.0,0.002,1.0
constrained thermal motion,mean_field_theory,mixed,10.0,500.0,10.0,1.00347615697621,14.890023142484242,14.890023142484242,0.0961849239499525,,,,gradient,500000.0,500000.0,100755.49147780896,100000.0,75450.08197687102,395.11957442278026,0.889020898621993,562.4164749951478,10.0,0.002,1.0
constrained thermal motion,mean_field_theory,mixed,10.0,500.0,10.0,1.0035085550984983,15.038489665344112,15.038489665344112,0.0966674030107308,,,,gradient,500000.0,500000.0,98912.66542373784,100000.0,74707.40405360963,387.8928055832857,0.889020898621993,562.4164749951478,10.0,0.002,1.0
constrained thermal motion,mean_field_theory,mixed,10.0,500.0,10.0,1.003540954266789,15.18714804392718,15.18714804392718,0.0971382079183872,,,,gradient,500000.0,500000.0,97116.92073452949,100000.0,73965.51654875318,380.8506695471745,0.889020898621993,562.4164749951478,10.0,0.002,1.0
constrained thermal motion,mean_field_theory,mixed,10.0,500.0,10.0,1.0035733544811158,15.33599852615879,15.33599852615879,0.0975976987746333,,,,gradient,500000.0,500000.0,95366.77220785948,100000.0,73224.86461149121,373.9873419916058,0.889020898621993,562.4164749951478,10.0,0.002,1.0
constrained thermal motion,mean_field_theory,mixed,10.0,500.0,10.0,1.0036057557415123,15.485041360283525,15.485041360283525,0.0980471264141949,,,,gradient,500000.0,500000.0,93661.3594064815,100000.0,72485.43889370601,367.2994486528686,0.889020898621993,562.4164749951478,10.0,0.002,1.0
constrained thermal motion,mean_field_theory,mixed,10.0,500.0,10.0,1.0036381580480125,15.634276794867862,15.634276794868883,0.0984868199170755,,,,gradient,500000.0,500000.0,91999.21978954374,100000.0,71747.67334800983,360.78125407664214,0.889020898621993,562.4164749951478,10.0,0.002,1.0
constrained thermal motion,mean_field_theory,mixed,10.0,500.0,10.0,1.0036705614006496,15.78370507880047,15.78370507880047,0.0989162378922294,,,,gradient,500000.0,500000.0,90378.49840185395,100000.0,71012.39552807236,354.42548392883907,0.889020898621993,562.4164749951478,10.0,0.002,1.0
constrained thermal motion,mean_field_theory,mixed,10.0,500.0,10.0,1.0037029657994585,15.933326461291664,15.933326461292683,0.0993357091421295,,,,gradient,500000.0,500000.0,88797.91027957467,100000.0,70279.9588869188,348.22709913558697,0.889020898621993,562.4164749951478,10.0,0.002,1.0
constrained thermal motion,mean_field_theory,mixed,10.0,500.0,10.0,1.0037353712444717,16.083141191870666,16.083141191870666,0.0997455531276599,,,,gradient,500000.0,500000.0,87256.21586397519,100000.0,69550.69549457138,342.18123868225564,0.889020898621993,562.4164749951478,10.0,0.002,1.0
constrained thermal motion,mean_field_theory,mixed,10.0,500.0,10.0,1.0037677777357237,16.233149520392274,16.233149520392274,0.1001460797594373,,,,gradient,500000.0,500000.0,85752.2192742953,100000.0,68824.91669431744,336.2832128403737,0.889020898621993,562.4164749951478,10.0,0.002,1.0
constrained thermal motion,mean_field_theory,mixed,10.0,500.0,10.0,1.0038001852732483,16.383351697034154,16.383351697034154,0.1005390699675051,,,,gradient,500000.0,500000.0,84285.6221545423,100000.0,68102.35281007779,330.5318515864404,0.889020898621993,562.4164749951478,10.0,0.002,1.0
constrained thermal motion,mean_field_theory,mixed,10.0,500.0,10.0,1.0038325938570791,16.53374797229519,16.53374797229519,0.1009236579819057,,,,gradient,500000.0,500000.0,82854.58324067692,100000.0,67383.7571593059,324.9199342771644,0.889020898621993,562.4164749951478,10.0,0.002,1.0
constrained thermal motion,mean_field_theory,mixed,10.0,500.0,10.0,1.00386500348725,16.684338597000004,16.684338597000004,0.1012998123262071,,,,gradient,500000.0,500000.0,81457.86974754233,100000.0,66669.51378934883,319.4426264609503,0.889020898621993,562.4164749951478,10.0,0.002,1.0
constrained thermal motion,mean_field_theory,mixed,10.0,500.0,10.0,1.0038974141637946,16.83512382229535,16.83512382229535,0.1016678052455643,,,,gradient,500000.0,500000.0,80094.44512584846,100000.0,65959.85660572143,314.0958632386214,0.889020898621993,562.4164749951478,10.0,0.002,1.0
constrained thermal motion,mean_field_theory,mixed,10.0,500.0,10.0,1.0039298258867468,16.98610389965449,16.98610389965449,0.1020278991889314,,,,gradient,500000.0,500000.0,78763.30885447144,100000.0,65255.002215445296,308.8757209979272,0.889020898621993,562.4164749951478,10.0,0.002,1.0
constrained thermal motion,mean_field_theory,mixed,10.0,500.0,10.0,1.0039622386561404,17.137279080874677,17.137279080874677,0.1023806119987582,,,,gradient,500000.0,500000.0,77463.65343849886,100000.0,64555.07704722947,303.7790330921524,0.889020898621993,562.4164749951478,10.0,0.002,1.0
constrained thermal motion,mean_field_theory,mixed,10.0,500.0,10.0,1.0039946524720091,17.288649618078544,17.288649618078544,0.1027274882988974,,,,gradient,500000.0,500000.0,76195.16574824652,100000.0,63859.895521120474,298.80457156175106,0.889020898621993,562.4164749951478,10.0,0.002,1.0
constrained thermal motion,mean_field_theory,mixed,10.0,500.0,10.0,1.0040270673343867,17.440215763714484,17.440215763714484,0.1030672117549401,,,,gradient,500000.0,500000.0,74956.13854121276,100000.0,63170.116567051635,293.9456413380892,0.889020898621993,562.4164749951478,10.0,0.002,1.0
constrained thermal motion,mean_field_theory,mixed,10.0,500.0,10.0,1.0040594832433072,17.59197777055821,17.59197777055821,0.10340000799559,,,,gradient,500000.0,500000.0,73745.7029821483,100000.0,62485.8930655923,289.198835224111,0.889020898621993,562.4164749951478,10.0,0.002,1.0
constrained thermal motion,mean_field_theory,mixed,10.0,500.0,10.0,1.0040919001988042,17.743935891710947,17.743935891710947,0.1037260935346038,,,,gradient,500000.0,500000.0,72563.01997713948,100000.0,61807.36406637941,284.56086265544894,0.889020898621993,562.4164749951478,10.0,0.002,1.0
constrained thermal motion,mean_field_theory,mixed,10.0,500.0,10.0,1.0041243182009114,17.89609038060007,17.89609038060007,0.1040456759776456,,,,gradient,500000.0,500000.0,71407.27905830249,100000.0,61134.65545303751,280.0285453266764,0.889020898621993,562.4164749951478,10.0,0.002,1.0
constrained thermal motion,mean_field_theory,mixed,10.0,500.0,10.0,1.0041567372496627,18.04844149098239,18.04844149098239,0.1043598271929258,,,,gradient,500000.0,500000.0,70278.12825157391,100000.0,60467.70221070948,275.6005029473487,0.889020898621993,562.4164749951478,10.0,0.002,1.0
constrained thermal motion,mean_field_theory,mixed,10.0,500.0,10.0,1.0041891573450918,18.20098947694169,18.20098947694169,0.1046688756625871,,,,gradient,500000.0,500000.0,69174.81229742616,100000.0,59806.60180757475,271.2737737153967,0.889020898621993,562.4164749951478,10.0,0.002,1.0
constrained thermal motion,mean_field_theory,mixed,10.0,500.0,10.0,1.0042215784872328,18.35373459289109,18.35373459289109,0.1049720133190911,,,,gradient,500000.0,500000.0,68096.14159296357,100000.0,59151.66676481927,267.0436925214258,0.889020898621993,562.4164749951478,10.0,0.002,1.0
constrained thermal motion,mean_field_theory,mixed,10.0,500.0,10.0,1.0042540006761191,18.506677093570342,18.506677093570342,0.1052694153204224,,,,gradient,500000.0,500000.0,67041.41058544736,100000.0,58502.97498452274,262.90749249195045,0.889020898621993,562.4164749951478,10.0,0.002,1.0
constrained thermal motion,mean_field_theory,mixed,10.0,500.0,10.0,1.0042864239117848,18.659817234050593,18.659817234050593,0.1055612490508302,,,,gradient,500000.0,500000.0,66009.93739918164,100000.0,57860.59427548031,258.86249960463385,0.889020898621993,562.4164749951478,10.0,0.002,1.0
constrained thermal motion,mean_field_theory,mixed,10.0,500.0,10.0,1.0043188481942635,18.813155269731396,18.813155269731396,0.1058476743635084,,,,gradient,500000.0,500000.0,65001.06295974369,100000.0,57224.58290891856,254.90612925389684,0.889020898621993,562.4164749951478,10.0,0.002,1.0
constrained thermal motion,mean_field_theory,mixed,10.0,500.0,10.0,1.004351273523589,18.96669145634245,18.96669145634245,0.1061303646127217,,,,gradient,500000.0,500000.0,64014.81384098888,100000.0,56594.789528033005,251.03848565093676,0.889020898621993,562.4164749951478,10.0,0.002,1.0
constrained thermal motion,mean_field_theory,mixed,10.0,500.0,10.0,1.0043836998997957,19.12042604994493,19.12042604994597,0.1064083708833397,,,,gradient,500000.0,500000.0,63050.04288430543,100000.0,55971.429303062105,247.2550701345311,0.889020898621993,562.4164749951478,10.0,0.002,1.0
constrained thermal motion,mean_field_theory,mixed,10.0,500.0,10.0,1.0044161273229162,19.27435930692878,19.27435930692878,0.1066814295444321,,,,gradient,500000.0,500000.0,62105.9977985392,100000.0,55354.59446779472,243.55293254329095,0.889020898621993,562.4164749951478,10.0,0.002,1.0
constrained thermal motion,mean_field_theory,mixed,10.0,500.0,10.0,1.004448555792985,19.42849148401635,19.42849148401635,0.1069496735426697,,,,gradient,500000.0,500000.0,61182.10329783247,100000.0,54744.308776388985,239.929816854245,0.889020898621993,562.4164749951478,10.0,0.002,1.0
constrained thermal motion,mean_field_theory,mixed,10.0,500.0,10.0,1.004480985310036,19.582822838263823,19.582822838263823,0.1072132294933919,,,,gradient,500000.0,500000.0,60277.80299760278,100000.0,54140.588951291975,236.38354116706972,0.889020898621993,562.4164749951478,10.0,0.002,1.0
constrained thermal motion,mean_field_theory,mixed,10.0,500.0,10.0,1.004513415874103,19.737353627056375,19.737353627056375,0.1074724412790515,,,,gradient,500000.0,500000.0,59392.66243501173,100000.0,53543.42888303016,232.91240170592835,0.889020898621993,562.4164749951478,10.0,0.002,1.0
constrained thermal motion,mean_field_theory,mixed,10.0,500.0,10.0,1.0045458474852196,19.892084108113917,19.892084108113917,0.1077289692620579,,,,gradient,500000.0,500000.0,58526.71185863862,100000.0,52952.72174958114,229.51651709270047,0.889020898621993,562.4164749951478,10.0,0.002,1.0
constrained thermal motion,mean_field_theory,mixed,10.0,500.0,10.0,1.0045782801434195,20.047014539487297,20.047014539487297,0.1079811793594963,,,,gradient,500000.0,500000.0,57678.770502128136,100000.0,52368.62106064707,226.19125687109073,0.889020898621993,562.4164749951478,10.0,0.002,1.0
constrained thermal motion,mean_field_theory,mixed,10.0,500.0,10.0,1.004610713848737,20.202145179563935,20.202145179563935,0.1082291758331981,,,,gradient,500000.0,500000.0,56848.3515869187,100000.0,51791.118186054046,222.93471210556353,0.889020898621993,562.4164749951478,10.0,0.002,1.0
constrained thermal motion,mean_field_theory,mixed,10.0,500.0,10.0,1.0046431486012053,20.357476287060948,20.357476287060948,0.1084730577334926,,,,gradient,500000.0,500000.0,56034.98403190187,100000.0,51220.19949204025,219.74503541922303,0.889020898621993,562.4164749951478,10.0,0.002,1.0
constrained thermal motion,mean_field_theory,mixed,10.0,500.0,10.0,1.0046755844008588,20.513008121035114,20.513008121035114,0.1087129191109067,,,,gradient,500000.0,500000.0,55238.21188742742,100000.0,50655.84668468985,216.62043877422516,0.889020898621993,562.4164749951478,10.0,0.002,1.0
constrained thermal motion,mean_field_theory,mixed,10.0,500.0,10.0,1.0047080212477308,20.66874094087261,20.66874094087261,0.1089497445672816,,,,gradient,500000.0,500000.0,54457.92298991065,100000.0,50098.010450303635,213.5604823133751,0.889020898621993,562.4164749951478,10.0,0.002,1.0
constrained thermal motion,mean_field_theory,mixed,10.0,500.0,10.0,1.0047404591418554,20.82467500629801,20.82467500629801,0.1091838954942001,,,,gradient,500000.0,500000.0,53693.73348896602,100000.0,49546.67170590449,210.5636607410432,0.889020898621993,562.4164749951478,10.0,0.002,1.0
constrained thermal motion,mean_field_theory,mixed,10.0,500.0,10.0,1.0047728980832662,20.980810577370423,20.980810577370423,0.1094143082771593,,,,gradient,500000.0,500000.0,52944.83676758128,100000.0,49001.84177418686,207.6268108532599,0.889020898621993,562.4164749951478,10.0,0.002,1.0
constrained thermal motion,mean_field_theory,mixed,10.0,500.0,10.0,1.0048053380719972,21.13714791448611,21.13714791448611,0.1096410595274043,,,,gradient,500000.0,500000.0,52210.832736745266,100000.0,48463.48561795085,204.74836367351085,0.889020898621993,562.4164749951478,10.0,0.002,1.0
constrained thermal motion,mean_field_theory,mixed,10.0,500.0,10.0,1.0048377791080825,21.293687278376726,21.293687278377817,0.1098642218061673,,,,gradient,500000.0,500000.0,51491.33390411325,100000.0,47931.56505429441,201.92679962397352,0.889020898621993,562.4164749951478,10.0,0.002,1.0
constrained thermal motion,mean_field_theory,mixed,10.0,500.0,10.0,1.004870221191555,21.45042893011091,21.45042893011091,0.1100838638027606,,,,gradient,500000.0,500000.0,50785.96492653469,100000.0,47406.039004221675,199.16064677072427,0.889020898621993,562.4164749951478,10.0,0.002,1.0
constrained thermal motion,mean_field_theory,mixed,10.0,500.0,10.0,1.0049026643224492,21.607373131094597,21.607373131094597,0.1103016682066107,,,,gradient,500000.0,500000.0,50094.8863318308,100000.0,46886.87623352214,196.4505346346306,0.889020898621993,562.4164749951478,10.0,0.002,1.0
constrained thermal motion,mean_field_theory,mixed,10.0,500.0,10.0,1.004935108500799,21.76452014307264,21.76452014307264,0.110516608453063,,,,gradient,500000.0,500000.0,49417.3487424554,100000.0,46374.03844978789,193.79352448021723,0.889020898621993,562.4164749951478,10.0,0.002,1.0
constrained thermal motion,mean_field_theory,mixed,10.0,500.0,10.0,1.0049675537266378,21.92187022812697,21.92187022812697,0.1107282430673166,,,,gradient,500000.0,500000.0,48752.86543942199,100000.0,45867.47445208799,191.18770760557643,0.889020898621993,562.4164749951478,10.0,0.002,1.0
constrained thermal motion,mean_field_theory,mixed,10.0,500.0,10.0,1.005,22.079423648679388,22.079423648679388,0.1109366274000324,,,,gradient,500000.0,500000.0,48101.10604134236,100000.0,45367.13279071896,188.63178839742105,0.889020898621993,562.4164749951478,10.0,0.002,1.0
constrained thermal motion,mean_field_theory,polarized,0.0,500.0,10.0,1.0,0.0,1.0,0.0,,,,zero_gradient_control,200000.0,200000.0,199999.99983693837,100000.0,99999.9999999985,0.0,1.0,500.0,0.0,0.002,1.0
constrained thermal motion,mean_field_theory,polarized,0.0,500.0,10.0,1.0005,2.0196240732495596,2.0196240732495596,0.0275115516989027,,,,gradient,500000.0,500000.0,499999.8479625544,100000.0,99999.99999999996,1960.7837175002137,1.0,500.0,0.0,0.002,1.0
constrained thermal motion,mean_field_theory,polarized,0.0,500.0,10.0,1.0005323020344072,2.151458835184439,2.151458835184439,0.0293488292740162,,,,gradient,500000.0,500000.0,499998.9124044108,100000.0,99999.9999999998,1960.7800486447484,1.0,500.0,0.0,0.002,1.0
constrained thermal motion,mean_field_theory,polarized,0.0,500.0,10.0,1.0005646051117143,2.283463960464771,2.2834639604638607,0.0311981041465345,,,,gradient,500000.0,500000.0,499994.3123567847,100000.0,99999.9999999994,1960.762009242293,1.0,500.0,0.0,0.002,1.0
constrained thermal motion,mean_field_theory,polarized,0.0,500.0,10.0,1.000596909231955,2.4156396692418314,2.415639669240921,0.0330599038051295,,,,gradient,500000.0,500000.0,499976.9429769091,100000.0,100000.0,1960.6938940270943,1.0,500.0,0.0,0.002,1.0
constrained thermal motion,mean_field_theory,polarized,0.0,500.0,10.0,1.0006292143951636,2.547986181953243,2.547986181953243,0.0349342617549394,,,,gradient,500000.0,500000.0,499924.1451373102,100000.0,99999.9999999999,1960.4868436757265,1.0,500.0,0.0,0.002,1.0
constrained thermal motion,mean_field_theory,polarized,0.0,500.0,10.0,1.0006615206013727,2.6805037193187164,2.6805037193187164,0.0368198869789971,,,,gradient,500000.0,500000.0,499789.7491319698,100000.0,99999.99999999984,1959.9598005175287,1.0,500.0,0.0,0.002,1.0
constrained thermal motion,mean_field_theory,polarized,0.0,500.0,10.0,1.0006938278506168,2.8131925023468174,2.8131925023468174,0.0387144430707375,,,,gradient,500000.0,500000.0,499495.0098268912,100000.0,100000.0,1958.803960105456,1.0,500.0,0.0,0.002,1.0
constrained thermal motion,mean_field_theory,polarized,0.0,500.0,10.0,1.000726136142929,2.9460527523271773,2.9460527523271773,0.0406137165383988,,,,gradient,500000.0,500000.0,498925.1687778764,100000.0,99999.9999999997,1956.5692893250057,1.0,500.0,0.0,0.002,1.0
constrained thermal motion,mean_field_theory,polarized,0.0,500.0,10.0,1.0007584454783431,3.07908469083904,3.07908469083904,0.042510926106564,,,,gradient,500000.0,500000.0,497933.3471289474,100000.0,99999.99999999936,1952.6797926625388,1.0,500.0,0.0,0.002,1.0
constrained thermal motion,mean_field_theory,polarized,0.0,500.0,10.0,1.0007907558568931,3.212288539746999,3.212288539746999,0.0443972677731651,,,,gradient,500000.0,500000.0,496353.28598029807,100000.0,99999.99999999577,1946.4834744325417,1.0,500.0,0.0,0.002,1.0
constrained thermal motion,mean_field_theory,polarized,0.0,500.0,10.0,1.0008230672786125,3.34566452120153,3.34566452120153,0.0462624950086679,,,,gradient,500000.0,500000.0,494017.59993905167,100000.0,99999.99999996062,1937.3239213296144,1.0,500.0,0.0,0.002,1.0
constrained thermal motion,mean_field_theory,polarized,0.0,500.0,10.0,1.000855379743535,3.4792128576401016,3.479212857641012,0.0480953970320668,,,,gradient,500000.0,500000.0,490772.36193112674,100000.0,99999.99999967628,1924.5974977691244,1.0,500.0,0.0,0.002,1.0
constrained thermal motion,mean_field_theory,polarized,0.0,500.0,10.0,1.000887693251694,3.612933771790416,3.612933771790416,0.0498857164966353,,,,gradient,500000.0,500000.0,486505.4711809576,100000.0,99999.99999781746,1907.8645928665003,1.0,500.0,0.0,0.002,1.0
constrained thermal motion,mean_field_theory,polarized,0.0,500.0,10.0,1.0009200078031233,3.7468274866633737,3.7468274866633737,0.0516240846390093,,,,gradient,500000.0,500000.0,481149.8434577103,100000.0,99999.99998764729,1886.862131206707,1.0,500.0,0.0,0.002,1.0
constrained thermal motion,mean_field_theory,polarized,0.0,500.0,10.0,1.000952323397857,3.880894225562681,3.880894225562681,0.0533028134282232,,,,gradient,500000.0,500000.0,474687.69497899985,100000.0,99999.99994012406,1861.520372466666,1.0,500.0,0.0,0.002,1.0
constrained thermal motion,mean_field_theory,polarized,0.0,500.0,10.0,1.0009846400359284,4.015134212076887,4.015134212076887,0.0549163419655346,,,,gradient,500000.0,500000.0,467149.1869183386,100000.0,99999.99974712836,1831.9575957581903,1.0,500.0,0.0,0.002,1.0
constrained thermal motion,mean_field_theory,polarized,0.0,500.0,10.0,1.001016957717371,4.149547670086262,4.1495476700853295,0.0564613309449489,,,,gradient,500000.0,500000.0,458604.40819262294,100000.0,99999.99905418971,1798.4486595789135,1.0,500.0,0.0,0.002,1.0
constrained thermal motion,mean_field_theory,polarized,0.0,500.0,10.0,1.0010492764422192,4.284134823757602,4.284134823757602,0.0579365271584456,,,,gradient,500000.0,500000.0,449149.792211636,100000.0,99999.99680777964,1761.3717341632785,1.0,500.0,0.0,0.002,1.0
constrained thermal motion,mean_field_theory,polarized,0.0,500.0,10.0,1.0010815962105062,4.418895897551067,4.418895897551067,0.0593432470744101,,,,gradient,500000.0,500000.0,438919.0459187393,100000.0,99999.99026096016,1721.2511604656445,1.0,500.0,0.0,0.002,1.0
constrained thermal motion,mean_field_theory,polarized,0.0,500.0,10.0,1.0011139170222656,4.553831116213192,4.553831116213192,0.0606842699914632,,,,gradient,500000.0,500000.0,428049.5510284907,100000.0,99999.97285983423,1678.6256903078067,1.0,500.0,0.0,0.002,1.0
constrained thermal motion,mean_field_theory,polarized,0.0,500.0,10.0,1.0011462388775312,4.688940704782785,4.688940704782785,0.0619638735603806,,,,gradient,500000.0,500000.0,416681.8825560625,100000.0,99999.93028455816,1634.0465982590686,1.0,500.0,0.0,0.002,1.0
constrained thermal motion,mean_field_theory,polarized,0.0,500.0,10.0,1.001178561776337,4.824224888589401,4.824224888590334,0.0631875628960121,,,,gradient,500000.0,500000.0,404953.0158092939,100000.0,99999.83361288844,1588.051042389388,1.0,500.0,0.0,0.002,1.0
constrained thermal motion,mean_field_theory,polarized,0.0,500.0,10.0,1.001210885718716,4.959683893253852,4.959683893254785,0.0643619309225764,,,,gradient,500000.0,500000.0,392988.2926924345,100000.0,99999.62757590112,1541.1305595781746,1.0,500.0,0.0,0.002,1.0
constrained thermal motion,mean_field_theory,polarized,0.0,500.0,10.0,1.0012432107047022,5.095317944687516,5.095317944687516,0.0654944881183471,,,,gradient,500000.0,500000.0,380904.6057089476,100000.0,99999.21364017614,1493.7435517997944,1.0,500.0,0.0,0.002,1.0
constrained thermal motion,mean_field_theory,polarized,0.0,500.0,10.0,1.0012755367343298,5.231127269095603,5.231127269095603,0.0665931267808164,,,,gradient,500000.0,500000.0,368809.16352682066,100000.0,99998.4299125045,1446.3104452032185,1.0,500.0,0.0,0.002,1.0
constrained thermal motion,mean_field_theory,polarized,0.0,500.0,10.0,1.0013078638076318,5.367112092972803,5.367112092972803,0.0676662752629915,,,,gradient,500000.0,500000.0,356790.47616891086,100000.0,99997.02034808382,1399.1783379172975,1.0,500.0,0.0,0.002,1.0
constrained thermal motion,mean_field_theory,polarized,0.0,500.0,10.0,1.0013401919246423,5.503272643109303,5.503272643109303,0.0687227087309965,,,,gradient,500000.0,500000.0,344922.80207949237,100000.0,99994.60097413031,1352.638439527421,1.0,500.0,0.0,0.002,1.0
constrained thermal motion,mean_field_theory,polarized,0.0,500.0,10.0,1.0013725210853948,5.6396091465864995,5.6396091465864995,0.0697714039342421,,,,gradient,500000.0,500000.0,333266.9116685923,100000.0,99990.62163542796,1306.929065367029,1.0,500.0,0.0,0.002,1.0
constrained thermal motion,mean_field_theory,polarized,0.0,500.0,10.0,1.0014048512899232,5.776121830781067,5.776121830781067,0.0708223719803539,,,,gradient,500000.0,500000.0,321869.4109420234,100000.0,99984.29311937129,1262.2329840863663,1.0,500.0,0.0,0.002,1.0
constrained thermal motion,mean_field_theory,polarized,0.0,500.0,10.0,1.001437182538261,5.912810923361667,5.912810923361667,0.0718841878746845,,,,gradient,500000.0,500000.0,310769.8979363352,100000.0,99974.60444106851,1218.7054821032752,1.0,500.0,0.0,0.002,1.0
constrained thermal motion,mean_field_theory,polarized,0.0,500.0,10.0,1.001469514830442,6.049676652291125,6.049676652291125,0.0729650533729379,,,,gradient,500000.0,500000.0,299996.69483974896,100000.0,99960.27161313928,1176.4576268225449,1.0,500.0,0.0,0.002,1.0
constrained thermal motion,mean_field_theory,polarized,0.0,500.0,10.0,1.0015018481665,6.1867192458287645,6.1867192458287645,0.0740728071443849,,,,gradient,500000.0,500000.0,289569.0745431337,100000.0,99939.70201174066,1135.5649982083676,1.0,500.0,0.0,0.002,1.0
constrained thermal motion,mean_field_theory,polarized,0.0,500.0,10.0,1.0015341825464683,6.323938932526962,6.323938932526962,0.0752143907506167,,,,gradient,500000.0,500000.0,279499.32693628414,100000.0,99910.9921796184,1096.0757919069963,1.0,500.0,0.0,0.002,1.0
constrained thermal motion,mean_field_theory,polarized,0.0,500.0,10.0,1.001566517970381,6.461335941234392,6.461335941234392,0.0763957559998422,,,,gradient,500000.0,500000.0,269793.95485485863,100000.0,99871.92044440088,1058.0155092347395,1.0,500.0,0.0,0.002,1.0
constrained thermal motion,mean_field_theory,polarized,0.0,500.0,10.0,1.0015988544382717,6.598910501095423,6.598910501095423,0.0776239406799674,,,,gradient,500000.0,500000.0,260455.1999659303,100000.0,99819.7309894188,1021.392941042864,1.0,500.0,0.0,0.002,1.0
constrained thermal motion,mean_field_theory,polarized,0.0,500.0,10.0,1.001631191950174,6.736662841550567,6.736662841549634,0.0788996576033231,,,,gradient,500000.0,500000.0,251481.10032930193,100000.0,99751.82145490668,986.2003934482428,1.0,500.0,0.0,0.002,1.0
constrained thermal motion,mean_field_theory,polarized,0.0,500.0,10.0,1.001663530506122,6.874593192335898,6.874593192335898,0.0802242688804453,,,,gradient,500000.0,500000.0,242866.4846884157,100000.0,99665.22664832268,952.4175870133948,1.0,500.0,0.0,0.002,1.0
constrained thermal motion,mean_field_theory,polarized,0.0,500.0,10.0,1.0016958701061487,7.012701783485231,7.012701783485231,0.0815975361508129,,,,gradient,500000.0,500000.0,234603.86743874356,100000.0,99556.8468652864,920.0151664264454,1.0,500.0,0.0,0.002,1.0
constrained thermal motion,mean_field_theory,polarized,0.0,500.0,10.0,1.0017282107502885,7.1509888453306525,7.1509888453306525,0.0830176802382544,,,,gradient,500000.0,500000.0,226684.0186025963,100000.0,99423.5190857824,888.9569356964561,1.0,500.0,0.0,0.002,1.0
constrained thermal motion,mean_field_theory,polarized,0.0,500.0,10.0,1.0017605524385749,7.28945460849999,7.28945460849999,0.0844828892877601,,,,gradient,500000.0,500000.0,219097.03766135895,100000.0,99261.82855825868,859.2040692602311,1.0,500.0,0.0,0.002,1.0
constrained thermal motion,mean_field_theory,polarized,0.0,500.0,10.0,1.0017928951710413,7.428099303919056,7.428099303919056,0.0859899058875139,,,,gradient,500000.0,500000.0,211832.16577013585,100000.0,99068.37733709416,830.7143755691602,1.0,500.0,0.0,0.002,1.0
constrained thermal motion,mean_field_theory,polarized,0.0,500.0,10.0,1.0018252389477216,7.566923162813066,7.566923162813066,0.0875308378901048,,,,gradient,500000.0,500000.0,204876.42411590787,100000.0,98840.6607776418,803.4369573172858,1.0,500.0,0.0,0.002,1.0
constrained thermal motion,mean_field_theory,polarized,0.0,500.0,10.0,1.00185758376865,7.705926416707887,7.7059264167088415,0.0890993643006258,,,,gradient,500000.0,500000.0,198217.4903259618,100000.0,98576.0077491515,777.3234914743599,1.0,500.0,0.0,0.002,1.0
constrained thermal motion,mean_field_theory,polarized,0.0,500.0,10.0,1.0018899296338593,7.845109297423858,7.845109297423858,0.0906886331346972,,,,gradient,500000.0,500000.0,191842.93919879524,100000.0,98272.04242615696,752.3252517599814,1.0,500.0,0.0,0.002,1.0
constrained thermal motion,mean_field_theory,polarized,0.0,500.0,10.0,1.0019222765433835,7.984472037084656,7.984472037083701,0.0922915031146777,,,,gradient,500000.0,500000.0,185740.3998294427,100000.0,97926.73308733896,728.3937248213439,1.0,500.0,0.0,0.002,1.0
constrained thermal motion,mean_field_theory,polarized,0.0,500.0,10.0,1.0019546244972573,8.12401486811396,8.12401486811396,0.0939034687016093,,,,gradient,500000.0,500000.0,179899.13555797725,100000.0,97537.50068063938,705.4868061097147,1.0,500.0,0.0,0.002,1.0
constrained thermal motion,mean_field_theory,polarized,0.0,500.0,10.0,1.0019869734955131,8.263738023232857,8.263738023232857,0.0955159777657773,,,,gradient,500000.0,500000.0,174306.51507015215,100000.0,97103.42409793528,683.5549610594202,1.0,500.0,0.0,0.002,1.0
constrained thermal motion,mean_field_theory,polarized,0.0,500.0,10.0,1.0020193235381851,8.403641735466106,8.40364173546515,0.0971208666173946,,,,gradient,500000.0,500000.0,168950.2147165381,100000.0,96624.12168864072,662.5498616334827,1.0,500.0,0.0,0.002,1.0
constrained thermal motion,mean_field_theory,polarized,0.0,500.0,10.0,1.0020516746253074,8.543726238137639,8.543726238137639,0.0987117431678707,,,,gradient,500000.0,500000.0,163819.00178031245,100000.0,96099.21477984112,642.4274579620096,1.0,500.0,0.0,0.002,1.0
constrained thermal motion,mean_field_theory,polarized,0.0,500.0,10.0,1.002084026756913,8.683991764873845,8.683991764873845,0.1002827479332857,,,,gradient,500000.0,500000.0,158902.0643751574,100000.0,95528.74181592446,623.1453504908134,1.0,500.0,0.0,0.002,1.0
constrained thermal motion,mean_field_theory,polarized,0.0,500.0,10.0,1.0021163799330364,8.824438549603997,8.824438549603997,0.101828618393703,,,,gradient,500000.0,500000.0,154189.031138654,100000.0,94913.14082097897,604.6628672104079,1.0,500.0,0.0,0.002,1.0
constrained thermal motion,mean_field_theory,polarized,0.0,500.0,10.0,1.0021487341537108,8.965066826557688,8.965066826557688,0.1033481732819627,,,,gradient,500000.0,500000.0,149672.16455126,100000.0,94251.40876972787,586.949664906902,1.0,500.0,0.0,0.002,1.0
constrained thermal motion,mean_field_theory,polarized,0.0,500.0,10.0,1.00218108941897,9.105876830268244,9.105876830268244,0.104833839472956,,,,gradient,500000.0,500000.0,145339.82094141244,100000.0,93546.4098660565,569.960082123186,1.0,500.0,0.0,0.002,1.0
constrained thermal motion,mean_field_theory,polarized,0.0,500.0,10.0,1.002213445728848,9.246868795571949,9.246868795572926,0.1062822055760343,,,,gradient,500000.0,500000.0,141182.92888176374,100000.0,92799.673690241,553.6585446343677,1.0,500.0,0.0,0.002,1.0
constrained thermal motion,mean_field_theory,polarized,0.0,500.0,10.0,1.002245803083378,9.388042957607666,9.388042957608643,0.1076905478029159,,,,gradient,500000.0,500000.0,137192.9029660828,100000.0,92012.967065141,538.0113841807168,1.0,500.0,0.0,0.002,1.0
constrained thermal motion,mean_field_theory,polarized,0.0,500.0,10.0,1.002278161482594,9.529399551820015,9.529399551820015,0.1090567249796342,,,,gradient,500000.0,500000.0,133361.5898740255,100000.0,91188.28860323764,522.9866269569627,1.0,500.0,0.0,0.002,1.0
constrained thermal motion,mean_field_theory,polarized,0.0,500.0,10.0,1.00231052092653,9.670938813956887,9.670938813956887,0.1103800078063693,,,,gradient,500000.0,500000.0,129681.8735403108,100000.0,90327.25693955593,508.55636682474824,1.0,500.0,0.0,0.002,1.0
constrained thermal motion,mean_field_theory,polarized,0.0,500.0,10.0,1.002342881415219,9.812660980069875,9.812660980068898,0.1116604222626777,,,,gradient,500000.0,500000.0,126147.26486682164,100000.0,89431.41587141834,494.695156340477,1.0,500.0,0.0,0.002,1.0
constrained thermal motion,mean_field_theory,polarized,0.0,500.0,10.0,1.0023752429486958,9.954566286516542,9.954566286516542,0.1128951307296083,,,,gradient,500000.0,500000.0,122749.29031464783,100000.0,88504.63964193704,481.36976593979546,1.0,500.0,0.0,0.002,1.0
constrained thermal motion,mean_field_theory,polarized,0.0,500.0,10.0,1.0024076055269937,10.09665496996086,10.096654969961838,0.1140838667741237,,,,gradient,500000.0,500000.0,119481.36961264262,100000.0,87549.48927330151,468.5543906378142,1.0,500.0,0.0,0.002,1.0
constrained thermal motion,mean_field_theory,polarized,0.0,500.0,10.0,1.0024399691501458,10.238927267370702,10.238927267370702,0.1152267003123201,,,,gradient,500000.0,500000.0,116337.274839226,100000.0,86568.57099692538,456.22460721265105,1.0,500.0,0.0,0.002,1.0
constrained thermal motion,mean_field_theory,polarized,0.0,500.0,10.0,1.0024723338181865,10.381383416021103,10.381383416021103,0.1163239890151176,,,,gradient,500000.0,500000.0,113311.1128945047,100000.0,85564.50651275062,444.35730546864585,1.0,500.0,0.0,0.002,1.0
constrained thermal motion,mean_field_theory,polarized,0.0,500.0,10.0,1.0025046995311493,10.52402365349372,10.52402365349372,0.1173778917020693,,,,gradient,500000.0,500000.0,110398.4732460245,100000.0,84538.83574701138,432.9351892000961,1.0,500.0,0.0,0.002,1.0
constrained thermal motion,mean_field_theory,polarized,0.0,500.0,10.0,1.002537066289068,10.666848217677206,10.666848217677206,0.1183886198228804,,,,gradient,500000.0,500000.0,107593.62529669006,100000.0,83494.58706510653,421.9357854772159,1.0,500.0,0.0,0.002,1.0
constrained thermal motion,mean_field_theory,polarized,0.0,500.0,10.0,1.0025694340919764,10.809857346767672,10.809857346767672,0.1193561202672189,,,,gradient,500000.0,500000.0,104890.7999018912,100000.0,82435.01586592999,411.3364702034949,1.0,500.0,0.0,0.002,1.0
constrained thermal motion,mean_field_theory,polarized,0.0,500.0,10.0,1.0026018029399082,10.953051279268957,10.953051279268957,0.1202815084854505,,,,gradient,500000.0,500000.0,102285.27600516642,100000.0,81362.58110420646,401.1187294320252,1.0,500.0,0.0,0.002,1.0
constrained thermal motion,mean_field_theory,polarized,0.0,500.0,10.0,1.0026341728328971,11.096430253993184,11.096430253993184,0.1211659981378657,,,,gradient,500000.0,500000.0,99772.58653709556,100000.0,80279.65379772765,391.2650452435121,1.0,500.0,0.0,0.002,1.0
constrained thermal motion,mean_field_theory,polarized,0.0,500.0,10.0,1.0026665437709767,11.239994510060036,11.239994510060036,0.1220108749051981,,,,gradient,500000.0,500000.0,97348.50397788615,100000.0,79188.5058804099,381.75883912896535,1.0,500.0,0.0,0.002,1.0
constrained thermal motion,mean_field_theory,polarized,0.0,500.0,10.0,1.002698915754181,11.383744286900166,11.383744286900166,0.1228197297161667,,,,gradient,500000.0,500000.0,95010.609014291,100000.0,78090.0282426682,372.59062358545486,1.0,500.0,0.0,0.002,1.0
constrained thermal motion,mean_field_theory,polarized,0.0,500.0,10.0,1.0027312887825437,11.527679824252646,11.527679824252646,0.123591893877563,,,,gradient,500000.0,500000.0,92753.61080384222,100000.0,76987.55894816465,363.739650211146,1.0,500.0,0.0,0.002,1.0
constrained thermal motion,mean_field_theory,polarized,0.0,500.0,10.0,1.0027636628560983,11.671801362166368,11.67180136216539,0.1243285567637981,,,,gradient,500000.0,500000.0,90573.7753307858,100000.0,75883.152889682,355.19127580700314,1.0,500.0,0.0,0.002,1.0
constrained thermal motion,mean_field_theory,polarized,0.0,500.0,10.0,1.002796037974879,11.81610914099942,11.81610914099942,0.1250311115306647,,,,gradient,500000.0,500000.0,88467.70473856095,100000.0,74778.62096307866,346.93217544533707,1.0,500.0,0.0,0.002,1.0
constrained thermal motion,mean_field_theory,polarized,0.0,500.0,10.0,1.0028284141389192,11.960603401422444,11.960603401422444,0.1257009381773379,,,,gradient,500000.0,500000.0,86432.17911283366,100000.0,73675.65121438961,338.9497220111124,1.0,500.0,0.0,0.002,1.0
constrained thermal motion,mean_field_theory,polarized,0.0,500.0,10.0,1.0028607913482526,12.10528438441516,12.10528438441516,0.1263399780561493,,,,gradient,500000.0,500000.0,84464.5068586323,100000.0,72575.57520076106,331.2333602299306,1.0,500.0,0.0,0.002,1.0
constrained thermal motion,mean_field_theory,polarized,0.0,500.0,10.0,1.002893169602913,12.25015233127058,12.25015233127058,0.1269509679436368,,,,gradient,500000.0,500000.0,82562.60116124753,100000.0,71479.3720000953,323.77490651469617,1.0,500.0,0.0,0.002,1.0
constrained thermal motion,mean_field_theory,polarized,0.0,500.0,10.0,1.0029255489029345,12.395207483592618,12.395207483592618,0.12753328196065,,,,gradient,500000.0,500000.0,80722.48801766857,100000.0,70389.20163783572,316.55877653987676,1.0,500.0,0.0,0.002,1.0
constrained thermal motion,mean_field_theory,polarized,0.0,500.0,10.0,1.0029579292483504,12.540450083296362,12.540450083296362,0.1280881819492524,,,,gradient,500000.0,500000.0,78941.56353630881,100000.0,69306.27337459815,309.5747589659169,1.0,500.0,0.0,0.002,1.0
constrained thermal motion,mean_field_theory,polarized,0.0,500.0,10.0,1.0029903106391944,12.685880372610514,12.685880372610514,0.128616885166381,,,,gradient,500000.0,500000.0,77217.35576500841,100000.0,68231.68583923327,302.8131598627781,1.0,500.0,0.0,0.002,1.0
constrained thermal motion,mean_field_theory,polarized,0.0,500.0,10.0,1.0030226930755008,12.831498594078772,12.831498594078772,0.1291205620967944,,,,gradient,500000.0,500000.0,75547.51708585741,100000.0,67166.43171956886,296.26477288571533,1.0,500.0,0.0,0.002,1.0
constrained thermal motion,mean_field_theory,polarized,0.0,500.0,10.0,1.003055076557303,12.977304990554272,12.977304990554272,0.1296018439293825,,,,gradient,500000.0,500000.0,73930.57673967331,100000.0,66111.07334444791,289.92383035166006,1.0,500.0,0.0,0.002,1.0
constrained thermal motion,mean_field_theory,polarized,0.0,500.0,10.0,1.0030874610846343,13.12329980520599,13.12329980520499,0.1300616340402652,,,,gradient,500000.0,500000.0,72364.24774780152,100000.0,65066.549419854695,283.7813637168687,1.0,500.0,0.0,0.002,1.0
constrained thermal motion,mean_field_theory,polarized,0.0,500.0,10.0,1.0031198466575295,13.269483281518069,13.269483281518069,0.1304997267924136,,,,gradient,500000.0,500000.0,70845.87007555054,100000.0,64033.86120411767,277.8269414727472,1.0,500.0,0.0,0.002,1.0
constrained thermal motion,mean_field_theory,polarized,0.0,500.0,10.0,1.0031522332760217,13.41585566328838,13.41585566328838,0.1309171037315117,,,,gradient,500000.0,500000.0,69373.52827632838,100000.0,63013.62315783713,272.05305206403284,1.0,500.0,0.0,0.002,1.0
constrained thermal motion,mean_field_theory,polarized,0.0,500.0,10.0,1.0031846209401447,13.56241719462976,13.56241719462976,0.1313146978608755,,,,gradient,500000.0,500000.0,67945.39967912764,100000.0,62006.37011411424,266.4525477612849,1.0,500.0,0.0,0.002,1.0
constrained thermal motion,mean_field_theory,polarized,0.0,500.0,10.0,1.0032170096499322,13.709168119969515,13.709168119969515,0.1316933947478283,,,,gradient,500000.0,500000.0,66559.7492039804,100000.0,61012.56264563376,261.0186243293349,1.0,500.0,0.0,0.002,1.0
constrained thermal motion,mean_field_theory,polarized,0.0,500.0,10.0,1.003249399405418,13.856108684052847,13.856108684051849,0.1320566907438086,,,,gradient,500000.0,500000.0,65215.99442814593,100000.0,60032.36591870549,255.74899775743503,1.0,500.0,0.0,0.002,1.0
constrained thermal motion,mean_field_theory,polarized,0.0,500.0,10.0,1.0032817902066362,14.003239131940193,14.003239131940193,0.1324032665586707,,,,gradient,500000.0,500000.0,63911.62101907102,100000.0,59066.37901232247,250.63380791792557,1.0,500.0,0.0,0.002,1.0
constrained thermal motion,mean_field_theory,polarized,0.0,500.0,10.0,1.0033141820536202,14.150559709008624,14.150559709008624,0.1327334572319089,,,,gradient,500000.0,500000.0,62644.9545127006,100000.0,58114.90718066448,245.6664882851004,1.0,500.0,0.0,0.002,1.0
constrained thermal motion,mean_field_theory,polarized,0.0,500.0,10.0,1.0033465749464037,14.298070660951367,14.298070660951367,0.1330479764445437,,,,gradient,500000.0,500000.0,61414.566134591674,100000.0,57178.15858301279,240.84143582192817,1.0,500.0,0.0,0.002,1.0
constrained thermal motion,mean_field_theory,polarized,0.0,500.0,10.0,1.0033789688850208,14.445772233782115,14.445772233782115,0.1333474980010498,,,,gradient,500000.0,500000.0,60219.09313704886,100000.0,56256.291684936696,236.15330641979943,1.0,500.0,0.0,0.002,1.0
constrained thermal motion,mean_field_theory,polarized,0.0,500.0,10.0,1.003411363869505,14.593664673829457,14.593664673829457,0.1336332589511779,,,,gradient,500000.0,500000.0,59057.43694471973,100000.0,55349.412945900665,231.59779194007737,1.0,500.0,0.0,0.002,1.0
constrained thermal motion,mean_field_theory,polarized,0.0,500.0,10.0,1.0034437598998902,14.741748227741304,14.741748227741304,0.1339081096714084,,,,gradient,500000.0,500000.0,57929.06186104118,100000.0,54457.60934463852,227.1727916119262,1.0,500.0,0.0,0.002,1.0
constrained thermal motion,mean_field_theory,polarized,0.0,500.0,10.0,1.00347615697621,14.890023142484242,14.890023142484242,0.1341698948955956,,,,gradient,500000.0,500000.0,56831.836261624616,100000.0,53580.968578282635,222.8699461240181,1.0,500.0,0.0,0.002,1.0
constrained thermal motion,mean_field_theory,polarized,0.0,500.0,10.0,1.0035085550984983,15.038489665344112,15.038489665344112,0.1344191489967453,,,,gradient,500000.0,500000.0,55764.629582639325,100000.0,52719.485344845176,218.68482189270324,1.0,500.0,0.0,0.002,1.0
constrained thermal motion,mean_field_theory,polarized,0.0,500.0,10.0,1.003540954266789,15.18714804392718,15.18714804392718,0.1346563752795839,,,,gradient,500000.0,500000.0,54726.36149910426,100000.0,51873.123852285134,214.61318234942848,1.0,500.0,0.0,0.002,1.0
constrained thermal motion,mean_field_theory,polarized,0.0,500.0,10.0,1.0035733544811158,15.33599852615879,15.33599852615879,0.134882047664495,,,,gradient,500000.0,500000.0,53715.99931765665,100000.0,51041.82091570402,210.6509777163006,1.0,500.0,0.0,0.002,1.0
constrained thermal motion,mean_field_theory,polarized,0.0,500.0,10.0,1.0036057557415123,15.485041360283525,15.485041360283525,0.1350984684553292,,,,gradient,500000.0,500000.0,52733.06052463834,100000.0,50225.56750058746,206.79631578289545,1.0,500.0,0.0,0.002,1.0
constrained thermal motion,mean_field_theory,polarized,0.0,500.0,10.0,1.0036381580480125,15.634276794867862,15.634276794868883,0.135306186959026,,,,gradient,500000.0,500000.0,51776.58241844164,100000.0,49424.28902719025,203.04542124879077,1.0,500.0,0.0,0.002,1.0
constrained thermal motion,mean_field_theory,polarized,0.0,500.0,10.0,1.0036705614006496,15.78370507880047,15.78370507880047,0.1355037477839469,,,,gradient,500000.0,500000.0,50845.14040070839,100000.0,48637.7844937329,199.3927074537584,1.0,500.0,0.0,0.002,1.0
constrained thermal motion,mean_field_theory,polarized,0.0,500.0,10.0,1.0037029657994585,15.933326461291664,15.933326461292683,0.1356915240536497,,,,gradient,500000.0,500000.0,49937.870390406795,100000.0,47865.90384428952,195.83478584473252,1.0,500.0,0.0,0.002,1.0
constrained thermal motion,mean_field_theory,polarized,0.0,500.0,10.0,1.0037353712444717,16.083141191870666,16.083141191870666,0.1358698669709636,,,,gradient,500000.0,500000.0,49053.94495963859,100000.0,47108.48225690284,192.36841160642584,1.0,500.0,0.0,0.002,1.0
constrained thermal motion,mean_field_theory,polarized,0.0,500.0,10.0,1.0037677777357237,16.233149520392274,16.233149520392274,0.1360391071222175,,,,gradient,500000.0,500000.0,48192.57151021836,100000.0,46365.34205828514,188.99047651066024,1.0,500.0,0.0,0.002,1.0
constrained thermal motion,mean_field_theory,polarized,0.0,500.0,10.0,1.0038001852732483,16.383351697034154,16.383351697034154,0.1362028996782608,,,,gradient,500000.0,500000.0,47353.73988830413,100000.0,45636.53205664391,185.70094073844757,1.0,500.0,0.0,0.002,1.0
constrained thermal motion,mean_field_theory,polarized,0.0,500.0,10.0,1.0038325938570791,16.53374797229519,16.53374797229519,0.1363590733387169,,,,gradient,500000.0,500000.0,46536.115509198695,100000.0,44921.69630821595,182.4945706243086,1.0,500.0,0.0,0.002,1.0
constrained thermal motion,mean_field_theory,polarized,0.0,500.0,10.0,1.00386500348725,16.684338597000004,16.684338597000004,0.1365071586898764,,,,gradient,500000.0,500000.0,45738.82865681476,100000.0,44220.57438381523,179.36795551692063,1.0,500.0,0.0,0.002,1.0
constrained thermal motion,mean_field_theory,polarized,0.0,500.0,10.0,1.0038974141637946,16.83512382229535,16.83512382229535,0.1366474161446305,,,,gradient,500000.0,500000.0,44961.21081789305,100000.0,43532.95038591023,176.31847379565903,1.0,500.0,0.0,0.002,1.0
constrained thermal motion,mean_field_theory,polarized,0.0,500.0,10.0,1.0039298258867468,16.98610389965449,16.98610389965449,0.1367800910076489,,,,gradient,500000.0,500000.0,44202.62057263837,100000.0,42858.60312972887,173.34361008877792,1.0,500.0,0.0,0.002,1.0
constrained thermal motion,mean_field_theory,polarized,0.0,500.0,10.0,1.0039622386561404,17.137279080874677,17.137279080874677,0.1369060073557997,,,,gradient,500000.0,500000.0,43462.5569135751,100000.0,42197.35693446653,170.44139966107883,1.0,500.0,0.0,0.002,1.0
constrained thermal motion,mean_field_theory,polarized,0.0,500.0,10.0,1.0039946524720091,17.288649618078544,17.288649618078544,0.1370286550845737,,,,gradient,500000.0,500000.0,42741.031785319865,100000.0,41549.2615768028,167.61188935419554,1.0,500.0,0.0,0.002,1.0
constrained thermal motion,mean_field_theory,polarized,0.0,500.0,10.0,1.0040270673343867,17.440215763714484,17.440215763714484,0.1371445064114703,,,,gradient,500000.0,500000.0,42036.734141453024,100000.0,40913.77463394497,164.8499378096197,1.0,500.0,0.0,0.002,1.0
constrained thermal motion,mean_field_theory,polarized,0.0,500.0,10.0,1.0040594832433072,17.59197777055821,17.59197777055821,0.13725375527418,,,,gradient,500000.0,500000.0,41349.11958723113,100000.0,40290.66145800445,162.15341014600443,1.0,500.0,0.0,0.002,1.0
constrained thermal motion,mean_field_theory,polarized,0.0,500.0,10.0,1.0040919001988042,17.743935891710947,17.743935891710947,0.1373565846276349,,,,gradient,500000.0,500000.0,40677.66498460035,100000.0,39679.68674140806,159.52025484157,1.0,500.0,0.0,0.002,1.0
constrained thermal motion,mean_field_theory,polarized,0.0,500.0,10.0,1.0041243182009114,17.89609038060007,17.89609038060007,0.1374531670841763,,,,gradient,500000.0,500000.0,40021.86747241638,100000.0,39080.615146715434,156.94849989182893,1.0,500.0,0.0,0.002,1.0
constrained thermal motion,mean_field_theory,polarized,0.0,500.0,10.0,1.0041567372496627,18.04844149098239,18.04844149098239,0.137545816467083,,,,gradient,500000.0,500000.0,39381.595684948676,100000.0,38493.40456394397,154.43763013705362,1.0,500.0,0.0,0.002,1.0
constrained thermal motion,mean_field_theory,polarized,0.0,500.0,10.0,1.0041891573450918,18.20098947694169,18.20098947694169,0.1376351909933943,,,,gradient,500000.0,500000.0,38756.43505957462,100000.0,37917.864811335414,151.9860198414691,1.0,500.0,0.0,0.002,1.0
constrained thermal motion,mean_field_theory,polarized,0.0,500.0,10.0,1.0042215784872328,18.35373459289109,18.35373459289109,0.1377189094413724,,,,gradient,500000.0,500000.0,38145.513184771466,100000.0,37353.535351848026,149.5902477834175,1.0,500.0,0.0,0.002,1.0
constrained thermal motion,mean_field_theory,polarized,0.0,500.0,10.0,1.0042540006761191,18.506677093570342,18.506677093570342,0.1377971091567817,,,,gradient,500000.0,500000.0,37548.40024143665,100000.0,36800.18428054242,147.24862839779078,1.0,500.0,0.0,0.002,1.0
constrained thermal motion,mean_field_theory,polarized,0.0,500.0,10.0,1.0042864239117848,18.659817234050593,18.659817234050593,0.1378699199297491,,,,gradient,500000.0,500000.0,36964.68247551094,100000.0,36257.58201164705,144.95953911965074,1.0,500.0,0.0,0.002,1.0
constrained thermal motion,mean_field_theory,polarized,0.0,500.0,10.0,1.0043188481942635,18.813155269731396,18.813155269731396,0.1379374644540633,,,,gradient,500000.0,500000.0,36393.96148709665,100000.0,35725.50156859875,142.72141759645743,1.0,500.0,0.0,0.002,1.0
constrained thermal motion,mean_field_theory,polarized,0.0,500.0,10.0,1.004351273523589,18.96669145634245,18.96669145634245,0.13800376790467,,,,gradient,500000.0,500000.0,35836.40289678526,100000.0,35204.06997667141,140.5349133207265,1.0,500.0,0.0,0.002,1.0
constrained thermal motion,mean_field_theory,polarized,0.0,500.0,10.0,1.0043836998997957,19.12042604994493,19.12042604994597,0.1380662536793191,,,,gradient,500000.0,500000.0,35291.22600490322,100000.0,34692.81778744313,138.39696472511068,1.0,500.0,0.0,0.002,1.0
constrained thermal motion,mean_field_theory,polarized,0.0,500.0,10.0,1.0044161273229162,19.27435930692878,19.27435930692878,0.13812392804152,,,,gradient,500000.0,500000.0,34757.916743415684,100000.0,34191.426786475255,136.3055558565321,1.0,500.0,0.0,0.002,1.0
constrained thermal motion,mean_field_theory,polarized,0.0,500.0,10.0,1.004448555792985,19.42849148401635,19.42849148401635,0.1381768892677475,,,,gradient,500000.0,500000.0,34236.13233392892,100000.0,33699.68165695389,134.25934248599577,1.0,500.0,0.0,0.002,1.0
constrained thermal motion,mean_field_theory,polarized,0.0,500.0,10.0,1.004480985310036,19.582822838263823,19.582822838263823,0.1382252303662756,,,,gradient,500000.0,500000.0,33725.542275937216,100000.0,33217.370706293405,132.25702853308712,1.0,500.0,0.0,0.002,1.0
constrained thermal motion,mean_field_theory,polarized,0.0,500.0,10.0,1.004513415874103,19.737353627056375,19.737353627056375,0.1382695737228107,,,,gradient,500000.0,500000.0,33225.8947124306,100000.0,32744.333028921443,130.29762632325725,1.0,500.0,0.0,0.002,1.0
constrained thermal motion,mean_field_theory,polarized,0.0,500.0,10.0,1.0045458474852196,19.892084108113917,19.892084108113917,0.1383142469162752,,,,gradient,500000.0,500000.0,32737.395158892923,100000.0,32280.73222641942,128.3819417995801,1.0,500.0,0.0,0.002,1.0
constrained thermal motion,mean_field_theory,polarized,0.0,500.0,10.0,1.0045782801434195,20.047014539487297,20.047014539487297,0.1383546720390194,,,,gradient,500000.0,500000.0,32259.149411600123,100000.0,31825.9523533146,126.5064682807848,1.0,500.0,0.0,0.002,1.0
constrained thermal motion,mean_field_theory,polarized,0.0,500.0,10.0,1.004610713848737,20.202145179563935,20.202145179563935,0.1383909239539293,,,,gradient,500000.0,500000.0,31790.871653889597,100000.0,31379.79635253921,124.67008491721413,1.0,500.0,0.0,0.002,1.0
constrained thermal motion,mean_field_theory,polarized,0.0,500.0,10.0,1.0046431486012053,20.357476287060948,20.357476287060948,0.1384230736023002,,,,gradient,500000.0,500000.0,31332.285958991884,100000.0,30942.0711581537,122.87170964310543,1.0,500.0,0.0,0.002,1.0
constrained thermal motion,mean_field_theory,polarized,0.0,500.0,10.0,1.0046755844008588,20.513008121035114,20.513008121035114,0.1384511881936704,,,,gradient,500000.0,500000.0,30883.125883214663,100000.0,30512.58770524886,121.11029758123398,1.0,500.0,0.0,0.002,1.0
constrained thermal motion,mean_field_theory,polarized,0.0,500.0,10.0,1.0047080212477308,20.66874094087261,20.66874094087261,0.1384776800367773,,,,gradient,500000.0,500000.0,30443.39174721082,100000.0,30091.35797659888,119.38584998906204,1.0,500.0,0.0,0.002,1.0
constrained thermal motion,mean_field_theory,polarized,0.0,500.0,10.0,1.0047404591418554,20.82467500629801,20.82467500629801,0.1385035078381299,,,,gradient,500000.0,500000.0,30012.912943776937,100000.0,29678.2670121836,117.69769781873308,1.0,500.0,0.0,0.002,1.0
constrained thermal motion,mean_field_theory,polarized,0.0,500.0,10.0,1.0047728980832662,20.980810577370423,20.980810577370423,0.1385255998282679,,,,gradient,500000.0,500000.0,29591.098046780247,100000.0,29272.87110245161,116.0435217520794,1.0,500.0,0.0,0.002,1.0
constrained thermal motion,mean_field_theory,polarized,0.0,500.0,10.0,1.0048053380719972,21.13714791448611,21.13714791448611,0.1385440103106455,,,,gradient,500000.0,500000.0,29177.71530631963,100000.0,28874.996683304387,114.42241296595934,1.0,500.0,0.0,0.002,1.0
constrained thermal motion,mean_field_theory,polarized,0.0,500.0,10.0,1.0048377791080825,21.293687278376726,21.293687278377817,0.138558790764854,,,,gradient,500000.0,500000.0,28772.540674938453,100000.0,28484.47413254522,112.8334928428959,1.0,500.0,0.0,0.002,1.0
constrained thermal motion,mean_field_theory,polarized,0.0,500.0,10.0,1.004870221191555,21.45042893011091,21.45042893011091,0.1385699900075837,,,,gradient,500000.0,500000.0,28375.3575028506,100000.0,28101.13772495882,111.2759117758847,1.0,500.0,0.0,0.002,1.0
constrained thermal motion,mean_field_theory,polarized,0.0,500.0,10.0,1.0049026643224492,21.607373131094597,21.607373131094597,0.1385819792640736,,,,gradient,500000.0,500000.0,27986.376037714173,100000.0,27725.167066080823,109.75049426554578,1.0,500.0,0.0,0.002,1.0
constrained thermal motion,mean_field_theory,polarized,0.0,500.0,10.0,1.004935108500799,21.76452014307264,21.76452014307264,0.138592008063472,,,,gradient,500000.0,500000.0,27605.10031282704,100000.0,27356.171339758203,108.25529534441976,1.0,500.0,0.0,0.002,1.0
constrained thermal motion,mean_field_theory,polarized,0.0,500.0,10.0,1.0049675537266378,21.92187022812697,21.92187022812697,0.1385987016812644,,,,gradient,500000.0,500000.0,27231.19394368432,100000.0,26993.88242484569,106.78899585758558,1.0,500.0,0.0,0.002,1.0
constrained thermal motion,mean_field_theory,polarized,0.0,500.0,10.0,1.005,22.079423648679388,22.079423648679388,0.1386020996047456,,,,gradient,500000.0,500000.0,26864.467481411277,100000.0,26638.149431120928,105.35085286827952,1.0,500.0,0.0,0.002,1.0
constrained thermal motion,mean_field_theory,polarized,10.0,500.0,10.0,1.0,0.0,1.0,0.0,,,,zero_gradient_control,200000.0,200000.0,194345.08165459897,100000.0,99774.32957261211,0.0,0.9688545198737308,516.0733523389706,10.0,0.002,1.0
constrained thermal motion,mean_field_theory,polarized,10.0,500.0,10.0,1.0005,2.0196240732495596,2.0196240732495596,0.0155637183683856,,,,gradient,500000.0,500000.0,472836.59541920864,100000.0,99995.6401637914,1854.2611585067004,0.9688545198737308,516.0733523389706,10.0,0.002,1.0
constrained thermal motion,mean_field_theory,polarized,10.0,500.0,10.0,1.0005323020344072,2.151458835184439,2.151458835184439,0.0165216179243605,,,,gradient,500000.0,500000.0,464676.10226247174,100000.0,99988.78664189304,1822.2592245587127,0.9688545198737308,516.0733523389706,10.0,0.002,1.0
constrained thermal motion,mean_field_theory,polarized,10.0,500.0,10.0,1.0005646051117143,2.283463960464771,2.2834639604638607,0.0175227437912704,,,,gradient,500000.0,500000.0,455725.95713347575,100000.0,99974.92342689392,1787.160616209709,0.9688545198737308,516.0733523389706,10.0,0.002,1.0
constrained thermal motion,mean_field_theory,polarized,10.0,500.0,10.0,1.000596909231955,2.4156396692418314,2.415639669240921,0.0185975374750658,,,,gradient,500000.0,500000.0,446136.05648930685,100000.0,99949.89736525228,1749.5531627031642,0.9688545198737308,516.0733523389706,10.0,0.002,1.0
constrained thermal motion,mean_field_theory,polarized,10.0,500.0,10.0,1.0006292143951636,2.547986181953243,2.547986181953243,0.0197762033517115,,,,gradient,500000.0,500000.0,436046.4838597964,100000.0,99908.6839495275,1709.986211214888,0.9688545198737308,516.0733523389706,10.0,0.002,1.0
constrained thermal motion,mean_field_theory,polarized,10.0,500.0,10.0,1.0006615206013727,2.6805037193187164,2.6805037193187164,0.0210831442208962,,,,gradient,500000.0,500000.0,425581.2640934673,100000.0,99845.6311724227,1668.9461336998718,0.9688545198737308,516.0733523389706,10.0,0.002,1.0
constrained thermal motion,mean_field_theory,polarized,10.0,500.0,10.0,1.0006938278506168,2.8131925023468174,2.8131925023468174,0.0225381799670432,,,,gradient,500000.0,500000.0,414851.46093201067,100000.0,99754.92848307115,1626.868474243179,0.9688545198737308,516.0733523389706,10.0,0.002,1.0
constrained thermal motion,mean_field_theory,polarized,10.0,500.0,10.0,1.000726136142929,2.9460527523271773,2.9460527523271773,0.0241534245528364,,,,gradient,500000.0,500000.0,403954.1980853142,100000.0,99631.06051646185,1584.134110138487,0.9688545198737308,516.0733523389706,10.0,0.002,1.0
constrained thermal motion,mean_field_theory,polarized,10.0,500.0,10.0,1.0007584454783431,3.07908469083904,3.07908469083904,0.0259310956832465,,,,gradient,500000.0,500000.0,392970.3501841137,100000.0,99468.9848464395,1541.060196800446,0.9688545198737308,516.0733523389706,10.0,0.002,1.0
constrained thermal motion,mean_field_theory,polarized,10.0,500.0,10.0,1.0007907558568931,3.212288539746999,3.212288539746999,0.0278661724988971,,,,gradient,500000.0,500000.0,381967.84203900985,100000.0,99264.4107010506,1497.9131060353327,0.9688545198737308,516.0733523389706,10.0,0.002,1.0
constrained thermal motion,mean_field_theory,polarized,10.0,500.0,10.0,1.0008230672786125,3.34566452120153,3.34566452120153,0.0299480495929946,,,,gradient,500000.0,500000.0,371007.2460705557,100000.0,99013.94035906192,1454.9303767472773,0.9688545198737308,516.0733523389706,10.0,0.002,1.0
constrained thermal motion,mean_field_theory,polarized,10.0,500.0,10.0,1.000855379743535,3.4792128576401016,3.479212857641012,0.0321618350579603,,,,gradient,500000.0,500000.0,360139.8658329501,100000.0,98714.72823422703,1412.3131993449024,0.9688545198737308,516.0733523389706,10.0,0.002,1.0
constrained thermal motion,mean_field_theory,polarized,10.0,500.0,10.0,1.000887693251694,3.612933771790416,3.612933771790416,0.0344913320550815,,,,gradient,500000.0,500000.0,349393.62579641334,100000.0,98365.49920723955,1370.171081554562,0.9688545198737308,516.0733523389706,10.0,0.002,1.0
constrained thermal motion,mean_field_theory,polarized,10.0,500.0,10.0,1.0009200078031233,3.7468274866633737,3.7468274866633737,0.0369187828485865,,,,gradient,500000.0,500000.0,338802.18754929135,100000.0,97965.72158582536,1328.636029605064,0.9688545198737308,516.0733523389706,10.0,0.002,1.0
constrained thermal motion,mean_field_theory,polarized,10.0,500.0,10.0,1.000952323397857,3.880894225562681,3.880894225562681,0.0394263573850794,,,,gradient,500000.0,500000.0,328390.6283646884,100000.0,97515.59463388508,1287.8063857438765,0.9688545198737308,516.0733523389706,10.0,0.002,1.0
constrained thermal motion,mean_field_theory,polarized,10.0,500.0,10.0,1.0009846400359284,4.015134212076887,4.015134212076887,0.0419970515510864,,,,gradient,500000.0,500000.0,318178.9885489838,100000.0,97016.00946902616,1247.7607394077795,0.9688545198737308,516.0733523389706,10.0,0.002,1.0
constrained thermal motion,mean_field_theory,polarized,10.0,500.0,10.0,1.001016957717371,4.149547670086262,4.1495476700853295,0.0446153003613338,,,,gradient,500000.0,500000.0,308186.00731199636,100000.0,96468.33451709412,1208.5725776941033,0.9688545198737308,516.0733523389706,10.0,0.002,1.0
constrained thermal motion,mean_field_theory,polarized,10.0,500.0,10.0,1.0010492764422192,4.284134823757602,4.284134823757602,0.047267246716661,,,,gradient,500000.0,500000.0,298416.41345239663,100000.0,95873.95103496798,1170.2604449113594,0.9688545198737308,516.0733523389706,10.0,0.002,1.0
constrained thermal motion,mean_field_theory,polarized,10.0,500.0,10.0,1.0010815962105062,4.418895897551067,4.418895897551067,0.0499400722185844,,,,gradient,500000.0,500000.0,288884.4225937382,100000.0,95235.74277976318,1132.8800886028948,0.9688545198737308,516.0733523389706,10.0,0.002,1.0
constrained thermal motion,mean_field_theory,polarized,10.0,500.0,10.0,1.0011139170222656,4.553831116213192,4.553831116213192,0.0526228251373282,,,,gradient,500000.0,500000.0,279596.8865619483,100000.0,94556.26648681358,1096.458378674307,0.9688545198737308,516.0733523389706,10.0,0.002,1.0
constrained thermal motion,mean_field_theory,polarized,10.0,500.0,10.0,1.0011462388775312,4.688940704782785,4.688940704782785,0.0553061126662907,,,,gradient,500000.0,500000.0,270558.5945757856,100000.0,93838.25153365942,1061.0140963756298,0.9688545198737308,516.0733523389706,10.0,0.002,1.0
constrained thermal motion,mean_field_theory,polarized,10.0,500.0,10.0,1.001178561776337,4.824224888589401,4.824224888590334,0.057981977279298,,,,gradient,500000.0,500000.0,261772.6061276045,100000.0,93084.5276438976,1026.559239716096,0.9688545198737308,516.0733523389706,10.0,0.002,1.0
constrained thermal motion,mean_field_theory,polarized,10.0,500.0,10.0,1.001210885718716,4.959683893253852,4.959683893254785,0.0606443508565213,,,,gradient,500000.0,500000.0,253244.3168197942,100000.0,92297.59836558356,993.1149679207616,0.9688545198737308,516.0733523389706,10.0,0.002,1.0
constrained thermal motion,mean_field_theory,polarized,10.0,500.0,10.0,1.0012432107047022,5.095317944687516,5.095317944687516,0.0632875016228418,,,,gradient,500000.0,500000.0,244965.42899955373,100000.0,91480.2271764359,960.6487411747204,0.9688545198737308,516.0733523389706,10.0,0.002,1.0
constrained thermal motion,mean_field_theory,polarized,10.0,500.0,10.0,1.0012755367343298,5.231127269095603,5.231127269095603,0.0659065595615961,,,,gradient,500000.0,500000.0,236940.30222996,100000.0,90635.69484383638,929.1776558037648,0.9688545198737308,516.0733523389706,10.0,0.002,1.0
constrained thermal motion,mean_field_theory,polarized,10.0,500.0,10.0,1.0013078638076318,5.367112092972803,5.367112092972803,0.0684978469287495,,,,gradient,500000.0,500000.0,229167.37184761537,100000.0,89766.74702289232,898.6955758730013,0.9688545198737308,516.0733523389706,10.0,0.002,1.0
constrained thermal motion,mean_field_theory,polarized,10.0,500.0,10.0,1.0013401919246423,5.503272643109303,5.503272643109303,0.0710584287059429,,,,gradient,500000.0,500000.0,221644.31893420056,100000.0,88876.02917118579,869.1934075851001,0.9688545198737308,516.0733523389706,10.0,0.002,1.0
constrained thermal motion,mean_field_theory,polarized,10.0,500.0,10.0,1.0013725210853948,5.6396091465864995,5.6396091465864995,0.0735860019579669,,,,gradient,500000.0,500000.0,214368.17820210115,100000.0,87966.07085606677,840.659522361181,0.9688545198737308,516.0733523389706,10.0,0.002,1.0
constrained thermal motion,mean_field_theory,polarized,10.0,500.0,10.0,1.0014048512899232,5.776121830781067,5.776121830781067,0.0760799481740933,,,,gradient,500000.0,500000.0,207340.3456076113,100000.0,87038.67097203033,813.099394539652,0.9688545198737308,516.0733523389706,10.0,0.002,1.0
constrained thermal motion,mean_field_theory,polarized,10.0,500.0,10.0,1.001437182538261,5.912810923361667,5.912810923361667,0.0785377257338267,,,,gradient,500000.0,500000.0,200546.27582888005,100000.0,86096.52146137705,786.4559836426669,0.9688545198737308,516.0733523389706,10.0,0.002,1.0
constrained thermal motion,mean_field_theory,polarized,10.0,500.0,10.0,1.001469514830442,6.049676652291125,6.049676652291125,0.0809584729850646,,,,gradient,500000.0,500000.0,193987.27197361668,100000.0,85141.96672610469,760.7343998965359,0.9688545198737308,516.0733523389706,10.0,0.002,1.0
constrained thermal motion,mean_field_theory,polarized,10.0,500.0,10.0,1.0015018481665,6.1867192458287645,6.1867192458287645,0.0833415645864399,,,,gradient,500000.0,500000.0,187658.56466894763,100000.0,84177.00943923737,735.915939878226,0.9688545198737308,516.0733523389706,10.0,0.002,1.0
constrained thermal motion,mean_field_theory,polarized,10.0,500.0,10.0,1.0015341825464683,6.323938932526962,6.323938932526962,0.0856866413158401,,,,gradient,500000.0,500000.0,181555.08677191244,100000.0,83203.51790206213,711.9807324388723,0.9688545198737308,516.0733523389706,10.0,0.002,1.0
constrained thermal motion,mean_field_theory,polarized,10.0,500.0,10.0,1.001566517970381,6.461335941234392,6.461335941234392,0.0879942456532849,,,,gradient,500000.0,500000.0,175678.10783288843,100000.0,82223.18878335143,688.9337562074056,0.9688545198737308,516.0733523389706,10.0,0.002,1.0
constrained thermal motion,mean_field_theory,polarized,10.0,500.0,10.0,1.0015988544382717,6.598910501095423,6.598910501095423,0.0902641506434324,,,,gradient,500000.0,500000.0,170008.37333105985,100000.0,81236.99313667859,666.6995032590582,0.9688545198737308,516.0733523389706,10.0,0.002,1.0
constrained thermal motion,mean_field_theory,polarized,10.0,500.0,10.0,1.001631191950174,6.736662841550567,6.736662841549634,0.0924961401353228,,,,gradient,500000.0,500000.0,164547.38149011947,100000.0,80247.13491607136,645.2838489808606,0.9688545198737308,516.0733523389706,10.0,0.002,1.0
constrained thermal motion,mean_field_theory,polarized,10.0,500.0,10.0,1.001663530506122,6.874593192335898,6.874593192335898,0.0946905389664088,,,,gradient,500000.0,500000.0,159289.29808958355,100000.0,79254.99003256859,624.6639140767983,0.9688545198737308,516.0733523389706,10.0,0.002,1.0
constrained thermal motion,mean_field_theory,polarized,10.0,500.0,10.0,1.0016958701061487,7.012701783485231,7.012701783485231,0.0968477767874046,,,,gradient,500000.0,500000.0,154228.1901821734,100000.0,78261.82517431088,604.8164320869545,0.9688545198737308,516.0733523389706,10.0,0.002,1.0
constrained thermal motion,mean_field_theory,polarized,10.0,500.0,10.0,1.0017282107502885,7.1509888453306525,7.1509888453306525,0.0989683693473113,,,,gradient,500000.0,500000.0,149358.0569804808,100000.0,77268.8041560458,585.7178705116894,0.9688545198737308,516.0733523389706,10.0,0.002,1.0
constrained thermal motion,mean_field_theory,polarized,10.0,500.0,10.0,1.0017605524385749,7.28945460849999,7.28945460849999,0.1010543095554663,,,,gradient,500000.0,500000.0,144680.2425908032,100000.0,76276.76393841258,567.373500356091,0.9688545198737308,516.0733523389706,10.0,0.002,1.0
constrained thermal motion,mean_field_theory,polarized,10.0,500.0,10.0,1.0017928951710413,7.428099303919056,7.428099303919056,0.1031044941872633,,,,gradient,500000.0,500000.0,140173.51102930267,100000.0,75286.53015425308,549.7000432521673,0.9688545198737308,516.0733523389706,10.0,0.002,1.0
constrained thermal motion,mean_field_theory,polarized,10.0,500.0,10.0,1.0018252389477216,7.566923162813066,7.566923162813066,0.1051199362691922,,,,gradient,500000.0,500000.0,135839.65032940597,100000.0,74299.41023662481,532.7045110957097,0.9688545198737308,516.0733523389706,10.0,0.002,1.0
constrained thermal motion,mean_field_theory,polarized,10.0,500.0,10.0,1.00185758376865,7.705926416707887,7.7059264167088415,0.1071013599088121,,,,gradient,500000.0,500000.0,131672.64969860052,100000.0,73316.21765905965,516.3633321513746,0.9688545198737308,516.0733523389706,10.0,0.002,1.0
constrained thermal motion,mean_field_theory,polarized,10.0,500.0,10.0,1.0018899296338593,7.845109297423858,7.845109297423858,0.1090495169263419,,,,gradient,500000.0,500000.0,127666.55284762832,100000.0,72337.69287770422,500.65314842207187,0.9688545198737308,516.0733523389706,10.0,0.002,1.0
constrained thermal motion,mean_field_theory,polarized,10.0,500.0,10.0,1.0019222765433835,7.984472037084656,7.984472037083701,0.1109651796843602,,,,gradient,500000.0,500000.0,123815.476207396,100000.0,71364.50864488583,485.5508870878274,0.9688545198737308,516.0733523389706,10.0,0.002,1.0
constrained thermal motion,mean_field_theory,polarized,10.0,500.0,10.0,1.0019546244972573,8.12401486811396,8.12401486811396,0.1128513991714726,,,,gradient,500000.0,500000.0,120121.615299931,100000.0,70396.9183255404,471.0651580389451,0.9688545198737308,516.0733523389706,10.0,0.002,1.0
constrained thermal motion,mean_field_theory,polarized,10.0,500.0,10.0,1.0019869734955131,8.263738023232857,8.263738023232857,0.1147054810960514,,,,gradient,500000.0,500000.0,116562.9616458338,100000.0,69435.68155632005,457.10965351307374,0.9688545198737308,516.0733523389706,10.0,0.002,1.0
constrained thermal motion,mean_field_theory,polarized,10.0,500.0,10.0,1.0020193235381851,8.403641735466106,8.40364173546515,0.1165294352304262,,,,gradient,500000.0,500000.0,113142.28576665735,100000.0,68481.4753897753,443.6952383006171,0.9688545198737308,516.0733523389706,10.0,0.002,1.0
constrained thermal motion,mean_field_theory,polarized,10.0,500.0,10.0,1.0020516746253074,8.543726238137639,8.543726238137639,0.1183240614073409,,,,gradient,500000.0,500000.0,109854.13746832292,100000.0,67534.74774098501,430.8005390914624,0.9688545198737308,516.0733523389706,10.0,0.002,1.0
constrained thermal motion,mean_field_theory,polarized,10.0,500.0,10.0,1.002084026756913,8.683991764873845,8.683991764873845,0.1200901557482794,,,,gradient,500000.0,500000.0,106693.20269344904,100000.0,66595.90093675519,418.40471644489816,0.9688545198737308,516.0733523389706,10.0,0.002,1.0
constrained thermal motion,mean_field_theory,polarized,10.0,500.0,10.0,1.0021163799330364,8.824438549603997,8.824438549603997,0.1218285073916847,,,,gradient,500000.0,500000.0,103654.3110489406,100000.0,65665.2953075205,406.487494309571,0.9688545198737308,516.0733523389706,10.0,0.002,1.0
constrained thermal motion,mean_field_theory,polarized,10.0,500.0,10.0,1.0021487341537108,8.965066826557688,8.965066826557688,0.1235431579649521,,,,gradient,500000.0,500000.0,100740.82693434326,100000.0,64742.82231881963,395.0620664091893,0.9688545198737308,516.0733523389706,10.0,0.002,1.0
constrained thermal motion,mean_field_theory,polarized,10.0,500.0,10.0,1.00218108941897,9.105876830268244,9.105876830268244,0.1252293582855712,,,,gradient,500000.0,500000.0,97930.82565148856,100000.0,63829.21541530009,384.0424535352493,0.9688545198737308,516.0733523389706,10.0,0.002,1.0
constrained thermal motion,mean_field_theory,polarized,10.0,500.0,10.0,1.002213445728848,9.246868795571949,9.246868795572926,0.1268900997269044,,,,gradient,500000.0,500000.0,95228.28444411846,100000.0,62924.73525218378,373.4442527220332,0.9688545198737308,516.0733523389706,10.0,0.002,1.0
constrained thermal motion,mean_field_theory,polarized,10.0,500.0,10.0,1.002245803083378,9.388042957607666,9.388042957608643,0.128526118297309,,,,gradient,500000.0,500000.0,92628.65377426364,100000.0,62029.603882686795,363.2496226441711,0.9688545198737308,516.0733523389706,10.0,0.002,1.0
constrained thermal motion,mean_field_theory,polarized,10.0,500.0,10.0,1.002278161482594,9.529399551820015,9.529399551820015,0.1301381317203595,,,,gradient,500000.0,500000.0,90127.54530885,100000.0,61144.01573902868,353.4413541523529,0.9688545198737308,516.0733523389706,10.0,0.002,1.0
constrained thermal motion,mean_field_theory,polarized,10.0,500.0,10.0,1.00231052092653,9.670938813956887,9.670938813956887,0.1317302530628726,,,,gradient,500000.0,500000.0,87729.59786093279,100000.0,60268.03176259614,344.03763867032467,0.9688545198737308,516.0733523389706,10.0,0.002,1.0
constrained thermal motion,mean_field_theory,polarized,10.0,500.0,10.0,1.002342881415219,9.812660980069875,9.812660980068898,0.1332973235332924,,,,gradient,500000.0,500000.0,85412.75171277054,100000.0,59401.65745530316,334.95196750106095,0.9688545198737308,516.0733523389706,10.0,0.002,1.0
constrained thermal motion,mean_field_theory,polarized,10.0,500.0,10.0,1.0023752429486958,9.954566286516542,9.954566286516542,0.1348424053457364,,,,gradient,500000.0,500000.0,83182.23739877145,100000.0,58545.286358240584,326.2048525442018,0.9688545198737308,516.0733523389706,10.0,0.002,1.0
constrained thermal motion,mean_field_theory,polarized,10.0,500.0,10.0,1.0024076055269937,10.09665496996086,10.096654969961838,0.1363661311529439,,,,gradient,500000.0,500000.0,81034.30443043976,100000.0,57699.02206124561,317.7815860017246,0.9688545198737308,516.0733523389706,10.0,0.002,1.0
constrained thermal motion,mean_field_theory,polarized,10.0,500.0,10.0,1.0024399691501458,10.238927267370702,10.238927267370702,0.1378691100866858,,,,gradient,500000.0,500000.0,78965.3568298732,100000.0,56862.95016227453,309.66806599950274,0.9688545198737308,516.0733523389706,10.0,0.002,1.0
constrained thermal motion,mean_field_theory,polarized,10.0,500.0,10.0,1.0024723338181865,10.381383416021103,10.381383416021103,0.139351927327491,,,,gradient,500000.0,500000.0,76971.94995580017,100000.0,56037.13974713771,301.8507841403928,0.9688545198737308,516.0733523389706,10.0,0.002,1.0
constrained thermal motion,mean_field_theory,polarized,10.0,500.0,10.0,1.0025046995311493,10.52402365349372,10.52402365349372,0.1408198873883928,,,,gradient,500000.0,500000.0,75059.71369548245,100000.0,55221.46176082933,294.3518184136567,0.9688545198737308,516.0733523389706,10.0,0.002,1.0
constrained thermal motion,mean_field_theory,polarized,10.0,500.0,10.0,1.002537066289068,10.666848217677206,10.666848217677206,0.142265009148308,,,,gradient,500000.0,500000.0,73207.41210688042,100000.0,54416.03292168933,287.08789061521736,0.9688545198737308,516.0733523389706,10.0,0.002,1.0
constrained thermal motion,mean_field_theory,polarized,10.0,500.0,10.0,1.0025694340919764,10.809857346767672,10.809857346767672,0.1436915673076594,,,,gradient,500000.0,500000.0,71421.1956964437,100000.0,53621.003252746224,280.0831203782106,0.9688545198737308,516.0733523389706,10.0,0.002,1.0
constrained thermal motion,mean_field_theory,polarized,10.0,500.0,10.0,1.0026018029399082,10.953051279268957,10.953051279268957,0.1451000500398453,,,,gradient,500000.0,500000.0,69698.1859778906,100000.0,52836.38735426702,273.3262195211396,0.9688545198737308,516.0733523389706,10.0,0.002,1.0
constrained thermal motion,mean_field_theory,polarized,10.0,500.0,10.0,1.0026341728328971,11.096430253993184,11.096430253993184,0.1464909213108288,,,,gradient,500000.0,500000.0,68035.63520969306,100000.0,52062.18911310058,266.8064125870316,0.9688545198737308,516.0733523389706,10.0,0.002,1.0
constrained thermal motion,mean_field_theory,polarized,10.0,500.0,10.0,1.0026665437709767,11.239994510060036,11.239994510060036,0.1478646212263526,,,,gradient,500000.0,500000.0,66430.92174102772,100000.0,51298.40258169224,260.51341859226557,0.9688545198737308,516.0733523389706,10.0,0.002,1.0
constrained thermal motion,mean_field_theory,polarized,10.0,500.0,10.0,1.002698915754181,11.383744286900166,11.383744286900166,0.149227795982413,,,,gradient,500000.0,500000.0,64890.457335240106,100000.0,50544.78526184816,254.4723817068239,0.9688545198737308,516.0733523389706,10.0,0.002,1.0
constrained thermal motion,mean_field_theory,polarized,10.0,500.0,10.0,1.0027312887825437,11.527679824252646,11.527679824252646,0.1505693301666022,,,,gradient,500000.0,500000.0,63393.83319170827,100000.0,49801.53371751626,248.6032674184638,0.9688545198737308,516.0733523389706,10.0,0.002,1.0
constrained thermal motion,mean_field_theory,polarized,10.0,500.0,10.0,1.0027636628560983,11.671801362166368,11.67180136216539,0.1518948650299059,,,,gradient,500000.0,500000.0,61947.89700981854,100000.0,49068.63762309389,242.93292945026877,0.9688545198737308,516.0733523389706,10.0,0.002,1.0
constrained thermal motion,mean_field_theory,polarized,10.0,500.0,10.0,1.002796037974879,11.81610914099942,11.81610914099942,0.1532047502403299,,,,gradient,500000.0,500000.0,60550.4840329217,100000.0,48346.058346118814,237.45287856047725,0.9688545198737308,516.0733523389706,10.0,0.002,1.0
constrained thermal motion,mean_field_theory,polarized,10.0,500.0,10.0,1.0028284141389192,11.960603401422444,11.960603401422444,0.1544993141431533,,,,gradient,500000.0,500000.0,59199.53211667403,100000.0,47633.75086518147,232.1550279085256,0.9688545198737308,516.0733523389706,10.0,0.002,1.0
constrained thermal motion,mean_field_theory,polarized,10.0,500.0,10.0,1.0028607913482526,12.10528438441516,12.10528438441516,0.1557857987968761,,,,gradient,500000.0,500000.0,57902.11173224776,100000.0,46931.61606506276,227.06710483234417,0.9688545198737308,516.0733523389706,10.0,0.002,1.0
constrained thermal motion,mean_field_theory,polarized,10.0,500.0,10.0,1.002893169602913,12.25015233127058,12.25015233127058,0.1570515679761026,,,,gradient,500000.0,500000.0,56638.10169404135,100000.0,46239.491477368734,222.11020272173076,0.9688545198737308,516.0733523389706,10.0,0.002,1.0
constrained thermal motion,mean_field_theory,polarized,10.0,500.0,10.0,1.0029255489029345,12.395207483592618,12.395207483592618,0.1583028729008113,,,,gradient,500000.0,500000.0,55414.942403827394,100000.0,45557.480862533506,217.31349962285253,0.9688545198737308,516.0733523389706,10.0,0.002,1.0
constrained thermal motion,mean_field_theory,polarized,10.0,500.0,10.0,1.0029579292483504,12.540450083296362,12.540450083296362,0.1595399644879652,,,,gradient,500000.0,500000.0,54230.937623322,100000.0,44885.51780144407,212.6703436208706,0.9688545198737308,516.0733523389706,10.0,0.002,1.0
constrained thermal motion,mean_field_theory,polarized,10.0,500.0,10.0,1.0029903106391944,12.685880372610514,12.685880372610514,0.1607630761377733,,,,gradient,500000.0,500000.0,53084.47216541616,100000.0,44223.531723085514,208.17440064869083,0.9688545198737308,516.0733523389706,10.0,0.002,1.0
constrained thermal motion,mean_field_theory,polarized,10.0,500.0,10.0,1.0030226930755008,12.831498594078772,12.831498594078772,0.1619724243633952,,,,gradient,500000.0,500000.0,51974.007970799365,100000.0,43571.44824274678,203.819639101174,0.9688545198737308,516.0733523389706,10.0,0.002,1.0
constrained thermal motion,mean_field_theory,polarized,10.0,500.0,10.0,1.003055076557303,12.977304990554272,12.977304990554272,0.163176969708389,,,,gradient,500000.0,500000.0,50907.00824116964,100000.0,42929.09546496557,199.63532643595937,0.9688545198737308,516.0733523389706,10.0,0.002,1.0
constrained thermal motion,mean_field_theory,polarized,10.0,500.0,10.0,1.0030874610846343,13.12329980520599,13.12329980520499,0.1643603125844646,,,,gradient,500000.0,500000.0,49864.06298352736,100000.0,42296.414502277315,195.5453450334406,0.9688545198737308,516.0733523389706,10.0,0.002,1.0
constrained thermal motion,mean_field_theory,polarized,10.0,500.0,10.0,1.0031198466575295,13.269483281518069,13.269483281518069,0.1655304439936083,,,,gradient,500000.0,500000.0,48852.93487998453,100000.0,41673.40127084325,191.58013678425303,0.9688545198737308,516.0733523389706,10.0,0.002,1.0
constrained thermal motion,mean_field_theory,polarized,10.0,500.0,10.0,1.0031522332760217,13.41585566328838,13.41585566328838,0.1666875219636571,,,,gradient,500000.0,500000.0,47872.35792967972,100000.0,41059.968537870285,187.73473697913616,0.9688545198737308,516.0733523389706,10.0,0.002,1.0
constrained thermal motion,mean_field_theory,polarized,10.0,500.0,10.0,1.0031846209401447,13.56241719462976,13.56241719462976,0.1678316917619999,,,,gradient,500000.0,500000.0,46921.125864107504,100000.0,40456.026622912286,184.00441515336277,0.9688545198737308,516.0733523389706,10.0,0.002,1.0
constrained thermal motion,mean_field_theory,polarized,10.0,500.0,10.0,1.0032170096499322,13.709168119969515,13.709168119969515,0.1689630867094034,,,,gradient,500000.0,500000.0,45998.08910940277,100000.0,39861.48360825826,180.3846631741285,0.9688545198737308,516.0733523389706,10.0,0.002,1.0
constrained thermal motion,mean_field_theory,polarized,10.0,500.0,10.0,1.003249399405418,13.856108684052847,13.856108684051849,0.1700925761566146,,,,gradient,500000.0,500000.0,45110.96173347368,100000.0,39276.122702420165,176.9057322881321,0.9688545198737308,516.0733523389706,10.0,0.002,1.0
constrained thermal motion,mean_field_theory,polarized,10.0,500.0,10.0,1.0032817902066362,14.003239131940193,14.003239131940193,0.1711997074393032,,,,gradient,500000.0,500000.0,44240.939275065066,100000.0,38699.957295564775,173.4938795100591,0.9688545198737308,516.0733523389706,10.0,0.002,1.0
constrained thermal motion,mean_field_theory,polarized,10.0,500.0,10.0,1.0033141820536202,14.150559709008624,14.150559709008624,0.1722943963881953,,,,gradient,500000.0,500000.0,43395.97881471956,100000.0,38132.90979206394,170.1803090773316,0.9688545198737308,516.0733523389706,10.0,0.002,1.0
constrained thermal motion,mean_field_theory,polarized,10.0,500.0,10.0,1.0033465749464037,14.298070660951367,14.298070660951367,0.1733767365250645,,,,gradient,500000.0,500000.0,42575.12985533257,100000.0,37574.88079426394,166.9612935503238,0.9688545198737308,516.0733523389706,10.0,0.002,1.0
constrained thermal motion,mean_field_theory,polarized,10.0,500.0,10.0,1.0033789688850208,14.445772233782115,14.445772233782115,0.1744468131621715,,,,gradient,500000.0,500000.0,41777.4854785268,100000.0,37025.76954839523,163.8332763863796,0.9688545198737308,516.0733523389706,10.0,0.002,1.0
constrained thermal motion,mean_field_theory,polarized,10.0,500.0,10.0,1.003411363869505,14.593664673829457,14.593664673829457,0.1755166650191699,,,,gradient,500000.0,500000.0,41010.99144464039,100000.0,36485.45249151519,160.82741742996234,0.9688545198737308,516.0733523389706,10.0,0.002,1.0
constrained thermal motion,mean_field_theory,polarized,10.0,500.0,10.0,1.0034437598998902,14.741748227741304,14.741748227741304,0.1765633724688516,,,,gradient,500000.0,500000.0,40257.07184604866,100000.0,35953.75163985867,157.87086998450454,0.9688545198737308,516.0733523389706,10.0,0.002,1.0
constrained thermal motion,mean_field_theory,polarized,10.0,500.0,10.0,1.00347615697621,14.890023142484242,14.890023142484242,0.1775980277178439,,,,gradient,500000.0,500000.0,39523.87862380151,100000.0,35430.66462523866,154.99560244628043,0.9688545198737308,516.0733523389706,10.0,0.002,1.0
constrained thermal motion,mean_field_theory,polarized,10.0,500.0,10.0,1.0035085550984983,15.038489665344112,15.038489665344112,0.1786206903092513,,,,gradient,500000.0,500000.0,38810.657807943666,100000.0,34916.08630373378,152.19865807036732,0.9688545198737308,516.0733523389706,10.0,0.002,1.0
constrained thermal motion,mean_field_theory,polarized,10.0,500.0,10.0,1.003540954266789,15.18714804392718,15.18714804392718,0.179631414855962,,,,gradient,500000.0,500000.0,38116.68892753692,100000.0,34409.9108210332,149.47721148053694,0.9688545198737308,516.0733523389706,10.0,0.002,1.0
constrained thermal motion,mean_field_theory,polarized,10.0,500.0,10.0,1.0035733544811158,15.33599852615879,15.33599852615879,0.1806302516321729,,,,gradient,500000.0,500000.0,37441.28330477714,100000.0,33912.03171825175,146.8285619795182,0.9688545198737308,516.0733523389706,10.0,0.002,1.0
constrained thermal motion,mean_field_theory,polarized,10.0,500.0,10.0,1.0036057557415123,15.485041360283525,15.485041360283525,0.1816315009683567,,,,gradient,500000.0,500000.0,36792.44789144677,100000.0,33422.29185074861,144.2841093782226,0.9688545198737308,516.0733523389706,10.0,0.002,1.0
constrained thermal motion,mean_field_theory,polarized,10.0,500.0,10.0,1.0036381580480125,15.634276794867862,15.634276794868883,0.1826076302197417,,,,gradient,500000.0,500000.0,36152.10907588842,100000.0,32940.586137985265,141.77297676818986,0.9688545198737308,516.0733523389706,10.0,0.002,1.0
constrained thermal motion,mean_field_theory,polarized,10.0,500.0,10.0,1.0036705614006496,15.78370507880047,15.78370507880047,0.1835720012825623,,,,gradient,500000.0,500000.0,35528.444844326616,100000.0,32466.858710216464,139.32723468363378,0.9688545198737308,516.0733523389706,10.0,0.002,1.0
constrained thermal motion,mean_field_theory,polarized,10.0,500.0,10.0,1.0037029657994585,15.933326461291664,15.933326461292683,0.1845246528667574,,,,gradient,500000.0,500000.0,34920.878326233724,100000.0,32001.00143362177,136.94462088719106,0.9688545198737308,516.0733523389706,10.0,0.002,1.0
constrained thermal motion,mean_field_theory,polarized,10.0,500.0,10.0,1.0037353712444717,16.083141191870666,16.083141191870666,0.1854656219022649,,,,gradient,500000.0,500000.0,34328.85721100404,100000.0,31542.90604311784,134.6229694549178,0.9688545198737308,516.0733523389706,10.0,0.002,1.0
constrained thermal motion,mean_field_theory,polarized,10.0,500.0,10.0,1.0037677777357237,16.233149520392274,16.233149520392274,0.1863949440709784,,,,gradient,500000.0,500000.0,33751.85252866961,100000.0,31092.464221903578,132.36020599478277,0.9688545198737308,516.0733523389706,10.0,0.002,1.0
constrained thermal motion,mean_field_theory,polarized,10.0,500.0,10.0,1.0038001852732483,16.383351697034154,16.383351697034154,0.1873293315994679,,,,gradient,500000.0,500000.0,33197.87191492796,100000.0,30649.4985573301,130.18773299971747,0.9688545198737308,516.0733523389706,10.0,0.002,1.0
constrained thermal motion,mean_field_theory,polarized,10.0,500.0,10.0,1.0038325938570791,16.53374797229519,16.53374797229519,0.1882363980642654,,,,gradient,500000.0,500000.0,32649.29953193989,100000.0,30213.957179807596,128.03646875270545,0.9688545198737308,516.0733523389706,10.0,0.002,1.0
constrained thermal motion,mean_field_theory,polarized,10.0,500.0,10.0,1.00386500348725,16.684338597000004,16.684338597000004,0.189131921768797,,,,gradient,500000.0,500000.0,32114.287312883793,100000.0,29785.74786554676,125.93838161915212,0.9688545198737308,516.0733523389706,10.0,0.002,1.0
constrained thermal motion,mean_field_theory,polarized,10.0,500.0,10.0,1.0038974141637946,16.83512382229535,16.83512382229535,0.1900159377088066,,,,gradient,500000.0,500000.0,31592.38867144674,100000.0,29364.76265911885,123.89172028018328,0.9688545198737308,516.0733523389706,10.0,0.002,1.0
constrained thermal motion,mean_field_theory,polarized,10.0,500.0,10.0,1.0039298258867468,16.98610389965449,16.98610389965449,0.1908884815467799,,,,gradient,500000.0,500000.0,31083.175196260065,100000.0,28950.893914108263,121.89480469121594,0.9688545198737308,516.0733523389706,10.0,0.002,1.0
constrained thermal motion,mean_field_theory,polarized,10.0,500.0,10.0,1.0039622386561404,17.137279080874677,17.137279080874677,0.1917678649535194,,,,gradient,500000.0,500000.0,30594.684950532683,100000.0,28544.024524008444,119.97915666875562,0.9688545198737308,516.0733523389706,10.0,0.002,1.0
constrained thermal motion,mean_field_theory,polarized,10.0,500.0,10.0,1.0039946524720091,17.288649618078544,17.288649618078544,0.1926185106223431,,,,gradient,500000.0,500000.0,30109.531611266437,100000.0,28143.996069574987,118.07659455398604,0.9688545198737308,516.0733523389706,10.0,0.002,1.0
constrained thermal motion,mean_field_theory,polarized,10.0,500.0,10.0,1.0040270673343867,17.440215763714484,17.440215763714484,0.1934577990406703,,,,gradient,500000.0,500000.0,29635.880228247726,100000.0,27750.7660228445,116.21913814999108,0.9688545198737308,516.0733523389706,10.0,0.002,1.0
constrained thermal motion,mean_field_theory,polarized,10.0,500.0,10.0,1.0040594832433072,17.59197777055821,17.59197777055821,0.1942857716474234,,,,gradient,500000.0,500000.0,29173.36677866003,100000.0,27364.228429778796,114.40535991631386,0.9688545198737308,516.0733523389706,10.0,0.002,1.0
constrained thermal motion,mean_field_theory,polarized,10.0,500.0,10.0,1.0040919001988042,17.743935891710947,17.743935891710947,0.1951024718724988,,,,gradient,500000.0,500000.0,28721.641502916485,100000.0,26984.27793332776,112.63388824673132,0.9688545198737308,516.0733523389706,10.0,0.002,1.0
constrained thermal motion,mean_field_theory,polarized,10.0,500.0,10.0,1.0041243182009114,17.89609038060007,17.89609038060007,0.1959079453292126,,,,gradient,500000.0,500000.0,28280.368242733563,100000.0,26610.809821681654,110.90340487346496,0.9688545198737308,516.0733523389706,10.0,0.002,1.0
constrained thermal motion,mean_field_theory,polarized,10.0,500.0,10.0,1.0041567372496627,18.04844149098239,18.04844149098239,0.1967231277717766,,,,gradient,500000.0,500000.0,27857.49581222181,100000.0,26243.69207611071,109.2450816165561,0.9688545198737308,516.0733523389706,10.0,0.002,1.0
constrained thermal motion,mean_field_theory,polarized,10.0,500.0,10.0,1.0041891573450918,18.20098947694169,18.20098947694169,0.1975072292110569,,,,gradient,500000.0,500000.0,27436.083972406683,100000.0,25882.81747977786,107.59248616630072,0.9688545198737308,516.0733523389706,10.0,0.002,1.0
constrained thermal motion,mean_field_theory,polarized,10.0,500.0,10.0,1.0042215784872328,18.35373459289109,18.35373459289109,0.1982802571026291,,,,gradient,500000.0,500000.0,27024.19227754859,100000.0,25528.11731311926,105.9772246178376,0.9688545198737308,516.0733523389706,10.0,0.002,1.0
constrained thermal motion,mean_field_theory,polarized,10.0,500.0,10.0,1.0042540006761191,18.506677093570342,18.506677093570342,0.1990422676463016,,,,gradient,500000.0,500000.0,26621.532982729143,100000.0,25179.48978789523,104.39816855972214,0.9688545198737308,516.0733523389706,10.0,0.002,1.0
constrained thermal motion,mean_field_theory,polarized,10.0,500.0,10.0,1.0042864239117848,18.659817234050593,18.659817234050593,0.1997933199299496,,,,gradient,500000.0,500000.0,26227.82912201705,100000.0,24836.83397479233,102.85423185104726,0.9688545198737308,516.0733523389706,10.0,0.002,1.0
constrained thermal motion,mean_field_theory,polarized,10.0,500.0,10.0,1.0043188481942635,18.813155269731396,18.813155269731396,0.200533475996285,,,,gradient,500000.0,500000.0,25842.814028475183,100000.0,24500.04983821148,101.34436873911838,0.9688545198737308,516.0733523389706,10.0,0.002,1.0
constrained thermal motion,mean_field_theory,polarized,10.0,500.0,10.0,1.004351273523589,18.96669145634245,18.96669145634245,0.2012863467787434,,,,gradient,500000.0,500000.0,25474.31309779878,100000.0,24168.99781097992,99.89926705019128,0.9688545198737308,516.0733523389706,10.0,0.002,1.0
constrained thermal motion,mean_field_theory,polarized,10.0,500.0,10.0,1.0043836998997957,19.12042604994493,19.12042604994597,0.2020058411585221,,,,gradient,500000.0,500000.0,25105.835237778305,100000.0,23843.610019766104,98.45425583442471,0.9688545198737308,516.0733523389706,10.0,0.002,1.0
constrained thermal motion,mean_field_theory,polarized,10.0,500.0,10.0,1.0044161273229162,19.27435930692878,19.27435930692878,0.2027146455549484,,,,gradient,500000.0,500000.0,24745.304302562938,100000.0,23523.80089785212,97.04040902965858,0.9688545198737308,516.0733523389706,10.0,0.002,1.0
constrained thermal motion,mean_field_theory,polarized,10.0,500.0,10.0,1.004448555792985,19.42849148401635,19.42849148401635,0.2034128344963681,,,,gradient,500000.0,500000.0,24392.49045796336,100000.0,23209.474222178404,95.6568253253465,0.9688545198737308,516.0733523389706,10.0,0.002,1.0
constrained thermal motion,mean_field_theory,polarized,10.0,500.0,10.0,1.004480985310036,19.582822838263823,19.582822838263823,0.2041004856144185,,,,gradient,500000.0,500000.0,24047.172111421885,100000.0,22900.534811581012,94.30263573106622,0.9688545198737308,516.0733523389706,10.0,0.002,1.0
constrained thermal motion,mean_field_theory,polarized,10.0,500.0,10.0,1.004513415874103,19.737353627056375,19.737353627056375,0.2048029596813407,,,,gradient,500000.0,500000.0,23717.0862413063,100000.0,22596.883994434036,93.00818133845608,0.9688545198737308,516.0733523389706,10.0,0.002,1.0
constrained thermal motion,mean_field_theory,polarized,10.0,500.0,10.0,1.0045458474852196,19.892084108113917,19.892084108113917,0.2054707043623678,,,,gradient,500000.0,500000.0,23386.0501795104,100000.0,22298.39377555445,91.71000070396236,0.9688545198737308,516.0733523389706,10.0,0.002,1.0
constrained thermal motion,mean_field_theory,polarized,10.0,500.0,10.0,1.0045782801434195,20.047014539487297,20.047014539487297,0.2061281640986887,,,,gradient,500000.0,500000.0,23061.891433530152,100000.0,22005.01288407929,90.43878993541236,0.9688545198737308,516.0733523389706,10.0,0.002,1.0
constrained thermal motion,mean_field_theory,polarized,10.0,500.0,10.0,1.004610713848737,20.202145179563935,20.202145179563935,0.2067754287416269,,,,gradient,500000.0,500000.0,22744.417999274327,100000.0,21716.650462242585,89.1937960755856,0.9688545198737308,516.0733523389706,10.0,0.002,1.0
constrained thermal motion,mean_field_theory,polarized,10.0,500.0,10.0,1.0046431486012053,20.357476287060948,20.357476287060948,0.2074125910250616,,,,gradient,500000.0,500000.0,22433.444519586345,100000.0,21433.216793707947,87.97429223367195,0.9688545198737308,516.0733523389706,10.0,0.002,1.0
constrained thermal motion,mean_field_theory,polarized,10.0,500.0,10.0,1.0046755844008588,20.513008121035114,20.513008121035114,0.2080397464839729,,,,gradient,500000.0,500000.0,22128.792010046483,100000.0,21154.62331750607,86.77957650998621,0.9688545198737308,516.0733523389706,10.0,0.002,1.0
constrained thermal motion,mean_field_theory,polarized,10.0,500.0,10.0,1.0047080212477308,20.66874094087261,20.66874094087261,0.2086848887794105,,,,gradient,500000.0,500000.0,21838.006560841724,100000.0,20880.766446469257,85.63924141506558,0.9688545198737308,516.0733523389706,10.0,0.002,1.0
constrained thermal motion,mean_field_theory,polarized,10.0,500.0,10.0,1.0047404591418554,20.82467500629801,20.82467500629801,0.2092932394822548,,,,gradient,500000.0,500000.0,21545.411598503797,100000.0,20611.554987990898,84.49181019021097,0.9688545198737308,516.0733523389706,10.0,0.002,1.0
constrained thermal motion,mean_field_theory,polarized,10.0,500.0,10.0,1.0047728980832662,20.980810577370423,20.980810577370423,0.2098918871834279,,,,gradient,500000.0,500000.0,21258.6367031275,100000.0,20346.925946593605,83.36720275736275,0.9688545198737308,516.0733523389706,10.0,0.002,1.0
constrained thermal motion,mean_field_theory,polarized,10.0,500.0,10.0,1.0048053380719972,21.13714791448611,21.13714791448611,0.2104809377262044,,,,gradient,500000.0,500000.0,20977.525870705056,100000.0,20086.79545204829,82.26480733609826,0.9688545198737308,516.0733523389706,10.0,0.002,1.0
constrained thermal motion,mean_field_theory,polarized,10.0,500.0,10.0,1.0048377791080825,21.293687278376726,21.293687278377817,0.211060499223695,,,,gradient,500000.0,500000.0,20701.928282815326,100000.0,19831.080838724825,81.18403248162873,0.9688545198737308,516.0733523389706,10.0,0.002,1.0
constrained thermal motion,mean_field_theory,polarized,10.0,500.0,10.0,1.004870221191555,21.45042893011091,21.45042893011091,0.2116306819348745,,,,gradient,500000.0,500000.0,20431.698101255817,100000.0,19579.700650578623,80.12430627943458,0.9688545198737308,516.0733523389706,10.0,0.002,1.0
constrained thermal motion,mean_field_theory,polarized,10.0,500.0,10.0,1.0049026643224492,21.607373131094597,21.607373131094597,0.2122219952297937,,,,gradient,500000.0,500000.0,20174.15663450628,100000.0,19332.5503564055,79.11433974316188,0.9688545198737308,516.0733523389706,10.0,0.002,1.0
constrained thermal motion,mean_field_theory,polarized,10.0,500.0,10.0,1.004935108500799,21.76452014307264,21.76452014307264,0.2127746510941754,,,,gradient,500000.0,500000.0,19914.173366972245,100000.0,19089.5677734577,78.09479751753821,0.9688545198737308,516.0733523389706,10.0,0.002,1.0
constrained thermal motion,mean_field_theory,polarized,10.0,500.0,10.0,1.0049675537266378,21.92187022812697,21.92187022812697,0.2133182713435553,,,,gradient,500000.0,500000.0,19659.148146901374,100000.0,18850.683182040808,77.0946986152995,0.9688545198737308,516.0733523389706,10.0,0.002,1.0
constrained thermal motion,mean_field_theory,polarized,10.0,500.0,10.0,1.005,22.079423648679388,22.079423648679388,0.2138529735090971,,,,gradient,500000.0,500000.0,19408.953171253062,100000.0,18615.819961026507,76.11354184805124,0.9688545198737308,516.0733523389706,10.0,0.002,1.0
constrained thermal motion,simulation,mixed,0.0,500.0,10.0,1.0,0.0,1.0,0.0,0.0,0.0,128.0,simulation_point,,,,,,,,,,,
constrained thermal motion,simulation,mixed,0.0,500.0,10.0,1.0005,2.0196240732495596,2.0196240732495596,0.0177235334320068,0.0012663448050003,0.0337675123644089,128.0,simulation_point,,,,,,,,,,,
constrained thermal motion,simulation,mixed,0.0,500.0,10.0,1.001,4.078997205186052,4.078997205186052,0.0359729579875725,0.0220568279747035,0.050457557418111,128.0,simulation_point,,,,,,,,,,,
constrained thermal motion,simulation,mixed,0.0,500.0,10.0,1.0025,10.50330101290684,10.50330101290684,0.0628896510231325,0.0507560246023625,0.0743750144056354,128.0,simulation_point,,,,,,,,,,,
constrained thermal motion,simulation,mixed,0.0,500.0,10.0,1.005,22.079423648679388,22.079423648679388,0.1040406315664331,0.0977701538487221,0.1103007373497488,128.0,simulation_point,,,,,,,,,,,
constrained thermal motion,simulation,mixed,10.0,500.0,10.0,1.0,0.0,1.0,0.0,0.0,0.0,128.0,simulation_point,,,,,,,,,,,
constrained thermal motion,simulation,mixed,10.0,500.0,10.0,1.0005,2.0196240732495596,2.0196240732495596,0.0029304087015225,-0.0146048431492452,0.0206489854272742,128.0,simulation_point,,,,,,,,,,,
constrained thermal motion,simulation,mixed,10.0,500.0,10.0,1.001,4.078997205186052,4.078997205186052,0.0084746183467045,-0.0075546760257592,0.0244204417302739,128.0,simulation_point,,,,,,,,,,,
constrained thermal motion,simulation,mixed,10.0,500.0,10.0,1.0025,10.50330101290684,10.50330101290684,0.0134147258034149,-0.0008441166992146,0.0270735021932475,128.0,simulation_point,,,,,,,,,,,
constrained thermal motion,simulation,mixed,10.0,500.0,10.0,1.005,22.079423648679388,22.079423648679388,0.0185181886541665,0.0063842728961881,0.0303863095405083,128.0,simulation_point,,,,,,,,,,,
constrained thermal motion,simulation,polarized,0.0,500.0,10.0,1.0,0.0,1.0,0.0,0.0,0.0,128.0,simulation_point,,,,,,,,,,,
constrained thermal motion,simulation,polarized,0.0,500.0,10.0,1.0005,2.0196240732495596,2.0196240732495596,0.0231685590487213,0.0063555062102683,0.0390079547006545,128.0,simulation_point,,,,,,,,,,,
constrained thermal motion,simulation,polarized,0.0,500.0,10.0,1.001,4.078997205186052,4.078997205186052,0.0470077916898429,0.0318195694281401,0.0620191310450346,128.0,simulation_point,,,,,,,,,,,
constrained thermal motion,simulation,polarized,0.0,500.0,10.0,1.0025,10.50330101290684,10.50330101290684,0.0724697886195064,0.0606046960190538,0.0842451869610785,128.0,simulation_point,,,,,,,,,,,
constrained thermal motion,simulation,polarized,0.0,500.0,10.0,1.005,22.079423648679388,22.079423648679388,0.1024439730968726,0.0955667549577433,0.1092275931008671,128.0,simulation_point,,,,,,,,,,,
constrained thermal motion,simulation,polarized,10.0,500.0,10.0,1.0,0.0,1.0,0.0,0.0,0.0,128.0,simulation_point,,,,,,,,,,,
constrained thermal motion,simulation,polarized,10.0,500.0,10.0,1.0005,2.0196240732495596,2.0196240732495596,0.0169837787389795,-0.0024296955492662,0.0372508174396395,128.0,simulation_point,,,,,,,,,,,
constrained thermal motion,simulation,polarized,10.0,500.0,10.0,1.001,4.078997205186052,4.078997205186052,0.0658732504557473,0.0441195773100017,0.0876735149416955,128.0,simulation_point,,,,,,,,,,,
constrained thermal motion,simulation,polarized,10.0,500.0,10.0,1.0025,10.50330101290684,10.50330101290684,0.1681686889228836,0.1475255474734706,0.1879738525710524,128.0,simulation_point,,,,,,,,,,,
constrained thermal motion,simulation,polarized,10.0,500.0,10.0,1.005,22.079423648679388,22.079423648679388,0.2073577190061862,0.1834646021755215,0.2304649591577538,128.0,simulation_point,,,,,,,,,,,
