physical_condition,architecture,K_C,normalized_time,trajectory_count,mean_displacement_body_lengths,lower_95_percent,upper_95_percent,standard_error
constrained thermal motion,mixed,0.0,0.0,256,0.0,0.0,0.0,0.0
constrained thermal motion,mixed,0.0,0.005,256,0.04770254779570967,0.017997042142657495,0.07740805344876184,0.015155870231149069
constrained thermal motion,mixed,0.0,0.01,256,0.08627872624566875,0.038338667535851176,0.13421878495548634,0.024459213627457947
constrained thermal motion,mixed,0.0,0.015,256,0.09685567990273795,0.03501278185990813,0.15869857794556777,0.03155249900144379
constrained thermal motion,mixed,0.0,0.02,256,0.10022904245454836,0.02362423462619015,0.17683385028290657,0.03908408562671337
constrained thermal motion,mixed,0.0,0.025,256,0.11703446421810809,0.02967525981129479,0.2043936686249214,0.0445710226565374
constrained thermal motion,mixed,0.0,0.03,256,0.11896895906632174,0.020210967892603973,0.21772695024003952,0.05038673019067233
constrained thermal motion,mixed,0.0,0.035,256,0.14778589519039625,0.04107802264316114,0.2544937677376314,0.054442792115936285
constrained thermal motion,mixed,0.0,0.04,256,0.1817444156732443,0.06881788021284126,0.29467095113364733,0.05761557931653216
constrained thermal motion,mixed,0.0,0.045,256,0.18858303614289978,0.06843580467531175,0.30873026761048783,0.06129960789162655
constrained thermal motion,mixed,0.0,0.05,256,0.2118969687162607,0.08145002383058864,0.3423439136019328,0.06655456371717963
constrained thermal motion,mixed,0.0,0.055,256,0.23757611144832128,0.10337101960665898,0.37178120328998354,0.06847198563350117
constrained thermal motion,mixed,0.0,0.06,256,0.27007907223321526,0.13096268744523296,0.40919545702119753,0.07097774734080729
constrained thermal motion,mixed,0.0,0.065,256,0.27871270928122593,0.13476532284025028,0.4226600957222016,0.0734425441025386
constrained thermal motion,mixed,0.0,0.07,256,0.29188027737298433,0.13994711945111038,0.4438134352948583,0.07751691730707855
constrained thermal motion,mixed,0.0,0.075,256,0.31346474067145597,0.15276052316005584,0.4741689581828561,0.08199194770989802
constrained thermal motion,mixed,0.0,0.08,256,0.31921406310861805,0.154302180824662,0.48412594539257414,0.08413871545099799
constrained thermal motion,mixed,0.0,0.085,256,0.3229794597509313,0.15358430865008127,0.4923746108517813,0.08642609750043369
constrained thermal motion,mixed,0.0,0.09,256,0.3398428575349582,0.16291888972221874,0.5167668253476976,0.0902673305167038
constrained thermal motion,mixed,0.0,0.095,256,0.36723693593149687,0.18264036157538335,0.5518335102876104,0.09418192569189465
constrained thermal motion,mixed,0.0,0.1,256,0.39461405070763345,0.2029006145708123,0.5863274868444546,0.09781297762082712
constrained thermal motion,mixed,0.0,0.105,256,0.4180518227507779,0.22106068260744188,0.6150429628941139,0.10050568374660002
constrained thermal motion,mixed,0.0,0.11,256,0.428563677391752,0.2287481862152277,0.6283791685682762,0.10194667917169607
constrained thermal motion,mixed,0.0,0.115,256,0.43536091789319536,0.23154361164917028,0.6391782241372205,0.10398842155307403
constrained thermal motion,mixed,0.0,0.12,256,0.43498156640585467,0.22656748464063706,0.6433956481710723,0.10633371518633551
constrained thermal motion,mixed,0.0,0.125,256,0.4433950634300597,0.23110329560271511,0.6556868312574042,0.10831212644252275
constrained thermal motion,mixed,0.0,0.13,256,0.455869044123561,0.2384034363678595,0.6733346518792624,0.11095184069168444
constrained thermal motion,mixed,0.0,0.135,256,0.4371794862028269,0.21530631374884426,0.6590526586568095,0.11320059819080745
constrained thermal motion,mixed,0.0,0.14,256,0.47042355720805756,0.24383699174669413,0.697010122669421,0.11560539054151196
constrained thermal motion,mixed,0.0,0.145,256,0.4981068467241935,0.26703056061094343,0.7291831328374435,0.11789606434349492
constrained thermal motion,mixed,0.0,0.15,256,0.5370486787926718,0.2993393457563671,0.7747580118289765,0.1212802719572983
constrained thermal motion,mixed,0.0,0.155,256,0.5948064510093896,0.3490802079786215,0.8405326940401576,0.12537053215855512
constrained thermal motion,mixed,0.0,0.16,256,0.6207953495940077,0.3699188325846279,0.8716718666033876,0.12799822296396932
constrained thermal motion,mixed,0.0,0.165,256,0.6341686467940019,0.3792780671883719,0.8890592263996318,0.13004621408450506
constrained thermal motion,mixed,0.0,0.17,256,0.6281952809351908,0.36906314690513947,0.8873274149652421,0.1322102724643119
constrained thermal motion,mixed,0.0,0.17500000000000002,256,0.6295316982344512,0.36545673318918065,0.8936066632797217,0.13473212502309723
constrained thermal motion,mixed,0.0,0.18,256,0.6250883193734253,0.35358277704166574,0.896593861705185,0.1385232358835508
constrained thermal motion,mixed,0.0,0.185,256,0.6187164416122416,0.34337798843583506,0.8940548947886482,0.14047880264102375
constrained thermal motion,mixed,0.0,0.19,256,0.6273081688486727,0.348071578095571,0.9065447596017744,0.14246764834341924
constrained thermal motion,mixed,0.0,0.195,256,0.6086879021625965,0.3257583992904982,0.8916174050346948,0.14435178717964198
constrained thermal motion,mixed,0.0,0.2,256,0.6177915806191269,0.3302648089151311,0.9053183523231226,0.14669733250203865
constrained thermal motion,mixed,0.0,0.20500000000000002,256,0.6332158392015087,0.34054206812316307,0.9258896102798544,0.14932335259099266
constrained thermal motion,mixed,0.0,0.21,256,0.647735509406023,0.3498876249382148,0.9455833938738312,0.15196320636112662
constrained thermal motion,mixed,0.0,0.215,256,0.6690331448136225,0.3679460356292921,0.970120253997953,0.15361587203282165
constrained thermal motion,mixed,0.0,0.22,256,0.6970216516666033,0.3903248583019009,1.0037184450313057,0.15647795579831758
constrained thermal motion,mixed,0.0,0.225,256,0.7316129668686346,0.4202722085836236,1.0429537251536458,0.1588473256556179
constrained thermal motion,mixed,0.0,0.23,256,0.7798628366462631,0.4655345588327756,1.0941911144597505,0.16037157031300384
constrained thermal motion,mixed,0.0,0.23500000000000001,256,0.8119287469127181,0.49396252833128623,1.12989496549415,0.16222766254154689
constrained thermal motion,mixed,0.0,0.24,256,0.8596810536027476,0.5374924684169523,1.1818696387885428,0.1643819312172425
constrained thermal motion,mixed,0.0,0.245,256,0.907534199227833,0.580841982151439,1.234226416304227,0.16667970258999693
constrained thermal motion,mixed,0.0,0.25,256,0.9413000927433197,0.6150064351785534,1.267593750308086,0.16647635590039098
constrained thermal motion,mixed,0.0,0.255,256,0.9785459874458783,0.6478809836088286,1.309210991282928,0.1687066346107396
constrained thermal motion,mixed,0.0,0.26,256,1.0112359431862405,0.6788463947509564,1.3436254916215247,0.16958650430371638
constrained thermal motion,mixed,0.0,0.265,256,1.0460326458748612,0.7097931826485308,1.3822721091011916,0.17155074654404617
constrained thermal motion,mixed,0.0,0.27,256,1.0904282815743747,0.7477637789478776,1.4330927842008716,0.17482882787066176
constrained thermal motion,mixed,0.0,0.275,256,1.1395389962357243,0.7948799826004437,1.484198009871005,0.1758464355282044
constrained thermal motion,mixed,0.0,0.28,256,1.1661281065219238,0.8183352217039358,1.5139209913399116,0.17744534939693266
constrained thermal motion,mixed,0.0,0.28500000000000003,256,1.2036890284999109,0.8516951957787567,1.5556828612210651,0.17958869016385415
constrained thermal motion,mixed,0.0,0.29,256,1.216846790179919,0.86130567375511,1.5723879066047277,0.1813985287881678
constrained thermal motion,mixed,0.0,0.295,256,1.2541329969590933,0.897283260797272,1.6109827331209146,0.18206619191929654
constrained thermal motion,mixed,0.0,0.3,256,1.3011431508849556,0.9397040431775677,1.6625822585923435,0.1844077080139734
constrained thermal motion,mixed,0.0,0.305,256,1.3287250771150958,0.9653546078388007,1.692095546391391,0.1853930965695383
constrained thermal motion,mixed,0.0,0.31,256,1.368565883165727,1.0036188469749758,1.7335129193564782,0.18619746744426083
constrained thermal motion,mixed,0.0,0.315,256,1.4029990175545377,1.035309831424042,1.7706882036850333,0.18759652353596717
constrained thermal motion,mixed,0.0,0.32,256,1.4419867208647608,1.0708891514927894,1.8130842902367321,0.1893354945775364
constrained thermal motion,mixed,0.0,0.325,256,1.465775153630224,1.0930088498113038,1.838541457449144,0.19018688970353076
constrained thermal motion,mixed,0.0,0.33,256,1.5053085208578774,1.1301380279149575,1.8804790138007972,0.19141351680761212
constrained thermal motion,mixed,0.0,0.335,256,1.5682694614043102,1.187568530759677,1.9489703920489434,0.1942351686962414
constrained thermal motion,mixed,0.0,0.34,256,1.621772472175117,1.2393591859953306,2.0041857583549034,0.1951088194794829
constrained thermal motion,mixed,0.0,0.34500000000000003,256,1.661956628478812,1.2766930930118408,2.0472201639457834,0.19656302829947522
constrained thermal motion,mixed,0.0,0.35000000000000003,256,1.7154327239920644,1.3231232053163295,2.107742242667799,0.20015791769170138
constrained thermal motion,mixed,0.0,0.355,256,1.757145969397835,1.3611728357742148,2.1531191030214556,0.202027108991643
constrained thermal motion,mixed,0.0,0.36,256,1.7933843226951673,1.3959557034904069,2.1908129418999276,0.20276970367589817
constrained thermal motion,mixed,0.0,0.365,256,1.8404709032739757,1.4389377607965124,2.2420040457514387,0.2048638482027874
constrained thermal motion,mixed,0.0,0.37,256,1.900645560196903,1.4953939657444861,2.30589715464932,0.20676101757776372
constrained thermal motion,mixed,0.0,0.375,256,1.9421148443185432,1.5367242415303415,2.347505447106745,0.20683194019806211
constrained thermal motion,mixed,0.0,0.38,256,1.9686600415046598,1.564157811314272,2.3731622716950476,0.20637868887264685
constrained thermal motion,mixed,0.0,0.385,256,2.0178832361440113,1.6105750487077017,2.425191423580321,0.2078102997124028
constrained thermal motion,mixed,0.0,0.39,256,2.0577605435351587,1.6441135050620717,2.4714075820082457,0.2110444073842281
constrained thermal motion,mixed,0.0,0.395,256,2.103176608197577,1.6849109286893413,2.521442287705813,0.21340085689195706
constrained thermal motion,mixed,0.0,0.4,256,2.146096944321463,1.7209434084660622,2.5712504801768636,0.21691506931397994
constrained thermal motion,mixed,0.0,0.405,256,2.1786870798163434,1.74888299873504,2.6084911608976467,0.21928779647005275
constrained thermal motion,mixed,0.0,0.41000000000000003,256,2.1835111101915814,1.753631943944224,2.6133902764389387,0.21932610522824356
constrained thermal motion,mixed,0.0,0.41500000000000004,256,2.1894369175331705,1.755657821620257,2.623216013446084,0.22131586526169061
constrained thermal motion,mixed,0.0,0.42,256,2.1978753454352207,1.7617746073927942,2.633976083477647,0.22250037655225838
constrained thermal motion,mixed,0.0,0.425,256,2.240763545691824,1.7998398810565206,2.6816872103271274,0.22496105338535893
constrained thermal motion,mixed,0.0,0.43,256,2.2698848432384677,1.8255152558798984,2.714254430597037,0.22671917722375992
constrained thermal motion,mixed,0.0,0.435,256,2.2959995129681374,1.847307568303925,2.74469145763235,0.22892446156337368
constrained thermal motion,mixed,0.0,0.44,256,2.332605387630214,1.8795241114444172,2.785686663816011,0.23116391642132497
constrained thermal motion,mixed,0.0,0.445,256,2.351339007640978,1.8943541653097604,2.8083238499721954,0.23315553180164156
constrained thermal motion,mixed,0.0,0.45,256,2.3778143759797365,1.9143370245025757,2.8412917274568974,0.23646803646793926
constrained thermal motion,mixed,0.0,0.455,256,2.4051547400529087,1.9356199890510741,2.8746894910547436,0.23955854642950747
constrained thermal motion,mixed,0.0,0.46,256,2.4625296893872557,1.9875562949634167,2.9375030838110945,0.24233336450195866
constrained thermal motion,mixed,0.0,0.465,256,2.502963763095956,2.0251888985732083,2.980738627618704,0.24376268598099368
constrained thermal motion,mixed,0.0,0.47000000000000003,256,2.5256109593714315,2.0427221370206996,3.0084997817221635,0.24637184813812854
constrained thermal motion,mixed,0.0,0.47500000000000003,256,2.5433721837295944,2.058515132755728,3.0282292347034607,0.24737604641523783
constrained thermal motion,mixed,0.0,0.48,256,2.596997834075214,2.1089353560007447,3.085060312149683,0.24901146840534147
constrained thermal motion,mixed,0.0,0.485,256,2.6476260060693697,2.1548699240482767,3.1403820880904627,0.25140616429647605
constrained thermal motion,mixed,0.0,0.49,256,2.6847664883360935,2.1846166425155045,3.1849163341566826,0.2551784927656066
constrained thermal motion,mixed,0.0,0.495,256,2.7359755481618855,2.2297207653963658,3.242230330927405,0.25829325651302026
constrained thermal motion,mixed,0.0,0.5,256,2.7348838522200998,2.226395020857483,3.2433726835827166,0.2594330772258249
constrained thermal motion,mixed,0.0,0.505,256,2.73939273322184,2.2283759935807383,3.250409472862942,0.26072282634750105
constrained thermal motion,mixed,0.0,0.51,256,2.7620099975609556,2.2468732022213476,3.2771467929005635,0.26282489558143257
constrained thermal motion,mixed,0.0,0.515,256,2.806651453500129,2.2872283788018715,3.3260745281983866,0.2650117728052336
constrained thermal motion,mixed,0.0,0.52,256,2.8582175399558856,2.337112059237812,3.3793230206739593,0.26587014322350705
constrained thermal motion,mixed,0.0,0.525,256,2.909699328699215,2.381433897699157,3.4379647596992733,0.2695231790816623
constrained thermal motion,mixed,0.0,0.53,256,2.9364530233206074,2.4021118541904167,3.470794192450798,0.27262304547458704
constrained thermal motion,mixed,0.0,0.535,256,2.949456931445166,2.4154561218747594,3.4834577410155725,0.2724493926379626
constrained thermal motion,mixed,0.0,0.54,256,2.9814302091174434,2.4474888040870755,3.5153716141478113,0.27241908419916727
constrained thermal motion,mixed,0.0,0.545,256,3.0191819991263307,2.4811890077744767,3.5571749904781846,0.2744862200774764
constrained thermal motion,mixed,0.0,0.55,256,3.0502750687301585,2.5095545806497785,3.5909955568105385,0.2758778000410102
constrained thermal motion,mixed,0.0,0.555,256,3.0755284584428915,2.5337201088192005,3.6173368080665824,0.2764328314406586
constrained thermal motion,mixed,0.0,0.56,256,3.0964860834748262,2.5550677026846835,3.637904464264969,0.27623386775007275
constrained thermal motion,mixed,0.0,0.5650000000000001,256,3.126941049144134,2.583157025272712,3.6707250730155563,0.27744082850582774
constrained thermal motion,mixed,0.0,0.5700000000000001,256,3.159710614437297,2.6118551223565825,3.7075661065180117,0.2795181082044462
constrained thermal motion,mixed,0.0,0.5750000000000001,256,3.1959622971810084,2.64253595900006,3.749388635361957,0.28236037662293295
constrained thermal motion,mixed,0.0,0.58,256,3.217775981316456,2.655638554463871,3.7799134081690413,0.2868048096186659
constrained thermal motion,mixed,0.0,0.585,256,3.265827383832173,2.6942039735545276,3.8374507941098184,0.29164459708043133
constrained thermal motion,mixed,0.0,0.59,256,3.309167806158912,2.7337922740456677,3.8845433382721564,0.2935589449557369
constrained thermal motion,mixed,0.0,0.595,256,3.3553216073861236,2.7767015668593458,3.9339416479129015,0.29521430639121315
constrained thermal motion,mixed,0.0,0.6,256,3.401055799324451,2.8198414980206623,3.9822701006282397,0.29653790882846365
constrained thermal motion,mixed,0.0,0.605,256,3.4305387945226413,2.846745008078714,4.014332580966569,0.29785397267547314
constrained thermal motion,mixed,0.0,0.61,256,3.4628623679507333,2.874057055942884,4.051667679958583,0.30041087347339246
constrained thermal motion,mixed,0.0,0.615,256,3.491795535043981,2.897660420099403,4.085930649988558,0.3031301606860092
constrained thermal motion,mixed,0.0,0.62,256,3.5384795918570684,2.9410616098803297,4.135897573833807,0.3048050928452749
constrained thermal motion,mixed,0.0,0.625,256,3.5749891311636235,2.9745165038859014,4.175461758441346,0.3063635853457765
constrained thermal motion,mixed,0.0,0.63,256,3.627271962011044,3.0208663642450784,4.23367755977701,0.30939061110508453
constrained thermal motion,mixed,0.0,0.635,256,3.6902644269643026,3.0791512938644665,4.301377560064139,0.31179241484685505
constrained thermal motion,mixed,0.0,0.64,256,3.7517349995738023,3.1381234974859407,4.365346501661664,0.3130670929019703
constrained thermal motion,mixed,0.0,0.645,256,3.7907533720334814,3.1754044940416395,4.406102250025324,0.31395350917951126
constrained thermal motion,mixed,0.0,0.65,256,3.853551919370655,3.2330932615384613,4.474010577202849,0.31656053971030285
constrained thermal motion,mixed,0.0,0.655,256,3.9322813386738216,3.3065623769402515,4.558000300407391,0.31924436823141333
constrained thermal motion,mixed,0.0,0.66,256,3.9864927655939932,3.356531139426007,4.616454391761979,0.32140899294285014
constrained thermal motion,mixed,0.0,0.665,256,4.008729853439865,3.37381126060741,4.64364844627232,0.32393805756757904
constrained thermal motion,mixed,0.0,0.67,256,4.049960458350319,3.4112405160950128,4.688680400605625,0.3258775215588297
constrained thermal motion,mixed,0.0,0.675,256,4.082948770529236,3.4413803244629384,4.724517216595534,0.32733083982974376
constrained thermal motion,mixed,0.0,0.68,256,4.110310934573514,3.4671573142075323,4.753464554939495,0.3281396022275415
constrained thermal motion,mixed,0.0,0.685,256,4.157440598162279,3.5092795992861303,4.805601597038428,0.33069438718170846
constrained thermal motion,mixed,0.0,0.6900000000000001,256,4.197172098932548,3.5459701830393953,4.8483740148256995,0.33224587545568995
constrained thermal motion,mixed,0.0,0.6950000000000001,256,4.260198081170871,3.608894136780522,4.911502025561219,0.3322979308114026
constrained thermal motion,mixed,0.0,0.7000000000000001,256,4.305971409260354,3.6505269779031266,4.9614158406175815,0.33441042416185085
constrained thermal motion,mixed,0.0,0.705,256,4.345385478793696,3.684029932991579,5.006741024595812,0.3374262988786311
constrained thermal motion,mixed,0.0,0.71,256,4.3733161082531105,3.7083917204300576,5.038240496076163,0.3392471366444148
constrained thermal motion,mixed,0.0,0.715,256,4.398291862333199,3.7285291763629616,5.0680545483034365,0.341715656107264
constrained thermal motion,mixed,0.0,0.72,256,4.410829821580864,3.739762870976949,5.08189677218478,0.34238109724689564
constrained thermal motion,mixed,0.0,0.725,256,4.459155723629688,3.7877093638603037,5.130602083399072,0.34257467335172664
constrained thermal motion,mixed,0.0,0.73,256,4.524291096528288,3.851617483238794,5.196964709817783,0.343200823106885
constrained thermal motion,mixed,0.0,0.735,256,4.588523937832218,3.914998524590277,5.262049351074158,0.3436354149193574
constrained thermal motion,mixed,0.0,0.74,256,4.621197303088515,3.9477438388586115,5.2946507673184176,0.34359870623974653
constrained thermal motion,mixed,0.0,0.745,256,4.675534917848086,4.000056832813754,5.351013002882419,0.34463167603792483
constrained thermal motion,mixed,0.0,0.75,256,4.7132849833669574,4.034700635008095,5.39186933172582,0.3462165042647259
constrained thermal motion,mixed,0.0,0.755,256,4.769794759495889,4.088992299929566,5.450597219062213,0.3473481936562877
constrained thermal motion,mixed,0.0,0.76,256,4.810850979533778,4.126417507038387,5.495284452029169,0.34920075127315836
constrained thermal motion,mixed,0.0,0.765,256,4.84681102840751,4.158508592873199,5.535113463941821,0.35117471200730177
constrained thermal motion,mixed,0.0,0.77,256,4.900013643410538,4.208481964345478,5.591545322475597,0.3528222852372755
constrained thermal motion,mixed,0.0,0.775,256,4.943228249581165,4.248347670290375,5.638108828871955,0.3545309078014235
constrained thermal motion,mixed,0.0,0.78,256,4.989532550907538,4.293748562907002,5.685316538908074,0.3549918306125182
constrained thermal motion,mixed,0.0,0.785,256,5.052730848349968,4.353755965904181,5.751705730795756,0.3566198379825444
constrained thermal motion,mixed,0.0,0.79,256,5.095454290840926,4.393900927652429,5.797007654029422,0.35793538938188607
constrained thermal motion,mixed,0.0,0.795,256,5.132308261557239,4.423912741137501,5.840703781976977,0.3614262859284379
constrained thermal motion,mixed,0.0,0.8,256,5.1702855691086596,4.456575220762849,5.88399591745447,0.36413793282949525
constrained thermal motion,mixed,0.0,0.805,256,5.208854449460299,4.4896955716822315,5.928013327238366,0.3669177947847282
constrained thermal motion,mixed,0.0,0.81,256,5.238397082036038,4.519759614170527,5.957034549901549,0.36665176931913807
constrained thermal motion,mixed,0.0,0.8150000000000001,256,5.260850868059001,4.540066867557014,5.981634868560988,0.36774693903162625
constrained thermal motion,mixed,0.0,0.8200000000000001,256,5.306436311632712,4.583732862836644,6.02913976042878,0.3687262493857489
constrained thermal motion,mixed,0.0,0.8250000000000001,256,5.370692331143092,4.64406666898156,6.097317993304623,0.3707273786538424
constrained thermal motion,mixed,0.0,0.8300000000000001,256,5.388573697712715,4.660129553861773,6.117017841563658,0.3716551754341541
constrained thermal motion,mixed,0.0,0.835,256,5.390562644433415,4.6624489463569345,6.118676342509896,0.3714865806512656
constrained thermal motion,mixed,0.0,0.84,256,5.384984899283595,4.6556150964617915,6.114354702105399,0.3721274504192876
constrained thermal motion,mixed,0.0,0.845,256,5.401566793718432,4.666468071337177,6.136665516099687,0.375050368561865
constrained thermal motion,mixed,0.0,0.85,256,5.422505220157865,4.681665362286623,6.163345078029108,0.3779795193220626
constrained thermal motion,mixed,0.0,0.855,256,5.441264375075332,4.695196329782748,6.187332420367916,0.38064696188397157
constrained thermal motion,mixed,0.0,0.86,256,5.460029123340993,4.710799137171839,6.209259109510147,0.3822601970250785
constrained thermal motion,mixed,0.0,0.865,256,5.495909555172562,4.7441071396051875,6.247711970739937,0.38357266100376275
constrained thermal motion,mixed,0.0,0.87,256,5.512236696370069,4.759236925123489,6.265236467616648,0.38418355675845894
constrained thermal motion,mixed,0.0,0.875,256,5.5476350998252695,4.794323800823681,6.300946398826858,0.3843424994906067
constrained thermal motion,mixed,0.0,0.88,256,5.593277177344478,4.837034637913716,6.349519716775241,0.3858380303218178
constrained thermal motion,mixed,0.0,0.885,256,5.65023573566849,4.89082536238323,6.40964610895375,0.38745427208431665
constrained thermal motion,mixed,0.0,0.89,256,5.710236589061157,4.946101451809513,6.474371726312802,0.3898648659447167
constrained thermal motion,mixed,0.0,0.895,256,5.77258078333362,5.00523378366994,6.5399277829972995,0.39150357125697965
constrained thermal motion,mixed,0.0,0.9,256,5.827573787524217,5.0568442864804,6.598303288568033,0.3932293372672535
constrained thermal motion,mixed,0.0,0.905,256,5.879147857192085,5.104317443771625,6.653978270612545,0.3953216395002348
constrained thermal motion,mixed,0.0,0.91,256,5.926763732641214,5.150182755581528,6.703344709700899,0.39621478421412515
constrained thermal motion,mixed,0.0,0.915,256,5.963521452458063,5.185626263418116,6.74141664149801,0.3968853005305853
constrained thermal motion,mixed,0.0,0.92,256,6.015348590046705,5.235753295775421,6.7949438843179895,0.3977527011588185
constrained thermal motion,mixed,0.0,0.925,256,6.061331101953245,5.2795440549263555,6.8431181489801345,0.39887094236065773
constrained thermal motion,mixed,0.0,0.93,256,6.081035347743121,5.2951817642661,6.866888931220143,0.4009457058556233
constrained thermal motion,mixed,0.0,0.935,256,6.107751043385395,5.318179163408853,6.897322923361937,0.402842795906399
constrained thermal motion,mixed,0.0,0.9400000000000001,256,6.146491131139046,5.355278539930984,6.937703722347109,0.4036798934735012
constrained thermal motion,mixed,0.0,0.9450000000000001,256,6.203125848531529,5.409656100400879,6.9965955966621785,0.4048315041482906
constrained thermal motion,mixed,0.0,0.9500000000000001,256,6.248077718602308,5.452782033124864,7.043373404079752,0.4057631048354306
constrained thermal motion,mixed,0.0,0.9550000000000001,256,6.294879334311354,5.497488340523018,7.092270328099689,0.4068321396879261
constrained thermal motion,mixed,0.0,0.96,256,6.308021032987219,5.5100621673696315,7.105979898604807,0.4071218702130552
constrained thermal motion,mixed,0.0,0.965,256,6.316428410234691,5.515411375895976,7.117445444573406,0.4086821603768955
constrained thermal motion,mixed,0.0,0.97,256,6.371132102352751,5.565623011642131,7.176641193063372,0.41097402587276527
constrained thermal motion,mixed,0.0,0.975,256,6.433023895528633,5.623927837733941,7.242119953323325,0.4128041111197407
constrained thermal motion,mixed,0.0,0.98,256,6.49209042395944,5.679929757756813,7.304251090162067,0.4143676868380749
constrained thermal motion,mixed,0.0,0.985,256,6.534804639212526,5.719377076382175,7.350232202042877,0.4160344708318118
constrained thermal motion,mixed,0.0,0.99,256,6.561817185100863,5.744322607814844,7.379311762386882,0.41708907004388723
constrained thermal motion,mixed,0.0,0.995,256,6.599068962109631,5.779422411418238,7.418715512801024,0.41818701565887373
constrained thermal motion,mixed,0.0,1.0,256,6.62905632695095,5.808060113020758,7.450052540881142,0.4188756193521388
constrained thermal motion,mixed,10.0,0.0,128,0.0,0.0,0.0,0.0
constrained thermal motion,mixed,10.0,0.005,128,0.014708482501114555,-0.04749227344638287,0.07690923844861197,0.03173507956504971
constrained thermal motion,mixed,10.0,0.01,128,0.0199484023596381,-0.08823664872725377,0.12813345344653,0.055196454636169325
constrained thermal motion,mixed,10.0,0.015,128,0.024625439322174928,-0.109448819878179,0.15869969852252885,0.06840523428589486
constrained thermal motion,mixed,10.0,0.02,128,0.020000508921453483,-0.13291011677346642,0.17291113461637336,0.07801562535455096
constrained thermal motion,mixed,10.0,0.025,128,0.042486252678395335,-0.12986198671612412,0.2148344920729148,0.08793277520128544
constrained thermal motion,mixed,10.0,0.03,128,0.05620053382966845,-0.1383589734044603,0.2507600410637972,0.09926505471129017
constrained thermal motion,mixed,10.0,0.035,128,0.06722083912974032,-0.14148740695719142,0.2759290852166721,0.10648379902394478
constrained thermal motion,mixed,10.0,0.04,128,0.0877406902280907,-0.13026434768768513,0.3057457281438665,0.11122706016111011
constrained thermal motion,mixed,10.0,0.045,128,0.12537961671635933,-0.10441965325922406,0.35517888669194275,0.11724452549774664
constrained thermal motion,mixed,10.0,0.05,128,0.13292051623229145,-0.1080348811292989,0.37387591359388184,0.12293642722530121
constrained thermal motion,mixed,10.0,0.055,128,0.134903913424963,-0.11889812856600812,0.3887059554159341,0.12949083775049547
constrained thermal motion,mixed,10.0,0.06,128,0.12248548060325089,-0.14679270330956,0.39176366451606176,0.13738682852694434
constrained thermal motion,mixed,10.0,0.065,128,0.10920066062782273,-0.17686186371586043,0.3952631849715059,0.14595026752228735
constrained thermal motion,mixed,10.0,0.07,128,0.0872717572394468,-0.21575104542050166,0.39029455989939527,0.15460347074487166
constrained thermal motion,mixed,10.0,0.075,128,0.08362052044698204,-0.23607807586497948,0.40331911675894355,0.16311152873059262
constrained thermal motion,mixed,10.0,0.08,128,0.09189353438062062,-0.24881228168836947,0.43259935044961073,0.1738294979943827
constrained thermal motion,mixed,10.0,0.085,128,0.11464311406050763,-0.2441699174731713,0.4734561455941866,0.18306787323146884
constrained thermal motion,mixed,10.0,0.09,128,0.1553541548330861,-0.21061662293965225,0.5213249326058245,0.18671978457792773
constrained thermal motion,mixed,10.0,0.095,128,0.1750253825017453,-0.19740717711121156,0.5474579421147021,0.19001661204742698
constrained thermal motion,mixed,10.0,0.1,128,0.17976223477519962,-0.20561085887465488,0.5651353284250541,0.19661892533155842
constrained thermal motion,mixed,10.0,0.105,128,0.19205022470701597,-0.19708175344290926,0.5811822028569412,0.19853672354588023
constrained thermal motion,mixed,10.0,0.11,128,0.17763587327334399,-0.21747931153010805,0.572751058076796,0.20158938000176124
constrained thermal motion,mixed,10.0,0.115,128,0.1961961787308809,-0.20265602568764546,0.5950483831494073,0.20349602266251346
constrained thermal motion,mixed,10.0,0.12,128,0.2298963797533706,-0.17792499834076078,0.637717757847502,0.20807213168067928
constrained thermal motion,mixed,10.0,0.125,128,0.2564602494716141,-0.163331407017687,0.6762519059609152,0.21417941657617404
constrained thermal motion,mixed,10.0,0.13,128,0.2674677638417803,-0.16099374230332147,0.695929269986882,0.21860280925770498
constrained thermal motion,mixed,10.0,0.135,128,0.2874348911598722,-0.15141685703116375,0.7262866393509082,0.22390395315869183
constrained thermal motion,mixed,10.0,0.14,128,0.29946804205619887,-0.146753548936933,0.7456896330493308,0.22766407703731217
constrained thermal motion,mixed,10.0,0.145,128,0.2833631792214498,-0.16977827243760418,0.7365046308805039,0.2311946181933949
constrained thermal motion,mixed,10.0,0.15,128,0.3088025343538817,-0.15651403060265895,0.7741190993104223,0.2374064106921126
constrained thermal motion,mixed,10.0,0.155,128,0.32347891987684596,-0.15590183833302673,0.8028596780867187,0.24458201949483302
constrained thermal motion,mixed,10.0,0.16,128,0.3235363851237143,-0.16961615933749724,0.8166889295849258,0.25160844105163854
constrained thermal motion,mixed,10.0,0.165,128,0.3149900177375913,-0.18836639450857262,0.8183464299837552,0.25681449604396117
constrained thermal motion,mixed,10.0,0.17,128,0.29930449729067976,-0.21238720020371804,0.8109961947850776,0.26106719259918254
constrained thermal motion,mixed,10.0,0.17500000000000002,128,0.31167094019679276,-0.21266490186059095,0.8360067822541765,0.26751828676397127
constrained thermal motion,mixed,10.0,0.18,128,0.3143789549138702,-0.21826815090199186,0.8470260607297322,0.27175872745707247
constrained thermal motion,mixed,10.0,0.185,128,0.33337193840634494,-0.20620972809914206,0.8729536049118319,0.2752967686252485
constrained thermal motion,mixed,10.0,0.19,128,0.335336315060532,-0.20508077987971535,0.8757534100007793,0.2757230076225752
constrained thermal motion,mixed,10.0,0.195,128,0.3186152421710001,-0.22538863807157739,0.8626191224135776,0.27755300012376405
constrained thermal motion,mixed,10.0,0.2,128,0.33054454125217264,-0.2204798827780044,0.8815689652823497,0.28113491021947806
constrained thermal motion,mixed,10.0,0.20500000000000002,128,0.35893123978141506,-0.19907303802970522,0.9169355175925353,0.2846960601077144
constrained thermal motion,mixed,10.0,0.21,128,0.3979621106068991,-0.16793961945608682,0.9638638406698851,0.2887253724811153
constrained thermal motion,mixed,10.0,0.215,128,0.41729074553120366,-0.15250475510445666,0.9870862461668639,0.29071199012023485
constrained thermal motion,mixed,10.0,0.22,128,0.4154022393639526,-0.15689007963951707,0.9876945583674223,0.29198587704258655
constrained thermal motion,mixed,10.0,0.225,128,0.36008001951258956,-0.21416992919757089,0.9343299682227499,0.2929846677092655
constrained thermal motion,mixed,10.0,0.23,128,0.3409833439704943,-0.2360608425093404,0.9180275304503289,0.2944102992244055
constrained thermal motion,mixed,10.0,0.23500000000000001,128,0.3251520438644797,-0.26215354982683636,0.9124576375557958,0.299645711066998
constrained thermal motion,mixed,10.0,0.24,128,0.3370635067024385,-0.2568643239224642,0.9309913373273413,0.30302440338005243
constrained thermal motion,mixed,10.0,0.245,128,0.37792328116191165,-0.22598620307909112,0.9818327654029144,0.30811708379643
constrained thermal motion,mixed,10.0,0.25,128,0.4053133716603313,-0.20628622384645912,1.0169129671671218,0.3120406099524441
constrained thermal motion,mixed,10.0,0.255,128,0.44367829494150746,-0.17620160996111756,1.0635581998441324,0.3162652576033801
constrained thermal motion,mixed,10.0,0.26,128,0.47435978359746567,-0.15683170055593665,1.1055512677508679,0.3220364715068379
constrained thermal motion,mixed,10.0,0.265,128,0.49162107138027056,-0.14766660940862086,1.1309087521691619,0.326167184075965
constrained thermal motion,mixed,10.0,0.27,128,0.5054523358299128,-0.1342086022721305,1.145113273931956,0.32635762148063435
constrained thermal motion,mixed,10.0,0.275,128,0.5037907273625196,-0.14377583472300248,1.1513572894480417,0.3303911031048582
constrained thermal motion,mixed,10.0,0.28,128,0.4768494536598087,-0.17323241100290465,1.126931318322522,0.33167442074628234
constrained thermal motion,mixed,10.0,0.28500000000000003,128,0.47658046756378,-0.17817263330215666,1.1313335684297166,0.3340577045234371
constrained thermal motion,mixed,10.0,0.29,128,0.45637733636278716,-0.20059814308593954,1.1133528158115138,0.3351915711473095
constrained thermal motion,mixed,10.0,0.295,128,0.5021597793797203,-0.16323094814923345,1.167550506908674,0.33948506506579273
constrained thermal motion,mixed,10.0,0.3,128,0.5519576817968534,-0.1288454276671841,1.2327607912608909,0.34734852523675386
constrained thermal motion,mixed,10.0,0.305,128,0.5804172164134564,-0.1131436896270629,1.273978122453976,0.35385760512271397
constrained thermal motion,mixed,10.0,0.31,128,0.5785241085394117,-0.12034841893837889,1.2773966360172024,0.35656761606009724
constrained thermal motion,mixed,10.0,0.315,128,0.592943739481664,-0.11780170102060417,1.303689179983932,0.3626252247460552
constrained thermal motion,mixed,10.0,0.32,128,0.5692792172193275,-0.14691636155354681,1.2854747959922017,0.3654059075371808
constrained thermal motion,mixed,10.0,0.325,128,0.5343844729557713,-0.18009443065271546,1.248863376564258,0.36453005286147283
constrained thermal motion,mixed,10.0,0.33,128,0.5341861932874078,-0.1887059567858247,1.2570783433606403,0.3688225255475676
constrained thermal motion,mixed,10.0,0.335,128,0.539176135308789,-0.1874703015335505,1.2658225721511287,0.3707379779807855
constrained thermal motion,mixed,10.0,0.34,128,0.5263616537265767,-0.20735607285722724,1.2600793803103807,0.3743457788692877
constrained thermal motion,mixed,10.0,0.34500000000000003,128,0.5568741365621304,-0.1895366882617553,1.303284961386016,0.3808218493999417
constrained thermal motion,mixed,10.0,0.35000000000000003,128,0.5540649225484133,-0.19810174581465534,1.3062315909114819,0.3837585042668718
constrained thermal motion,mixed,10.0,0.355,128,0.5479797631665452,-0.21440759484449035,1.3103671211775807,0.3889731418423651
constrained thermal motion,mixed,10.0,0.36,128,0.5572345855108933,-0.21052662058498395,1.3249957916067707,0.39171490106932516
constrained thermal motion,mixed,10.0,0.365,128,0.5257371610022984,-0.24488157439230596,1.2963558963969026,0.3931728241809206
constrained thermal motion,mixed,10.0,0.37,128,0.5185195506648095,-0.26596626990616856,1.3030053712357876,0.4002478676382541
constrained thermal motion,mixed,10.0,0.375,128,0.4977504887309472,-0.2886857811248622,1.2841867585867566,0.4012429948243926
constrained thermal motion,mixed,10.0,0.38,128,0.5057950338994689,-0.2871507050481953,1.298740772847133,0.4045641525243185
constrained thermal motion,mixed,10.0,0.385,128,0.5118926877772592,-0.28835222748272826,1.3121376030372467,0.4082882220714222
constrained thermal motion,mixed,10.0,0.39,128,0.5157440333627571,-0.29599847316281425,1.3274865398883284,0.41415434006406704
constrained thermal motion,mixed,10.0,0.395,128,0.5109122304152384,-0.30374636325501336,1.32557082408549,0.4156421396276795
constrained thermal motion,mixed,10.0,0.4,128,0.5002017425167264,-0.3147969281395905,1.3152004131730433,0.4158156482940393
constrained thermal motion,mixed,10.0,0.405,128,0.49429113811518055,-0.32906298695231173,1.3176452631826727,0.42007863523851646
constrained thermal motion,mixed,10.0,0.41000000000000003,128,0.5075457568618461,-0.3292401033978698,1.344331617121562,0.42693156135699795
constrained thermal motion,mixed,10.0,0.41500000000000004,128,0.5375567776501299,-0.3114645135749994,1.3865780688752591,0.43317412817608636
constrained thermal motion,mixed,10.0,0.42,128,0.5559895382448915,-0.2980581520902128,1.4100372285799958,0.4357386175179104
constrained thermal motion,mixed,10.0,0.425,128,0.5816161236842211,-0.2814126029965852,1.4446448503650275,0.44032077891877874
constrained thermal motion,mixed,10.0,0.43,128,0.6007075483227629,-0.27130123503420256,1.4727163316797283,0.4449024404882477
constrained thermal motion,mixed,10.0,0.435,128,0.6141971087814558,-0.263140567407406,1.4915347849703178,0.4476212633616642
constrained thermal motion,mixed,10.0,0.44,128,0.6174420120100147,-0.27482976688433647,1.5097137909043659,0.4552407035175261
constrained thermal motion,mixed,10.0,0.445,128,0.6316596265646013,-0.26951818310103737,1.53283743623024,0.459784596768183
constrained thermal motion,mixed,10.0,0.45,128,0.6559683884572871,-0.25506984315471193,1.5670066200692863,0.46481542429183625
constrained thermal motion,mixed,10.0,0.455,128,0.6557942028790481,-0.25873917784945355,1.5703275836075496,0.46659866363699065
constrained thermal motion,mixed,10.0,0.46,128,0.6691180936526137,-0.2522190173174076,1.5904552046226348,0.47006995457654144
constrained thermal motion,mixed,10.0,0.465,128,0.6896361513909564,-0.23959487536774693,1.6188671781496597,0.4740974626319915
constrained thermal motion,mixed,10.0,0.47000000000000003,128,0.720401830075109,-0.22430712391445662,1.6651107840646748,0.48199436428039066
constrained thermal motion,mixed,10.0,0.47500000000000003,128,0.7428884272262064,-0.20484504572961204,1.6906219001820249,0.4835374862019482
constrained thermal motion,mixed,10.0,0.48,128,0.7699560786617187,-0.1772418429537127,1.7171540002771501,0.48326424572215887
constrained thermal motion,mixed,10.0,0.485,128,0.7979310803317466,-0.14767208225186956,1.7435342429153629,0.48245059315490624
constrained thermal motion,mixed,10.0,0.49,128,0.818929175499836,-0.13202452864977243,1.7698828796494444,0.48518046130082065
constrained thermal motion,mixed,10.0,0.495,128,0.8670275346007053,-0.09337919810094397,1.8274342673023545,0.49000343505186184
constrained thermal motion,mixed,10.0,0.5,128,0.8954958349169724,-0.06206193990219078,1.8530536097361354,0.48854988511181796
constrained thermal motion,mixed,10.0,0.505,128,0.888222820860616,-0.061601048408162606,1.8380466901293946,0.48460401493305033
constrained thermal motion,mixed,10.0,0.51,128,0.8869738504730648,-0.06322109314902058,1.8371687940951502,0.48479333858269663
constrained thermal motion,mixed,10.0,0.515,128,0.8562239837683898,-0.09520878230773322,1.8076567498445129,0.4854248806510832
constrained thermal motion,mixed,10.0,0.52,128,0.8227097576574255,-0.13449173847436358,1.7799112537892146,0.488368110271321
constrained thermal motion,mixed,10.0,0.525,128,0.8144764931391923,-0.14712049389336612,1.7760734801717508,0.4906107076696727
constrained thermal motion,mixed,10.0,0.53,128,0.8063166008715269,-0.15225289798125163,1.7648860997243054,0.4890660708432544
constrained thermal motion,mixed,10.0,0.535,128,0.799359887993538,-0.15667694579551794,1.7553967217825939,0.48777389479033467
constrained thermal motion,mixed,10.0,0.54,128,0.8168129160593128,-0.14536995185785562,1.7789957839764812,0.49090962648835124
constrained thermal motion,mixed,10.0,0.545,128,0.8020208680746144,-0.1563687329727642,1.760410469121993,0.48897428624866257
constrained thermal motion,mixed,10.0,0.55,128,0.8005114268862069,-0.15964963693635992,1.7606724907087736,0.4898780937870239
constrained thermal motion,mixed,10.0,0.555,128,0.7780521943304115,-0.18474107785664307,1.7408454665174662,0.4912210572382932
constrained thermal motion,mixed,10.0,0.56,128,0.772484631950679,-0.1920235641796072,1.736992828080965,0.49209601843381945
constrained thermal motion,mixed,10.0,0.5650000000000001,128,0.8114751693903056,-0.15913101350118075,1.782081352281792,0.4952072361691257
constrained thermal motion,mixed,10.0,0.5700000000000001,128,0.8261792849744581,-0.14596885833570694,1.7983274282846233,0.4959939506684516
constrained thermal motion,mixed,10.0,0.5750000000000001,128,0.8509085837519218,-0.12346529053566735,1.8252824580395108,0.4971295276977496
constrained thermal motion,mixed,10.0,0.58,128,0.8882290803904657,-0.0894970104910966,1.865955171272028,0.49883984228651135
constrained thermal motion,mixed,10.0,0.585,128,0.9188881833410678,-0.06131077882408831,1.899087145506224,0.5001015113087531
constrained thermal motion,mixed,10.0,0.59,128,0.9189920014288013,-0.06469607071457384,1.9026800735721765,0.5018816694609057
constrained thermal motion,mixed,10.0,0.595,128,0.9522431147621139,-0.03388051257539437,1.938366742099622,0.503124299661994
constrained thermal motion,mixed,10.0,0.6,128,0.9984610188888552,0.009235217654451566,1.9876868201232587,0.5047070414461243
constrained thermal motion,mixed,10.0,0.605,128,1.0152704450069308,0.022659280314313857,2.0078816096995475,0.5064342677003147
constrained thermal motion,mixed,10.0,0.61,128,1.015366872029185,0.01895501445353498,2.0117787296048353,0.5083733967222704
constrained thermal motion,mixed,10.0,0.615,128,1.0184945255558413,0.020453001238037283,2.016536049873645,0.5092048593458184
constrained thermal motion,mixed,10.0,0.62,128,1.0425402155662602,0.039620011955737056,2.0454604191767833,0.5116939814339404
constrained thermal motion,mixed,10.0,0.625,128,1.0512427002058615,0.04529465195954607,2.057190748452177,0.5132388001256711
constrained thermal motion,mixed,10.0,0.63,128,1.0789832742346255,0.06488562384285168,2.093080924626399,0.5173967604039662
constrained thermal motion,mixed,10.0,0.635,128,1.0929923709395386,0.07139426428532603,2.114590477593751,0.5212235238031697
constrained thermal motion,mixed,10.0,0.64,128,1.1037140787145796,0.07555596247259566,2.1318721949565633,0.5245704674703999
constrained thermal motion,mixed,10.0,0.645,128,1.1413686653399375,0.10120726104306521,2.1815300696368096,0.5306945940290165
constrained thermal motion,mixed,10.0,0.65,128,1.148783817407413,0.10093324577582607,2.1966343890389997,0.5346176385875443
constrained thermal motion,mixed,10.0,0.655,128,1.1618490359530782,0.1105272105842865,2.2131708613218697,0.5363886864126488
constrained thermal motion,mixed,10.0,0.66,128,1.1965533770221854,0.14176279188634,2.251343962158031,0.5381584618040028
constrained thermal motion,mixed,10.0,0.665,128,1.231519036359677,0.1782996966919912,2.284738376027363,0.5373568059529009
constrained thermal motion,mixed,10.0,0.67,128,1.225743048528939,0.1819326352948527,2.2695534617630253,0.532556333282697
constrained thermal motion,mixed,10.0,0.675,128,1.2377843467366219,0.20071350979857527,2.2748551836746684,0.529117773947983
constrained thermal motion,mixed,10.0,0.68,128,1.2658425641000246,0.22527624869391016,2.3064088795061393,0.5309011813296503
constrained thermal motion,mixed,10.0,0.685,128,1.2701668803806065,0.2247419505943189,2.315591810166894,0.5333800662174937
constrained thermal motion,mixed,10.0,0.6900000000000001,128,1.27461890447144,0.2274636512860655,2.3217741576568143,0.5342628842782523
constrained thermal motion,mixed,10.0,0.6950000000000001,128,1.318508871931,0.26053863007969036,2.3764791137823096,0.5397807356384233
constrained thermal motion,mixed,10.0,0.7000000000000001,128,1.342838716006195,0.2870365659482301,2.39864086606416,0.5386745663561046
constrained thermal motion,mixed,10.0,0.705,128,1.4051906764195317,0.3390114640500246,2.471369888789039,0.5439689859028097
constrained thermal motion,mixed,10.0,0.71,128,1.4397685509125686,0.3713435357481072,2.50819356607703,0.5451148036553375
constrained thermal motion,mixed,10.0,0.715,128,1.4957299481339708,0.4262427113186664,2.565217184949275,0.5456567534771961
constrained thermal motion,mixed,10.0,0.72,128,1.527738995719267,0.45294834553358276,2.6025296459049514,0.5483625766253492
constrained thermal motion,mixed,10.0,0.725,128,1.5499303920957175,0.47866754698876,2.621193237202675,0.5465626760749783
constrained thermal motion,mixed,10.0,0.73,128,1.5736237333772245,0.50527844220087,2.641969024553579,0.5450741281512013
constrained thermal motion,mixed,10.0,0.735,128,1.5766603455136003,0.5093146280097287,2.644006063017472,0.544564141583608
constrained thermal motion,mixed,10.0,0.74,128,1.5891354030359235,0.5174123326116695,2.6608584734601775,0.5467974849103336
constrained thermal motion,mixed,10.0,0.745,128,1.633853738530159,0.5526498147375314,2.7150576623227867,0.5516346549962386
constrained thermal motion,mixed,10.0,0.75,128,1.6730957508658184,0.591659484938017,2.75453201679362,0.5517531969019395
constrained thermal motion,mixed,10.0,0.755,128,1.7510448847852027,0.65800171333692,2.8440880562334856,0.5576750874736136
constrained thermal motion,mixed,10.0,0.76,128,1.8234218601932148,0.7210796386286094,2.92576408175782,0.5624195007982681
constrained thermal motion,mixed,10.0,0.765,128,1.8678970161852875,0.7578103684652224,2.9779836639053525,0.5663707386326863
constrained thermal motion,mixed,10.0,0.77,128,1.8903645348797704,0.7788631083245434,3.0018659614349974,0.5670925645689934
constrained thermal motion,mixed,10.0,0.775,128,1.9075065544744603,0.798384826555842,3.0166282823930786,0.5658784326115399
constrained thermal motion,mixed,10.0,0.78,128,1.941523454598406,0.8252032801862523,3.0578436290105593,0.5695511093939559
constrained thermal motion,mixed,10.0,0.785,128,1.942642380575281,0.8237579280948994,3.0615268330556624,0.5708594145308069
constrained thermal motion,mixed,10.0,0.79,128,1.9481027135099447,0.8243996904409534,3.071805736578936,0.5733178689127507
constrained thermal motion,mixed,10.0,0.795,128,1.9601772342593071,0.8327335755865626,3.0876208929320517,0.575226356465686
constrained thermal motion,mixed,10.0,0.8,128,1.9616664854618977,0.833074952914193,3.090258018009602,0.5758120064018901
constrained thermal motion,mixed,10.0,0.805,128,1.952966773853834,0.8234311932493465,3.0825023544583217,0.5762936635737181
constrained thermal motion,mixed,10.0,0.81,128,1.935513028056133,0.8074132909690337,3.0636127651432323,0.5755610903505609
constrained thermal motion,mixed,10.0,0.8150000000000001,128,1.9401407752777762,0.8062293203465465,3.0740522302090056,0.5785262525159335
constrained thermal motion,mixed,10.0,0.8200000000000001,128,1.9663856724642306,0.823403827578044,3.1093675173504174,0.5831540024929524
constrained thermal motion,mixed,10.0,0.8250000000000001,128,1.9924679177811992,0.8396552699337816,3.145280565628617,0.5881697182894988
constrained thermal motion,mixed,10.0,0.8300000000000001,128,1.989671620642543,0.8332483488060114,3.146094892479075,0.5900118733859856
constrained thermal motion,mixed,10.0,0.835,128,1.9880824253228846,0.8304923316070336,3.145672519038736,0.5906071906713526
constrained thermal motion,mixed,10.0,0.84,128,1.998116515004829,0.8353589229453433,3.1608741070643145,0.5932436694181049
constrained thermal motion,mixed,10.0,0.845,128,2.0178874319648177,0.8528482385223826,3.182926625407253,0.5944077517563444
constrained thermal motion,mixed,10.0,0.85,128,2.0406328028204386,0.8712922142088428,3.209973391432034,0.5966023411283652
constrained thermal motion,mixed,10.0,0.855,128,2.054761568999475,0.883758404202706,3.225764733796244,0.5974505942840659
constrained thermal motion,mixed,10.0,0.86,128,2.0610027317005946,0.878548187699308,3.243457275701881,0.6032931346945339
constrained thermal motion,mixed,10.0,0.865,128,2.101594962391808,0.904112310552313,3.2990776142313027,0.6109605366528036
constrained thermal motion,mixed,10.0,0.87,128,2.105156837773236,0.9036174205567451,3.306696254989727,0.6130303149063729
constrained thermal motion,mixed,10.0,0.875,128,2.1208617613929555,0.9163967866001823,3.325326736185729,0.6145229463228434
constrained thermal motion,mixed,10.0,0.88,128,2.1744938399781426,0.9629248743296586,3.3860628056266266,0.6181474314533082
constrained thermal motion,mixed,10.0,0.885,128,2.188021331984964,0.9725724558769111,3.403470208093017,0.6201269776061494
constrained thermal motion,mixed,10.0,0.89,128,2.211475092307238,0.9915284510229905,3.4314217335914856,0.6224217557572691
constrained thermal motion,mixed,10.0,0.895,128,2.211986350731781,0.9925465692616444,3.4314261322019175,0.6221631538112942
constrained thermal motion,mixed,10.0,0.9,128,2.23991087080928,1.0214479821590317,3.458373759459528,0.6216647391072695
constrained thermal motion,mixed,10.0,0.905,128,2.280169352848266,1.056216704446486,3.504122001250046,0.6244656369396837
constrained thermal motion,mixed,10.0,0.91,128,2.298159918092907,1.068551297553655,3.5277685386321593,0.6273513370098225
constrained thermal motion,mixed,10.0,0.915,128,2.3474368593324093,1.1110801992163748,3.583793519448444,0.6307942143449156
constrained thermal motion,mixed,10.0,0.92,128,2.3691258530221195,1.1268874418499812,3.6113642641942576,0.6337951077408869
constrained thermal motion,mixed,10.0,0.925,128,2.430462730067932,1.1711197325691762,3.6898057275666876,0.6425219374993651
constrained thermal motion,mixed,10.0,0.93,128,2.4523139681512958,1.1924403066759126,3.712187629626679,0.642792684426216
constrained thermal motion,mixed,10.0,0.935,128,2.486803293128803,1.226206666302729,3.7473999199548773,0.6431615442990175
constrained thermal motion,mixed,10.0,0.9400000000000001,128,2.496466636180323,1.2257391603910992,3.7671941119695465,0.6483303447904203
constrained thermal motion,mixed,10.0,0.9450000000000001,128,2.5482167752751863,1.2758930266889275,3.820540523861445,0.6491447696868667
constrained thermal motion,mixed,10.0,0.9500000000000001,128,2.604457777153191,1.3305552409897992,3.878360313316583,0.649950273552751
constrained thermal motion,mixed,10.0,0.9550000000000001,128,2.646059426504885,1.3709806388109984,3.9211382141987716,0.650550401884636
constrained thermal motion,mixed,10.0,0.96,128,2.6716043126780167,1.3922753499795686,3.9509332753764648,0.6527188585196164
constrained thermal motion,mixed,10.0,0.965,128,2.6767338043161044,1.3919953473286961,3.9614722613035127,0.6554788045854124
constrained thermal motion,mixed,10.0,0.97,128,2.6957825300124,1.4057183443421242,3.9858467156826762,0.6581960130970795
constrained thermal motion,mixed,10.0,0.975,128,2.715135216289872,1.4186542480178166,4.011616184561927,0.6614698817714568
constrained thermal motion,mixed,10.0,0.98,128,2.716185193702103,1.4215795701382448,4.010790817265962,0.6605130732468665
constrained thermal motion,mixed,10.0,0.985,128,2.7087168935623085,1.415459302208419,4.0019744849161984,0.6598253017111682
constrained thermal motion,mixed,10.0,0.99,128,2.6933452138074427,1.4057799022087065,3.9809105254061787,0.656921077346294
constrained thermal motion,mixed,10.0,0.995,128,2.639307554937538,1.3560070998117948,3.9226080100632816,0.6547451301661956
constrained thermal motion,mixed,10.0,1.0,128,2.6509148878873585,1.3619673900226388,3.939862385752078,0.6576262744207754
constrained thermal motion,polarized,0.0,0.0,256,0.0,0.0,0.0,0.0
constrained thermal motion,polarized,0.0,0.005,256,0.04770254779570967,0.017997042142657495,0.07740805344876184,0.015155870231149069
constrained thermal motion,polarized,0.0,0.01,256,0.08627872624566875,0.038338667535851176,0.13421878495548634,0.024459213627457947
constrained thermal motion,polarized,0.0,0.015,256,0.09685567990273795,0.03501278185990813,0.15869857794556777,0.03155249900144379
constrained thermal motion,polarized,0.0,0.02,256,0.10022904245454836,0.02362423462619015,0.17683385028290657,0.03908408562671337
constrained thermal motion,polarized,0.0,0.025,256,0.11703446421810809,0.02967525981129479,0.2043936686249214,0.0445710226565374
constrained thermal motion,polarized,0.0,0.03,256,0.11896895906632174,0.020210967892603973,0.21772695024003952,0.05038673019067233
constrained thermal motion,polarized,0.0,0.035,256,0.14778589519039625,0.04107802264316114,0.2544937677376314,0.054442792115936285
constrained thermal motion,polarized,0.0,0.04,256,0.1817444156732443,0.06881788021284126,0.29467095113364733,0.05761557931653216
constrained thermal motion,polarized,0.0,0.045,256,0.18858303614289978,0.06843580467531175,0.30873026761048783,0.06129960789162655
constrained thermal motion,polarized,0.0,0.05,256,0.2118969687162607,0.08145002383058864,0.3423439136019328,0.06655456371717963
constrained thermal motion,polarized,0.0,0.055,256,0.23757611144832128,0.10337101960665898,0.37178120328998354,0.06847198563350117
constrained thermal motion,polarized,0.0,0.06,256,0.27007907223321526,0.13096268744523296,0.40919545702119753,0.07097774734080729
constrained thermal motion,polarized,0.0,0.065,256,0.27871270928122593,0.13476532284025028,0.4226600957222016,0.0734425441025386
constrained thermal motion,polarized,0.0,0.07,256,0.29188027737298433,0.13994711945111038,0.4438134352948583,0.07751691730707855
constrained thermal motion,polarized,0.0,0.075,256,0.31346474067145597,0.15276052316005584,0.4741689581828561,0.08199194770989802
constrained thermal motion,polarized,0.0,0.08,256,0.31921406310861805,0.154302180824662,0.48412594539257414,0.08413871545099799
constrained thermal motion,polarized,0.0,0.085,256,0.3229794597509313,0.15358430865008127,0.4923746108517813,0.08642609750043369
constrained thermal motion,polarized,0.0,0.09,256,0.3398428575349582,0.16291888972221874,0.5167668253476976,0.0902673305167038
constrained thermal motion,polarized,0.0,0.095,256,0.36723693593149687,0.18264036157538335,0.5518335102876104,0.09418192569189465
constrained thermal motion,polarized,0.0,0.1,256,0.39461405070763345,0.2029006145708123,0.5863274868444546,0.09781297762082712
constrained thermal motion,polarized,0.0,0.105,256,0.4180518227507779,0.22106068260744188,0.6150429628941139,0.10050568374660002
constrained thermal motion,polarized,0.0,0.11,256,0.428563677391752,0.2287481862152277,0.6283791685682762,0.10194667917169607
constrained thermal motion,polarized,0.0,0.115,256,0.43536091789319536,0.23154361164917028,0.6391782241372205,0.10398842155307403
constrained thermal motion,polarized,0.0,0.12,256,0.43498156640585467,0.22656748464063706,0.6433956481710723,0.10633371518633551
constrained thermal motion,polarized,0.0,0.125,256,0.4433950634300597,0.23110329560271511,0.6556868312574042,0.10831212644252275
constrained thermal motion,polarized,0.0,0.13,256,0.455869044123561,0.2384034363678595,0.6733346518792624,0.11095184069168444
constrained thermal motion,polarized,0.0,0.135,256,0.4371794862028269,0.21530631374884426,0.6590526586568095,0.11320059819080745
constrained thermal motion,polarized,0.0,0.14,256,0.47042355720805756,0.24383699174669413,0.697010122669421,0.11560539054151196
constrained thermal motion,polarized,0.0,0.145,256,0.4981068467241935,0.26703056061094343,0.7291831328374435,0.11789606434349492
constrained thermal motion,polarized,0.0,0.15,256,0.5370486787926718,0.2993393457563671,0.7747580118289765,0.1212802719572983
constrained thermal motion,polarized,0.0,0.155,256,0.5948064510093896,0.3490802079786215,0.8405326940401576,0.12537053215855512
constrained thermal motion,polarized,0.0,0.16,256,0.6207953495940077,0.3699188325846279,0.8716718666033876,0.12799822296396932
constrained thermal motion,polarized,0.0,0.165,256,0.6341686467940019,0.3792780671883719,0.8890592263996318,0.13004621408450506
constrained thermal motion,polarized,0.0,0.17,256,0.6281952809351908,0.36906314690513947,0.8873274149652421,0.1322102724643119
constrained thermal motion,polarized,0.0,0.17500000000000002,256,0.6295316982344512,0.36545673318918065,0.8936066632797217,0.13473212502309723
constrained thermal motion,polarized,0.0,0.18,256,0.6250883193734253,0.35358277704166574,0.896593861705185,0.1385232358835508
constrained thermal motion,polarized,0.0,0.185,256,0.6187164416122416,0.34337798843583506,0.8940548947886482,0.14047880264102375
constrained thermal motion,polarized,0.0,0.19,256,0.6273081688486727,0.348071578095571,0.9065447596017744,0.14246764834341924
constrained thermal motion,polarized,0.0,0.195,256,0.6086879021625965,0.3257583992904982,0.8916174050346948,0.14435178717964198
constrained thermal motion,polarized,0.0,0.2,256,0.6177915806191269,0.3302648089151311,0.9053183523231226,0.14669733250203865
constrained thermal motion,polarized,0.0,0.20500000000000002,256,0.6332158392015087,0.34054206812316307,0.9258896102798544,0.14932335259099266
constrained thermal motion,polarized,0.0,0.21,256,0.647735509406023,0.3498876249382148,0.9455833938738312,0.15196320636112662
constrained thermal motion,polarized,0.0,0.215,256,0.6690331448136225,0.3679460356292921,0.970120253997953,0.15361587203282165
constrained thermal motion,polarized,0.0,0.22,256,0.6970216516666033,0.3903248583019009,1.0037184450313057,0.15647795579831758
constrained thermal motion,polarized,0.0,0.225,256,0.7316129668686346,0.4202722085836236,1.0429537251536458,0.1588473256556179
constrained thermal motion,polarized,0.0,0.23,256,0.7798628366462631,0.4655345588327756,1.0941911144597505,0.16037157031300384
constrained thermal motion,polarized,0.0,0.23500000000000001,256,0.8119287469127181,0.49396252833128623,1.12989496549415,0.16222766254154689
constrained thermal motion,polarized,0.0,0.24,256,0.8596810536027476,0.5374924684169523,1.1818696387885428,0.1643819312172425
constrained thermal motion,polarized,0.0,0.245,256,0.907534199227833,0.580841982151439,1.234226416304227,0.16667970258999693
constrained thermal motion,polarized,0.0,0.25,256,0.9413000927433197,0.6150064351785534,1.267593750308086,0.16647635590039098
constrained thermal motion,polarized,0.0,0.255,256,0.9785459874458783,0.6478809836088286,1.309210991282928,0.1687066346107396
constrained thermal motion,polarized,0.0,0.26,256,1.0112359431862405,0.6788463947509564,1.3436254916215247,0.16958650430371638
constrained thermal motion,polarized,0.0,0.265,256,1.0460326458748612,0.7097931826485308,1.3822721091011916,0.17155074654404617
constrained thermal motion,polarized,0.0,0.27,256,1.0904282815743747,0.7477637789478776,1.4330927842008716,0.17482882787066176
constrained thermal motion,polarized,0.0,0.275,256,1.1395389962357243,0.7948799826004437,1.484198009871005,0.1758464355282044
constrained thermal motion,polarized,0.0,0.28,256,1.1661281065219238,0.8183352217039358,1.5139209913399116,0.17744534939693266
constrained thermal motion,polarized,0.0,0.28500000000000003,256,1.2036890284999109,0.8516951957787567,1.5556828612210651,0.17958869016385415
constrained thermal motion,polarized,0.0,0.29,256,1.216846790179919,0.86130567375511,1.5723879066047277,0.1813985287881678
constrained thermal motion,polarized,0.0,0.295,256,1.2541329969590933,0.897283260797272,1.6109827331209146,0.18206619191929654
constrained thermal motion,polarized,0.0,0.3,256,1.3011431508849556,0.9397040431775677,1.6625822585923435,0.1844077080139734
constrained thermal motion,polarized,0.0,0.305,256,1.3287250771150958,0.9653546078388007,1.692095546391391,0.1853930965695383
constrained thermal motion,polarized,0.0,0.31,256,1.368565883165727,1.0036188469749758,1.7335129193564782,0.18619746744426083
constrained thermal motion,polarized,0.0,0.315,256,1.4029990175545377,1.035309831424042,1.7706882036850333,0.18759652353596717
constrained thermal motion,polarized,0.0,0.32,256,1.4419867208647608,1.0708891514927894,1.8130842902367321,0.1893354945775364
constrained thermal motion,polarized,0.0,0.325,256,1.465775153630224,1.0930088498113038,1.838541457449144,0.19018688970353076
constrained thermal motion,polarized,0.0,0.33,256,1.5053085208578774,1.1301380279149575,1.8804790138007972,0.19141351680761212
constrained thermal motion,polarized,0.0,0.335,256,1.5682694614043102,1.187568530759677,1.9489703920489434,0.1942351686962414
constrained thermal motion,polarized,0.0,0.34,256,1.621772472175117,1.2393591859953306,2.0041857583549034,0.1951088194794829
constrained thermal motion,polarized,0.0,0.34500000000000003,256,1.661956628478812,1.2766930930118408,2.0472201639457834,0.19656302829947522
constrained thermal motion,polarized,0.0,0.35000000000000003,256,1.7154327239920644,1.3231232053163295,2.107742242667799,0.20015791769170138
constrained thermal motion,polarized,0.0,0.355,256,1.757145969397835,1.3611728357742148,2.1531191030214556,0.202027108991643
constrained thermal motion,polarized,0.0,0.36,256,1.7933843226951673,1.3959557034904069,2.1908129418999276,0.20276970367589817
constrained thermal motion,polarized,0.0,0.365,256,1.8404709032739757,1.4389377607965124,2.2420040457514387,0.2048638482027874
constrained thermal motion,polarized,0.0,0.37,256,1.900645560196903,1.4953939657444861,2.30589715464932,0.20676101757776372
constrained thermal motion,polarized,0.0,0.375,256,1.9421148443185432,1.5367242415303415,2.347505447106745,0.20683194019806211
constrained thermal motion,polarized,0.0,0.38,256,1.9686600415046598,1.564157811314272,2.3731622716950476,0.20637868887264685
constrained thermal motion,polarized,0.0,0.385,256,2.0178832361440113,1.6105750487077017,2.425191423580321,0.2078102997124028
constrained thermal motion,polarized,0.0,0.39,256,2.0577605435351587,1.6441135050620717,2.4714075820082457,0.2110444073842281
constrained thermal motion,polarized,0.0,0.395,256,2.103176608197577,1.6849109286893413,2.521442287705813,0.21340085689195706
constrained thermal motion,polarized,0.0,0.4,256,2.146096944321463,1.7209434084660622,2.5712504801768636,0.21691506931397994
constrained thermal motion,polarized,0.0,0.405,256,2.1786870798163434,1.74888299873504,2.6084911608976467,0.21928779647005275
constrained thermal motion,polarized,0.0,0.41000000000000003,256,2.1835111101915814,1.753631943944224,2.6133902764389387,0.21932610522824356
constrained thermal motion,polarized,0.0,0.41500000000000004,256,2.1894369175331705,1.755657821620257,2.623216013446084,0.22131586526169061
constrained thermal motion,polarized,0.0,0.42,256,2.1978753454352207,1.7617746073927942,2.633976083477647,0.22250037655225838
constrained thermal motion,polarized,0.0,0.425,256,2.240763545691824,1.7998398810565206,2.6816872103271274,0.22496105338535893
constrained thermal motion,polarized,0.0,0.43,256,2.2698848432384677,1.8255152558798984,2.714254430597037,0.22671917722375992
constrained thermal motion,polarized,0.0,0.435,256,2.2959995129681374,1.847307568303925,2.74469145763235,0.22892446156337368
constrained thermal motion,polarized,0.0,0.44,256,2.332605387630214,1.8795241114444172,2.785686663816011,0.23116391642132497
constrained thermal motion,polarized,0.0,0.445,256,2.351339007640978,1.8943541653097604,2.8083238499721954,0.23315553180164156
constrained thermal motion,polarized,0.0,0.45,256,2.3778143759797365,1.9143370245025757,2.8412917274568974,0.23646803646793926
constrained thermal motion,polarized,0.0,0.455,256,2.4051547400529087,1.9356199890510741,2.8746894910547436,0.23955854642950747
constrained thermal motion,polarized,0.0,0.46,256,2.4625296893872557,1.9875562949634167,2.9375030838110945,0.24233336450195866
constrained thermal motion,polarized,0.0,0.465,256,2.502963763095956,2.0251888985732083,2.980738627618704,0.24376268598099368
constrained thermal motion,polarized,0.0,0.47000000000000003,256,2.5256109593714315,2.0427221370206996,3.0084997817221635,0.24637184813812854
constrained thermal motion,polarized,0.0,0.47500000000000003,256,2.5433721837295944,2.058515132755728,3.0282292347034607,0.24737604641523783
constrained thermal motion,polarized,0.0,0.48,256,2.596997834075214,2.1089353560007447,3.085060312149683,0.24901146840534147
constrained thermal motion,polarized,0.0,0.485,256,2.6476260060693697,2.1548699240482767,3.1403820880904627,0.25140616429647605
constrained thermal motion,polarized,0.0,0.49,256,2.6847664883360935,2.1846166425155045,3.1849163341566826,0.2551784927656066
constrained thermal motion,polarized,0.0,0.495,256,2.7359755481618855,2.2297207653963658,3.242230330927405,0.25829325651302026
constrained thermal motion,polarized,0.0,0.5,256,2.7348838522200998,2.226395020857483,3.2433726835827166,0.2594330772258249
constrained thermal motion,polarized,0.0,0.505,256,2.73939273322184,2.2283759935807383,3.250409472862942,0.26072282634750105
constrained thermal motion,polarized,0.0,0.51,256,2.7620099975609556,2.2468732022213476,3.2771467929005635,0.26282489558143257
constrained thermal motion,polarized,0.0,0.515,256,2.806651453500129,2.2872283788018715,3.3260745281983866,0.2650117728052336
constrained thermal motion,polarized,0.0,0.52,256,2.8582175399558856,2.337112059237812,3.3793230206739593,0.26587014322350705
constrained thermal motion,polarized,0.0,0.525,256,2.909699328699215,2.381433897699157,3.4379647596992733,0.2695231790816623
constrained thermal motion,polarized,0.0,0.53,256,2.9364530233206074,2.4021118541904167,3.470794192450798,0.27262304547458704
constrained thermal motion,polarized,0.0,0.535,256,2.949456931445166,2.4154561218747594,3.4834577410155725,0.2724493926379626
constrained thermal motion,polarized,0.0,0.54,256,2.9814302091174434,2.4474888040870755,3.5153716141478113,0.27241908419916727
constrained thermal motion,polarized,0.0,0.545,256,3.0191819991263307,2.4811890077744767,3.5571749904781846,0.2744862200774764
constrained thermal motion,polarized,0.0,0.55,256,3.0502750687301585,2.5095545806497785,3.5909955568105385,0.2758778000410102
constrained thermal motion,polarized,0.0,0.555,256,3.0755284584428915,2.5337201088192005,3.6173368080665824,0.2764328314406586
constrained thermal motion,polarized,0.0,0.56,256,3.0964860834748262,2.5550677026846835,3.637904464264969,0.27623386775007275
constrained thermal motion,polarized,0.0,0.5650000000000001,256,3.126941049144134,2.583157025272712,3.6707250730155563,0.27744082850582774
constrained thermal motion,polarized,0.0,0.5700000000000001,256,3.159710614437297,2.6118551223565825,3.7075661065180117,0.2795181082044462
constrained thermal motion,polarized,0.0,0.5750000000000001,256,3.1959622971810084,2.64253595900006,3.749388635361957,0.28236037662293295
constrained thermal motion,polarized,0.0,0.58,256,3.217775981316456,2.655638554463871,3.7799134081690413,0.2868048096186659
constrained thermal motion,polarized,0.0,0.585,256,3.265827383832173,2.6942039735545276,3.8374507941098184,0.29164459708043133
constrained thermal motion,polarized,0.0,0.59,256,3.309167806158912,2.7337922740456677,3.8845433382721564,0.2935589449557369
constrained thermal motion,polarized,0.0,0.595,256,3.3553216073861236,2.7767015668593458,3.9339416479129015,0.29521430639121315
constrained thermal motion,polarized,0.0,0.6,256,3.401055799324451,2.8198414980206623,3.9822701006282397,0.29653790882846365
constrained thermal motion,polarized,0.0,0.605,256,3.4305387945226413,2.846745008078714,4.014332580966569,0.29785397267547314
constrained thermal motion,polarized,0.0,0.61,256,3.4628623679507333,2.874057055942884,4.051667679958583,0.30041087347339246
constrained thermal motion,polarized,0.0,0.615,256,3.491795535043981,2.897660420099403,4.085930649988558,0.3031301606860092
constrained thermal motion,polarized,0.0,0.62,256,3.5384795918570684,2.9410616098803297,4.135897573833807,0.3048050928452749
constrained thermal motion,polarized,0.0,0.625,256,3.5749891311636235,2.9745165038859014,4.175461758441346,0.3063635853457765
constrained thermal motion,polarized,0.0,0.63,256,3.627271962011044,3.0208663642450784,4.23367755977701,0.30939061110508453
constrained thermal motion,polarized,0.0,0.635,256,3.6902644269643026,3.0791512938644665,4.301377560064139,0.31179241484685505
constrained thermal motion,polarized,0.0,0.64,256,3.7517349995738023,3.1381234974859407,4.365346501661664,0.3130670929019703
constrained thermal motion,polarized,0.0,0.645,256,3.7907533720334814,3.1754044940416395,4.406102250025324,0.31395350917951126
constrained thermal motion,polarized,0.0,0.65,256,3.853551919370655,3.2330932615384613,4.474010577202849,0.31656053971030285
constrained thermal motion,polarized,0.0,0.655,256,3.9322813386738216,3.3065623769402515,4.558000300407391,0.31924436823141333
constrained thermal motion,polarized,0.0,0.66,256,3.9864927655939932,3.356531139426007,4.616454391761979,0.32140899294285014
constrained thermal motion,polarized,0.0,0.665,256,4.008729853439865,3.37381126060741,4.64364844627232,0.32393805756757904
constrained thermal motion,polarized,0.0,0.67,256,4.049960458350319,3.4112405160950128,4.688680400605625,0.3258775215588297
constrained thermal motion,polarized,0.0,0.675,256,4.082948770529236,3.4413803244629384,4.724517216595534,0.32733083982974376
constrained thermal motion,polarized,0.0,0.68,256,4.110310934573514,3.4671573142075323,4.753464554939495,0.3281396022275415
constrained thermal motion,polarized,0.0,0.685,256,4.157440598162279,3.5092795992861303,4.805601597038428,0.33069438718170846
constrained thermal motion,polarized,0.0,0.6900000000000001,256,4.197172098932548,3.5459701830393953,4.8483740148256995,0.33224587545568995
constrained thermal motion,polarized,0.0,0.6950000000000001,256,4.260198081170871,3.608894136780522,4.911502025561219,0.3322979308114026
constrained thermal motion,polarized,0.0,0.7000000000000001,256,4.305971409260354,3.6505269779031266,4.9614158406175815,0.33441042416185085
constrained thermal motion,polarized,0.0,0.705,256,4.345385478793696,3.684029932991579,5.006741024595812,0.3374262988786311
constrained thermal motion,polarized,0.0,0.71,256,4.3733161082531105,3.7083917204300576,5.038240496076163,0.3392471366444148
constrained thermal motion,polarized,0.0,0.715,256,4.398291862333199,3.7285291763629616,5.0680545483034365,0.341715656107264
constrained thermal motion,polarized,0.0,0.72,256,4.410829821580864,3.739762870976949,5.08189677218478,0.34238109724689564
constrained thermal motion,polarized,0.0,0.725,256,4.459155723629688,3.7877093638603037,5.130602083399072,0.34257467335172664
constrained thermal motion,polarized,0.0,0.73,256,4.524291096528288,3.851617483238794,5.196964709817783,0.343200823106885
constrained thermal motion,polarized,0.0,0.735,256,4.588523937832218,3.914998524590277,5.262049351074158,0.3436354149193574
constrained thermal motion,polarized,0.0,0.74,256,4.621197303088515,3.9477438388586115,5.2946507673184176,0.34359870623974653
constrained thermal motion,polarized,0.0,0.745,256,4.675534917848086,4.000056832813754,5.351013002882419,0.34463167603792483
constrained thermal motion,polarized,0.0,0.75,256,4.7132849833669574,4.034700635008095,5.39186933172582,0.3462165042647259
constrained thermal motion,polarized,0.0,0.755,256,4.769794759495889,4.088992299929566,5.450597219062213,0.3473481936562877
constrained thermal motion,polarized,0.0,0.76,256,4.810850979533778,4.126417507038387,5.495284452029169,0.34920075127315836
constrained thermal motion,polarized,0.0,0.765,256,4.84681102840751,4.158508592873199,5.535113463941821,0.35117471200730177
constrained thermal motion,polarized,0.0,0.77,256,4.900013643410538,4.208481964345478,5.591545322475597,0.3528222852372755
constrained thermal motion,polarized,0.0,0.775,256,4.943228249581165,4.248347670290375,5.638108828871955,0.3545309078014235
constrained thermal motion,polarized,0.0,0.78,256,4.989532550907538,4.293748562907002,5.685316538908074,0.3549918306125182
constrained thermal motion,polarized,0.0,0.785,256,5.052730848349968,4.353755965904181,5.751705730795756,0.3566198379825444
constrained thermal motion,polarized,0.0,0.79,256,5.095454290840926,4.393900927652429,5.797007654029422,0.35793538938188607
constrained thermal motion,polarized,0.0,0.795,256,5.132308261557239,4.423912741137501,5.840703781976977,0.3614262859284379
constrained thermal motion,polarized,0.0,0.8,256,5.1702855691086596,4.456575220762849,5.88399591745447,0.36413793282949525
constrained thermal motion,polarized,0.0,0.805,256,5.208854449460299,4.4896955716822315,5.928013327238366,0.3669177947847282
constrained thermal motion,polarized,0.0,0.81,256,5.238397082036038,4.519759614170527,5.957034549901549,0.36665176931913807
constrained thermal motion,polarized,0.0,0.8150000000000001,256,5.260850868059001,4.540066867557014,5.981634868560988,0.36774693903162625
constrained thermal motion,polarized,0.0,0.8200000000000001,256,5.306436311632712,4.583732862836644,6.02913976042878,0.3687262493857489
constrained thermal motion,polarized,0.0,0.8250000000000001,256,5.370692331143092,4.64406666898156,6.097317993304623,0.3707273786538424
constrained thermal motion,polarized,0.0,0.8300000000000001,256,5.388573697712715,4.660129553861773,6.117017841563658,0.3716551754341541
constrained thermal motion,polarized,0.0,0.835,256,5.390562644433415,4.6624489463569345,6.118676342509896,0.3714865806512656
constrained thermal motion,polarized,0.0,0.84,256,5.384984899283595,4.6556150964617915,6.114354702105399,0.3721274504192876
constrained thermal motion,polarized,0.0,0.845,256,5.401566793718432,4.666468071337177,6.136665516099687,0.375050368561865
constrained thermal motion,polarized,0.0,0.85,256,5.422505220157865,4.681665362286623,6.163345078029108,0.3779795193220626
constrained thermal motion,polarized,0.0,0.855,256,5.441264375075332,4.695196329782748,6.187332420367916,0.38064696188397157
constrained thermal motion,polarized,0.0,0.86,256,5.460029123340993,4.710799137171839,6.209259109510147,0.3822601970250785
constrained thermal motion,polarized,0.0,0.865,256,5.495909555172562,4.7441071396051875,6.247711970739937,0.38357266100376275
constrained thermal motion,polarized,0.0,0.87,256,5.512236696370069,4.759236925123489,6.265236467616648,0.38418355675845894
constrained thermal motion,polarized,0.0,0.875,256,5.5476350998252695,4.794323800823681,6.300946398826858,0.3843424994906067
constrained thermal motion,polarized,0.0,0.88,256,5.593277177344478,4.837034637913716,6.349519716775241,0.3858380303218178
constrained thermal motion,polarized,0.0,0.885,256,5.65023573566849,4.89082536238323,6.40964610895375,0.38745427208431665
constrained thermal motion,polarized,0.0,0.89,256,5.710236589061157,4.946101451809513,6.474371726312802,0.3898648659447167
constrained thermal motion,polarized,0.0,0.895,256,5.77258078333362,5.00523378366994,6.5399277829972995,0.39150357125697965
constrained thermal motion,polarized,0.0,0.9,256,5.827573787524217,5.0568442864804,6.598303288568033,0.3932293372672535
constrained thermal motion,polarized,0.0,0.905,256,5.879147857192085,5.104317443771625,6.653978270612545,0.3953216395002348
constrained thermal motion,polarized,0.0,0.91,256,5.926763732641214,5.150182755581528,6.703344709700899,0.39621478421412515
constrained thermal motion,polarized,0.0,0.915,256,5.963521452458063,5.185626263418116,6.74141664149801,0.3968853005305853
constrained thermal motion,polarized,0.0,0.92,256,6.015348590046705,5.235753295775421,6.7949438843179895,0.3977527011588185
constrained thermal motion,polarized,0.0,0.925,256,6.061331101953245,5.2795440549263555,6.8431181489801345,0.39887094236065773
constrained thermal motion,polarized,0.0,0.93,256,6.081035347743121,5.2951817642661,6.866888931220143,0.4009457058556233
constrained thermal motion,polarized,0.0,0.935,256,6.107751043385395,5.318179163408853,6.897322923361937,0.402842795906399
constrained thermal motion,polarized,0.0,0.9400000000000001,256,6.146491131139046,5.355278539930984,6.937703722347109,0.4036798934735012
constrained thermal motion,polarized,0.0,0.9450000000000001,256,6.203125848531529,5.409656100400879,6.9965955966621785,0.4048315041482906
constrained thermal motion,polarized,0.0,0.9500000000000001,256,6.248077718602308,5.452782033124864,7.043373404079752,0.4057631048354306
constrained thermal motion,polarized,0.0,0.9550000000000001,256,6.294879334311354,5.497488340523018,7.092270328099689,0.4068321396879261
constrained thermal motion,polarized,0.0,0.96,256,6.308021032987219,5.5100621673696315,7.105979898604807,0.4071218702130552
constrained thermal motion,polarized,0.0,0.965,256,6.316428410234691,5.515411375895976,7.117445444573406,0.4086821603768955
constrained thermal motion,polarized,0.0,0.97,256,6.371132102352751,5.565623011642131,7.176641193063372,0.41097402587276527
constrained thermal motion,polarized,0.0,0.975,256,6.433023895528633,5.623927837733941,7.242119953323325,0.4128041111197407
constrained thermal motion,polarized,0.0,0.98,256,6.49209042395944,5.679929757756813,7.304251090162067,0.4143676868380749
constrained thermal motion,polarized,0.0,0.985,256,6.534804639212526,5.719377076382175,7.350232202042877,0.4160344708318118
constrained thermal motion,polarized,0.0,0.99,256,6.561817185100863,5.744322607814844,7.379311762386882,0.41708907004388723
constrained thermal motion,polarized,0.0,0.995,256,6.599068962109631,5.779422411418238,7.418715512801024,0.41818701565887373
constrained thermal motion,polarized,0.0,1.0,256,6.62905632695095,5.808060113020758,7.450052540881142,0.4188756193521388
constrained thermal motion,polarized,10.0,0.0,128,0.0,0.0,0.0,0.0
constrained thermal motion,polarized,10.0,0.005,128,0.013596229198554532,-0.0830894385799325,0.11028189697704158,0.049329422335962776
constrained thermal motion,polarized,10.0,0.01,128,0.05450778474181486,-0.1373615335048202,0.24637710298844992,0.09789250930950769
constrained thermal motion,polarized,10.0,0.015,128,0.16337751531182182,-0.12014734968639201,0.44690238031003565,0.14465554336643563
constrained thermal motion,polarized,10.0,0.02,128,0.21437255164108285,-0.13107576350239689,0.5598208667845626,0.1762491403793264
constrained thermal motion,polarized,10.0,0.025,128,0.24974568580442508,-0.13383468628944317,0.6333260578982933,0.1957042714764634
constrained thermal motion,polarized,10.0,0.03,128,0.3151535280932768,-0.10816958160672108,0.7384766377932747,0.21598117841836625
constrained thermal motion,polarized,10.0,0.035,128,0.4170881575737049,-0.04328928167287582,0.8774655968202856,0.23488644859519425
constrained thermal motion,polarized,10.0,0.04,128,0.51664463130433,0.01019179403619197,1.023097468572468,0.2583943047286419
constrained thermal motion,polarized,10.0,0.045,128,0.6515851999884761,0.0966785082330498,1.2064918917439025,0.28311565905889097
constrained thermal motion,polarized,10.0,0.05,128,0.718958224129243,0.1288648306668102,1.3090516175916758,0.3010680578889964
constrained thermal motion,polarized,10.0,0.055,128,0.7901287776260472,0.15416721066839922,1.4260903445836952,0.3244701872232898
constrained thermal motion,polarized,10.0,0.06,128,0.8801194608897455,0.20451942899260234,1.5557194927868885,0.34469389382507304
constrained thermal motion,polarized,10.0,0.065,128,1.0499250278123637,0.3497491063194027,1.7501009493053248,0.3572326130066128
constrained thermal motion,polarized,10.0,0.07,128,1.1956552123129154,0.4462029587445181,1.9451074658813128,0.38237359875938637
constrained thermal motion,polarized,10.0,0.075,128,1.3289418518296812,0.5374275390387921,2.1204561646205704,0.40383383305657605
constrained thermal motion,polarized,10.0,0.08,128,1.3822127891670575,0.569463573274009,2.194962005060106,0.4146679672923717
constrained thermal motion,polarized,10.0,0.085,128,1.4018805348559398,0.5575891549562185,2.246171914755661,0.4307609081121027
constrained thermal motion,polarized,10.0,0.09,128,1.4219321317399403,0.5385999538675343,2.305264309612346,0.4506796825879622
constrained thermal motion,polarized,10.0,0.095,128,1.5096632497191265,0.5764084419920845,2.4429180574461684,0.47615041210563364
constrained thermal motion,polarized,10.0,0.1,128,1.4919400749420526,0.5421349684662611,2.4417451814178444,0.4845944420794855
constrained thermal motion,polarized,10.0,0.105,128,1.4527619433876942,0.477123943040514,2.4283999437348744,0.4977744899730511
constrained thermal motion,polarized,10.0,0.11,128,1.5987500469659144,0.5983190240385887,2.5991810698932403,0.5104239912894519
constrained thermal motion,polarized,10.0,0.115,128,1.7721407763580046,0.7501764868876648,2.7941050658283446,0.5214103517705816
constrained thermal motion,polarized,10.0,0.12,128,1.8578579413096368,0.8249466781599304,2.8907692044593434,0.5269955424233196
constrained thermal motion,polarized,10.0,0.125,128,1.974481157794271,0.9092014037469744,3.0397609118415674,0.5435100785955594
constrained thermal motion,polarized,10.0,0.13,128,2.1162490937253433,1.014307520204599,3.2181906672460876,0.562215088530992
constrained thermal motion,polarized,10.0,0.135,128,2.2685870308060525,1.1277152373704091,3.409458824241696,0.5820774456304303
constrained thermal motion,polarized,10.0,0.14,128,2.3224047846564906,1.1766665553428928,3.4681430139700886,0.5845603210783662
constrained thermal motion,polarized,10.0,0.145,128,2.3091636281749826,1.1520909679623037,3.4662362883876616,0.5903431939860606
constrained thermal motion,polarized,10.0,0.15,128,2.311332823435564,1.1322854043536774,3.4903802425174506,0.6015548056540237
constrained thermal motion,polarized,10.0,0.155,128,2.4634289383283243,1.2553770981257864,3.6714807785308623,0.6163529796951724
constrained thermal motion,polarized,10.0,0.16,128,2.5763388419262445,1.333037358695095,3.819640325157394,0.634337491444464
constrained thermal motion,polarized,10.0,0.165,128,2.655304232308752,1.3817785030111644,3.9288299616063393,0.6497580251518303
constrained thermal motion,polarized,10.0,0.17,128,2.7358008816854174,1.4367769558431887,4.034824807527646,0.6627673091031779
constrained thermal motion,polarized,10.0,0.17500000000000002,128,2.839413303024903,1.503424444558875,4.175402161490931,0.6816269686051163
constrained thermal motion,polarized,10.0,0.18,128,2.9005686001579605,1.5317367471446242,4.269400453171297,0.698383598476192
constrained thermal motion,polarized,10.0,0.185,128,2.8453707128056926,1.4605332266225044,4.230208198988881,0.7065497378485655
constrained thermal motion,polarized,10.0,0.19,128,2.8299128380788656,1.4483641364373574,4.211461539720374,0.70487178655179
constrained thermal motion,polarized,10.0,0.195,128,2.9172813402126394,1.5337543463736438,4.300808334051635,0.70588111930561
constrained thermal motion,polarized,10.0,0.2,128,3.078921947026184,1.687976005721524,4.469867888330844,0.7096662965840101
constrained thermal motion,polarized,10.0,0.20500000000000002,128,3.217361455995737,1.8099547143145984,4.624768197676875,0.7180646641230299
constrained thermal motion,polarized,10.0,0.21,128,3.305780433400827,1.8875504681446766,4.7240103986569775,0.7235867169674237
constrained thermal motion,polarized,10.0,0.215,128,3.2952359156081874,1.8691020324260845,4.72136979879029,0.7276193281541341
constrained thermal motion,polarized,10.0,0.22,128,3.427669963769026,1.9725876249444982,4.882752302593554,0.7423889483798612
constrained thermal motion,polarized,10.0,0.225,128,3.4960945157287875,2.016979725087214,4.9752093063703615,0.7546504033885579
constrained thermal motion,polarized,10.0,0.23,128,3.517882447875656,2.0139450664751615,5.021819829276151,0.7673149905104564
constrained thermal motion,polarized,10.0,0.23500000000000001,128,3.569165315652211,2.0401838786090742,5.098146752695348,0.7800925699199678
constrained thermal motion,polarized,10.0,0.24,128,3.609681087427436,2.0599291936681183,5.159432981186754,0.7906897417139378
constrained thermal motion,polarized,10.0,0.245,128,3.73171466862351,2.1576896740910128,5.305739663156007,0.8030739768022944
constrained thermal motion,polarized,10.0,0.25,128,3.7141729173947358,2.1369090866532243,5.291436748136247,0.8047264442558731
constrained thermal motion,polarized,10.0,0.255,128,3.774577507656863,2.1820151453412295,5.367139869972497,0.8125318175079762
constrained thermal motion,polarized,10.0,0.26,128,3.874234678742881,2.2595624359164397,5.488906921569322,0.8238123687890005
constrained thermal motion,polarized,10.0,0.265,128,4.018515714610128,2.387981531986154,5.649049897234102,0.8319051952163133
constrained thermal motion,polarized,10.0,0.27,128,4.205239675352668,2.564208563972759,5.8462707867325765,0.8372607711121984
constrained thermal motion,polarized,10.0,0.275,128,4.3685791546926405,2.718353784578235,6.018804524807046,0.8419517194461253
constrained thermal motion,polarized,10.0,0.28,128,4.472861573482978,2.803934419114289,6.141788727851668,0.8514934461064743
constrained thermal motion,polarized,10.0,0.28500000000000003,128,4.463499142293085,2.7753295713034705,6.1516687132827,0.8613110056069465
constrained thermal motion,polarized,10.0,0.29,128,4.555115013820897,2.837259210711508,6.272970816930286,0.8764570424027494
constrained thermal motion,polarized,10.0,0.295,128,4.581836359243509,2.8573514731056404,6.306321245381377,0.8798392276213616
constrained thermal motion,polarized,10.0,0.3,128,4.691205361049324,2.955605515092101,6.426805207006547,0.885510125488379
constrained thermal motion,polarized,10.0,0.305,128,4.830320254967435,3.0877202413364575,6.572920268598413,0.8890816396076415
constrained thermal motion,polarized,10.0,0.31,128,4.936580773095019,3.1899797618750645,6.683181784314974,0.8911229649081404
constrained thermal motion,polarized,10.0,0.315,128,4.9983271308132755,3.2408820297606002,6.755772231865951,0.8966556638023854
constrained thermal motion,polarized,10.0,0.32,128,5.00604995054955,3.2373872824194727,6.774712618679628,0.902378912311264
constrained thermal motion,polarized,10.0,0.325,128,5.041896743734451,3.2557945841867024,6.8279989032822,0.9112766120141577
constrained thermal motion,polarized,10.0,0.33,128,5.127807825812716,3.323707137936078,6.931908513689354,0.9204595346309378
constrained thermal motion,polarized,10.0,0.335,128,5.24563798356091,3.4243645072161004,7.06691145990572,0.9292211614004132
constrained thermal motion,polarized,10.0,0.34,128,5.322288822580235,3.482189912137153,7.162387733023317,0.9388259747158584
constrained thermal motion,polarized,10.0,0.34500000000000003,128,5.376202519270078,3.5300697989234564,7.222335239616699,0.9419044491564396
constrained thermal motion,polarized,10.0,0.35000000000000003,128,5.490510144055481,3.6346374307749576,7.346382857336004,0.9468738333063895
constrained thermal motion,polarized,10.0,0.355,128,5.570913631137403,3.695301787406626,7.44652547486818,0.9569448182299883
constrained thermal motion,polarized,10.0,0.36,128,5.63495396347582,3.7430696371862746,7.526838289765366,0.9652471052497681
constrained thermal motion,polarized,10.0,0.365,128,5.735968943326174,3.8343933028836936,7.637544583768655,0.9701916532869799
constrained thermal motion,polarized,10.0,0.37,128,5.8269656962829,3.9230548418380646,7.730876550727736,0.9713830890024672
constrained thermal motion,polarized,10.0,0.375,128,5.9753411679433,4.064406685248192,7.886275650638408,0.9749665728036263
constrained thermal motion,polarized,10.0,0.38,128,6.148050503161645,4.223871115137666,8.072229891185623,0.9817241775632544
constrained thermal motion,polarized,10.0,0.385,128,6.186153869025671,4.250568721745919,8.121739016305423,0.9875434424896691
constrained thermal motion,polarized,10.0,0.39,128,6.261237431785461,4.3062432509365625,8.21623161263436,0.9974460106371933
constrained thermal motion,polarized,10.0,0.395,128,6.367117415209909,4.393574440323008,8.34066039009681,1.006909681064745
constrained thermal motion,polarized,10.0,0.4,128,6.378317906182292,4.387443036329523,8.36919277603506,1.0157524846187598
constrained thermal motion,polarized,10.0,0.405,128,6.44896894787631,4.442214581979128,8.455723313773492,1.0238542683148886
constrained thermal motion,polarized,10.0,0.41000000000000003,128,6.499189249910283,4.489423537516618,8.508954962303948,1.0253906695886046
constrained thermal motion,polarized,10.0,0.41500000000000004,128,6.501876565938285,4.485448266189266,8.518304865687304,1.02878994885154
constrained thermal motion,polarized,10.0,0.42,128,6.531911711265122,4.504021963597553,8.559801458932693,1.0346376263610049
constrained thermal motion,polarized,10.0,0.425,128,6.507455079166352,4.465342377712329,8.549567780620375,1.0418942354357261
constrained thermal motion,polarized,10.0,0.43,128,6.513832838814067,4.450565063257303,8.577100614370831,1.052687640590186
constrained thermal motion,polarized,10.0,0.435,128,6.55881019344277,4.483348544069586,8.634271842815952,1.0589090047822365
constrained thermal motion,polarized,10.0,0.44,128,6.601125172970547,4.518908506378076,8.683341839563017,1.0623554421390158
constrained thermal motion,polarized,10.0,0.445,128,6.645389593017735,4.556733339453341,8.734045846582129,1.0656409456961191
constrained thermal motion,polarized,10.0,0.45,128,6.725211232912576,4.62801902751458,8.822403438310573,1.069996023162243
constrained thermal motion,polarized,10.0,0.455,128,6.808339241935489,4.702898269140951,8.913780214730027,1.074204577956397
constrained thermal motion,polarized,10.0,0.46,128,6.897859459825167,4.785263418223175,9.01045550142716,1.0778551232663225
constrained thermal motion,polarized,10.0,0.465,128,6.970965332446718,4.855729115435542,9.086201549457893,1.079202151536314
constrained thermal motion,polarized,10.0,0.47000000000000003,128,7.0959894502055825,4.984268380801894,9.207710519609272,1.0774087088794329
constrained thermal motion,polarized,10.0,0.47500000000000003,128,7.1904381059798865,5.077170519777361,9.303705692182412,1.078197748062513
constrained thermal motion,polarized,10.0,0.48,128,7.300054202971427,5.184402971956559,9.415705433986293,1.0794138933749324
constrained thermal motion,polarized,10.0,0.485,128,7.400614886770573,5.2826647977295345,9.518564975811612,1.080586780122979
constrained thermal motion,polarized,10.0,0.49,128,7.555988089528517,5.438788193298995,9.67318798575804,1.0802040286885315
constrained thermal motion,polarized,10.0,0.495,128,7.674818383280638,5.55218205972043,9.797454706840846,1.0829777161021472
constrained thermal motion,polarized,10.0,0.5,128,7.795212180516096,5.671681706834777,9.918742654197414,1.0834339151435302
constrained thermal motion,polarized,10.0,0.505,128,7.903179133119132,5.7819491166386445,10.02440914959962,1.0822602124900451
constrained thermal motion,polarized,10.0,0.51,128,8.149096931585651,6.032757940840806,10.265435922330497,1.0797647911963497
constrained thermal motion,polarized,10.0,0.515,128,8.293062549864464,6.178325401600694,10.407799698128233,1.0789475246243725
constrained thermal motion,polarized,10.0,0.52,128,8.283015582804934,6.170541001234348,10.39549016437552,1.0777931538625443
constrained thermal motion,polarized,10.0,0.525,128,8.313687845348595,6.195364749428199,10.43201094126899,1.0807770897553037
constrained thermal motion,polarized,10.0,0.53,128,8.274483315559102,6.143257132580557,10.405709498537647,1.0873602974380332
constrained thermal motion,polarized,10.0,0.535,128,8.191074369599525,6.058927961900439,10.32322077729861,1.0878297998464723
constrained thermal motion,polarized,10.0,0.54,128,8.228363168317603,6.090421886189942,10.366304450445265,1.0907863684324806
constrained thermal motion,polarized,10.0,0.545,128,8.27824621905925,6.132031165328295,10.424461272790206,1.0950076804749773
constrained thermal motion,polarized,10.0,0.55,128,8.310223627976917,6.153576826768776,10.466870429185057,1.1003300006163985
constrained thermal motion,polarized,10.0,0.555,128,8.286755248452437,6.124832808829238,10.448677688075636,1.103021652868979
constrained thermal motion,polarized,10.0,0.56,128,8.331844379701206,6.172793898774255,10.490894860628156,1.1015563678198728
constrained thermal motion,polarized,10.0,0.5650000000000001,128,8.368631291905547,6.2114774657524015,10.525785118058693,1.1005886868128296
constrained thermal motion,polarized,10.0,0.5700000000000001,128,8.452344779989529,6.294706493939442,10.609983066039616,1.1008358602296364
constrained thermal motion,polarized,10.0,0.5750000000000001,128,8.494812429207409,6.3374659974644745,10.652158860950344,1.1006869549708849
constrained thermal motion,polarized,10.0,0.58,128,8.61308489999854,6.459063725136106,10.767106074860974,1.0989903953379765
constrained thermal motion,polarized,10.0,0.585,128,8.767767379374657,6.613222949134598,10.922311809614715,1.0992573623673771
constrained thermal motion,polarized,10.0,0.59,128,8.892503084867782,6.731982371495079,11.053023798240485,1.1023064864146443
constrained thermal motion,polarized,10.0,0.595,128,9.007342206733863,6.845604879675047,11.16907953379268,1.1029272076830694
constrained thermal motion,polarized,10.0,0.6,128,9.068294434359574,6.910904491267496,11.225684377451651,1.1007091546388152
constrained thermal motion,polarized,10.0,0.605,128,9.126029138737609,6.970592612924061,11.281465664551156,1.0997125131701777
constrained thermal motion,polarized,10.0,0.61,128,9.203132436926655,7.051311136269946,11.354953737583365,1.0978680105391374
constrained thermal motion,polarized,10.0,0.615,128,9.247174929015781,7.098430365490085,11.395919492541477,1.0962982466967837
constrained thermal motion,polarized,10.0,0.62,128,9.234384421820597,7.0830706310865414,11.38569821255465,1.09760907690513
constrained thermal motion,polarized,10.0,0.625,128,9.22801022440437,7.073077586647199,11.382942862161542,1.0994554274271282
constrained thermal motion,polarized,10.0,0.63,128,9.206205779989755,7.046250179838173,11.366161380141337,1.1020181633426438
constrained thermal motion,polarized,10.0,0.635,128,9.187293420068603,7.018362518511688,11.356224321625518,1.106597398753528
constrained thermal motion,polarized,10.0,0.64,128,9.201180187749072,7.02339925487259,11.378961120625554,1.1111127208553482
constrained thermal motion,polarized,10.0,0.645,128,9.182263289488755,6.993640635423823,11.370885943553688,1.1166442112576185
constrained thermal motion,polarized,10.0,0.65,128,9.1939160467746,7.0066664412715625,11.381165652277637,1.1159436762770603
constrained thermal motion,polarized,10.0,0.655,128,9.26487688601392,7.077086880527183,11.452666891500655,1.116219390554457
constrained thermal motion,polarized,10.0,0.66,128,9.293878309072841,7.109253372270347,11.478503245875336,1.1146045595931093
constrained thermal motion,polarized,10.0,0.665,128,9.33391240351884,7.1569739660084934,11.510850841029185,1.1106828762807885
constrained thermal motion,polarized,10.0,0.67,128,9.392970052758379,7.224317662395512,11.561622443121246,1.1064553012055443
constrained thermal motion,polarized,10.0,0.675,128,9.48732158528943,7.321391242243137,11.653251928335724,1.1050665015542316
constrained thermal motion,polarized,10.0,0.68,128,9.47266561732308,7.301843821573449,11.643487413072712,1.1075621406885878
constrained thermal motion,polarized,10.0,0.685,128,9.47939958705337,7.304535428536572,11.65426374557017,1.109624570671836
constrained thermal motion,polarized,10.0,0.6900000000000001,128,9.557915634566024,7.377594703626938,11.73823656550511,1.1124086382342273
constrained thermal motion,polarized,10.0,0.6950000000000001,128,9.577311664169317,7.392352311240048,11.762271017098586,1.1147751800659536
constrained thermal motion,polarized,10.0,0.7000000000000001,128,9.593308869475013,7.410995627198512,11.775622111751515,1.1134251236104598
constrained thermal motion,polarized,10.0,0.705,128,9.635934805239629,7.456709359327366,11.815160251151891,1.1118497173021749
constrained thermal motion,polarized,10.0,0.71,128,9.653497382489565,7.480052787319906,11.826941977659224,1.1089003036579892
constrained thermal motion,polarized,10.0,0.715,128,9.608971603306564,7.42923354013536,11.788709666477768,1.1121112567200022
constrained thermal motion,polarized,10.0,0.72,128,9.59737118852779,7.408140326743094,11.786602050312485,1.1169545213187224
constrained thermal motion,polarized,10.0,0.725,128,9.625599657091312,7.436297669555012,11.814901644627612,1.1169908099675003
constrained thermal motion,polarized,10.0,0.73,128,9.682116634172484,7.499622606893162,11.864610661451806,1.1135173608567972
constrained thermal motion,polarized,10.0,0.735,128,9.734357163257412,7.560408385569572,11.908305940945253,1.109157539636653
constrained thermal motion,polarized,10.0,0.74,128,9.783143351106515,7.611612723683219,11.954673978529812,1.1079237895016818
constrained thermal motion,polarized,10.0,0.745,128,9.778231870723669,7.599480688364295,11.956983053083043,1.111607746101721
constrained thermal motion,polarized,10.0,0.75,128,9.79386467537184,7.609947519157689,11.97778183158599,1.114243447048036
constrained thermal motion,polarized,10.0,0.755,128,9.814726115440608,7.623606608909704,12.005845621971513,1.1179181155769924
constrained thermal motion,polarized,10.0,0.76,128,9.860650708873687,7.664724562411186,12.056576855336187,1.120370482889031
constrained thermal motion,polarized,10.0,0.765,128,9.909000908897296,7.702817611116445,12.115184206678148,1.125603723357577
constrained thermal motion,polarized,10.0,0.77,128,9.983824303620821,7.7769289963842585,12.190719610857384,1.125966993488042
constrained thermal motion,polarized,10.0,0.775,128,10.071095331523619,7.864232589804139,12.277958073243099,1.125950378428306
constrained thermal motion,polarized,10.0,0.78,128,10.17327077352866,7.971223644276171,12.375317902781148,1.1234934332920863
constrained thermal motion,polarized,10.0,0.785,128,10.229972748312905,8.035917382986522,12.424028113639288,1.1194160027175424
constrained thermal motion,polarized,10.0,0.79,128,10.254983794609132,8.059103018397915,12.450864570820348,1.1203473348016413
constrained thermal motion,polarized,10.0,0.795,128,10.315637651229741,8.116042792961334,12.515232509498148,1.1222422746267386
constrained thermal motion,polarized,10.0,0.8,128,10.35070850385415,8.14797978503374,12.55343722267456,1.123841183071638
constrained thermal motion,polarized,10.0,0.805,128,10.374033459561707,8.167194420386734,12.58087249873668,1.125938285293354
constrained thermal motion,polarized,10.0,0.81,128,10.421848134408023,8.211491603435285,12.632204665380762,1.1277329239656835
constrained thermal motion,polarized,10.0,0.8150000000000001,128,10.437458718946168,8.222594796233963,12.652322641658373,1.1300326136286756
constrained thermal motion,polarized,10.0,0.8200000000000001,128,10.42977084588286,8.206122189512946,12.653419502252774,1.1345146205968952
constrained thermal motion,polarized,10.0,0.8250000000000001,128,10.462688030256215,8.242781122061178,12.682594938451253,1.132605565405631
constrained thermal motion,polarized,10.0,0.8300000000000001,128,10.523443060583423,8.306117683854868,12.740768437311978,1.1312884575145685
constrained thermal motion,polarized,10.0,0.835,128,10.568718457526074,8.358532485178863,12.778904429873286,1.1276459042587814
constrained thermal motion,polarized,10.0,0.84,128,10.641599660837512,8.437079004539026,12.846120317135998,1.1247554368869823
constrained thermal motion,polarized,10.0,0.845,128,10.704382777678513,8.508271906324978,12.900493649032047,1.120464730282415
constrained thermal motion,polarized,10.0,0.85,128,10.783055416578845,8.59608780399157,12.970023029166121,1.115799802340447
constrained thermal motion,polarized,10.0,0.855,128,10.819556203499792,8.639613282610934,12.999499124388649,1.1122157759637032
constrained thermal motion,polarized,10.0,0.86,128,10.833364741637968,8.661025624848978,13.005703858426958,1.1083362840760158
constrained thermal motion,polarized,10.0,0.865,128,10.884924252860875,8.719181486163187,13.050667019558563,1.104970799335555
constrained thermal motion,polarized,10.0,0.87,128,10.940842455430765,8.776808271057257,13.104876639804273,1.1040990736599527
constrained thermal motion,polarized,10.0,0.875,128,10.978727194017718,8.814144018994895,13.143310369040542,1.1043791709300121
constrained thermal motion,polarized,10.0,0.88,128,11.024829390887568,8.85947612973644,13.190182652038697,1.1047720720158818
constrained thermal motion,polarized,10.0,0.885,128,11.004621779048014,8.832114882632922,13.177128675463106,1.1084218859260677
constrained thermal motion,polarized,10.0,0.89,128,11.013792704891939,8.837141888771727,13.190443521012151,1.1105361306735777
constrained thermal motion,polarized,10.0,0.895,128,10.996142623238612,8.813082431903798,13.179202814573426,1.1138062200687828
constrained thermal motion,polarized,10.0,0.9,128,11.02056453457274,8.836104780856532,13.205024288288948,1.1145202825082694
constrained thermal motion,polarized,10.0,0.905,128,11.05818128392509,8.877056739122892,13.23930582872729,1.1128186453072446
constrained thermal motion,polarized,10.0,0.91,128,11.05620874722207,8.87820614607977,13.234211348364372,1.1112258169093372
constrained thermal motion,polarized,10.0,0.915,128,11.085132370074154,8.909654233055427,13.260610507092881,1.109937825009555
constrained thermal motion,polarized,10.0,0.92,128,11.122513895707792,8.948202860285917,13.296824931129667,1.1093423650111602
constrained thermal motion,polarized,10.0,0.925,128,11.161309739919684,8.993996982647335,13.328622497192033,1.1057718149348714
constrained thermal motion,polarized,10.0,0.93,128,11.175442999411546,9.012307175730504,13.338578823092588,1.1036407263678787
constrained thermal motion,polarized,10.0,0.935,128,11.197357097173017,9.03441402896965,13.360300165376383,1.103542381736412
constrained thermal motion,polarized,10.0,0.9400000000000001,128,11.248431079510276,9.087680226615955,13.409181932404596,1.1024239045379183
constrained thermal motion,polarized,10.0,0.9450000000000001,128,11.288080715602574,9.131538663370094,13.444622767835053,1.100276557261469
constrained thermal motion,polarized,10.0,0.9500000000000001,128,11.290111964467703,9.128753833501017,13.45147009543439,1.102733740289126
constrained thermal motion,polarized,10.0,0.9550000000000001,128,11.315138396318172,9.151598786671224,13.47867800596512,1.10384673961579
constrained thermal motion,polarized,10.0,0.96,128,11.36208564425019,9.19916905577187,13.525002232728509,1.1035288716726117
constrained thermal motion,polarized,10.0,0.965,128,11.396932377598818,9.234169466990583,13.559695288207052,1.1034504645960386
constrained thermal motion,polarized,10.0,0.97,128,11.419332919660029,9.253468824868833,13.585197014451225,1.1050327014240795
constrained thermal motion,polarized,10.0,0.975,128,11.454838769983333,9.288201598705403,13.621475941261263,1.105427128203026
constrained thermal motion,polarized,10.0,0.98,128,11.502160911407765,9.342494197268046,13.661827625547485,1.1018707725202646
constrained thermal motion,polarized,10.0,0.985,128,11.569770423892283,9.415236409877831,13.724304437906735,1.0992520479665575
constrained thermal motion,polarized,10.0,0.99,128,11.63423659008692,9.48913025829796,13.779342921875879,1.0944420060147748
constrained thermal motion,polarized,10.0,0.995,128,11.694290133083838,9.558370610309316,13.83020965585836,1.0897548585584298
constrained thermal motion,polarized,10.0,1.0,128,11.74114922591606,9.605814240631608,13.876484211200511,1.0894566251451283
