architecture,K_D,K_C,n_binders,n_cleavers,mean_attachments,attachment_probability,speed,orientational_persistence_time,active_diffusivity,mobile_fraction,local_depletion_probability,receptor_contrast,persistence_length,diffusivity_shift
polarized,1778.2794100389228,10.0,4.0,16.0,0.012486106023742,0.0031215265059355,0.0025008892234772,1975.9909490962712,0.0041228585495539,1.0,1.0,1.0,4.94173447028348,0.0041228585495539
polarized,1669.8946588711192,10.0,4.0,16.0,0.0132938251467815,0.0033234562866953,0.0026629060468253,1972.823580818836,0.0046670966969153,1.0,1.0,1.0,5.253443842682108,0.0046670966969153
polarized,1568.115874245688,10.0,4.0,16.0,0.0141536096985577,0.0035384024246394,0.0028353955014873,1969.2454469832328,0.0052819917178182,1.0,1.0,1.0,5.583589681700618,0.0052819917178182
polarized,1472.5404276241222,10.0,4.0,16.0,0.0150687910497964,0.0037671977624491,0.0030190310475843,1965.2052282904751,0.0059763891877419,1.0,1.0,1.0,5.933015599084098,0.0059763891877419
polarized,1382.790230365145,10.0,4.0,16.0,0.0160429104233747,0.0040107276058436,0.0032145289150367,1960.64573088796,0.0067601516963228,1.0,1.0,1.0,6.302552394082729,0.0067601516963228
polarized,1298.51023803699,10.0,4.0,16.0,0.0170797316722013,0.0042699329180503,0.0034226507326432,1955.5033626029135,0.0076442507344975,1.0,1.0,1.0,6.693005016699218,0.0076442507344975
polarized,1219.3670458907095,10.0,4.0,16.0,0.0181832547758325,0.0045458136939581,0.0036442063038844,1949.707605254205,0.0086408596926309,1.0,1.0,1.0,7.105136745798803,0.0086408596926309
polarized,1145.0475699382812,10.0,4.0,16.0,0.0193577300881192,0.0048394325220298,0.0038800565349089,1943.180497855327,0.009763445517257,1.0,1.0,1.0,7.539650189211272,0.009763445517257
polarized,1075.257808417991,10.0,4.0,16.0,0.0206076733684559,0.0051519183421139,0.0041311165198065,1935.8361504742345,0.0110268557398836,1.0,1.0,1.0,7.99716470086277,0.0110268557398836
polarized,1009.72167874753,10.0,4.0,16.0,0.0219378816292584,0.0054844704073146,0.0043983587877558,1927.58031444898,0.0124473965905816,1.0,1.0,1.0,8.47818981516187,0.0124473965905816
polarized,948.1799253639082,10.0,4.0,16.0,0.0233534498321144,0.0058383624580286,0.0046828167159369,1918.310041611966,0.0140428967346325,1.0,1.0,1.0,8.983094329210292,0.0140428967346325
polarized,890.3890941296735,10.0,4.0,16.0,0.0248597884645705,0.0062149471161426,0.0049855881111744,1907.913473118381,0.0158327498273093,1.0,1.0,1.0,9.512070728728547,0.0158327498273093
polarized,836.1205692482771,10.0,4.0,16.0,0.0264626420286979,0.0066156605071744,0.0053078389620763,1896.269807263233,0.0178379275934793,1.0,1.0,1.0,10.065094765600875,0.0178379275934793
polarized,785.159668878704,10.0,4.0,16.0,0.0281681084713543,0.0070420271178385,0.0056508073619073,1883.249505002618,0.0200809535560746,1.0,1.0,1.0,10.641880167177138,0.0200809535560746
polarized,737.3047958716827,10.0,4.0,16.0,0.0299826595843695,0.0074956648960923,0.0060158076005078,1868.71480124428,0.0225858259487083,1.0,1.0,1.0,11.24182870450678,0.0225858259487083
polarized,692.3666402678728,10.0,4.0,16.0,0.031913162400654,0.0079782906001635,0.0064042344211708,1852.5205985300809,0.0253778768894111,1.0,1.0,1.0,11.863976183034367,0.0253778768894111
polarized,650.1674304031648,10.0,4.0,16.0,0.033966901609383,0.0084917254023457,0.0068175674354105,1834.5158263388623,0.028483553760723,1.0,1.0,1.0,12.506935357393134,0.028483553760723
polarized,610.5402296585327,10.0,4.0,16.0,0.036151603009848,0.009037900752462,0.0072573756849078,1814.545352332891,0.0319301082002251,1.0,1.0,1.0,13.168837319183243,0.0319301082002251
polarized,573.3282760724394,10.0,4.0,16.0,0.0384754580192037,0.0096188645048009,0.00772532233545,1792.4525294826244,0.0357451784895176,1.0,1.0,1.0,13.847273561246096,0.0357451784895176
polarized,538.3843622033489,10.0,4.0,16.0,0.0409471492440454,0.0102367873110113,0.0082231694822525,1768.0824527968089,0.0399562528355997,1.0,1.0,0.999999999999999,14.539241667944967,0.0399562528355997
polarized,505.570252789143,10.0,4.0,16.0,0.0435758771194248,0.0108939692798562,0.0087527830394772,1741.2859788071034,0.0445900045010452,1.0,1.0,0.9999999999999916,15.241098382182416,0.0445900045010452
polarized,474.7561378997421,10.0,4.0,16.0,0.0463713876113961,0.011592846902849,0.0093161376788389,1711.9245275260937,0.0496714953825082,1.0,1.0,0.9999999999999398,15.948524594214426,0.0496714953825082
polarized,445.8201194196514,10.0,4.0,16.0,0.0493440009703568,0.0123360002425892,0.0099153217726695,1679.875638349315,0.055223252799124,1.0,1.0,0.9999999999996212,16.656507492302058,0.055223252799124
polarized,418.6477288289951,10.0,4.0,16.0,0.0525046415121239,0.0131261603780309,0.0105525422854086,1645.0391874781455,0.0612642350802143,1.0,1.0,0.9999999999978688,17.35934558701748,0.0612642350802143
polarized,393.1314743754256,10.0,4.0,16.0,0.0558648683917097,0.0139662170979274,0.0112301295438986,1607.344095966398,0.0678087148630329,1.0,1.0,0.9999999999892148,18.05068241932329,0.0678087148630329
polarized,369.1704158455517,10.0,4.0,16.0,0.0594369073209443,0.014859226830236,0.0119505418005655,1566.755268188251,0.0748651241975512,1.0,1.0,0.999999999950573,18.723574323739985,0.0748651241975512
polarized,346.66976525371945,10.0,4.0,16.0,0.0632336831652207,0.0158084207913051,0.012716369484215,1523.2804074657822,0.082434921415105,1.0,1.0,0.9999999997936364,19.370596489400533,0.082434921415105
polarized,325.5405118685032,10.0,4.0,16.0,0.067268853336521,0.0168172133341302,0.013530339010312,1476.9762694300475,0.0905115544518526,1.0,1.0,0.999999999210607,19.98398963557458,0.0905115544518526
polarized,305.6990700935378,10.0,4.0,16.0,0.0715568418792779,0.0178892104698194,0.0143953159916089,1427.953848191082,0.0990796065363369,1.0,1.0,0.9999999972186788,20.555846866144673,0.0990796065363369
polarized,287.0669488097448,10.0,4.0,16.0,0.0761128741223118,0.0190282185305779,0.0153143076552276,1376.3819610586686,0.1081142152757135,1.0,1.0,0.99999999092868,21.078336802757963,0.1081142152757135
polarized,269.57044087089156,10.0,4.0,16.0,0.0809530117438122,0.020238252935953,0.0162904642236798,1322.4887191884918,0.1175808525570524,1.0,1.0,0.9999999724841676,21.543955166160274,0.1175808525570524
polarized,253.1403315241567,10.0,4.0,16.0,0.0860941880668662,0.0215235470167165,0.0173270789385552,1266.5604549704508,0.1274355382130019,1.0,1.0,0.9999999220359636,21.94579298372546,0.1274355382130019
polarized,237.7116246022335,10.0,4.0,16.0,0.0915542433701231,0.0228885608425307,0.018427586309006,1208.937825583458,0.137625534652579,1.0,1.0,0.9999997927975036,22.27780612316123,0.137625534652579
polarized,223.22328540381503,10.0,4.0,16.0,0.0973519599615877,0.0243379899903969,0.0195955580047767,1150.0090188879994,0.1480905331372006,1.0,1.0,0.9999994814819084,22.53506843563622,0.1480905331372006
polarized,209.61799924531277,10.0,4.0,16.0,0.1035070967230327,0.0258767741807581,0.0208346955879507,1090.2002340923386,0.1587642983100739,1.0,1.0,0.999998773757006,22.71399000722647,0.1587642983100739
polarized,196.84194472866113,10.0,4.0,16.0,0.1100404227878973,0.0275101056969743,0.022148818962595,1029.963866513037,0.1695766906578292,1.0,1.0,0.9999972501414616,22.81248321741169,0.1695766906578292
polarized,184.8445808282741,10.0,4.0,16.0,0.116973749966631,0.0292434374916577,0.0235418490148323,969.7650582081886,0.1804559430376029,1.0,0.999999999999996,0.9999941338892364,22.830062580197264,0.1804559430376029
polarized,173.5784469548853,10.0,4.0,16.0,0.124329963480112,0.031082490870028,0.0250177824357759,910.067449444186,0.1913310339170688,1.0,0.999999999999985,0.9999880603006815,22.76786945207618,0.1913310339170688
polarized,162.99897520534324,10.0,4.0,16.0,0.1321330505039452,0.0330332626259863,0.0265806562197239,851.3190523655526,0.2021339825539683,1.0,0.9999999999999152,0.9999767483682674,22.62861906422997,0.2021339825539683
polarized,153.06431405563595,10.0,4.0,16.0,0.1404081259641376,0.0351020314910344,0.0282344989004062,793.9391537774279,0.2128018940687178,1.0,0.9999999999995832,0.9999565625262554,22.416474164318235,0.2128018940687178
polarized,143.73516279968806,10.0,4.0,16.0,0.1491814549579574,0.0372953637394893,0.0299832653736046,738.307041139473,0.2232786067627226,1.0,0.999999999997903,0.9999219657930956,22.136855941685635,0.2232786067627226
polarized,134.97461607898632,10.0,4.0,16.0,0.1584804711029189,0.0396201177757297,0.0318307522820092,684.7531532382084,0.2335158377160908,1.0,0.9999999999895632,0.9998648858991096,21.796207995050143,0.2335158377160908
polarized,126.74801788800204,10.0,4.0,16.0,0.1683337900421857,0.0420834475105464,0.03378049162396,633.5530148709743,0.243473781497269,1.0,0.9999999999491188,0.9997740415734232,21.401732312183604,0.243473781497269
polarized,119.02282447787157,10.0,4.0,16.0,0.1787712172567723,0.044692804314193,0.0358356215223784,584.9240587673602,0.253121181874419,1.0,0.9999999997596536,0.999634303645869,20.961117189320557,0.253121181874419
polarized,111.76847561598989,10.0,4.0,16.0,0.1898237492545176,0.0474559373136294,0.0379987350417165,539.0252015586965,0.2624349596568556,1.0,0.9999999989115286,0.9994261898818372,20.482275814836747,0.2624349596568556
polarized,104.95627369223337,10.0,4.0,16.0,0.2015235671238838,0.0503808917809709,0.0402717104429832,495.95884992369946,0.2713995317152896,1.0,0.9999999953174332,0.9991256072476162,19.973111195762193,0.2713995317152896
polarized,98.55927019356292,10.0,4.0,16.0,0.2139040213584937,0.0534760053396234,0.0426555289609484,455.7748832288431,0.2800059875996484,1.0,0.999999981014461,0.998703954338274,19.44131873124081,0.2800059875996484
polarized,92.55215909791352,10.0,4.0,16.0,0.2269996067775295,0.0567499016943823,0.0451500887592429,418.4760937986565,0.2882512971083867,1.0,0.9999999279105036,0.998128675328578,18.894232778630613,0.2882512971083867
polarized,86.9111767656428,10.0,4.0,16.0,0.240845926289656,0.060211481572414,0.0477540254372895,384.02455957315783,0.2961376999800249,1.0,0.9999997448812016,0.9973643138728192,18.338718586400496,0.2961376999800249
polarized,81.6140079325183,10.0,4.0,16.0,0.2554796421763287,0.0638699105440821,0.0504645500587814,352.34846410965156,0.3036723834403849,1.0,0.9999991613023012,0.996374054651322,17.78110670519628,0.3036723834403849
polarized,76.63969743235928,10.0,4.0,16.0,0.2709384135069843,0.067734603376746,0.0532773145674922,323.3489505252326,0.3108674885796744,1.0,0.999997443446831,0.9951216709512746,17.227163752201307,0.3108674885796744
polarized,71.96856730011521,10.0,4.0,16.0,0.2872608182469212,0.0718152045617303,0.0561863119793724,296.90668402547453,0.3177404178141971,1.0,0.9999927781088044,0.9935737318521218,16.68209157741628,0.3177404178141971
polarized,67.58213892744703,10.0,4.0,16.0,0.3044862585823671,0.0761215646455917,0.0591838150980197,272.88788930529216,0.3243143533110494,1.0,0.9999810830412664,0.9917018762214128,16.150546383133292,0.3243143533110494
polarized,63.46305996286578,10.0,4.0,16.0,0.3226548479704715,0.0806637119926178,0.0622603536293691,251.14971481461424,0.3306188543222761,1.0,0.9999539813347436,0.9894849433563836,15.636670058273102,0.3306188543222761
polarized,59.59503566725067,10.0,4.0,16.0,0.3418072784294242,0.085451819607356,0.0654047262449745,231.54484963698272,0.3366903858537526,1.0,0.9998957877778026,0.9869107656010332,15.144127503940656,0.3366903858537526
polarized,55.962764453195526,10.0,4.0,16.0,0.3619846666206391,0.0904961666551597,0.0686040421183369,213.92537764062823,0.3425726430886342,1.0,0.999779662121329,0.9839774724839958,14.6761456178388,0.3425726430886342
polarized,52.55187735318167,10.0,4.0,16.0,0.3832283773464283,0.095807094336607,0.0718437860288082,198.14589716194752,0.3483165690957426,1.0,0.9995635631418084,0.9806942183246996,14.235551438189203,0.3483165690957426
polarized,49.34888117711905,10.0,4.0,16.0,0.4055798231985154,0.1013949557996288,0.0751079024059076,184.06596394801625,0.3539800096526995,1.0,0.9991871359720764,0.977081312184599,13.824808456456914,0.3539800096526995
polarized,46.34110513439105,10.0,4.0,16.0,0.4290802392509611,0.1072700598127402,0.0783788958840089,171.55193252810423,0.359626994159879,1.0,0.998570939270324,0.9731697884532312,13.4460510583208,0.359626994159879
polarized,43.51665070924416,10.0,4.0,16.0,0.4537704319013952,0.1134426079753488,0.0816379488693895,160.47827908465507,0.3653266715514512,1.0,0.9976192521629932,0.9690004995987316,13.1011175425607,0.3653266715514512
polarized,40.86434459123405,10.0,4.0,16.0,0.4796905012323493,0.1199226253080873,0.0848650592674094,150.72848970953484,0.3711519560564335,1.0,0.9962270394066326,0.9646228369066032,12.791582212486794,0.3711519560564335
polarized,38.373694474524115,10.0,4.0,16.0,0.5068795365949753,0.1267198841487438,0.088039203559251,142.19559385817547,0.3771779508387027,1.0,0.9942906620285727,0.9600931916020836,12.518786832908496,0.3771779508387027
polarized,36.03484755118287,10.0,4.0,16.0,0.5353752855144679,0.1338438213786169,0.0911385314178797,134.78241567253374,0.3834802191230705,1.0,0.9917209211316402,0.9554732619207909,12.28387142534894,0.3834802191230705
polarized,33.83855153428233,10.0,4.0,16.0,0.5652137964829402,0.141303449120735,0.0941405978534154,128.4016070477562,0.3901329662081843,1.0,0.9884563473927372,0.9508282967032204,12.087804052815091,0.3901329662081843
polarized,31.776118056608645,10.0,4.0,16.0,0.596429036742263,0.1491072591855657,0.0970226374544307,122.97551690019309,0.3972071857113601,1.0,0.9844745022478252,0.9462253477937193,11.931408991978657,0.3972071857113601
polarized,29.83938830019264,10.0,4.0,16.0,0.6290524867653968,0.1572631216913492,0.0997618827422049,118.4359417608752,0.4047688128453727,1.0,0.97979944886606,0.941731585578717,11.81539253441104,0.4047688128453727
polarized,28.020700720694048,10.0,4.0,16.0,0.663112713816142,0.1657781784540355,0.1023359251764398,114.7237940088379,0.4128769187882054,1.0,0.9745043226954851,0.9374127166367472,11.740365599645733,0.4128769187882054
polarized,26.312860738959433,10.0,4.0,16.0,0.6986349276970933,0.1746587319242733,0.1047231132273323,111.7887160101835,0.4215819743954456,1.0,0.9687088383839788,0.933331530656642,11.706862364272546,0.4215819743954456
polarized,24.709112279856043,10.0,4.0,16.0,0.7356405225733783,0.1839101306433445,0.106902977525331,109.58866123161116,0.4309242086951606,1.0,0.9625723770957038,0.9295465955223062,11.71535418867404,0.4309242086951606
polarized,23.203111045791875,10.0,4.0,16.0,0.7741466095710378,0.1935366523927594,0.1088566688511031,108.08945703954666,0.4409320870668661,1.0,0.956283846541242,0.9261111141771504,11.766258231249466,0.4409320870668661
polarized,21.78889941919376,10.0,4.0,16.0,0.8141655456751237,0.2035413864187809,0.1105673911126752,107.26435830014448,0.4516209345037223,1.0,0.9500497371849916,0.9230719536909971,11.859940256622204,0.4516209345037223
polarized,20.46088289466012,10.0,4.0,16.0,0.8557044652708743,0.2139261163177185,0.112020808951425,107.09359594436911,0.4629917294561094,1.0,0.9440817426391904,0.9204688549196912,11.996711251205284,0.4629917294561094
polarized,19.213807947555622,10.0,4.0,16.0,0.8987648214548392,0.2246912053637098,0.1132054086376486,107.56392022003448,0.4750300921273566,1.0,0.938585056298154,0.9183338294343892,12.176817543176435,0.4750300921273566
polarized,18.042741251497876,10.0,4.0,16.0,0.9433419449609468,0.2358354862402367,0.1141127917414907,108.66813427891068,0.4877054867914813,1.0,0.9337481040849755,0.9166907483627956,12.40042417590568,0.4877054867914813
polarized,16.943050162522237,10.0,4.0,16.0,0.9894246291656652,0.2473561572914163,0.1147378837834901,110.40460990968134,0.5009706503833634,1.0,0.9297341178525446,0.9155551250345616,12.66759130097858,0.5009706503833634
polarized,15.910384392721523,10.0,4.0,16.0,1.0369947501210584,0.2592486875302646,0.1150790445353693,112.776773513897,0.5147612496615611,1.0,0.9266746611162368,0.9149340897210994,12.978243341761011,0.5147612496615611
polarized,14.940658800863334,10.0,4.0,16.0,1.0860269308784225,0.2715067327196056,0.1151380724759259,115.79254675142349,0.5289957577944993,1.0,0.924665022577955,0.914826550404478,13.332130640037438,0.5289957577944993
polarized,14.030037231905734,10.0,4.0,16.0,1.1364882594731456,0.2841220648682864,0.1149201025353513,119.46372262143618,0.5435755300286698,1.0,0.9237613002577668,0.9152235286852806,13.728783252910214,0.5435755300286698
polarized,13.17491734148208,10.0,4.0,16.0,1.1883380698110535,0.2970845174527634,0.1144334029958988,123.80525413110902,0.5583850493095837,1.0,0.9239789971893484,0.9161086550483496,14.16745653899487,0.5583850493095837
polarized,12.371916345321608,10.0,4.0,16.0,1.241527794300567,0.3103819485751417,0.1136890835576344,128.83442927025612,0.5732923085713116,1.0,0.9252930133088274,0.917458803193714,14.647068194406287,0.5732923085713116
polarized,11.617857637231843,10.0,4.0,16.0,1.296000896393231,0.3240002240983077,0.1127007315176535,134.56990302289512,0.588149298866804,1.0,0.9276390149284643,0.9192448394230732,15.166126510939977,0.588149298866804
polarized,10.909758222704642,10.0,4.0,16.0,1.351692890216807,0.3379232225542017,0.1114839963298385,141.03055504908536,0.6027925831156955,1.0,0.9309162567962996,0.9214324604584068,15.72264988148732,0.6027925831156955
polarized,10.24481691843409,10.0,4.0,16.0,1.4085314532104536,0.3521328633026134,0.1100561442770682,148.23414112996082,0.6170439543524495,1.0,0.9349919851440326,0.9239830918116496,16.314078022986262,0.6170439543524495
polarized,9.62040327106476,10.0,4.0,16.0,1.4664366361135526,0.3666091590283881,0.1084356047280106,156.19570842265898,0.6307112057507712,1.0,0.9397075299267476,0.9268548188025952,16.937176098731044,0.6307112057507712
polarized,9.034047151333576,10.0,4.0,16.0,1.5253211728453206,0.3813302932113301,0.1066415275444621,164.92575025491757,0.6435890745280718,1.0,0.9448860782747622,0.9300033237368492,17.587933938600877,0.6435890745280718
polarized,8.48342898244072,10.0,4.0,16.0,1.5850908907819794,0.3962727226954948,0.1046933682303008,174.42808712365874,0.6554604628858652,1.0,0.9503419074260204,0.9333828050529562,18.261463954944197,0.6554604628858652
polarized,7.96637056399373,10.0,4.0,16.0,1.6456452197461022,0.4114113049365255,0.1026105136468944,184.69747847312505,0.6660980810818652,1.0,0.9558905724938944,0.9369468574662112,18.95190313541359,0.6660980810818652
polarized,7.480826455225086,10.0,4.0,16.0,1.706877795734584,0.426719448933646,0.1004119571149294,195.7169964429757,0.6752666966457305,1.0,0.9613592537977168,0.9406492957841234,19.65232665349488,0.6752666966457305
polarized,7.024875883396023,10.0,4.0,16.0,1.768677153103,0.4421692882757499,0.0981160278330777,207.45522945596872,0.682726202546773,1.0,0.9665962556377374,0.94444490891481,20.354683067419355,0.682726202546773
polarized,6.596715145376838,10.0,4.0,16.0,1.830927496676608,0.457731874169152,0.0957401759854171,219.8634306785139,0.688235726031784,1.0,0.9714785994817018,0.9482901345053802,21.04976354591848,0.688235726031784
polarized,6.194650472344998,10.0,4.0,16.0,1.8935095431561857,0.4733773857890464,0.0933008121352623,232.87278272895017,0.6915589822030503,1.0,0.9759168236201208,0.9521436479852908,21.72721975280954,0.6915589822030503
polarized,5.817091329374358,10.0,4.0,16.0,1.9563014193126704,0.4890753548281675,0.0908131971202118,246.3920115678539,0.6924710148366563,1.0,0.9798564814545409,0.9559668632027216,22.37564631535703,0.6924710148366563
polarized,5.462544123409224,10.0,4.0,16.0,2.019179602894386,0.5047949007235963,0.0882913772535967,260.3056417940097,0.6907663596576098,1.0,0.98327634437431,0.9597243442729848,22.98274362087453,0.6907663596576098
polarized,5.129606294732514,10.0,4.0,16.0,2.082019890970006,0.5205049727425015,0.0857481586595946,274.47323110209084,0.6862685006954727,1.0,0.9861838347798592,0.9633841304726916,23.53557416835368,0.6862685006954727
polarized,4.816960768554367,10.0,4.0,16.0,2.1446983796505745,0.5361745949126436,0.0831951141976362,288.729938379947,0.6788402756126188,1.0,0.9886086057067642,0.966917977558954,24.02092019579616,0.6788402756126188
polarized,4.523370744772102,10.0,4.0,16.0,2.207092438808481,0.5517731097021202,0.0806426164734248,302.88875108930904,0.6683946365674166,1.0,0.9905953534793946,0.9703015199410618,24.425741388209797,0.6683946365674166
polarized,4.247674805290287,10.0,4.0,16.0,2.269081665554522,0.5672704163886305,0.078099890735593,316.74460841363,0.6549049211526512,1.0,0.9921968799098828,0.9735143587891442,24.737719308192723,0.6549049211526512
polarized,3.988782319545844,10.0,4.0,16.0,2.3305488008397424,0.5826372002099356,0.0755750820245464,330.080499644447,0.63841358318419,1.0,0.9934681643734684,0.976540081351216,24.94586083533234,0.63841358318419
polarized,3.745669130062843,10.0,4.0,16.0,2.3913805945904496,0.5978451486476124,0.0730753315560091,342.6753979370073,0.6190382312852257,1.0,0.9944618608667688,0.9793662167403684,25.041118320334167,0.6190382312852257
polarized,3.517373500969382,10.0,4.0,16.0,2.451468606217956,0.612867151554489,0.0706068580313287,354.3136307902771,0.5969738809885847,1.0,0.9952253013037684,0.9819841331896776,25.016972227773728,0.5969738809885847
polarized,3.302992313449222,10.0,4.0,16.0,2.5107099291087938,0.6276774822771984,0.0681750402654151,364.795030935631,0.5724905772186801,1.0,0.9957988348242324,0.98438888144515,24.86991592265999,0.5724905772186801
polarized,3.101677493077699,10.0,4.0,16.0,2.5690078297239425,0.6422519574309856,0.0657844981892863,373.94500714023985,0.5459259856931068,1.0,0.996215191950112,0.986578988673738,24.599784645109786,0.5459259856931068
polarized,2.912632654908738,10.0,4.0,16.0,2.6262722941363896,0.6565680735340974,0.0634391699456439,381.6235759780914,0.5176731338652291,1.0,0.9964995228556616,0.988556207075112,24.2098828917385,0.5176731338652291
polarized,2.735109953041209,10.0,4.0,16.0,2.682420477131129,0.6706051192827822,0.0611423833660562,387.7324394975408,0.4881641076546918,1.0,0.996669790387374,0.9903252214888656,23.706885459214845,0.4881641076546918
polarized,2.5684071222017817,10.0,4.0,16.0,2.73737705129727,0.6843442628243175,0.0588969206972881,392.2193872212007,0.4578510605345131,1.0,0.9967372659879368,0.9918933206602308,23.100514145106025,0.4578510605345131
polarized,2.411864699640997,10.0,4.0,16.0,2.791074455779968,0.697768613944992,0.0567050759510319,395.0796160224545,0.4271862510821271,1.0,0.9967069525818744,0.9932700375903404,22.403019633257824,0.4271862510821271
polarized,2.2648634163526316,10.0,4.0,16.0,2.843453046460448,0.710863261615112,0.054568704731382,396.3539399206573,0.3966029199623383,1.0,0.996577826402802,0.9944667654842811,21.62852111665027,0.3966029199623383
polarized,2.1268217472962094,10.0,4.0,16.0,2.8944611512366407,0.7236152878091602,0.0524892668313885,396.12423069924546,0.3664986338981301,1.0,0.9963428438208736,0.9954963571459944,20.7922704435512,0.3664986338981301
polarized,1.99719361093156,10.0,4.0,16.0,2.94405503573889,0.7360137589347225,0.0504678622399193,394.50672179789075,0.3372223122180434,1.0,0.995988700732415,0.9963727171043956,19.90991088841812,0.3372223122180434
polarized,1.8754662089649552,10.0,4.0,16.0,2.9921987862026147,0.7480496965506537,0.0485052615498707,391.6439773139953,0.3090656086409744,1.0,0.9954953657251344,0.9971103970110308,18.99679355404698,0.3090656086409744
polarized,1.7611579977610468,10.0,4.0,16.0,3.0388641173144633,0.7597160293286158,0.0466019318887728,387.69636201706027,0.2822587564224706,1.0,0.994835439303774,0.9977242057701932,18.067399456244043,0.2822587564224706
polarized,1.6538167833956727,10.0,4.0,16.0,3.084030113645213,0.7710075284113033,0.0447580596602468,382.8337638979385,0.256970500923626,1.0,0.9939734238483948,0.9982288460631356,17.13489644450079,0.256970500923626
polarized,1.553017932813719,10.0,4.0,16.0,3.127682913788155,0.7819207284470389,0.0429735713197679,377.2281550117008,0.2333113997726503,1.0,0.9928650240707192,0.9986385883551848,16.21084102321979,0.2333113997726503
polarized,1.4583626940155214,10.0,4.0,16.0,3.1698153465527414,0.7924538366381854,0.041248153296264,371.04737340440334,0.2113395917079335,1.0,0.9914566338765304,0.998966991963501,15.305018938360943,0.2113395917079335
polarized,1.3694766186266034,10.0,4.0,16.0,3.210426528544643,0.8026066321361608,0.0395812719434394,364.45030846434474,0.1910681061691058,1.0,0.989685197997456,0.9992266804173991,14.425406769197624,0.1910681061691058
polarized,1.2860080806105665,10.0,4.0,16.0,3.2495214322257473,0.8123803580564368,0.0379721941190596,357.58350227149475,0.1724728710003762,1.0,0.9874786582192938,0.9994291753473422,13.57823016202642,0.1724728710003762
polarized,1.2076268852652798,10.0,4.0,16.0,3.287110433125228,0.821777608281307,0.0364200086775884,350.57905494006434,0.1555007306740389,1.0,0.9847571957495216,0.9995847898004544,12.76809222309791,0.1555007306740389
polarized,1.1340229629996768,10.0,4.0,16.0,3.323208844301877,0.8308022110754691,0.034923648871344,343.55364514064036,0.1400769707949501,1.0,0.9814354547189944,0.9997025785566062,11.998146871362051,0.1400769707949501
polarized,1.0649051427238374,10.0,4.0,16.0,3.3578364454741956,0.8394591113685489,0.0334819153737481,336.60844231434373,0.1261120239133054,1.0,0.9774258708366418,0.999790340061928,11.270295379658046,0.1261120239133054
polarized,1.0,10.0,4.0,16.0,3.391017013472921,0.8477542533682303,0.0320934995101,329.82968470891007,0.1135071875777658,1.0,0.972643132195382,0.9998546622750706,10.585388824621871,0.1135071875777658
polarized,1778.2794100389228,10.0,10.0,10.0,0.031215265059355,0.0031215265059355,0.0039070824760895,1969.5186396872,0.0101465021659269,1.0,0.9999975325725424,1.0,7.695071763453532,0.0101465021659269
polarized,1669.8946588711192,10.0,10.0,10.0,0.0332345628669537,0.0033234562866953,0.0041601183620668,1965.513020207961,0.011489007274321,1.0,0.9999974556425756,1.0,8.176766806248661,0.011489007274321
polarized,1568.115874245688,10.0,10.0,10.0,0.0353840242463943,0.0035384024246394,0.0044294938435581,1960.992280594856,0.0130060412774795,1.0,0.9999973661696236,1.0,8.686203234159878,0.0130060412774795
polarized,1472.5404276241222,10.0,10.0,10.0,0.0376719776244911,0.0037671977624491,0.0047162562622881,1955.8932725628972,0.0147193921192744,1.0,0.9999972617385048,1.0,9.22449389509194,0.0147193921192744
polarized,1382.790230365145,10.0,10.0,10.0,0.0401072760584367,0.0040107276058436,0.0050215187684019,1950.1459549298304,0.0166533108388778,1.0,0.9999971393663836,0.9999999999999996,9.792694513803363,0.0166533108388778
polarized,1298.51023803699,10.0,10.0,10.0,0.0426993291805034,0.0042699329180503,0.0053464642186439,1943.6728754328683,0.0188347173119906,1.0,0.9999969953406106,0.999999999999996,10.391777481250667,0.0188347173119906
polarized,1219.3670458907095,10.0,10.0,10.0,0.0454581369395813,0.0045458136939581,0.0056923492608232,1936.3886818761025,0.0212934018762107,1.0,0.999996825002159,0.99999999999997,11.022600681943976,0.0212934018762107
polarized,1145.0475699382812,10.0,10.0,10.0,0.048394325220298,0.0048394325220298,0.0060605086043587,1928.199687969312,0.0240622150772368,1.0,0.999996622453732,0.999999999999801,11.68587079985991,0.0240622150772368
polarized,1075.257808417991,10.0,10.0,10.0,0.0515191834211397,0.0051519183421139,0.0064523594743772,1919.0035261322344,0.0271772354528563,1.0,0.9999963801625056,0.9999999999988252,12.382100583202584,0.0271772354528563
polarized,1009.72167874753,10.0,10.0,10.0,0.0548447040731461,0.0054844704073146,0.0068694062439183,1908.6889274500963,0.0306779025729581,1.0,0.9999960884143296,0.9999999999937732,13.111559635923518,0.0306779025729581
polarized,948.1799253639082,10.0,10.0,10.0,0.0583836245802861,0.0058383624580286,0.0073132452351859,1897.1356777414449,0.0346070995039034,1.0,0.9999957345570272,0.9999999999701912,13.874218455743913,0.0346070995039034
polarized,890.3890941296735,10.0,10.0,10.0,0.0621494711614262,0.0062149471161426,0.0077855696761636,1884.214808044663,0.0390111655400388,1.0,0.9999953019399384,0.9999999998703114,14.669685672890957,0.0390111655400388
polarized,836.1205692482771,10.0,10.0,10.0,0.0661566050717448,0.0066156605071744,0.0082881747929507,1869.7890872338269,0.043939816588445,1.0,0.9999947684132576,0.9999999994842164,15.497138780945823,0.043939816588445
polarized,785.159668878704,10.0,10.0,10.0,0.0704202711783858,0.0070420271178385,0.0088229630122173,1853.7138931430927,0.049445947261016,1.0,0.9999941041822844,0.9999999981145512,16.355249114435008,0.049445947261016
polarized,737.3047958716827,10.0,10.0,10.0,0.0749566489609237,0.0074956648960923,0.0093919492300937,1835.8385453682704,0.0555852857452585,1.0,0.9999932687074145,0.9999999936324768,17.242102412747958,0.0555852857452585
polarized,692.3666402678728,10.0,10.0,10.0,0.079782906001635,0.0079782906001635,0.0099972661012245,1816.008186281693,0.062415870668382,1.0,0.999992206178854,0.9999999800370052,18.15511708026025,0.062415870668382
polarized,650.1674304031648,10.0,10.0,10.0,0.0849172540234575,0.0084917254023457,0.0106411692563702,1794.0662947822734,0.0699973184296736,1.0,0.9999908388433684,0.9999999416362244,19.09096309992727,0.0699973184296736
polarized,610.5402296585327,10.0,10.0,10.0,0.0903790075246201,0.009037900752462,0.0113260423233002,1769.8579075755426,0.0783898511314483,1.0,0.9999890570652904,0.9999998402037552,20.045485567428212,0.0783898511314483
polarized,573.3282760724394,10.0,10.0,10.0,0.0961886450480092,0.0096188645048009,0.0120544015432616,1743.2336027782426,0.0876530593886832,1.0,0.9999867043827272,0.9999995886369532,21.013637831595528,0.0876530593886832
polarized,538.3843622033489,10.0,10.0,10.0,0.1023678731101137,0.0102367873110113,0.0128288996527469,1714.054267856028,0.0978443816793829,1.0,0.9999835548396508,0.9999990005911846,21.989430201687696,0.0978443816793829
polarized,505.570252789143,10.0,10.0,10.0,0.108939692798562,0.0108939692798562,0.0136523285149702,1682.196626308427,0.1090172927116313,1.0,0.9999792783267034,0.9999977004456124,22.965900969137376,0.1090172927116313
polarized,474.7561378997421,10.0,10.0,10.0,0.1159284690284902,0.011592846902849,0.0145276197252102,1647.5594341949504,0.1212192074774282,1.0,0.9999733872257898,0.9999949724606656,23.93511693466676,0.1212192074774282
polarized,445.8201194196514,10.0,10.0,10.0,0.1233600024258922,0.0123360002425892,0.0154578420787949,1610.0701794950153,0.1344891248692917,1.0,0.9999651538351484,0.9999895234709556,24.888210570411054,0.1344891248692917
polarized,418.6477288289951,10.0,10.0,10.0,0.1312616037803098,0.0131261603780309,0.0164461943992354,1569.6920280174102,0.1488550543389282,1.0,0.9999534821246076,0.99997913189627,25.81546023970445,0.1488550543389282
polarized,393.1314743754256,10.0,10.0,10.0,0.1396621709792743,0.0139662170979274,0.0174959918255975,1526.4306660532034,0.1643312904438061,1.0,0.9999367083115442,0.9999601595577112,26.7064184556082,0.1643312904438061
polarized,369.1704158455517,10.0,10.0,10.0,0.1485922683023607,0.014859226830236,0.0186106433310864,1480.340602730742,0.1809156227810389,1.0,0.9999122911892928,0.9999269138743644,27.550090965947355,0.1809156227810389
polarized,346.66976525371945,10.0,10.0,10.0,0.1580842079130518,0.0158084207913051,0.0197936180996753,1431.5304278059095,0.1985865926948021,1.0,0.9998763334600588,0.9998708677364436,28.33516658605499,0.1985865926948021
polarized,325.5405118685032,10.0,10.0,10.0,0.1681721333413025,0.0168172133341302,0.0210483985476055,1380.1664889692142,0.2173009334581015,1.0,0.9998228479538628,0.9997797723917318,29.050294321873434,0.2173009334581015
polarized,305.6990700935378,10.0,10.0,10.0,0.1788921046981948,0.0178892104698194,0.0223784183605698,1326.4744716837422,0.2369913575006405,1.0,0.999742646828768,0.9996367326214296,29.68440067195461,0.2369913575006405
polarized,287.0669488097448,10.0,10.0,10.0,0.1902821853057795,0.0190282185305779,0.0237869849993258,1270.738445284393,0.2575648817472719,1.0,0.999621689258466,0.999419348526611,30.22703633604645,0.2575648817472719
polarized,269.57044087089156,10.0,10.0,10.0,0.2023825293595305,0.020238252935953,0.0252771877071037,1213.297085393114,0.2789019072884944,1.0,0.999438680091571,0.9990990574187248,30.668738171963657,0.2789019072884944
polarized,253.1403315241567,10.0,10.0,10.0,0.2152354701671655,0.0215235470167165,0.0268517939747108,1154.536988108394,0.3008562853260759,1.0,0.9991616827756938,0.9986408242713588,31.001389340869753,0.3008562853260759
polarized,237.7116246022335,10.0,10.0,10.0,0.2288856084253078,0.0228885608425307,0.0285131394514402,1094.8832376992077,0.3232565982230213,1.0,0.998743519496566,0.998003321862972,31.218558439561917,0.3232565982230213
polarized,223.22328540381503,10.0,10.0,10.0,0.2433798999039694,0.0243379899903969,0.0302630179760514,1034.787647978681,0.3459088487129527,1.0,0.9981158161032332,0.9971397067016912,31.315797192174795,0.3459088487129527
polarized,209.61799924531277,10.0,10.0,10.0,0.2587677418075819,0.0258767741807581,0.0321025792755232,974.715333008668,0.3686006702033413,1.0,0.9971817505630632,0.9959990340118492,31.29087624897878,0.3686006702033413
polarized,196.84194472866113,10.0,10.0,10.0,0.2751010569697433,0.0275101056969743,0.0340322416592619,915.130440033672,0.391107044607963,1.0,0.9958079135891404,0.9945282716606604,31.143940284972647,0.391107044607963
polarized,184.8445808282741,10.0,10.0,10.0,0.2924343749165775,0.0292434374916577,0.0360516253798475,856.4819684027182,0.4131973454216238,1.0,0.9938161869858052,0.9926747834870892,30.877567069449206,0.4131973454216238
polarized,173.5784469548853,10.0,10.0,10.0,0.3108249087002802,0.031082490870028,0.0381595095861165,799.1905878527864,0.4346433403759907,1.0,0.990977125735303,0.9903890758983972,30.49672089830249,0.4346433403759907
polarized,162.99897520534324,10.0,10.0,10.0,0.3303326262598631,0.0330332626259863,0.0403538124261736,743.6372597276084,0.4552276248063113,1.0,0.9870068519342808,0.9876275557250284,30.0085984921617,0.4552276248063113
polarized,153.06431405563595,10.0,10.0,10.0,0.3510203149103441,0.0351020314910344,0.0426315904768228,690.1542735692432,0.4747518497902194,1.0,0.9815697243764112,0.9843550433703724,29.422374356633114,0.4747518497902194
polarized,143.73516279968806,10.0,10.0,10.0,0.3729536373948937,0.0372953637394893,0.0449890511999475,639.0190692408377,0.4930440917403309,1.0,0.974288816431374,0.9805468234123196,28.74886162381889,0.4930440917403309
polarized,134.97461607898632,10.0,10.0,10.0,0.3962011777572974,0.0396201177757297,0.0474215708419013,590.4509570458739,0.5099647866847932,1.0,0.9647653717698306,0.9761900848159905,28.000111888219344,0.5099647866847932
polarized,126.74801788800204,10.0,10.0,10.0,0.4208344751054644,0.0420834475105464,0.049923710349907,544.6106093083849,0.5254108111886513,1.0,0.9526069339276232,0.9712846875165608,27.188982312598213,0.5254108111886513
polarized,119.02282447787157,10.0,10.0,10.0,0.4469280431419309,0.044692804314193,0.0524892232342168,501.6020031604448,0.5393174991175441,1.0,0.9374620002018552,0.9658432731838752,26.32869951861892,0.5393174991175441
polarized,111.76847561598989,10.0,10.0,10.0,0.4745593731362941,0.0474559373136294,0.0551110514531146,461.47636151155416,0.5516585993528639,1.0,0.9190572612640086,0.959890801499208,25.432447503659414,0.5516585993528639
polarized,104.95627369223337,10.0,10.0,10.0,0.5038089178097096,0.0503808917809709,0.057781307873465,424.23757149940855,0.5624443679435207,1.0,0.8972322615471617,0.9534636322201896,24.513001730298456,0.5624443679435207
polarized,98.55927019356292,10.0,10.0,10.0,0.5347600533962344,0.0534760053396234,0.0604912462750346,389.8485515438226,0.5717181247704595,1.0,0.8719660717567426,0.9466082875049427,23.5824247414029,0.5717181247704595
polarized,92.55215909791352,10.0,10.0,10.0,0.5674990169438239,0.0567499016943823,0.0632312219771609,358.23807726678245,0.5795516799924478,1.0,0.8433914805204143,0.9393800230782128,22.651831384327252,0.5795516799924478
polarized,86.9111767656428,10.0,10.0,10.0,0.6021148157241402,0.060211481572414,0.0659906478684441,329.3076477769896,0.5860400524953534,1.0,0.8117941378162618,0.9318413177170256,21.73122502483694,0.5860400524953534
polarized,81.6140079325183,10.0,10.0,10.0,0.6386991054408219,0.0638699105440821,0.0687579519120784,302.9380619517745,0.5912958728199438,1.0,0.7775965735079722,0.9240603650444928,20.82940069601835,0.5912958728199438
polarized,76.63969743235928,10.0,10.0,10.0,0.6773460337674608,0.067734603376746,0.0715205431268966,278.99546636990397,0.5954438017271397,1.0,0.7413294681311351,0.9161096252040032,19.95390728471736,0.5954438017271397
polarized,71.96856730011521,10.0,10.0,10.0,0.7181520456173031,0.0718152045617303,0.0742647936535677,257.33672274824437,0.5986152176265982,1.0,0.7035944039611003,0.9080644702511226,19.11105861438373,0.5986152176265982
polarized,67.58213892744703,10.0,10.0,10.0,0.7612156464559178,0.0761215646455917,0.0769760448231602,237.81401694998215,0.6009433440713415,1.0,0.6650232125807589,0.9000019379388093,18.30598242831762,0.6009433440713415
polarized,63.46305996286578,10.0,10.0,10.0,0.8066371199261789,0.0806637119926178,0.0796386451245495,220.2786908685744,0.6025589116428289,1.0,0.6262388911282156,0.8919995945773431,17.54269649058275,0.6025589116428289
polarized,59.59503566725067,10.0,10.0,10.0,0.8545181960735605,0.085451819607356,0.0822360275527563,204.5843222268869,0.6035863828895608,1.0,0.5878220800450512,0.884134498581048,16.824201959512262,0.6035863828895608
polarized,55.962764453195526,10.0,10.0,10.0,0.9049616665515978,0.0904961666551597,0.0847508328913922,190.58910672566657,0.6041407175440655,1.0,0.5502856386295005,0.8764822515768413,16.15258553502669,0.6041407175440655
polarized,52.55187735318167,10.0,10.0,10.0,0.9580709433660708,0.095807094336607,0.0871650840239089,178.15761415548587,0.6043246207211486,1.0,0.5140583080581665,0.8691161224507524,15.52912340736208,0.6043246207211486
polarized,49.34888117711905,10.0,10.0,10.0,1.0139495579962885,0.1013949557996288,0.0894604140784348,167.16199757591144,0.6042261959774813,1.0,0.4794771232007636,0.8621062312853248,14.954381521319355,0.6042261959774813
polarized,46.34110513439105,10.0,10.0,10.0,1.072700598127403,0.1072700598127402,0.091618348405425,157.4827349941025,0.6039169222505305,1.0,0.4467873002263609,0.8555187829851141,14.428308082528906,0.6039169222505305
polarized,43.51665070924416,10.0,10.0,10.0,1.134426079753488,0.1134426079753488,0.0936206367822753,149.0089784426627,0.6034498823382826,1.0,0.4161478292970625,0.8494153448491757,13.950315448078426,0.6034498823382826
polarized,40.86434459123405,10.0,10.0,10.0,1.1992262530808735,0.1199226253080873,0.0954496281010049,141.63857792792285,0.6028581908820616,1.0,0.3876408850103601,0.8438521675207892,13.519349587975444,0.6028581908820616
polarized,38.373694474524115,10.0,10.0,10.0,1.2671988414874382,0.1267198841487438,0.0970886756619358,135.2778390065672,0.6021536031278236,1.0,0.3612833249788235,0.8388795533117189,13.13394623555618,0.6021536031278236
polarized,36.03484755118287,10.0,10.0,10.0,1.3384382137861697,0.1338438213786169,0.0985225569919313,129.84106404655037,0.6013253238257652,1.0,0.3370388624326594,0.8345412808254126,12.792273632419262,0.6013253238257652
polarized,33.83855153428233,10.0,10.0,10.0,1.4130344912073505,0.141303449120735,0.0997378887727178,125.24991957894034,0.6003390825863507,1.0,0.3148298724506537,0.8308740982437904,12.492162547756209,0.6003390825863507
polarized,31.776118056608645,10.0,10.0,10.0,1.4910725918556575,0.1491072591855657,0.1007235152351241,121.43266639725503,0.599136591666636,1.0,0.294548152802166,0.8279073000547599,12.231125023905664,0.599136591666636
polarized,29.83938830019264,10.0,10.0,10.0,1.572631216913492,0.1572631216913492,0.1014708477994507,118.32328589726828,0.5976355525829471,1.0,0.2760642685545327,0.8256624027860846,12.006364134412609,0.5976355525829471
polarized,28.020700720694048,10.0,10.0,10.0,1.657781784540355,0.1657781784540355,0.1019741350919139,115.86053609160406,0.5957304239668534,1.0,0.2592353478687159,0.824152934414222,11.814777959226806,0.5957304239668534
polarized,26.312860738959433,10.0,10.0,10.0,1.7465873192427337,0.1746587319242733,0.1022306458123911,113.98697405626405,0.5932941977046764,1.0,0.2439113645794578,0.8233843495608077,11.652961971972148,0.5932941977046764
polarized,24.709112279856043,10.0,10.0,10.0,1.8391013064334456,0.1839101306433445,0.1022407520663419,112.64798815759345,0.5901814438834292,1.0,0.2299400503662029,0.8233540785861913,11.51721502799273,0.5901814438834292
polarized,23.203111045791875,10.0,10.0,10.0,1.9353665239275943,0.1935366523927594,0.1020079072344695,111.7908925495512,0.5862328649687223,1.0,0.217170638500323,0.8240517136128408,11.40355499685317,0.5862328649687223
polarized,21.78889941919376,10.0,10.0,10.0,2.035413864187809,0.2035413864187809,0.1015385195606965,111.36414655359492,0.5812815319518745,1.0,0.2054566653793006,0.8254593288561908,11.30775057319247,0.5812815319518745
polarized,20.46088289466012,10.0,10.0,10.0,2.139261163177186,0.2139261163177185,0.1008417296113435,111.31677003331266,0.5751608471599277,1.0,0.194658056467786,0.8275519269593149,11.225375624907423,0.5751608471599277
polarized,19.213807947555622,10.0,10.0,10.0,2.246912053637098,0.2246912053637098,0.0999291058392575,111.59802913611864,0.5677140833840968,1.0,0.1846427081064235,0.8302979978522862,11.151891264995742,0.5677140833840968
polarized,18.042741251497876,10.0,10.0,10.0,2.358354862402367,0.2358354862402367,0.0988142770423368,112.15746057157688,0.5588050926985828,1.0,0.1752877510751903,0.833660172495795,11.082758381284764,0.5588050926985828
polarized,16.943050162522237,10.0,10.0,10.0,2.473561572914163,0.2473561572914163,0.0975125232395058,112.9452830366617,0.5483294869555473,1.0,0.1664806481775867,0.83759595078044,11.013579536905038,0.5483294869555473
polarized,15.910384392721523,10.0,10.0,10.0,2.592486875302646,0.2592486875302646,0.0960403470679728,113.9132093714752,0.5362253109795992,1.0,0.1581202367791946,0.8420584816568433,10.94026416366313,0.5362253109795992
polarized,14.940658800863334,10.0,10.0,10.0,2.7150673271960564,0.2715067327196056,0.0944150467670494,115.01562387386063,0.5224820310520817,1.0,0.1501177776867311,0.8469973731027278,10.859205506991918,0.5224820310520817
polarized,14.030037231905734,10.0,10.0,10.0,2.8412206486828637,0.2841220648682864,0.0926543091049106,116.2110319470053,0.5071466152196253,1.0,0.1423980142764685,0.8523595108577551,10.76745287541847,0.5071466152196253
polarized,13.17491734148208,10.0,10.0,10.0,2.970845174527634,0.2970845174527634,0.0907758369293149,117.4636345901333,0.4903256495865121,1.0,0.1349001832634388,0.8580898670369163,10.662859738678582,0.4903256495865121
polarized,12.371916345321608,10.0,10.0,10.0,3.1038194857514174,0.3103819485751417,0.0887970219604965,118.74484157945304,0.4721828334774208,1.0,0.1275788579000799,0.8641322822426823,10.544188305426374,0.4721828334774208
polarized,11.617857637231843,10.0,10.0,10.0,3.2400022409830775,0.3240002240983077,0.0867346692105744,120.03452688239696,0.4529317789994785,1.0,0.1204044569894699,0.8704302080807289,10.411154982992512,0.4529317789994785
polarized,10.909758222704642,10.0,10.0,10.0,3.3792322255420175,0.3379232225542017,0.0846047755765784,121.32185470644836,0.4328247035090011,1.0,0.1133632327582798,0.8769274001670078,10.264408289973318,0.4328247035090011
polarized,10.24481691843409,10.0,10.0,10.0,3.521328633026134,0.3521328633026134,0.0824223620254228,122.60556250982314,0.4121382041943069,1.0,0.1064565698012359,0.8835685543821552,10.105440059515256,0.4121382041943069
polarized,9.62040327106476,10.0,10.0,10.0,3.6660915902838815,0.3666091590283881,0.0802013561069291,123.89366689346257,0.3911577005477595,1.0,0.0996994916377806,0.8902998823244728,9.936440097915847,0.3911577005477595
polarized,9.034047151333576,10.0,10.0,10.0,3.8133029321133014,0.3813302932113301,0.0779545199988396,125.2026419675584,0.3701622425179257,1.0,0.0931183751394418,0.8970696234776306,9.760111857167583,0.3701622425179257
polarized,8.48342898244072,10.0,10.0,10.0,3.962727226954948,0.3962727226954948,0.0756934180327235,126.55618931509451,0.3494111915474343,1.0,0.0867479976403443,0.9038284940161596,9.57947054245595,0.3494111915474343
polarized,7.96637056399373,10.0,10.0,10.0,4.114113049365256,0.4114113049365255,0.0734284173347296,127.9837608158829,0.3291338635831715,1.0,0.0806281591880402,0.9105300731017478,9.397645001256867,0.3291338635831715
polarized,7.480826455225086,10.0,10.0,10.0,4.26719448933646,0.426719448933646,0.0711687151530262,129.51900548690676,0.3095226875822399,1.0,0.074800204173313,0.9171311287290096,9.217701208400904,0.3095226875822399
polarized,7.024875883396023,10.0,10.0,10.0,4.421692882757499,0.4421692882757499,0.0689223868624226,131.1982927631225,0.290729907584776,1.0,0.0693037917943621,0.9235918856380004,9.042499489509307,0.290729907584776
polarized,6.596715145376838,10.0,10.0,10.0,4.57731874169152,0.457731874169152,0.0666964491191225,133.0594267271326,0.2728674348157817,1.0,0.0641742279504202,0.9298762384721384,8.874591284525808,0.2728674348157817
polarized,6.194650472344998,10.0,10.0,10.0,4.733773857890464,0.4733773857890464,0.064496933448138,135.14062008925558,0.2560091920471435,1.0,0.0594405833246875,0.9359519132097228,8.716155580036828,0.2560091920471435
polarized,5.817091329374358,10.0,10.0,10.0,4.890753548281675,0.4890753548281675,0.0623289661910105,137.47975316752485,0.2401951858631311,1.0,0.0551247068548916,0.9417905801969824,8.568970887127135,0.2401951858631311
polarized,5.462544123409224,10.0,10.0,10.0,5.047949007235964,0.5047949007235963,0.0601968515069819,140.1139082671307,0.2254365674252286,1.0,0.0512411278137381,0.9473679218899564,8.43441613001935,0.2254365674252286
polarized,5.129606294732514,10.0,10.0,10.0,5.205049727425015,0.5205049727425015,0.0581041547680107,143.07914648300428,0.2117210524109634,1.0,0.047797746551811,0.9526636582832564,8.313492871323366,0.2117210524109634
polarized,4.816960768554367,10.0,10.0,10.0,5.361745949126436,0.5361745949126436,0.0560537842905244,146.41048177824993,0.1990182219900537,1.0,0.0447971574432192,0.9576615327072576,8.206861563469786,0.1990182219900537
polarized,4.523370744772102,10.0,10.0,10.0,5.517731097021202,0.5517731097021202,0.0540480698182932,150.14200411071295,0.1872843827432317,1.0,0.0422384309633846,0.962349260423876,8.114885520834285,0.1872843827432317
polarized,4.247674805290287,10.0,10.0,10.0,5.672704163886305,0.5672704163886305,0.0520888366175825,154.30710657215397,0.176466802083218,1.0,0.0401191998983482,0.9667184419784668,8.037677663168832,0.176466802083218
polarized,3.988782319545844,10.0,10.0,10.0,5.826372002099356,0.5826372002099356,0.050177474347386,158.9387782629145,0.1665072448115374,1.0,0.0384379375928262,0.9707644429118172,7.975146469092278,0.1665072448115374
polarized,3.745669130062843,10.0,10.0,10.0,5.978451486476124,0.5978451486476124,0.0483150001396105,164.06993279059313,0.1573448143324871,1.0,0.037196373249026,0.9744862409568948,7.927038825683396,0.1573448143324871
polarized,3.517373500969382,10.0,10.0,10.0,6.12867151554489,0.612867151554489,0.0465021155194716,169.73375037374592,0.1489181513555282,1.0,0.036402051845904,0.9778862414369598,7.892978467433092,0.1489181513555282
polarized,3.302992313449222,10.0,10.0,10.0,6.276774822771984,0.6276774822771984,0.0447392569521702,175.96401869149972,0.1411670694549114,1.0,0.0360711086084619,0.9809700612473532,7.8724994465755,0.1411670694549114
polarized,3.101677493077699,10.0,10.0,10.0,6.422519574309856,0.6422519574309856,0.0430266399281499,182.79546346546556,0.134033716792603,1.0,0.0362313874189792,0.9837462816340682,7.865074587027867,0.134033716792603
polarized,2.912632654908738,10.0,10.0,10.0,6.565680735340974,0.6565680735340974,0.0413642966107994,190.26406422989348,0.1274633522766951,1.0,0.0369260882488071,0.9862261700672788,7.870139187181502,0.1274633522766951
polarized,2.735109953041209,10.0,10.0,10.0,6.706051192827822,0.6706051192827822,0.0397521071800068,198.40735396271876,0.1214048169500844,1.0,0.0382181796986099,0.9884233719382493,7.8871104000275505,0.1214048169500844
polarized,2.5684071222017817,10.0,10.0,10.0,6.843442628243174,0.6843442628243175,0.0381898251219928,207.26470342259975,0.1158107708132304,1.0,0.0401958556140182,0.9903535736565952,7.915402777670794,0.1158107708132304
polarized,2.411864699640997,10.0,10.0,10.0,6.97768613944992,0.697768613944992,0.0366770968452946,216.877592394637,0.1106377538330988,1.0,0.0429793400635284,0.99203414002401,7.954440459832449,0.1106377538330988
polarized,2.2648634163526316,10.0,10.0,10.0,7.10863261615112,0.710863261615112,0.0352134761437174,227.28987080386048,0.1058461189626131,1.0,0.0467293326394991,0.993483730477367,8.00366644326037,0.1058461189626131
polarized,2.1268217472962094,10.0,10.0,10.0,7.236152878091602,0.7236152878091602,0.0337984341729125,238.54801299169907,0.1013998753325994,1.0,0.0516572991985548,0.9947219008104063,8.062549314179025,0.1013998753325994
polarized,1.99719361093156,10.0,10.0,10.0,7.360137589347225,0.7360137589347225,0.0324313657353198,250.70136850989255,0.0972664716097616,1.0,0.0580375911865707,0.9957686990976734,8.130587772489516,0.0972664716097616
polarized,1.8754662089649552,10.0,10.0,10.0,7.480496965506536,0.7480496965506537,0.031111592804966,263.80241267661467,0.0934165430933854,1.0,0.0662209301429742,0.9966442664348762,8.207313244162446,0.0934165430933854
polarized,1.7611579977610468,10.0,10.0,10.0,7.597160293286159,0.7597160293286158,0.029838366223444,277.9069999385324,0.0898236405059152,1.0,0.0766480078902415,0.9973684545506106,8.292290840224583,0.0898236405059152
polarized,1.6538167833956727,10.0,10.0,10.0,7.710075284113032,0.7710075284113033,0.0286108665761939,293.07462284351976,0.0864639547392369,1.0,0.0898607113268056,0.9979604728380006,8.385118931044294,0.0864639547392369
polarized,1.553017932813719,10.0,10.0,10.0,7.819207284470389,0.7819207284470389,0.0274282051258709,309.3686791867243,0.0833160480999559,1.0,0.106506731638143,0.9984385769034134,8.485427592253249,0.0833160480999559
polarized,1.4583626940155214,10.0,10.0,10.0,7.924538366381854,0.7924538366381854,0.0262894255593296,326.8567496690859,0.0803605999406216,1.0,0.127331198224028,0.9988198090623532,8.592876188989894,0.0803605999406216
polarized,1.3694766186266034,10.0,10.0,10.0,8.026066321361608,0.8026066321361608,0.0251935071005766,345.6108882142788,0.0775801721457168,1.0,0.1531469995333984,0.99911979851914,8.70715036626302,0.0775801721457168
polarized,1.2860080806105665,10.0,10.0,10.0,8.123803580564369,0.8123803580564368,0.0241393693096829,365.7079269329671,0.0749589978644365,1.0,0.1847746898353235,0.999352625485779,8.827958707713444,0.0749589978644365
polarized,1.2076268852652798,10.0,10.0,10.0,8.217776082813069,0.821777608281307,0.0231258786396613,387.2297976036636,0.0724827950197574,1.0,0.2229449907958468,0.9995307496288558,8.955029305042965,0.0724827950197574
polarized,1.1340229629996768,10.0,10.0,10.0,8.308022110754692,0.8308022110754691,0.0221518566035242,410.2638714563085,0.0701386045795238,1.0,0.2681637063141265,0.9996649994271628,9.088106450106846,0.0701386045795238
polarized,1.0649051427238374,10.0,10.0,10.0,8.39459111368549,0.8394591113685489,0.0212160892257507,434.90331899544776,0.0679146523203212,1.0,0.3205512754883235,0.99976461570595,9.226947620382546,0.0679146523203212
polarized,1.0,10.0,10.0,10.0,8.477542533682303,0.8477542533682303,0.0203173373296125,461.2474915813665,0.065800231863305,1.0,0.3796855131268032,0.9998373401106652,9.37132087889623,0.065800231863305
polarized,1778.2794100389228,10.0,16.0,4.0,0.0499444240949681,0.0031215265059355,0.0025001764475042,1963.083145728081,0.0040935923026438,1.0,0.5525968050523739,0.9999999999995164,4.908054245441827,0.0040935923026438
polarized,1669.8946588711192,10.0,16.0,4.0,0.053175300587126,0.0033234562866953,0.0026620455956511,1958.2494744675669,0.0046296254774923,1.0,0.5508587526057278,0.999999999997287,5.212949388692474,0.0046296254774923
polarized,1568.115874245688,10.0,16.0,4.0,0.0566144387942309,0.0035384024246394,0.0028343568085158,1952.79910068628,0.0052340417558283,1.0,0.5489243063753584,0.999999999986303,5.53492942669372,0.0052340417558283
polarized,1472.5404276241222,10.0,16.0,4.0,0.0602751641991858,0.0037671977624491,0.0030177772283509,1946.657777065434,0.0059150683207565,1.0,0.5467710814853781,0.9999999999373528,5.874579511020366,0.0059150683207565
polarized,1382.790230365145,10.0,16.0,4.0,0.0641716416934988,0.0040107276058436,0.0032130154639848,1939.7435269821913,0.006681786319843,1.0,0.5443743765587482,0.9999999997388492,6.23242594835839,0.006681786319843
polarized,1298.51023803699,10.0,16.0,4.0,0.0683189266888055,0.0042699329180503,0.0034208239512922,1931.9661728056035,0.0075441819872322,1.0,0.5417070206910376,0.9999999990021928,6.608916157019823,0.0075441819872322
polarized,1219.3670458907095,10.0,16.0,4.0,0.0727330191033301,0.0045458136939581,0.0036420014043693,1923.2269340389353,0.0085131896381668,1.0,0.5387392381133201,0.9999999964870556,7.0043951946907,0.0085131896381668
polarized,1145.0475699382812,10.0,16.0,4.0,0.0774309203524768,0.0048394325220298,0.0038773953470197,1913.4181316463812,0.0096007223771621,1.0,0.5354385414438443,0.9999999885467794,7.419078560548855,0.0096007223771621
polarized,1075.257808417991,10.0,16.0,4.0,0.0824306934738236,0.0051519183421139,0.0041279047125373,1902.4230433557143,0.0108196853938769,1.0,0.5317696673374395,0.9999999652587076,7.853021045907683,0.0108196853938769
polarized,1009.72167874753,10.0,16.0,4.0,0.0877515265170338,0.0054844704073146,0.0043944824790563,1890.1159639400832,0.0121839655637602,1.0,0.527694571664961,0.9999999015234984,8.30608148691946,0.0121839655637602
polarized,948.1799253639082,10.0,16.0,4.0,0.0934137993284578,0.0058383624580286,0.0046781382934411,1876.3625340586516,0.0137083898603256,1.0,0.52317250500651,0.9999997380748242,8.777883422957986,0.0137083898603256
polarized,890.3890941296735,10.0,16.0,4.0,0.099439153858282,0.0062149471161426,0.0049799409937631,1861.0204105304429,0.0154086436928946,1.0,0.5181601930666416,0.999999343764292,9.267771832630553,0.0154086436928946
polarized,836.1205692482771,10.0,16.0,4.0,0.1058505681147917,0.0066156605071744,0.005301020882819,1843.9403589634096,0.0173011388108811,1.0,0.5126121503270401,0.9999984456203332,9.774766349537934,0.0173011388108811
polarized,785.159668878704,10.0,16.0,4.0,0.1126724338854174,0.0070420271178385,0.0056425715153893,1824.9678551139152,0.0194028188347481,1.0,0.5064811584084813,0.9999965074060008,10.297511635767028,0.0194028188347481
polarized,737.3047958716827,10.0,16.0,4.0,0.119930638337478,0.0074956648960923,0.0060058506405041,1803.9452824438536,0.0217308888692263,1.0,0.4997189425813149,0.999992531736276,10.834225929999931,0.0217308888692263
polarized,692.3666402678728,10.0,16.0,4.0,0.1276526496026161,0.0079782906001635,0.0063921797881967,1780.7148078952694,0.0243024541746238,1.0,0.4922770797912639,0.9999847569855153,11.38264920357085,0.0243024541746238
polarized,650.1674304031648,10.0,16.0,4.0,0.135867606437532,0.0084917254023457,0.0068029418213186,1755.1220034141409,0.0271340518345263,1.0,0.4841081683804554,0.9999702205048376,11.93999287854263,0.0271340518345263
polarized,610.5402296585327,10.0,16.0,4.0,0.1446064120393923,0.009037900752462,0.0072395756115857,1727.020254606064,0.0302410593091806,1.0,0.4751672821368558,0.9999441665138462,12.502893715960656,0.0302410593091806
polarized,573.3282760724394,10.0,16.0,4.0,0.1539018320768148,0.0096188645048009,0.0077035668859162,1696.2759577169666,0.0336369655728872,1.0,0.4654137181013671,0.9998992923924828,13.067375297244364,0.0336369655728872
polarized,538.3843622033489,10.0,16.0,4.0,0.1637885969761819,0.0102367873110113,0.0081964342691325,1662.7744502953162,0.0373324953299684,1.0,0.4548130275712246,0.9998248517332058,13.628821486238566,0.0373324953299684
polarized,505.570252789143,10.0,16.0,4.0,0.1743035084776993,0.0108939692798562,0.0087197096892824,1626.42654927793,0.041334586085784,1.0,0.4433392923366478,0.9997056652834044,14.181967340644968,0.041334586085784
polarized,474.7561378997421,10.0,16.0,4.0,0.1854855504455844,0.011592846902849,0.0092749126260047,1587.175485000232,0.0456452326737457,1.0,0.4309775736921531,0.9995211282952032,14.720913945513916,0.0456452326737457
polarized,445.8201194196514,10.0,16.0,4.0,0.1973760038814275,0.0123360002425892,0.0098635182448592,1545.003925970952,0.0502602354745119,1.0,0.4177264219215359,0.999244338747836,15.239174412193696,0.0502602354745119
polarized,418.6477288289951,10.0,16.0,4.0,0.2100185660484957,0.0131261603780309,0.0104869201823908,1499.9406959565022,0.0551679160268274,1.0,0.4036002923684192,0.998841497247646,15.729758356815667,0.0551679160268274
polarized,393.1314743754256,10.0,16.0,4.0,0.2234594735668388,0.0139662170979274,0.0111463896133007,1452.0667043410294,0.0603478952963456,1.0,0.3886316764981081,0.9982717370008106,16.18530123108674,0.0603478952963456
polarized,369.1704158455517,10.0,16.0,4.0,0.2377476292837772,0.014859226830236,0.0118430330313495,1401.5195579283688,0.0657700601268566,1.0,0.3728727299076832,0.9974875231491804,16.598242418628093,0.0657700601268566
polarized,346.66976525371945,10.0,16.0,4.0,0.2529347326608829,0.0158084207913051,0.0125777517951096,1348.49631322727,0.0713938659768238,1.0,0.3563961722517597,0.9964357109693734,16.961051924393047,0.0713938659768238
polarized,325.5405118685032,10.0,16.0,4.0,0.269075413346084,0.0168172133341302,0.0133512066478287,1293.2538766370474,0.0771681296534808,1.0,0.3392952539552757,0.995059274910179,17.266499755086812,0.0771681296534808
polarized,305.6990700935378,10.0,16.0,4.0,0.2862273675171117,0.0178892104698194,0.0141637900472703,1236.1066740287386,0.0830314475432263,1.0,0.321682635951021,0.9932996263933008,17.50795540697271,0.0830314475432263
polarized,287.0669488097448,10.0,16.0,4.0,0.3044514964892472,0.0190282185305779,0.015015608221606,1177.4213901066807,0.088913329083191,1.0,0.3036881111186374,0.9910993459725722,17.679698305580654,0.088913329083191
polarized,269.57044087089156,10.0,16.0,4.0,0.3238120469752488,0.020238252935953,0.0159064734920447,1117.6088093042094,0.0947360638160216,1.0,0.2854552028566391,0.98840508580196,17.77721489967313,0.0947360638160216
polarized,253.1403315241567,10.0,16.0,4.0,0.3443767522674648,0.0215235470167165,0.0168359059101886,1057.113049843003,0.1004172536369245,1.0,0.267136794160926,0.9851703682653494,17.797455843589407,0.1004172536369245
polarized,237.7116246022335,10.0,16.0,4.0,0.3662169734804925,0.0228885608425307,0.0178031419237685,996.3987379809788,0.1058728543354596,1.0,0.2488900520364847,0.981358023288878,17.739028144939223,0.1058728543354596
polarized,223.22328540381503,10.0,16.0,4.0,0.3894078398463511,0.0243379899903969,0.0188071468943726,935.9368837463816,0.1110204992758725,1.0,0.2308709982722833,0.9769420651252254,17.60230245647961,0.1110204992758725
polarized,209.61799924531277,10.0,16.0,4.0,0.4140283868921311,0.0258767741807581,0.019846627982814,876.190359404803,0.1157828370661046,1.0,0.2132291230203452,0.971908893910348,17.389424105235303,0.1157828370661046
polarized,196.84194472866113,10.0,16.0,4.0,0.4401616911515892,0.0275101056969743,0.0209200441703373,817.5999248605951,0.1200906117468061,1.0,0.1961024337649094,0.9662577981184672,17.104226541748123,0.1200906117468061
polarized,184.8445808282741,10.0,16.0,4.0,0.467894999866524,0.0292434374916577,0.0220256108592586,760.5716831199994,0.1238852477215132,1.0,0.1796132799097732,0.9600008130695687,16.752055922972506,0.1238852477215132
polarized,173.5784469548853,10.0,16.0,4.0,0.4973198539204483,0.031082490870028,0.0231612973971897,705.4666940545554,0.1271207643467313,1.0,0.1638652021006008,0.953162046190796,16.33952390480983,0.1271207643467313
polarized,162.99897520534324,10.0,16.0,4.0,0.528532202015781,0.0330332626259863,0.0243248168034428,652.5932510909458,0.1297649241571955,1.0,0.1489409417157855,0.9457766080167216,15.874211279950416,0.1297649241571955
polarized,153.06431405563595,10.0,16.0,4.0,0.5616325038565505,0.0351020314910344,0.0255136078218494,602.2020674544713,0.1317996004190774,1.0,0.1349016283449627,0.9378892916319016,15.36434737854028,0.1317996004190774
polarized,143.73516279968806,10.0,16.0,4.0,0.5967258198318299,0.0372953637394893,0.026724810107758,554.4843625604174,0.1332204219683687,1.0,0.1217870584980865,0.9295531290299088,14.818489297148432,0.1332204219683687
polarized,134.97461607898632,10.0,16.0,4.0,0.6339218844116759,0.0396201177757297,0.0279552338770886,509.5726165925854,0.1340358079062319,1.0,0.1096168994254673,0.920827928274972,14.245221674205736,0.1340358079062319
polarized,126.74801788800204,10.0,16.0,4.0,0.6733351601687431,0.0420834475105464,0.0292013257434084,467.5435940442863,0.1342655379796986,1.0,0.0983926036917618,0.9117788670016764,13.652892788931142,0.1342655379796986
polarized,119.02282447787157,10.0,16.0,4.0,0.7150848690270895,0.044692804314193,0.0304591327666384,428.42313509287646,0.1339390163837139,1.0,0.0880998029007398,0.9024751906381407,13.049397152093388,0.1339390163837139
polarized,111.76847561598989,10.0,16.0,4.0,0.7592949970180707,0.0474559373136294,0.0317242670085731,392.19217613641314,0.133093380854801,1.0,0.0787109579783332,0.8929890403812759,12.442009314424908,0.133093380854801
polarized,104.95627369223337,10.0,16.0,4.0,0.8060942684955353,0.0503808917809709,0.0329918731391173,358.79347820987533,0.1317715899348106,1.0,0.0701880713602047,0.8833944177396882,11.837268916242866,0.1317715899348106
polarized,98.55927019356292,10.0,16.0,4.0,0.855616085433975,0.0534760053396234,0.0342566018890047,328.138599986712,0.130020594669627,1.0,0.0624853053088194,0.8737662793497066,11.240913384160162,0.130020594669627
polarized,92.55215909791352,10.0,16.0,4.0,0.9079984271101182,0.0567499016943823,0.0355125923838915,300.1147348741729,0.1278896715502646,1.0,0.0555513932304378,0.8641797472488656,10.657852247986185,0.1278896715502646
polarized,86.9111767656428,10.0,16.0,4.0,0.9633837051586244,0.060211481572414,0.0367534666032542,274.59112478905695,0.125428965073972,1.0,0.0493317717569464,0.8547094149649563,10.09217573448463,0.125428965073972
polarized,81.6140079325183,10.0,16.0,4.0,1.021918568705315,0.0638699105440821,0.0379723392959133,251.42485492810565,0.1226882631276335,1.0,0.0437703969133233,0.8454287281491097,9.54718989875581,0.1226882631276335
polarized,76.63969743235928,10.0,16.0,4.0,1.083753654027937,0.067734603376746,0.0391618467082378,230.4659161769928,0.1197160086705201,1.0,0.0388112361013928,0.8364094184369908,9.02547088079698,0.1197160086705201
polarized,71.96856730011521,10.0,16.0,4.0,1.149043272987685,0.0718152045617303,0.0403141971657214,211.56149016008243,0.1165585358395057,1.0,0.0343994484910268,0.8277209717642052,8.528931626987406,0.1165585358395057
polarized,67.58213892744703,10.0,16.0,4.0,1.2179450343294684,0.0761215646455917,0.0414212460908133,194.5594646385086,0.113259509242123,1.0,0.030482280269718,0.8194301150226759,8.058895464088563,0.113259509242123
polarized,63.46305996286578,10.0,16.0,4.0,1.2906193918818862,0.0806637119926178,0.0424745971179988,179.3112244439114,0.1098595393435466,1.0,0.0270097091438488,0.8116003094010122,7.616172016990208,0.1098595393435466
polarized,59.59503566725067,10.0,16.0,4.0,1.3672291137176968,0.085451819607356,0.0434657297723121,165.67378714042255,0.1063959451418155,1.0,0.023934875798716,0.8042912430309435,7.201132062201163,0.1063959451418155
polarized,55.962764453195526,10.0,16.0,4.0,1.4479386664825564,0.0904961666551597,0.0443861525431619,153.5113655478025,0.10290263577513,1.0,0.0212143399770438,0.797558320733079,6.813778888313858,0.10290263577513
polarized,52.55187735318167,10.0,16.0,4.0,1.5329135093857134,0.095807094336607,0.0452275782908826,142.69644370598476,0.0994100852301341,1.0,0.0188081965420029,0.7914521535673302,6.453814579542949,0.0994100852301341
polarized,49.34888117711905,10.0,16.0,4.0,1.6223192927940615,0.1013949557996288,0.0459821168300205,133.1104512247405,0.0959453778153596,1.0,0.0166800832530072,0.7860180557376509,6.120700319512767,0.0959453778153596
polarized,46.34110513439105,10.0,16.0,4.0,1.716320957003845,0.1072700598127402,0.0466424774519905,124.64411530774186,0.0925323060653666,1.0,0.0147971076820436,0.78129556068362,5.81371033776466,0.0925323060653666
polarized,43.51665070924416,10.0,16.0,4.0,1.8150817276055808,0.1134426079753488,0.0472021723135031,117.19756171959526,0.0891915067211748,1.0,0.0131297162161239,0.777317971617786,5.53197950301075,0.0891915067211748
polarized,40.86434459123405,10.0,16.0,4.0,1.9187620049293976,0.1199226253080873,0.0476557102885505,110.6802268166684,0.0859406240078456,1.0,0.0116515237449679,0.7741119640139746,5.2745448238462105,0.0859406240078456
polarized,38.373694474524115,10.0,16.0,4.0,2.0275181463799012,0.1267198841487438,0.0479987703063896,105.01063335984472,0.0827944923259587,1.0,0.0103391186156071,0.7716972583572453,5.040381270367682,0.0827944923259587
polarized,36.03484755118287,10.0,16.0,4.0,2.1415011420578716,0.1338438213786169,0.0482283435586955,100.1160737411874,0.0797653325378185,1.0,0.0091718538551409,0.7700863806759325,4.828432400137688,0.0797653325378185
polarized,33.83855153428233,10.0,16.0,4.0,2.260855185931761,0.141303449120735,0.0483428353321269,95.93223583002415,0.076862957241006,1.0,0.0081316325734578,0.7692845259818137,4.637636279773628,0.076862957241006
polarized,31.776118056608645,10.0,16.0,4.0,2.385716146969052,0.1491072591855657,0.0483421195479239,92.4027990605633,0.0740949808938507,1.0,0.0072026928837172,0.7692895359069811,4.466947158748546,0.0740949808938507
polarized,29.83938830019264,10.0,16.0,4.0,2.5162099470615873,0.1572631216913492,0.0482275421658737,89.47902172480073,0.0714670306179435,1.0,0.0063713956292233,0.7700919968724282,4.315353293193957,0.0714670306179435
polarized,28.020700720694048,10.0,16.0,4.0,2.652450855264568,0.1657781784540355,0.0480018731146694,87.11933472637966,0.0689829532555103,1.0,0.0056260166816546,0.7716754595147588,4.181891251370092,0.0689829532555103
polarized,26.312860738959433,10.0,16.0,4.0,2.794539710788374,0.1746587319242733,0.0476692099523146,85.28895229027307,0.0666450141215211,1.0,0.0049565445676696,0.7740167743710195,4.065656973337977,0.0666450141215211
polarized,24.709112279856043,10.0,16.0,4.0,2.9425620902935132,0.1839101306433445,0.0472348396405903,83.95950629149242,0.0644540831215403,1.0,0.0043544836616852,0.7770865335184739,3.9658138159817784,0.0644540831215403
polarized,23.203111045791875,10.0,16.0,4.0,3.096586438284151,0.1935366523927594,0.0467050672984047,83.10870792960125,0.0624098046465416,1.0,0.0038126630995916,0.7808496034570975,3.881597796935494,0.0624098046465416
polarized,21.78889941919376,10.0,16.0,4.0,3.2566621827004947,0.2035413864187809,0.0460870223540638,82.7200383765363,0.0605107488912541,1.0,0.0033250518375626,0.7852657313482415,3.8123202577884503,0.0605107488912541
polarized,20.46088289466012,10.0,16.0,4.0,3.422817861083497,0.2139261163177185,0.0453884530601288,82.78246867121774,0.0587545438114692,1.0,0.0028865807877759,0.7902902049578624,3.757368193485152,0.0587545438114692
polarized,19.213807947555622,10.0,16.0,4.0,3.5950592858193566,0.2246912053637098,0.0446175199198316,83.29020839629851,0.0571379885761586,1.0,0.0024929735729555,0.7958745462988239,3.716202532248776,0.0571379885761586
polarized,18.042741251497876,10.0,16.0,4.0,3.7733677798437872,0.2358354862402367,0.0437825973675667,84.24248239018,0.0556571507942979,1.0,0.0021405880126929,0.8019672198743708,3.6883546877335807,0.0556571507942979
polarized,16.943050162522237,10.0,16.0,4.0,3.957698516662661,0.2473561572914163,0.0428920912856862,85.6433347480461,0.0543074507680438,1.0,0.0018262708584703,0.8085143383337612,3.673421732023779,0.0543074507680438
polarized,15.910384392721523,10.0,16.0,4.0,4.147979000484233,0.2592486875302646,0.0419542778881924,87.50145948694075,0.0530837364173878,1.0,0.0015472284343534,0.8154603509408018,3.6710605469375217,0.0530837364173878
polarized,14.940658800863334,10.0,16.0,4.0,4.34410772351369,0.2715067327196056,0.0409771674044334,89.83005736368212,0.051980352341681,1.0,0.0013009156624794,0.8227487031964429,3.6809812985414623,0.051980352341681
polarized,14.030037231905734,10.0,16.0,4.0,4.545953037892582,0.2841220648682864,0.0399683940515614,92.64671836193592,0.0509912058496596,1.0,0.0010849454497447,0.8303224589483233,3.7029405470738896,0.0509912058496596
polarized,13.17491734148208,10.0,16.0,4.0,4.753352279244214,0.2970845174527634,0.0389351321306001,95.97332928022952,0.0501098318900742,1.0,0.00089701962151,0.8381248791229762,3.736734256539331,0.0501098318900742
polarized,12.371916345321608,10.0,16.0,4.0,4.966111177202268,0.3103819485751417,0.0378840367912607,99.83600567490218,0.0493294578526028,1.0,0.0007348815832203,0.8460999536624226,3.782190912080509,0.0493294578526028
polarized,11.617857637231843,10.0,16.0,4.0,5.184003585572924,0.3240002240983077,0.0368212071032342,104.26504718825284,0.0486430683540923,1.0,0.0005962897720467,0.8541928852416685,3.8391648961471536,0.0486430683540923
polarized,10.909758222704642,10.0,16.0,4.0,5.406771560867228,0.3379232225542017,0.0357521685224943,109.29491507975226,0.0480434694889348,1.0,0.0004790098447258,0.8623505248575454,3.907530222583012,0.0480434694889348
polarized,10.24481691843409,10.0,16.0,4.0,5.634125812841814,0.3521328633026134,0.0346818715985082,114.96423062852791,0.0475233516472661,1.0,0.0003808225559727,0.8705217604371666,3.9871746850798897,0.0475233516472661
polarized,9.62040327106476,10.0,16.0,4.0,5.86574654445421,0.3666091590283881,0.0336147037723456,121.31579302389032,0.0470753498910805,1.0,0.0002995435264999,0.8786578602368722,4.0779944454052695,0.0470753498910805
polarized,9.034047151333576,10.0,16.0,4.0,6.101284691381283,0.3813302932113301,0.0325545112764548,128.39661542323833,0.0466921009128758,1.0,0.0002330506693953,0.8867127732434185,4.1798890646544455,0.0466921009128758
polarized,8.48342898244072,10.0,16.0,4.0,6.340363563127918,0.3962727226954948,0.0315046284675524,136.2579780308735,0.0463662958959423,1.0,0.0001793149892223,0.8946433886368877,4.292756973602589,0.0463662958959423
polarized,7.96637056399373,10.0,16.0,4.0,6.582580878984409,0.4114113049365255,0.0304679122439171,144.95549732106463,0.0460907287881114,1.0,0.0001364307926745,0.902409756540034,4.41649137165156,0.0460907287881114
polarized,7.480826455225086,10.0,16.0,4.0,6.827511182938336,0.426719448933646,0.0294467795772266,154.54921087012866,0.0458583398041466,1.0,0.0001026420053192,0.909975272059022,4.550976546327003,0.0458583398041466
polarized,7.024875883396023,10.0,16.0,4.0,7.074708612412,0.4421692882757499,0.0284432465824091,165.10367764844074,0.0456622543245067,1.0,7.636218410386182e-05,0.9173068241936644,4.696084615017191,0.0456622543245067
polarized,6.596715145376838,10.0,16.0,4.0,7.323709986706432,0.457731874169152,0.0274589678483078,176.68809402827193,0.0454958174665608,1.0,5.618682908693916e-05,0.9243749112663576,4.851672693101109,0.0454958174665608
polarized,6.194650472344998,10.0,16.0,4.0,7.574038172624743,0.4733773857890464,0.0264952750746382,189.3764261646193,0.0453526248337472,1.0,4.089760119051362e-05,0.9311537241375394,5.017580503883501,0.0453526248337472
polarized,5.817091329374358,10.0,16.0,4.0,7.825205677250681,0.4890753548281675,0.0255532143018648,203.2475597857118,0.0452265500038382,1.0,2.945892994167778e-05,0.9376211983989255,5.193628451535379,0.0452265500038382
polarized,5.462544123409224,10.0,16.0,4.0,8.076718411577541,0.5047949007235963,0.0246335812493074,218.38546877428564,0.045111769418614,1.0,2.100816158520426e-05,0.943759036449141,5.379616188719467,0.045111769418614
polarized,5.129606294732514,10.0,16.0,4.0,8.328079563880024,0.5205049727425015,0.0237369544061302,234.87940422106945,0.0450027851883062,1.0,1.4840810283225904e-05,0.9495527004719136,5.575321708934571,0.0450027851883062
polarized,4.816960768554367,10.0,16.0,4.0,8.578793518602298,0.5361745949126436,0.0228637256940613,252.82410588308983,0.0448944464089302,1.0,1.0392632508958536e-05,0.9549913768623228,5.780501005757293,0.0448944464089302
polarized,4.523370744772102,10.0,16.0,4.0,8.828369755233924,0.5517731097021202,0.0220141285778985,272.32003817952466,0.0447819693421612,1.0,7.220181851279794e-06,0.960067912725008,5.994888334822308,0.0447819693421612
polarized,4.247674805290287,10.0,16.0,4.0,9.076326662218088,0.5672704163886305,0.0211882635846513,293.47365300768985,0.0446609567062121,1.0,4.981276184121574e-06,0.9647787247214212,6.218197115077442,0.0446609567062121
polarized,3.988782319545844,10.0,16.0,4.0,9.32219520335897,0.5826372002099356,0.0203861212306638,316.39768176439134,0.0445274161053259,1.0,3.4164885459853116e-06,0.969123680323552,6.450121497549888,0.0445274161053259
polarized,3.745669130062843,10.0,16.0,4.0,9.565522378361798,0.5978451486476124,0.0196076023836123,341.2114590180921,0.0443777773943595,1.0,2.3324205761264485e-06,0.973105951247908,6.6903386171589885,0.0443777773943595
polarized,3.517373500969382,10.0,16.0,4.0,9.805874424871824,0.612867151554489,0.0188525361016662,368.0412803014008,0.0442089085219286,1.0,1.587183839789129e-06,0.9767318385784058,6.938511523785615,0.0442089085219286
polarized,3.302992313449222,10.0,16.0,4.0,10.042839716435177,0.6276774822771984,0.0181206950012878,397.0207964885998,0.0440181291393234,1.0,1.0782336951997122e-06,0.980010568894633,7.1942927623382875,0.0440181291393234
polarized,3.101677493077699,10.0,16.0,4.0,10.27603131889577,0.6422519574309856,0.0174118082131506,428.2914471973458,0.0438032210254909,1.0,7.32489103081066e-07,0.9829540606829296,7.457328537932906,0.0438032210254909
polarized,2.912632654908738,10.0,16.0,4.0,10.50508917654556,0.6565680735340974,0.0167255719970947,462.002935615771,0.0435624341896246,1.0,4.985320993473366e-07,0.9855766605170698,7.727263362510725,0.0435624341896246
polarized,2.735109953041209,10.0,16.0,4.0,10.729681908524515,0.6706051192827822,0.0160616581057722,498.31374711443374,0.0432944874056777,1.0,3.406046109721275e-07,0.9878948490503004,8.003745035558286,0.0432944874056777
polarized,2.5684071222017817,10.0,16.0,4.0,10.94950820518908,0.6843442628243175,0.0154197200152841,537.3917139652044,0.0429985619417102,1.0,2.340944864056159e-07,0.9899269178410668,8.286429767877122,0.0429985619417102
polarized,2.411864699640997,10.0,16.0,4.0,11.164297823119872,0.697768613944992,0.014799397180525,579.4146284638176,0.0426742874008101,1.0,1.622120488806914e-07,0.9916926194785636,8.574987218842395,0.0426742874008101
polarized,2.2648634163526316,10.0,16.0,4.0,11.373812185841793,0.710863261615112,0.0142003175222265,624.5709067463536,0.0423217189100788,1.0,1.135893283752697e-07,0.9932127953487836,8.869105190943195,0.0423217189100788
polarized,2.1268217472962094,10.0,16.0,4.0,11.577844604946565,0.7236152878091602,0.0136220984018435,673.0603056081751,0.0419413053418096,1.0,8.057521206833174e-08,0.994508987580085,9.16849371336945,0.0419413053418096
polarized,1.99719361093156,10.0,16.0,4.0,11.77622014295556,0.7360137589347225,0.0130643464091069,725.0946946815668,0.0415338489539953,1.0,5.8043058728272785e-08,0.9956030439481692,9.472888270725644,0.0415338489539953
polarized,1.8754662089649552,10.0,16.0,4.0,11.96879514481046,0.7480496965506537,0.0125266562983332,780.8988864090475,0.0411004573306104,1.0,4.256779997192821e-08,0.9965167266662968,9.78205195379735,0.0411004573306104
polarized,1.7611579977610468,10.0,16.0,4.0,12.155456469257851,0.7597160293286158,0.0120086094719531,840.7115263655005,0.0406424894029016,1.0,3.186455350511503e-08,0.997271337408982,10.095776398692909,0.0406424894029016
polarized,1.6538167833956727,10.0,16.0,4.0,12.336120454580852,0.7710075284113033,0.0115097723804335,904.786046635191,0.0401614977448722,1.0,2.4409375875313737e-08,0.9978873716153654,10.41388144976335,0.0401614977448722
polarized,1.553017932813719,10.0,16.0,4.0,12.510731655152622,0.7819207284470389,0.0110296951893423,973.391685139816,0.0396591698027048,1.0,1.9185150740577245e-08,0.9983842145916884,10.73621358693248,0.0396591698027048
polarized,1.4583626940155214,10.0,16.0,4.0,12.679261386210966,0.7924538366381854,0.0105679110023068,1046.8145740405323,0.0391372708503109,1.0,1.5512495100572026e-08,0.9987798902310996,11.06264325437805,0.0391372708503109
polarized,1.3694766186266034,10.0,16.0,4.0,12.841706114178573,0.8026066321361608,0.010123935844826,1125.3589005994108,0.0385975913281215,1.0,1.2937953922511153e-08,0.999090870353294,11.393061312072378,0.0385975913281215
polarized,1.2860080806105665,10.0,16.0,4.0,12.99808572890299,0.8123803580564368,0.009697269516299,1209.3481441824786,0.0380419008272543,1.0,1.1160639181380191e-08,0.9993319490284494,11.727374893173629,0.0380419008272543
polarized,1.2076268852652798,10.0,16.0,4.0,13.148441732500912,0.821777608281307,0.0092873973176196,1299.1263934157728,0.0374719103801269,1.0,9.984747436353204e-09,0.9995161822132403,12.065502981458485,0.0374719103801269
polarized,1.1340229629996768,10.0,16.0,4.0,13.292835377207506,0.8308022110754691,0.008893792568758,1395.0597478657623,0.0368892439770787,1.0,9.28981538980305e-09,0.9996548890711836,12.407372018542064,0.0368892439770787
polarized,1.0649051427238374,10.0,16.0,4.0,13.431345781896782,0.8394591113685489,0.008515919767708,1497.5378090045351,0.0362954195495532,1.0,9.013771359581916e-09,0.9997577079167408,12.75291183059196,0.0362954195495532
polarized,1.0,10.0,16.0,4.0,13.564068053891685,0.8477542533682303,0.008153238174918,1606.975265636539,0.0356918388070994,1.0,9.146359510277244e-09,0.9998326971657312,13.102052081936922,0.0356918388070994
mixed,1778.2794100389228,10.0,4.0,16.0,0.012486106023742,0.0031215265059355,0.0,1982.9195788878976,0.0,1.0,1.0,0.0,0.0,0.0
mixed,1669.8946588711192,10.0,4.0,16.0,0.0132938251467815,0.0033234562866953,0.0,1980.6568890635588,0.0,1.0,1.0,0.0,0.0,0.0
mixed,1568.115874245688,10.0,4.0,16.0,0.0141536096985577,0.0035384024246394,0.0,1978.0981176798557,0.0,1.0,1.0,0.0,0.0,0.0
mixed,1472.5404276241222,10.0,4.0,16.0,0.0150687910497964,0.0037671977624491,0.0,1975.2055300165805,0.0,1.0,1.0,0.0,0.0,0.0
mixed,1382.790230365145,10.0,4.0,16.0,0.0160429104233747,0.0040107276058436,0.0,1971.93686047349,0.0,1.0,1.0,0.0,0.0,0.0
mixed,1298.51023803699,10.0,4.0,16.0,0.0170797316722013,0.0042699329180503,0.0,1968.2448457607784,0.0,1.0,1.0,0.0,0.0,0.0
mixed,1219.3670458907095,10.0,4.0,16.0,0.0181832547758325,0.0045458136939581,0.0,1964.0767319594756,0.0,1.0,1.0,0.0,0.0,0.0
mixed,1145.0475699382812,10.0,4.0,16.0,0.0193577300881192,0.0048394325220298,0.0080572882317702,1959.3737609146085,0.0006153468809904,0.9999822690598282,1.0,0.2816147596115189,1.650032384865072,0.0006153334354606
mixed,1075.257808417991,10.0,4.0,16.0,0.0206076733684559,0.0051519183421139,0.0091220493678046,1954.0706441424768,0.0008267729068097,0.9999050288796648,1.0,0.2994796984758082,1.8980813364088711,0.0008266789959506
mixed,1009.72167874753,10.0,4.0,16.0,0.0219378816292584,0.0054844704073146,0.010049076300356,1948.0950358586797,0.0010523568932475,0.9996848385752936,1.0,0.3098896698512031,2.125813066099049,0.0010519673322727
mixed,948.1799253639082,10.0,4.0,16.0,0.0233534498321144,0.0058383624580286,0.0109194016915053,1941.3670209742745,0.0013029388312353,0.9991860965177024,1.0,0.3162930539946961,2.347945150992304,0.0013017088735115
mixed,890.3890941296735,10.0,4.0,16.0,0.0248597884645705,0.0062149471161426,0.0117631770209942,1933.7986390628744,0.0015847438113646,0.998213873632514,1.0,0.3200603513845072,2.569682280363437,0.0015814916478866
mixed,836.1205692482771,10.0,4.0,16.0,0.0264626420286979,0.0066156605071744,0.0125956626859111,1925.293471445439,0.0019029331386339,0.9965140137121896,1.0,0.3219237267510421,2.7934292944252137,0.001895366854002
mixed,785.159668878704,10.0,4.0,16.0,0.0281681084713543,0.0070420271178385,0.0134259511521491,1915.7463256978272,0.002262431304116,0.9937814027619316,1.0,0.3223379043700362,3.020396712883014,0.0022464763528424
mixed,737.3047958716827,10.0,4.0,16.0,0.0299826595843695,0.0074956648960923,0.0142600678282895,1905.0430600050197,0.0026682062845435,0.9896764415410686,1.0,0.3216126235476088,3.2511621134634,0.0026371126884402
mixed,692.3666402678728,10.0,4.0,16.0,0.031913162400654,0.0079782906001635,0.0151023260967649,1893.0605986907349,0.0031253807221299,0.9838486170391324,1.0,0.3199723894411088,3.485910048453644,0.0030686100998747
mixed,650.1674304031648,10.0,4.0,16.0,0.033966901609383,0.0084917254023457,0.0159560039391257,1879.667199594745,0.0036392745199242,0.9759649532015382,1.0,0.3175872870055713,3.724548395947015,0.0035411942873172
mixed,610.5402296585327,10.0,4.0,16.0,0.036151603009848,0.009037900752462,0.0168237152433488,1864.7230431721232,0.0042154124905436,0.9657401579987512,1.0,0.3145904592283753,3.96677005962168,0.0040538545716171
mixed,573.3282760724394,10.0,4.0,16.0,0.0384754580192037,0.0096188645048009,0.0177076284585834,1848.081221370284,0.0048595099501288,0.9529646752770388,1.0,0.311088758260422,4.212088212778526,0.0046042787023738
mixed,538.3843622033489,10.0,4.0,16.0,0.0409471492440454,0.0102367873110113,0.018609602590325,1829.589210262326,0.0055774415993158,0.937526817280364,1.0,0.3071696115309449,4.459858095122298,0.0051888741787551
mixed,505.570252789143,10.0,4.0,16.0,0.0435758771194248,0.0108939692798562,0.0195312755261207,1809.0909124381913,0.0063751960070146,0.9194258338681626,1.0,0.3029056533935305,4.709291973142941,0.0058028828817877
mixed,474.7561378997421,10.0,4.0,16.0,0.0463713876113961,0.011592846902849,0.020474123416984,1786.429351233217,0.0072588167745278,0.8987741199847358,1.0,0.2983579687408993,4.959470910169184,0.006440578234737
mixed,445.8201194196514,10.0,4.0,16.0,0.0493440009703568,0.0123360002425892,0.0214395017108561,1761.4500866259057,0.008234331028044,0.8757885103908404,1.0,0.2935784371605492,5.209355503615655,0.00709551905844
mixed,418.6477288289951,10.0,4.0,16.0,0.0525046415121239,0.0131261603780309,0.0224286741055079,1734.0053995202288,0.0093076658612145,0.8507723476550946,1.0,0.2886114730832128,5.457796936281401,0.0077608251361225
mixed,393.1314743754256,10.0,4.0,16.0,0.0558648683917097,0.0139662170979274,0.0234428332777925,1703.9592547533402,0.0104845535647585,0.8240913162563247,1.0,0.2834953477230518,5.703549210263907,0.00842943818607
mixed,369.1704158455517,10.0,4.0,16.0,0.0594369073209443,0.014859226830236,0.024483115837502,1671.1930017837412,0.0117704268424543,0.7961466363838264,1.0,0.2782632136669086,5.945283118189366,0.0090943380857549
mixed,346.66976525371945,10.0,4.0,16.0,0.0632336831652207,0.0158084207913051,0.0255506130896946,1635.6117051479987,0.0131703056629737,0.767349057171855,1.0,0.2729439131237802,6.181602274345695,0.0097486953732448
mixed,325.5405118685032,10.0,4.0,16.0,0.067268853336521,0.0168172133341302,0.0266463786778319,1597.1509160051191,0.0146886779331354,0.7380963440370668,1.0,0.267562625416986,6.411061344532528,0.0103859538729934
mixed,305.6990700935378,10.0,4.0,16.0,0.0715568418792779,0.0178892104698194,0.0277714338063841,1555.7836058113653,0.0163293767001539,0.7087559052192408,1.0,0.262141392931188,6.632186442296466,0.0109998485644757
mixed,287.0669488097448,10.0,4.0,16.0,0.0761128741223118,0.0190282185305779,0.0289267705356551,1511.5268911674548,0.0180954571442063,0.6796531382893316,1.0,0.2566995535633312,6.843497509992336,0.0115843715742506
mixed,269.57044087089156,10.0,4.0,16.0,0.0809530117438122,0.020238252935953,0.030113353473969,1464.4480964404856,0.0199890771051058,0.6510652125091608,1.0,0.2512541002290333,7.0435323582642715,0.0121337027890178
mixed,253.1403315241567,10.0,4.0,16.0,0.0860941880668662,0.0215235470167165,0.0313321200862236,1414.6696420432313,0.02201138529773,0.6232194371936358,1.0,0.2458199826876148,7.230871907724218,0.0126421216072664
mixed,237.7116246022335,10.0,4.0,16.0,0.0915542433701231,0.0228885608425307,0.0325839797585352,1362.3722266875022,0.0241624216563709,0.5962951013866707,1.0,0.2404103632054332,7.404166062960465,0.0131039138920807
mixed,223.22328540381503,10.0,4.0,16.0,0.0973519599615877,0.0243379899903969,0.0338698117001484,1307.7958056256027,0.0264410343729963,0.5704276452093627,1.0,0.2350368348716556,7.562159557913276,0.0135132844936847
mixed,209.61799924531277,10.0,4.0,16.0,0.1035070967230327,0.0258767741807581,0.035190461718876,1251.23796330497,0.0288448181235946,0.5457141539343657,1.0,0.2297096093968492,7.703717048878713,0.0138642817939161
mixed,196.84194472866113,10.0,4.0,16.0,0.1100404227878973,0.0275101056969743,0.0365467378707685,1193.049439345482,0.0313700776835305,0.5222193729750747,1.0,0.2244376797497378,7.82784670207936,0.0141507372590504
mixed,184.8445808282741,10.0,4.0,16.0,0.116973749966631,0.0292434374916577,0.0379394049556004,1133.6267819834927,0.0340118206026188,0.4999816657868204,0.999999999999996,0.2192289618765809,7.933721530483637,0.0143662203170309
mixed,173.5784469548853,10.0,4.0,16.0,0.124329963480112,0.031082490870028,0.0393691778051502,1073.402352375773,0.0367637818454733,0.4790185400135902,0.999999999999985,0.2140904189010427,8.020697780828932,0.0145040071007009
mixed,162.99897520534324,10.0,4.0,16.0,0.1321330505039452,0.0330332626259863,0.0408367132899343,1012.8321561536718,0.0396184823249056,0.4593315321975181,0.9999999999999046,0.2090281705499056,8.088329755537075,0.0145570606720636
mixed,153.06431405563595,10.0,4.0,16.0,0.1404081259641376,0.0351020314910344,0.0423426009513031,952.382200163969,0.0425673221095489,0.4409103636140303,0.9999999999995198,0.2040475900416153,8.136380571650841,0.0145180201441342
mixed,143.73516279968806,10.0,4.0,16.0,0.1491814549579574,0.0372953637394893,0.0438873521485909,892.5142288584651,0.0456007078339811,0.4237363628081027,0.9999999999975376,0.1991533902765266,8.164828503711751,0.0143791965036429
mixed,134.97461607898632,10.0,4.0,16.0,0.1584804711029189,0.0396201177757297,0.0454713876004979,833.6717613468027,0.0487082125673593,0.4077852012084753,0.9999999999875168,0.1943497008373356,8.173868721877259,0.0141325737681568
mixed,126.74801788800204,10.0,4.0,16.0,0.1683337900421857,0.0420834475105464,0.0470950231750469,776.2673158974079,0.0518787651539119,0.3930290149055141,0.9999999999378624,0.1896401370924666,8.163910408334003,0.0137698152478189
mixed,119.02282447787157,10.0,4.0,16.0,0.1787712172567723,0.044692804314193,0.0487584537937906,720.671579449193,0.055100864989336,0.3794379949245054,0.999999999700097,0.1850278624226217,8.13556940959042,0.0132822760021624
mixed,111.76847561598989,10.0,4.0,16.0,0.1898237492545176,0.0474559373136294,0.0504617352911134,667.2050765159382,0.0583628172872432,0.3669815267962699,0.9999999986114348,0.1805156444825397,8.089656740995515,0.0126610239485305
mixed,104.95627369223337,10.0,4.0,16.0,0.2015235671238838,0.0503808917809709,0.0522047640743152,616.1326462593521,0.0616529832691848,0.3556289516693776,0.9999999938905674,0.1761059062474537,8.027163401556322,0.0118968733711919
mixed,98.55927019356292,10.0,4.0,16.0,0.2139040213584937,0.0534760053396234,0.0539872544388446,567.6607837754194,0.0649600393580762,0.3453500093549813,0.9999999746614132,0.1718007724665317,7.949242071280333,0.0109804356726314
mixed,92.55215909791352,10.0,4.0,16.0,0.2269996067775295,0.0567499016943823,0.0558087134000036,521.9376740025024,0.0682732393444722,0.3361150113843176,0.9999999015834644,0.1676021120617801,7.857186344500424,0.0099021930165292
mixed,86.9111767656428,10.0,4.0,16.0,0.240845926289656,0.060211481572414,0.0576684129269608,479.05556798670176,0.0715826736291822,0.3278947820950404,0.9999996437986836,0.1635115769191558,7.752408200445543,0.008652601054693
mixed,81.6140079325183,10.0,4.0,16.0,0.2554796421763287,0.0638699105440821,0.059565359499389,439.0550343451652,0.0748795199600225,0.3206604015863918,0.999998802782516,0.1595306374454046,7.636414425785,0.0072222274303685
mixed,76.63969743235928,10.0,4.0,16.0,0.2709384135069843,0.067734603376746,0.0614982609575119,401.93056541580023,0.0781562805252552,0.3143827900622191,0.9999962705547436,0.1556606151982233,7.510782685705484,0.0056019337128831
mixed,71.96856730011521,10.0,4.0,16.0,0.2872608182469212,0.0718152045617303,0.0634654906858255,367.63702060009535,0.0814070007837636,0.3090321909149963,0.9999892394927186,0.1519027128379593,7.377137894367081,0.003783110496888
mixed,67.58213892744703,10.0,4.0,16.0,0.3044862585823671,0.0761215646455917,0.0654650492631325,336.0964359376044,0.0846274659494139,0.3045776358286102,0.9999712277802308,0.1482580415944309,7.237129467676057,0.0017579788119792
mixed,63.46305996286578,10.0,4.0,16.0,0.3226548479704715,0.0806637119926178,0.0674945238306139,307.2048038615452,0.0878153715587707,0.3009864938089133,0.9999285939369548,0.144727646391657,7.092409957158625,-0.0004800255428535
mixed,59.59503566725067,10.0,4.0,16.0,0.3418072784294242,0.085451819607356,0.0695510455794001,280.83851579507024,0.0909704650021671,0.2982241912704602,0.9998351301370328,0.1413125287252702,6.944615469366307,-0.0029357683223855
mixed,55.962764453195526,10.0,4.0,16.0,0.3619846666206391,0.0904961666551597,0.071631245942907,256.86025061929024,0.0940946552633269,0.2962541173372964,0.99964478507594,0.1380136673416743,6.795348176341363,-0.0056118270349423
mixed,52.55187735318167,10.0,4.0,16.0,0.3832283773464283,0.095807094336607,0.0737312122995059,235.1241752797149,0.0971920883778657,0.2950375956482443,0.9992833846911348,0.1348320367243739,6.646161124140018,-0.0085078124438717
mixed,49.34888117711905,10.0,4.0,16.0,0.4055798231985154,0.1013949557996288,0.0758464442487423,215.48039452760855,0.1002691862813717,0.2945336499173849,0.9986411800069186,0.1317686233513961,6.4985454522332855,-0.0116196577308667
mixed,46.34110513439105,10.0,4.0,16.0,0.4290802392509611,0.1072700598127402,0.0779718118173324,197.77864262380865,0.1033346467767953,0.2946981889864928,0.9975687435310362,0.1288244396491192,6.353920049710211,-0.014938977299712
mixed,43.51665070924416,10.0,4.0,16.0,0.4537704319013952,0.1134426079753488,0.0801015172745329,181.87125063296057,0.1063994023216806,0.2954822629932886,0.995878730153402,0.1260005355323986,6.213623596563418,-0.0184526341503524
mixed,40.86434459123405,10.0,4.0,16.0,0.4796905012323493,0.1199226253080873,0.0822290625777636,167.61545006937226,0.109476535234009,0.2968292272908414,0.9933551154760774,0.1232980073927848,6.0789088708722145,-0.0221426660020376
mixed,38.373694474524115,10.0,4.0,16.0,0.5068795365949753,0.1267198841487438,0.0843472248285341,154.87508930163585,0.1125811468087572,0.2986709587209377,0.9897698992776072,0.1207180043571489,5.950939146626925,-0.0259866945506349
mixed,36.03484755118287,10.0,4.0,16.0,0.5353752855144679,0.1338438213786169,0.0864480424003898,143.5218457521522,0.1157301776027829,0.3009236096562237,0.9849054107792384,0.1182617316796001,5.8307864583458,-0.0299588784128406
mixed,33.83855153428233,10.0,4.0,16.0,0.5652137964829402,0.141303449120735,0.0885228147635236,133.43601694055386,0.1189421762751325,0.3034836537903,0.9785788743359116,0.1159304510158683,5.719431477127065,-0.0340313778228896
mixed,31.776118056608645,10.0,4.0,16.0,0.596429036742263,0.1491072591855657,0.0905621191019656,124.50696893608963,0.122237014171581,0.3062251009945215,0.9706652404694304,0.113725477478341,5.61776471040934,-0.0381761936547425
mixed,29.83938830019264,10.0,4.0,16.0,0.6290524867653968,0.1572631216913492,0.0925558469528915,116.63331354351264,0.1256355433247276,0.3089987063343462,0.9611146073863632,0.1116481732861931,5.5265887252171595,-0.0423671437167352
mixed,28.020700720694048,10.0,4.0,16.0,0.663112713816142,0.1657781784540355,0.0944932638952725,109.72287689315527,0.1291591960155598,0.3116337880085378,0.9499616898052092,0.1096999379393026,5.446621083889747,-0.0465816644838988
mixed,26.312860738959433,10.0,4.0,16.0,0.6986349276970933,0.1746587319242733,0.096363094978224,103.69251301521676,0.1328295252144401,0.3139429402689772,0.937326363789579,0.107882194858063,5.378497685234527,-0.0508020950681116
mixed,24.709112279856043,10.0,4.0,16.0,0.7356405225733783,0.1839101306433445,0.0981536378233924,98.46780711578349,0.1366676866505577,0.3157295363332901,0.9234058981430548,0.1061963746051688,5.322776212105902,-0.0550161270721221
mixed,23.203111045791875,10.0,4.0,16.0,0.7741466095710378,0.1935366523927594,0.0998529044409651,93.98270505407116,0.1406938657959889,0.3167975205096711,0.908460719535019,0.1046438948177832,5.279939413076706,-0.0592161964610853
mixed,21.78889941919376,10.0,4.0,16.0,0.8141655456751237,0.2035413864187809,0.1014487914024878,90.1790981754382,0.1449266559189114,0.3169626502569335,0.8927962498044669,0.1032261371918404,5.250397976059826,-0.0633977458729235
mixed,20.46088289466012,10.0,4.0,16.0,0.8557044652708743,0.2139261163177185,0.1029292764424271,87.00638627713239,0.1493823972727995,0.3160641164215912,0.8767434712503067,0.1019444219643118,5.234492798858848,-0.0675564779340106
mixed,19.213807947555622,10.0,4.0,16.0,0.8987648214548392,0.2246912053637098,0.1042826377122783,84.42103607695805,0.1540744919366549,0.313975376736234,0.8606405266440936,0.1007999805026604,5.2324965177154406,-0.0716849194156276
mixed,18.042741251497876,10.0,4.0,16.0,0.9433419449609468,0.2358354862402367,0.1054976899691934,82.38614806558837,0.1590127137338614,0.3106130905722395,0.8448170259160391,0.099793926755206,5.244614221542558,-0.0757687841309349
mixed,16.943050162522237,10.0,4.0,16.0,0.9894246291656652,0.2473561572914163,0.1065640300901884,80.87104096547894,0.1642025376182158,0.3059432265134739,0.8295820007901623,0.0989272284452359,5.270983353430442,-0.0797837232325014
mixed,15.910384392721523,10.0,4.0,16.0,1.0369947501210584,0.2592486875302646,0.1074722826569575,79.85086009312526,0.1696445174045752,0.2999836994714704,0.8152157743254548,0.0982006789905119,5.311672878361426,-0.0836930585058644
mixed,14.940658800863334,10.0,4.0,16.0,1.0860269308784225,0.2715067327196056,0.1082143351628785,79.30621362373654,0.1753337441113592,0.292803247882917,0.8019654872203107,0.0976148711834008,5.366681871861627,-0.0874469956970142
mixed,14.030037231905734,10.0,4.0,16.0,1.1364882594731456,0.2841220648682864,0.1087835518183861,79.22283898970022,0.1812594187253839,0.2845166512452499,0.790043680694744,0.0971701736840733,5.435937751663327,-0.0909836175978301
mixed,13.17491734148208,10.0,4.0,16.0,1.1883380698110535,0.2970845174527634,0.1091749552317844,79.59130031647157,0.1874045726006658,0.275276776884253,0.779629165804907,0.0968667112642845,5.519294431294197,-0.0942316878243244
mixed,12.371916345321608,10.0,4.0,16.0,1.241527794300567,0.3103819485751417,0.1093853661886121,80.40671683218007,0.1937459646568845,0.2652642895367507,0.7708693744068076,0.0967043497271671,5.616530703972752,-0.0971150016560672
mixed,11.617857637231843,10.0,4.0,16.0,1.296000896393231,0.3240002240983077,0.1094134938477613,81.66852151165877,0.2002541784012634,0.2546761029264245,0.7638834423335348,0.0966826861084619,5.727349182391797,-0.0995577588299836
mixed,10.909758222704642,10.0,4.0,16.0,1.351692890216807,0.3379232225542017,0.109259971154357,83.38024877359234,0.2068939319600678,0.2437137550994323,0.7587653789131188,0.0968010446450209,5.851376099162542,-0.1014902606149283
mixed,10.24481691843409,10.0,4.0,16.0,1.4085314532104536,0.3521328633026134,0.1089273334457511,85.54934979237554,0.2136246028875616,0.2325728198837784,0.755586797158355,0.0970584786779668,5.988162233662805,-0.1028541893506803
mixed,9.62040327106476,10.0,4.0,16.0,1.4664366361135526,0.3666091590283881,0.1084199415078957,88.1870338737257,0.2204009566180878,0.2214342378104347,0.7543987966707871,0.097453778397295,6.137185165642611,-0.1036068202562944
mixed,9.034047151333576,10.0,4.0,16.0,1.5253211728453206,0.3813302932113301,0.107743853522804,91.30813434181718,0.2271740545657747,0.210458108920216,0.7552326992952422,0.0979854840641351,6.297852973890831,-0.1037237165540026
mixed,8.48342898244072,10.0,4.0,16.0,1.5850908907819794,0.3962727226954948,0.1069066531101422,94.93099746831405,0.2338923062649214,0.1997801100060552,0.7580994385964731,0.0986519041063357,6.469509406011281,-0.1031997183613335
mixed,7.96637056399373,10.0,4.0,16.0,1.6456452197461022,0.4114113049365255,0.1059172427695861,99.0773931176056,0.2405026207655792,0.1895103546016738,0.7629875085188053,0.0994511372874049,6.651440451339939,-0.102048293936925
mixed,7.480826455225086,10.0,4.0,16.0,1.706877795734584,0.426719448933646,0.1047856133234444,103.77244596915952,0.2469516066540654,0.1797342608025032,0.7698594988753882,0.1003810980100122,6.842882161533984,-0.1002995289338738
mixed,7.024875883396023,10.0,4.0,16.0,1.768677153103,0.4421692882757499,0.1035226003917135,109.04458639176065,0.2531867680623006,0.1705148546690263,0.7786474012338482,0.1014395437389055,7.043029489624916,-0.0979971566179726
mixed,6.596715145376838,10.0,4.0,16.0,1.830927496676608,0.457731874169152,0.1021396385529231,114.9255202726895,0.2591576459156643,0.1618959107142634,0.7892470699423322,0.102624103514187,7.25104586375831,-0.0951950743257009
mixed,6.194650472344998,10.0,4.0,16.0,1.8935095431561857,0.4733773857890464,0.1006485227843283,121.45021733699843,0.2648168590741725,0.1539053907688215,0.8015124704432206,0.10393230656805,7.466073179618303,-0.091953761952094
mixed,5.817091329374358,10.0,4.0,16.0,1.9563014193126704,0.4890753548281675,0.0990611852161111,128.65691771928,0.2701210082225243,0.1465587552030612,0.8152506228795073,0.1053616101469382,7.687241886367301,-0.0883369400093014
mixed,5.462544123409224,10.0,4.0,16.0,2.019179602894386,0.5047949007235963,0.0973894933807348,136.58715676569255,0.275031415419017,0.1398618547306061,0.8302184090128192,0.1069094257642796,7.913680853344676,-0.0844087025364078
mixed,5.129606294732514,10.0,4.0,16.0,2.082019890970006,0.5205049727425015,0.0956450741890036,145.2858082421183,0.2795146831019099,0.1338132427936742,0.8461225801801467,0.1085731432526203,8.14452673553762,-0.0802312548441968
mixed,4.816960768554367,10.0,4.0,16.0,2.1446983796505745,0.5361745949126436,0.0938391659869137,154.801146301266,0.2835430670955699,0.1284058625130293,0.8626242850468826,0.1103501521367101,8.37893260043928,-0.0758632924938794
mixed,4.523370744772102,10.0,4.0,16.0,2.207092438808481,0.5517731097021202,0.0919824993709858,165.18492671482974,0.2870946679393721,0.1236281506038406,0.8793491278751973,0.1122378599992168,8.616075632344012,-0.0713589844157848
mixed,4.247674805290287,10.0,4.0,16.0,2.269081665554522,0.5672704163886305,0.0900852060459084,176.49248800535375,0.2901534530717448,0.1194646613025998,0.8959031076875036,0.1142337076501249,8.855163787344168,-0.0667674727594306
mixed,3.988782319545844,10.0,4.0,16.0,2.3305488008397424,0.5826372002099356,0.0881567539349512,188.78287321641815,0.2927091286732667,0.1158963476873525,0.9118937987804498,0.1163351810338845,9.095441328727862,-0.0621327741910806
mixed,3.745669130062843,10.0,4.0,16.0,2.3913805945904496,0.5978451486476124,0.0862059060029036,202.11897314046735,0.2947568841765268,0.112900649484109,0.9269549606499088,0.1185398199111049,9.336193224449207,-0.0574939587694299
mixed,3.517373500969382,10.0,4.0,16.0,2.451468606217956,0.612867151554489,0.0842406997972042,216.5676918834172,0.2962970346505155,0.1104515302361534,0.9407716823132763,0.1208452234334787,9.576748433126667,-0.0528854889018997
mixed,3.302992313449222,10.0,4.0,16.0,2.5107099291087938,0.6276774822771984,0.0822684445146042,232.20013568728305,0.2973345866917783,0.1085195872051806,0.9531025094275984,0.1232490527902017,9.816482141104816,-0.0483376176996902
mixed,3.101677493077699,10.0,4.0,16.0,2.5690078297239425,0.6422519574309856,0.0802957323962422,249.09182596030388,0.2978787523581114,0.1070723283259303,0.9637950604754968,0.1257490311567659,10.0548170391739,-0.0438767693142173
mixed,2.912632654908738,10.0,4.0,16.0,2.6262722941363896,0.6565680735340974,0.0783284614391513,267.32293748264533,0.2979424337016999,0.1060746743958988,0.9727925201850712,0.1283429411656759,10.291223746847692,-0.0395258503759048
mixed,2.735109953041209,10.0,4.0,16.0,2.682420477131129,0.6706051192827822,0.076371866611595,286.97856276919475,0.2975416972416477,0.105489703575827,0.9801299558876893,0.13102862020382,10.525220497458957,-0.0353044689347988
mixed,2.5684071222017817,10.0,4.0,16.0,2.73737705129727,0.6843442628243175,0.0744305571531776,308.14900358365196,0.2966952548683286,0.1052796112641546,0.9859212520239548,0.1338039537502104,10.756372204124595,-0.0312290630365005
mixed,2.411864699640997,10.0,4.0,16.0,2.791074455779968,0.697768613944992,0.0725085578285816,330.93009061428324,0.295423963963566,0.1054068163350316,0.9903391083750646,0.136666867033787,10.984289019454746,-0.0273129627105421
mixed,2.2648634163526316,10.0,4.0,16.0,2.843453046460448,0.710863261615112,0.070609352381934,355.423532345203,0.293750356444117,0.1058351107457884,0.9935915776638088,0.1396153152409822,11.208624496340155,-0.0235664239961649
mixed,2.1268217472962094,10.0,4.0,16.0,2.8944611512366407,0.7236152878091602,0.0687359277623083,381.7372941912285,0.2916982034286295,0.1065307314461414,0.9958988197472852,0.1426472724963503,11.42907344661648,-0.0199966792995977
mixed,1.99719361093156,10.0,4.0,16.0,2.94405503573889,0.7360137589347225,0.0668908179957581,409.98600901198694,0.2892921196631904,0.107463237221695,0.9974731743667666,0.1457607198189384,11.645369583131837,-0.0166080438359794
mixed,1.8754662089649552,10.0,4.0,16.0,2.9921987862026147,0.7480496965506537,0.0650761468482737,440.2914201841962,0.2865572097033403,0.1086060999731409,0.9985045578813868,0.148953632236873,11.857283019027394,-0.0134021043001546
mixed,1.7611579977610468,10.0,4.0,16.0,3.0388641173144633,0.7597160293286158,0.0632936686536675,472.7828584914068,0.2835187561388058,0.109936965072565,0.9991519151849192,0.1522239652260764,12.06461768650684,-0.0103779967133992
mixed,1.6538167833956727,10.0,4.0,16.0,3.084030113645213,0.7710075284113033,0.0615448068806695,507.5977541889295,0.280201948899529,0.1114375883790788,0.9995403207557036,0.1555696406092053,12.267208727272726,-0.0075327606170331
mixed,1.553017932813719,10.0,4.0,16.0,3.127682913788155,0.7819207284470389,0.0598306901603697,544.8821857185716,0.2766316536794964,0.1130935054186794,0.9997625315248024,0.1589885320553267,12.464919896336506,-0.0048617414395317
mixed,1.4583626940155214,10.0,4.0,16.0,3.1698153465527414,0.7924538366381854,0.0581521856374436,584.7914666831232,0.27283221700189,0.114893520030702,0.99988342721027,0.1624784502779588,12.657641013787496,-0.0023590053495926
mixed,1.3694766186266034,10.0,4.0,16.0,3.210426528544643,0.8026066321361608,0.0565099295956807,627.4907728439018,0.2688273050071901,0.1168291099441589,0.9999457943377744,0.1660371280369397,12.84528549100128,-1.7732039012847978e-05
mixed,1.2860080806105665,10.0,4.0,16.0,3.2495214322257473,0.8123803580564368,0.0549043553894946,673.1558110753986,0.2646397729161367,0.1188938362831744,0.99997620576667,0.1696622050268852,13.027787952186634,0.0021694410809019
mixed,1.2076268852652798,10.0,4.0,16.0,3.287110433125228,0.821777608281307,0.0533357187656338,721.9735323984169,0.260291562075802,0.1210828195268103,0.9999901756384908,0.1733512127299505,13.205101966869394,0.004210138170714
mixed,1.1340229629996768,10.0,4.0,16.0,3.323208844301877,0.8308022110754691,0.0518041207043498,774.1428914161844,0.2558036216149276,0.1233923149288974,0.9999961992814506,0.1771015592869723,13.377197905239944,0.0061120310341614
mixed,1.0649051427238374,10.0,4.0,16.0,3.3578364454741956,0.8394591113685489,0.0503095279123087,829.8756546959495,0.2511958517166043,0.1258193940605859,0.9999986279491964,0.180910514488077,13.54406092267279,0.0078826863146172
mixed,1.0,10.0,4.0,16.0,3.391017013472921,0.8477542533682303,0.0488517911588117,889.3972608707835,0.2464870660035318,0.1283617207313128,0.9999995398319204,0.1847751948723853,13.705689080813078,0.009529463066428
mixed,1778.2794100389228,10.0,10.0,10.0,0.031215265059355,0.0031215265059355,0.0134826225110961,1968.2503940316187,0.0025864098254306,0.9905214319879831,0.9999975325289708,0.2929150734727046,3.2222990949794417,0.0025604873668743
mixed,1669.8946588711192,10.0,10.0,10.0,0.0332345628669537,0.0033234562866953,0.0141085168039402,1964.0803673550024,0.0029761131459756,0.985788852869018,0.999997455585101,0.2878806871620928,3.430901256694994,0.0029314275535336
mixed,1568.115874245688,10.0,10.0,10.0,0.0353840242463943,0.0035384024246394,0.0147508950219645,1959.3747068347093,0.0034161311964095,0.9794192478444964,0.9999973660935596,0.282695758104622,3.6468718713573622,0.0033418979743906
mixed,1472.5404276241222,10.0,10.0,10.0,0.0376719776244911,0.0037671977624491,0.0154105636146849,1954.0679240024813,0.0039120448708085,0.971121503430136,0.9999972616374628,0.2773930582660512,3.870058232930329,0.0037928244850814
mixed,1382.790230365145,10.0,10.0,10.0,0.0401072760584367,0.0040107276058436,0.0160883125755164,1948.0874308435696,0.004469918246366,0.9606340733254884,0.9999971392315764,0.2720010737217166,4.100239641415727,0.0042843028538837
mixed,1298.51023803699,10.0,10.0,10.0,0.0426993291805034,0.0042699329180503,0.0167849215338439,1941.3530204895176,0.0050963207237837,0.9477478039931848,0.9999969951599826,0.2665446440788873,4.337123537157008,0.0048155018615861
mixed,1219.3670458907095,10.0,10.0,10.0,0.0454581369395813,0.0045458136939581,0.0175011645331135,1933.7763830730185,0.0057983469981731,0.9323265064683842,0.9999968247589736,0.2610454819335605,4.580341780572801,0.0053846277477372
mixed,1145.0475699382812,10.0,10.0,10.0,0.048394325220298,0.0048394325220298,0.0182378138119255,1925.260683967262,0.0065836342672212,0.9143224995157536,0.9999966221244438,0.2555225999885099,4.829447247960193,0.0059889608714858
mixed,1075.257808417991,10.0,10.0,10.0,0.0515191834211397,0.0051519183421139,0.0189956428136815,1915.7002388730416,0.0074603760145575,0.893784859913323,0.9999963797138162,0.2499926660358755,5.083910909504636,0.0066249651425977
mixed,1009.72167874753,10.0,10.0,10.0,0.0548447040731461,0.0054844704073146,0.0197754285857145,1904.980328447568,0.0084373316264391,0.8708591115982662,0.99999608779885,0.2444703008342051,5.343119552571035,0.0072884591291363
mixed,948.1799253639082,10.0,10.0,10.0,0.0583836245802861,0.0058383624580286,0.020577953683369,1892.9772042197576,0.0095238310039585,0.8457783766567784,0.9999957337063816,0.238968330229337,5.606374310060636,0.007974827497724
mixed,890.3890941296735,10.0,10.0,10.0,0.0621494711614262,0.0062149471161426,0.0214040076617816,1879.5583470642648,0.0107297732137282,0.8188473055784937,0.9999953007545276,0.233498000207226,5.872890148513327,0.0086792451392387
mixed,836.1205692482771,10.0,10.0,10.0,0.0661566050717448,0.0066156605071744,0.022254388213799,1864.5830489315777,0.0120656180690899,0.7904211014545606,0.9999947667464736,0.2280691616150831,6.141796462482018,0.0093968854459907
mixed,785.159668878704,10.0,10.0,10.0,0.0704202711783858,0.0070420271178385,0.0231299019942458,1847.9033969715767,0.0135423693435065,0.7608824448147218,0.999994101815624,0.2226904298338835,6.412138909712455,0.0101230886351353
mixed,737.3047958716827,10.0,10.0,10.0,0.0749566489609237,0.0074956648960923,0.0240313651563883,1829.3657453937328,0.0151715480811276,0.7306190586251535,0.9999932653113176,0.2173693235914743,6.682882605134436,0.0108534742206696
mixed,692.3666402678728,10.0,10.0,10.0,0.079782906001635,0.0079782906001635,0.0249596036149931,1808.8127627164745,0.0169651541844689,0.7000041254655321,0.9999922012499431,0.2121123862708918,6.952916770339904,0.0115839914065868
mixed,650.1674304031648,10.0,10.0,10.0,0.0849172540234575,0.0084917254023457,0.0259154530408785,1786.086138390927,0.0189356141308205,0.6693809772031067,0.9999908316026233,0.2069252924250957,7.221060908986574,0.0123109100442799
mixed,610.5402296585327,10.0,10.0,10.0,0.0903790075246201,0.009037900752462,0.0268997585834007,1761.03002070808,0.0210957123142209,0.6390526375085487,0.99998904629119,0.2018129417095833,7.486072547598296,0.0130307613060408
mixed,573.3282760724394,10.0,10.0,10.0,0.0961886450480092,0.0096188645048009,0.027913374309942,1733.4952348018307,0.023458503162842,0.609276080395332,0.9999866881340976,0.196779542050098,7.746656546111333,0.0137402407686
mixed,538.3843622033489,10.0,10.0,10.0,0.1023678731101137,0.0102367873110113,0.028957162344346,1703.3442929705338,0.0260372008971677,0.5802605679597124,0.9999835299906148,0.1918286835509991,8.001475943932167,0.0144360874119863
mixed,505.570252789143,10.0,10.0,10.0,0.108939692798562,0.0108939692798562,0.0300319916793027,1670.4571576121343,0.0288450436521385,0.5521691664783256,0.9999792397776308,0.1869634044005881,8.24916426628856,0.015114950869426
mixed,474.7561378997421,10.0,10.0,10.0,0.1159284690284902,0.011592846902849,0.0311387366307535,1634.737649249062,0.0318951287904555,0.5251224773954293,0.9999733265526154,0.1821862498284729,8.48833917353284,0.0157732570211263
mixed,445.8201194196514,10.0,10.0,10.0,0.1233600024258922,0.0123360002425892,0.0322782748951168,1596.120309933602,0.0352002167065294,0.4992036984360584,0.9999650569576022,0.1774993250071418,8.717617294171484,0.0164070795117617
mixed,418.6477288289951,10.0,10.0,10.0,0.1312616037803098,0.0131261603780309,0.0334514851625548,1554.5774401721983,0.0387725013888695,0.4744642876125268,0.9999533252557458,0.1729043426563243,8.935630042296028,0.0170120225577598
mixed,393.1314743754256,10.0,10.0,10.0,0.1396621709792743,0.0139662170979274,0.0346592442310561,1510.1259332671434,0.0426233475823775,0.4509296881522158,0.9999364508900204,0.1684026660000632,9.14104018322819,0.0175831188139321
mixed,369.1704158455517,10.0,10.0,10.0,0.1485922683023607,0.014859226830236,0.0359024235583233,1462.8334461465342,0.0467629966364953,0.4286047507194249,0.9999118635226648,0.1639953476316085,9.332558879287042,0.0181147452063675
mixed,346.66976525371945,10.0,10.0,10.0,0.1580842079130518,0.0158084207913051,0.0371818851757933,1412.8233848381683,0.0512002460089447,0.4074786418305301,0.9998756151381952,0.1596831647768047,9.50896292112982,0.0186005594966742
mixed,325.5405118685032,10.0,10.0,10.0,0.1681721333413025,0.0168172133341302,0.0384984768841866,1360.278161621082,0.0559421108055821,0.3875291468520293,0.9998216302889592,0.1554666513629869,9.669111832109175,0.0190334608564037
mixed,305.6990700935378,10.0,10.0,10.0,0.1788921046981948,0.0178892104698194,0.0398530266320166,1305.4402141588248,0.0609934793608232,0.3687263631245213,0.9997405679965166,0.1513461272710261,9.811964521249012,0.0194055788122197
mixed,287.0669488097448,10.0,10.0,10.0,0.1902821853057795,0.0190282185305779,0.0412463359711945,1248.6103744615034,0.066356778342215,0.3510358373276848,0.9996181235863892,0.1473217250845048,9.93659515881064,0.0197082964988996
mixed,269.57044087089156,10.0,10.0,10.0,0.2023825293595305,0.020238252935953,0.0426791724682356,1190.1433389388928,0.0720316656618532,0.334421236187406,0.9994325520529904,0.1433934146200771,10.04220795432084,0.0199323161058146
mixed,253.1403315241567,10.0,10.0,10.0,0.2152354701671655,0.0215235470167165,0.0441522609359993,1130.4402107007725,0.0780147710997258,0.3188466545201284,0.9991511608174622,0.1395610254878171,10.128150531737653,0.0200677764867645
mixed,237.7116246022335,10.0,10.0,10.0,0.2288856084253078,0.0228885608425307,0.0456662733354571,1069.9383404436971,0.0842995045454926,0.3042786611731893,0.9987255246963326,0.1358242679031162,10.193925619072353,0.0201044346329911
mixed,223.22328540381503,10.0,10.0,10.0,0.2433798999039694,0.0243379899903969,0.0472218171862527,1009.0989516517512,0.0908759499149256,0.2906881618091485,0.9980852573765668,0.1321827519355832,10.23920080028146,0.0200319232427542
mixed,209.61799924531277,10.0,10.0,10.0,0.2587677418075819,0.0258767741807581,0.0488194222930943,948.3932631809868,0.0977308590391499,0.2780521182761145,0.9971303763012228,0.1286360053974171,10.263816111660717,0.0198400947820522
mixed,196.84194472866113,10.0,10.0,10.0,0.2751010569697433,0.0275101056969743,0.0504595256124099,888.2879829567376,0.1048477546845258,0.2663551103831963,0.995722657968906,0.1251834904760042,10.267789310232024,0.019519457050356
mixed,184.8445808282741,10.0,10.0,10.0,0.2924343749165775,0.0292434374916577,0.0521424540291505,829.2311147136,0.1122071455638884,0.2555906674058051,0.9936769008536036,0.1218246192953133,10.251318682574343,0.0190616957829979
mixed,173.5784469548853,10.0,10.0,10.0,0.3108249087002802,0.031082490870028,0.0538684048344082,771.6389842757454,0.1197868499201202,0.2457622487680809,0.9907536323671836,0.1185587684960383,10.21478331484225,0.0184602672793475
mixed,162.99897520534324,10.0,10.0,10.0,0.3303326262598631,0.0330332626259863,0.0556374236701737,715.8852587958592,0.12756241840214,0.2368837371444262,0.9866553699266292,0.1153852929478181,10.15874079320551,0.0177110315741476
mixed,153.06431405563595,10.0,10.0,10.0,0.3510203149103441,0.0351020314910344,0.0574493797060459,662.2925233887041,0.1355076423310301,0.2289793384519505,0.9810288560833744,0.1123035386862557,10.083922355227676,0.016812889257319
mixed,143.73516279968806,10.0,10.0,10.0,0.3729536373948937,0.0372953637394893,0.0593039378276895,611.1267272861847,0.1435951304425999,0.222082864084848,0.9734754953606508,0.1093128551348288,9.991225564410332,0.015768387764306
mixed,134.97461607898632,10.0,10.0,10.0,0.3962011777572974,0.0396201177757297,0.0612005276085587,562.5945524254918,0.1517969357205574,0.2162364828419581,0.9635713584937357,0.1064126066970712,9.8817046274327,0.0145842782922312
mixed,126.74801788800204,10.0,10.0,10.0,0.4208344751054644,0.0420834475105464,0.0631383088930023,516.8435244311759,0.1600852141347621,0.2114891364591888,0.95089659079251,0.1036021837397763,9.756558523587737,0.0132720301018444
mixed,119.02282447787157,10.0,10.0,10.0,0.4469280431419309,0.044692804314193,0.0651161338417735,473.96450374036465,0.1684328982126354,0.2078948733184766,0.9350720981938444,0.1008810130123887,9.617117158023152,0.0118483373516342
mixed,111.76847561598989,10.0,10.0,10.0,0.4745593731362941,0.0474559373136294,0.0671325053701563,433.9960761619147,0.1768143702440532,0.2055113423486908,0.915799430922656,0.0982485675120283,9.46482579182265,0.0103356745470197
mixed,104.95627369223337,10.0,10.0,10.0,0.5038089178097096,0.0503808917809709,0.0691855320033442,396.9303090542142,0.1852061219205433,0.2043986024164464,0.8928983844254045,0.0957043757897654,9.301228037434337,0.008762961024343
mixed,98.55927019356292,10.0,10.0,10.0,0.5347600533962344,0.0534760053396234,0.0712728793012855,362.7193439630568,0.193587389009074,0.2046182655859088,0.8663364615146205,0.0932480306783835,9.127947737806696,0.0071663778538327
mixed,92.55215909791352,10.0,10.0,10.0,0.5674990169438239,0.0567499016943823,0.0733917181797462,331.2823455928563,0.2019407510563303,0.2062328427685184,0.8362452135062868,0.0908791973965825,8.946670071478842,0.00559034273876
mixed,86.9111767656428,10.0,10.0,10.0,0.6021148157241402,0.060211481572414,0.0755386706689031,302.51240473574654,0.2102526869567483,0.2093050328495634,0.8029204779879233,0.0885976209671424,8.759122241851248,0.0040885945877891
mixed,81.6140079325183,10.0,10.0,10.0,0.6386991054408219,0.0638699105440821,0.0777097539225867,276.28308424856834,0.2185140775694385,0.2138966145647765,0.7668062020493512,0.0864031328616888,8.567054117025217,0.0027252759732317
mixed,76.63969743235928,10.0,10.0,10.0,0.6773460337674608,0.067734603376746,0.0799003236177501,252.45438991941077,0.2267206465150661,0.2200665740719129,0.7284642353057214,0.0842956567617509,8.372219185661551,0.0015758355396101
mixed,71.96856730011521,10.0,10.0,10.0,0.7181520456173031,0.0718152045617303,0.0821050182687625,230.8780331539306,0.2348733299907975,0.2278681320297877,0.6885345655437327,0.0822752133017959,8.176356183895821,0.000727510944872
mixed,67.58213892744703,10.0,10.0,10.0,0.7612156464559178,0.0761215646455917,0.084317706420785,211.4019244302856,0.2429785660746599,0.237344422605149,0.647691529741002,0.0803419236367868,7.981171728034991,0.0002791054101226
mixed,63.46305996286578,10.0,10.0,10.0,0.8066371199261789,0.0806637119926178,0.0865314391713117,193.8738930712041,0.2510484937075799,0.2485227265099882,0.6066014577820382,0.0784960116555678,7.788324257496108,0.0003397504554692
mixed,59.59503566725067,10.0,10.0,10.0,0.8545181960735605,0.085451819607356,0.0887384109807075,178.14467002082927,0.259101051472674,0.2614073755306645,0.5658861892830922,0.0767378046437831,7.599409552532723,0.0010263711973904
mixed,55.962764453195526,10.0,10.0,10.0,0.9049616665515978,0.0904961666551597,0.0909299322420568,164.07019746372714,0.267159966536799,0.2759717256253433,0.5260953303509102,0.0750677321882037,7.415948042459021,0.0024596579904343
mixed,52.55187735318167,10.0,10.0,10.0,0.9580709433660708,0.095807094336607,0.0930964175460394,151.51334456855454,0.2752546247513706,0.2921499209043438,0.4876884159845941,0.0734863231107166,7.239374063538466,0.0047585144678675
mixed,49.34888117711905,10.0,10.0,10.0,1.0139495579962885,0.1013949557996288,0.0952273939419662,140.34511493975936,0.283419813978584,0.3098294948958393,0.4510266650399774,0.0719942002276685,7.071027163151324,0.0080331985463019
mixed,46.34110513439105,10.0,10.0,10.0,1.072700598127403,0.1072700598127402,0.0973115336921738,130.44543098847603,0.2916953342539189,0.3288460994088097,0.4163729631465586,0.0705920727517294,6.912145480481758,0.0123776760252095
mixed,43.51665070924416,10.0,10.0,10.0,1.134426079753488,0.1134426079753488,0.0993367159635324,121.7035755577372,0.3001254704499466,0.3489817140117672,0.3838981401490404,0.0692807261918537,6.763861166393829,0.0178620100586266
mixed,40.86434459123405,10.0,10.0,10.0,1.1992262530808735,0.1199226253080873,0.1012901215120157,114.01836352957548,0.3087583257047079,0.3699674768577314,0.3536914655557509,0.0680610096645405,6.627197739382971,0.0245258296460473
mixed,38.373694474524115,10.0,10.0,10.0,1.2671988414874382,0.1267198841487438,0.1031583636135253,107.2981071633874,0.317645017050388,0.3914917477328845,0.3257734511163447,0.0669338206081929,6.503069213668162,0.0323739641298762
mixed,36.03484755118287,10.0,10.0,10.0,1.3384382137861697,0.1338438213786169,0.1049276572150274,101.46042954976328,0.3268387384490707,0.4132132173202721,0.3001093940006227,0.0659000869916358,6.392280782882631,0.0413751335649194
mixed,33.83855153428233,10.0,10.0,10.0,1.4130344912073505,0.141303449120735,0.1065840264968536,96.43197147663138,0.3363937008023319,0.4347779706372404,0.2766225052220249,0.0649607472262061,6.295530801427498,0.0514641462980665
mixed,31.776118056608645,10.0,10.0,10.0,1.4910725918556575,0.1491072591855657,0.1081135487747364,92.1480286068658,0.3463639633883069,0.4558386290915147,0.2552058663023632,0.0641167281241424,6.2134137779318515,0.0625474578361343
mixed,29.83938830019264,10.0,10.0,10.0,1.572631216913492,0.1572631216913492,0.1095026300341726,88.55214838021395,0.3568021765221894,0.4760732614154905,0.2357327964942873,0.0633689213808886,6.146424083723536,0.0745113382657786
mixed,28.020700720694048,10.0,10.0,10.0,1.657781784540355,0.1657781784540355,0.1107383044978752,85.59570956409503,0.3677582604736918,0.4952018001899467,0.2180654742536602,0.0627181592147807,6.094960082451429,0.087231443724644
mixed,26.312860738959433,10.0,10.0,10.0,1.7465873192427337,0.1746587319242733,0.1118085478705394,83.23750188340787,0.3792780512828443,0.5129982054072392,0.2020618398233301,0.0621651898841136,6.059328410511932,0.1005824072604916
mixed,24.709112279856043,10.0,10.0,10.0,1.8391013064334456,0.1839101306433445,0.1127025913390577,81.44331859860753,0.3914019481375033,0.5292974172143422,0.1875809209991752,0.0617106539425761,6.039748169953444,0.1144461813817092
mixed,23.203111045791875,10.0,10.0,10.0,1.9353665239275943,0.1935366523927594,0.113411221664949,80.18557118255394,0.404163600616191,0.5439969995427427,0.1744867859350068,0.0613550621123146,6.036354845454831,0.1287182110188318
mixed,21.78889941919376,10.0,10.0,10.0,2.035413864187809,0.2035413864187809,0.1139270518514589,79.44293226522822,0.4175886753273166,0.5570540825498147,0.1626513500106554,0.061098775674432,6.0492038108935136,0.1433109683637821
mixed,20.46088289466012,10.0,10.0,10.0,2.139261163177186,0.2139261163177185,0.1142447472741283,79.20001066494841,0.431693740613302,0.5684786398913124,0.1519562612687597,0.060941990217132,6.078273350102253,0.1581548138894021
mixed,19.213807947555622,10.0,10.0,10.0,2.246912053637098,0.2246912053637098,0.1143611938949736,79.44706050441566,0.4464853045078956,0.5783242716723322,0.1422940709728757,0.0608847234644724,6.123467174331781,0.1731964733499807
mixed,18.042741251497876,10.0,10.0,10.0,2.358354862402367,0.2358354862402367,0.1142755981793985,80.17972502869632,0.4619590350528698,0.5866775725235579,0.1335688700385749,0.0609268077384921,6.184616471565021,0.1883956057023396
mixed,16.943050162522237,10.0,10.0,10.0,2.473561572914163,0.2473561572914163,0.1139895123797249,81.39881472050898,0.4780991838561906,0.5936469492243688,0.1256965437737041,0.0610678873908393,6.261481567315801,0.2037199946404015
mixed,15.910384392721523,10.0,10.0,10.0,2.592486875302646,0.2592486875302646,0.1135067835493843,83.11011857821856,0.4948782241367594,0.5993515093216617,0.1186047701476983,0.0613074212968091,6.353753310682669,0.2191398650348036
mixed,14.940658800863334,10.0,10.0,10.0,2.7150673271960564,0.2715067327196056,0.1128334295252813,85.32424692731233,0.5122567045284836,0.6039104353202323,0.1122328630730454,0.0616446902539031,6.461054322687068,0.2346217480113105
mixed,14.030037231905734,10.0,10.0,10.0,2.8412206486828637,0.2841220648682864,0.111977449650577,88.05650383062543,0.5301833108055456,0.607433115631134,0.1065315434394598,0.0620788088901527,6.5829402568475945,0.250122229482516
mixed,13.17491734148208,10.0,10.0,10.0,2.970845174527634,0.2970845174527634,0.1109485817473541,91.32678700881642,0.5485951205813043,0.610010222317162,0.1014627077840566,0.0626087414837364,6.718901225924946,0.2655818389216451
mixed,12.371916345321608,10.0,10.0,10.0,3.1038194857514174,0.3103819485751417,0.1097580194496492,95.15951315061712,0.567418031787914,0.6117058901005785,0.0969992579206491,0.0632333209400597,6.868363545513071,0.2809192793681604
mixed,11.617857637231843,10.0,10.0,10.0,3.2400022409830775,0.3240002240983077,0.1084181052972603,99.58356655825004,0.5865673447763416,0.6125511411918869,0.0931250546121801,0.0639512700746539,7.030691936159901,0.2960261704537143
mixed,10.909758222704642,10.0,10.0,10.0,3.3792322255420175,0.3379232225542017,0.1069420149695406,104.63226921790492,0.6059484800550541,0.6125387012618988,0.0898350641616343,0.0647612243125869,7.205192311914441,0.3107624747121225
mixed,10.24481691843409,10.0,10.0,10.0,3.521328633026134,0.3521328633026134,0.1053434468603647,110.3433705926486,0.6254578183290812,0.6116193568822875,0.0871357780869837,0.0656617549342853,7.391115264796308,0.3249528036928015
mixed,9.62040327106476,10.0,10.0,10.0,3.6660915902838815,0.3666091590283881,0.1036363291280242,116.7590556925352,0.6449836555031687,0.6097000164001939,0.0850460021219309,0.066651392064894,7.587660331276763,0.3383838547199416
mixed,9.034047151333576,10.0,10.0,10.0,3.8133029321133014,0.3813302932113301,0.1018345537208286,123.92597027271974,0.6644072713086684,0.6066436640780715,0.0835981307496873,0.0677286467081396,7.793981097730274,0.3508033125741913
mixed,8.48342898244072,10.0,10.0,10.0,3.962727226954948,0.3962727226954948,0.0999517440081011,131.8952623349127,0.683604114816017,0.6022714554867676,0.0828400460963715,0.068892031253946,8.009191166426278,0.3619206648884337
mixed,7.96637056399373,10.0,10.0,10.0,4.114113049365256,0.4114113049365255,0.098001059846716,140.72263945114534,0.7024451124107163,0.5963673049283498,0.0828378032660167,0.0701400780166129,8.232370963226405,0.3714105274946032
mixed,7.480826455225086,10.0,10.0,10.0,4.26719448933646,0.426719448933646,0.0959950413211367,150.4684417825396,0.7207981020093437,0.5886854711722965,0.0836792843691732,0.0714713555311549,8.462575319756597,0.3789192530519031
mixed,7.024875883396023,10.0,10.0,10.0,4.421692882757499,0.4421692882757499,0.0939454903896192,161.1977310209232,0.7385293941516554,0.5789618431588487,0.0854790135173367,0.0728844823935793,8.698841720621777,0.3840757853903006
mixed,6.596715145376838,10.0,10.0,10.0,4.57731874169152,0.457731874169152,0.0918633879123319,172.9803958293181,0.7555054513264611,0.5669298134881198,0.0883843118983287,0.0743781386271449,8.940199053591128,0.386507868149625
mixed,6.194650472344998,10.0,10.0,10.0,4.733773857890464,0.4733773857890464,0.0897588425253932,185.89127469063095,0.7715946685442708,0.5523416864594475,0.0925829129357743,0.0759510745793884,9.18567666609715,0.3858647065938153
mixed,5.817091329374358,10.0,10.0,10.0,4.890753548281675,0.4890753548281675,0.0876410671091117,200.01029738497903,0.7866692267829578,0.5349963006379019,0.0983120151503502,0.077602117459694,9.434313498704034,0.3818468158249851
mixed,5.462544123409224,10.0,10.0,10.0,5.047949007235964,0.5047949007235963,0.0855183783449879,215.42264659859444,0.8006069808427001,0.5147726777151482,0.1058684681149074,0.0793301756667109,9.685167050449609,0.374242793767765
mixed,5.129606294732514,10.0,10.0,10.0,5.205049727425015,0.5205049727425015,0.0833982148778976,232.2189414158833,0.8132933342672242,0.4916677764561145,0.1156192874668304,0.0811342410989797,9.93732192886316,0.3629708680822242
mixed,4.816960768554367,10.0,10.0,10.0,5.361745949126436,0.5361745949126436,0.0812871699011778,250.49544465713868,0.8246230488089067,0.4658337816430313,0.1280108883813991,0.0830133896241342,10.189897754503264,0.3481202360134633
mixed,4.523370744772102,10.0,10.0,10.0,5.517731097021202,0.5517731097021202,0.0791910343022982,270.35429619535284,0.8345019319838964,0.4376072643522051,0.1435742404024959,0.0849667799573706,10.442056213500033,0.3299839361754345
mixed,4.247674805290287,10.0,10.0,10.0,5.672704163886305,0.5672704163886305,0.0771148470972284,291.9037745160331,0.8428483493259098,0.407520256067814,0.1629215916174755,0.0869936511079458,10.69300709832972,0.3090725631002406
mixed,3.988782319545844,10.0,10.0,10.0,5.826372002099356,0.5826372002099356,0.0750629503141486,315.25858887517614,0.8495945113874797,0.3762836627385568,0.1867287011126535,0.0890933186092702,10.942013220075587,0.2860985204765903
mixed,3.745669130062843,10.0,10.0,10.0,5.978451486476124,0.5978451486476124,0.0730390460293827,340.5402044655735,0.8546874941067091,0.3447381175551871,0.2156952326948683,0.0912651697038753,11.18839412901152,0.2619254081105756
mixed,3.517373500969382,10.0,10.0,10.0,6.12867151554489,0.612867151554489,0.0710462537379359,367.8772030249926,0.8580899616919064,0.3137761950640349,0.2504761740364521,0.0935086576270519,11.43152863162234,0.2374864271458236
mixed,3.302992313449222,10.0,10.0,10.0,6.276774822771984,0.6276774822771984,0.0690871666186479,397.40568131740656,0.8597805720500642,0.284249963639572,0.2915803660385163,0.0958232951649087,11.670856135274382,0.2136863304765417
mixed,3.101677493077699,10.0,10.0,10.0,6.422519574309856,0.6422519574309856,0.0671639057107291,429.2696898972678,0.8597540591470088,0.256884289143733,0.3392399073316696,0.0982086475467945,11.905876897543356,0.1913083608229063
mixed,2.912632654908738,10.0,10.0,10.0,6.565680735340974,0.6565680735340974,0.065278171220362,463.6217145344687,0.8580209965866106,0.2322152676870342,0.39326660525219,0.1006643248333245,12.136151280307876,0.1709467299620734
mixed,2.735109953041209,10.0,10.0,10.0,6.706051192827822,0.6706051192827822,0.0634312905171895,500.62320264200986,0.8546072597937426,0.2105647305618812,0.45292635821209,0.1031899738501042,12.361298136506251,0.1529765115901795
mixed,2.5684071222017817,10.0,10.0,10.0,6.843442628243174,0.6843442628243175,0.06162426254142,540.4451370173892,0.8495532129851497,0.192050149013454,0.5168733863727841,0.1057852697500218,12.58099246696148,0.1375607109770947
mixed,2.411864699640997,10.0,10.0,10.0,6.97768613944992,0.697768613944992,0.0598577985137863,583.2686591897391,0.8429126551972443,0.1766199426061158,0.5831853237269617,0.108449907260559,12.794962490005888,0.1246844588428126
mixed,2.2648634163526316,10.0,10.0,10.0,7.10863261615112,0.710863261615112,0.0581323589596434,629.2857446645925,0.8347515653217604,0.1641004369299803,0.6495211924607315,0.1111835916633,13.002986264101484,0.11420221462373
mixed,2.1268217472962094,10.0,10.0,10.0,7.236152878091602,0.7236152878091602,0.0564481871470271,678.6999323826063,0.8251466896688909,0.1542423263939479,0.7133889299862789,0.1139860295433546,13.204887995862,0.1058853952603254
mixed,1.99719361093156,10.0,10.0,10.0,7.360137589347225,0.7360137589347225,0.054805339100563,731.7271107624742,0.8141840170771626,0.1467590356943792,0.7724697591047863,0.1168569193386744,13.40053415421739,0.099462449952206
mixed,1.8754662089649552,10.0,10.0,10.0,7.480496965506536,0.7480496965506537,0.0532037103942324,788.5963627851548,0.8019571862092231,0.1413541937721782,0.8249216974414889,0.1197959417127082,13.589829497343604,0.0946483236862434
mixed,1.7611579977610468,10.0,10.0,10.0,7.597160293286159,0.7597160293286158,0.0516430599504672,849.5508726989663,0.7885658676601128,0.1377389398815457,0.8695877098174009,0.1228027497687198,13.7727131036039,0.0911638232460429
mixed,1.6538167833956727,10.0,10.0,10.0,7.710075284113032,0.7710075284113033,0.0501230310849602,914.8488970844504,0.7741141601626169,0.1356415595730822,0.906065155443152,0.125876959119816,13.949154482120305,0.0887471900569187
mixed,1.553017932813719,10.0,10.0,10.0,7.819207284470389,0.7819207284470389,0.0486431700388709,984.7648032145884,0.758709035812878,0.1348123087720353,0.9346375261092336,0.1290181378255792,14.119149823446092,0.0871605317965488
mixed,1.4583626940155214,10.0,10.0,10.0,7.924538366381854,0.7924538366381854,0.0472029422355866,1059.5901778796456,0.7424588641809107,0.1350257722034043,0.95610711007724,0.1322257962037053,14.28271843669545,0.0861932581107268
mixed,1.3694766186266034,10.0,10.0,10.0,8.026066321361608,0.8026066321361608,0.0458017464897606,1139.6350101155924,0.7254720397113984,0.1360822235038498,0.9715847178169248,0.1354993765233758,14.43989940673421,0.0856638436124325
mixed,1.2860080806105665,10.0,10.0,10.0,8.123803580564369,0.8123803580564368,0.0444389273837592,1225.2289515792538,0.7078557312367877,0.1378085828755332,0.98228856031887,0.1388382425859233,14.59074849384687,0.0854204830183237
mixed,1.2076268852652798,10.0,10.0,10.0,8.217776082813069,0.821777608281307,0.043113786012032,1316.722658650428,0.6897147669496486,0.1400589379948238,0.989386685871929,0.1422416691978513,14.735335288723434,0.0853407151664708
mixed,1.1340229629996768,10.0,10.0,10.0,8.308022110754692,0.8308022110754691,0.0418255892783136,1414.489220709319,0.6711506630111149,0.1427143041928679,0.9938965028346392,0.1457088315412301,14.873740627638838,0.0853299259954326
mixed,1.0649051427238374,10.0,10.0,10.0,8.39459111368549,0.8394591113685489,0.0405735779155011,1518.9256794351538,0.6522607992799399,0.1456813266390108,0.9966383707877432,0.1492387944444679,15.006054266327036,0.0853187265699856
mixed,1.0,10.0,10.0,10.0,8.477542533682303,0.8477542533682303,0.0393569733755836,1630.454644397155,0.6331377412967341,0.1488898552994073,0.99823089398279,0.1528305015767616,15.13237280526106,0.0852594063120386
mixed,1778.2794100389228,10.0,16.0,4.0,0.0499444240949681,0.0031215265059355,0.0129981482282368,1957.0031903949784,0.0036146980143323,0.9860166046658032,0.5525966046047619,0.176631869836609,3.772440721095269,0.0035608319429813
mixed,1669.8946588711192,10.0,16.0,4.0,0.053175300587126,0.0033234562866953,0.0134759206212003,1951.393185684832,0.0040724924897159,0.9812968694602452,0.5508584960355668,0.171998183058364,3.975664621848043,0.0039912893721502
mixed,1568.115874245688,10.0,16.0,4.0,0.0566144387942309,0.0035384024246394,0.0139684787204375,1945.0728910748703,0.0045821672769627,0.975495403916164,0.5489239781715475,0.1674554160055164,4.185296542096574,0.0044624048961438
mixed,1472.5404276241222,10.0,16.0,4.0,0.0602751641991858,0.0037671977624491,0.0144762896115426,1937.958291846605,0.0051486269820675,0.9685107916014856,0.5467706619408362,0.1630044333470001,4.401055161318746,0.0049756067931081
mixed,1382.790230365145,10.0,16.0,4.0,0.0641716416934988,0.0040107276058436,0.0149998319808132,1929.9570418075984,0.005777075783296,0.9602659234648,0.5443738406757966,0.1586458107765852,4.622592146242867,0.0055319460195911
mixed,1298.51023803699,10.0,16.0,4.0,0.0683189266888055,0.0042699329180503,0.0155395962649516,1920.9680779042992,0.0064730067606029,0.9507142579576852,0.5417063368196012,0.154379865606846,4.849487920931012,0.0061320690772409
mixed,1219.3670458907095,10.0,16.0,4.0,0.0727330191033301,0.0045458136939581,0.016096084756782,1910.88135012938,0.0072421847616128,0.9398445554534052,0.5387383662645168,0.1502066844493456,5.081247859939505,0.0067762139098324
mixed,1145.0475699382812,10.0,16.0,4.0,0.0774309203524768,0.0048394325220298,0.0166698116612177,1899.577713639585,0.0080906219062887,0.9276836418521652,0.5354374312124447,0.1461261482900301,5.317299038855957,0.0074642308816158
mixed,1075.257808417991,10.0,16.0,4.0,0.0824306934738236,0.0051519183421139,0.0172613030942733,1886.9290393903857,0.009024544833926,0.9142969555308432,0.5317682553597323,0.142137955233372,5.556987685531591,0.0081956286442638
mixed,1009.72167874753,10.0,16.0,4.0,0.0877515265170338,0.0054844704073146,0.01787109701659,1872.7986092419017,0.0100503528253594,0.8997868650779904,0.5276927785301752,0.1382416411563602,5.799577481805712,0.0089696424897748
mixed,948.1799253639082,10.0,16.0,4.0,0.0934137993284578,0.0058383624580286,0.0184997430913673,1857.041870685788,0.011174565995155,0.8842889758633168,0.5231702315369416,0.1344365984860789,6.04424886863144,0.0097853209749129
mixed,890.3890941296735,10.0,16.0,4.0,0.099439153858282,0.0062149471161426,0.0191478024552865,1839.507634037823,0.012403762848563,0.8679668353378777,0.5181573158823565,0.130722093288323,6.2900995066389225,0.0106416254710092
mixed,836.1205692482771,10.0,16.0,4.0,0.1058505681147917,0.0066156605071744,0.0198158473884839,1820.0397996938975,0.0137445066393291,0.8510055726926133,0.5126085166204569,0.1270972808379323,6.53614603825544,0.0115375369726534
mixed,785.159668878704,10.0,16.0,4.0,0.1126724338854174,0.0070420271178385,0.0205044608682642,1798.479702989266,0.0152032601533713,0.8336050549400988,0.5064765798747479,0.1235612198186895,6.781327286470939,0.0124721649510812
mixed,737.3047958716827,10.0,16.0,4.0,0.119930638337478,0.0074956648960923,0.0212142359881886,1774.66915705929,0.0167862887801781,0.8159731112169949,0.4997131884876616,0.1201128852887931,7.024509008014198,0.0134448540694769
mixed,692.3666402678728,10.0,16.0,4.0,0.1276526496026161,0.0079782906001635,0.0219457752217404,1748.4542573067056,0.0184995520228787,0.7983192857250062,0.4922698692266494,0.1167511805322004,7.264490295311957,0.0144552859050517
mixed,650.1674304031648,10.0,16.0,4.0,0.135867606437532,0.0084917254023457,0.0226996895065499,1719.6899820086326,0.0203485839385436,0.7808494506138187,0.4840991618106801,0.1134749479046736,7.50001169170283,0.0155035741395882
mixed,610.5402296585327,10.0,16.0,4.0,0.1446064120393923,0.009037900752462,0.0234765971221644,1688.245579956796,0.0223383633928644,0.7637614682089079,0.475156072504558,0.1102829787706027,7.729765048383867,0.01659035272389
mixed,573.3282760724394,10.0,16.0,4.0,0.1539018320768148,0.0096188645048009,0.0242771223252752,1654.0106764406044,0.0244731754453475,0.7472419588667656,0.4653998218544852,0.1071740226374222,7.952405108649459,0.0177168571093254
mixed,538.3843622033489,10.0,16.0,4.0,0.1637885969761819,0.0102367873110113,0.0251018937195748,1616.9019536293504,0.0267564656918281,0.731464120850601,0.4547958761767415,0.1041467955150551,8.166562761887102,0.0188849987171718
mixed,505.570252789143,10.0,16.0,4.0,0.1743035084776993,0.0108939692798562,0.0259515422964487,1576.870173233233,0.0291906898535475,0.7165864707057931,0.4433182250258162,0.1011999876635783,8.37085985176486,0.0200974323402257
mixed,474.7561378997421,10.0,16.0,4.0,0.1854855504455844,0.011592846902849,0.0268266991216436,1533.9072141914403,0.0317771615134332,0.7027523255492921,0.4309518323724296,0.0983322707070865,8.563925379497768,0.0213576153398001
mixed,445.8201194196514,10.0,16.0,4.0,0.1973760038814275,0.0123360002425892,0.0277279926006457,1488.0527056798046,0.0345159013940726,0.6900898314428244,0.4176951493482342,0.095542304229292,8.74441288226216,0.0226698563270899
mixed,418.6477288289951,10.0,16.0,4.0,0.2100185660484957,0.0131261603780309,0.0286560452661683,1439.3997590767754,0.0374054921359444,0.678712346256764,0.4035625347573912,0.0928287418895561,8.91101871873916,0.0240393497741697
mixed,393.1314743754256,10.0,16.0,4.0,0.2234594735668388,0.0139662170979274,0.0296114700178546,1388.0992572347466,0.0404429430215673,0.6687190054051173,0.3885863917351914,0.0901902371141198,9.062500944565643,0.0254721917964713
mixed,369.1704158455517,10.0,16.0,4.0,0.2377476292837772,0.014859226830236,0.0305948657359903,1334.3621613405658,0.043623569512553,0.6601953275454776,0.3728188023282056,0.0876254484105893,9.197698418403444,0.0269753713691475
mixed,346.66976525371945,10.0,16.0,4.0,0.2529347326608829,0.0158084207913051,0.0316068121811499,1278.4593578789145,0.0469408927726541,0.6532137495111574,0.3563324345945035,0.0851330443500825,9.315549745213552,0.0285567306160869
mixed,325.5405118685032,10.0,16.0,4.0,0.269075413346084,0.0168172133341302,0.0326478640810859,1220.718697352293,0.0503865644995584,0.6478340113956812,0.3392205165358625,0.0827117082578687,9.415111639277994,0.0302248876461658
mixed,305.6990700935378,10.0,16.0,4.0,0.2862273675171117,0.0178892104698194,0.0337185442946307,1161.5190692760148,0.0539503223392592,0.6441033412891612,0.321595722382829,0.080360142650345,9.495576277192372,0.0319891157680818
mixed,287.0669488097448,10.0,16.0,4.0,0.3044514964892472,0.0190282185305779,0.0348193359303241,1101.281599569731,0.0576199808742042,0.6420564133733925,0.3035878991114968,0.0780770734530105,9.556287211777995,0.0338591738101343
mixed,269.57044087089156,10.0,16.0,4.0,0.3238120469752488,0.020238252935953,0.0359506732848723,1040.4583203873217,0.0613814626357982,0.6417150726895093,0.2853406678558218,0.0758612540312753,9.596753432375658,0.0358450836802466
mixed,253.1403315241567,10.0,16.0,4.0,0.3443767522674648,0.0215235470167165,0.0371129314538199,979.5189140780518,0.0652188727865712,0.6430878355132797,0.2670070529849555,0.0737114690630538,9.61666118552876,0.0379568531691502
mixed,237.7116246022335,10.0,16.0,4.0,0.3662169734804925,0.0228885608425307,0.0383064144544941,918.9363354990516,0.0691146200608343,0.6461691871520344,0.2487444033545437,0.0716265382790178,9.615883212278666,0.0402041442561872
mixed,223.22328540381503,10.0,16.0,4.0,0.3894078398463511,0.0243379899903969,0.0395313416896586,859.1722385091075,0.0730495852773386,0.6509387107446173,0.2307089568164782,0.0696053200936598,9.594485113169972,0.0425958897573563
mixed,209.61799924531277,10.0,16.0,4.0,0.4140283868921311,0.0258767741807581,0.0407878325709627,800.6631533277721,0.0770033372955007,0.657360093032601,0.213050444875234,0.0676467151465368,9.552728618172946,0.0451398640178094
mixed,196.84194472866113,10.0,16.0,4.0,0.4401616911515892,0.0275101056969743,0.0420758891143534,743.8082781640718,0.0809543947368384,0.6653800676252759,0.1959071308650234,0.0657496697700139,9.491071613905866,0.0478422164868305
mixed,184.8445808282741,10.0,16.0,4.0,0.467894999866524,0.0292434374916577,0.0433953763176829,688.9595749569702,0.0848805302038222,0.6749273739899236,0.1794016228886399,0.0639131793954357,9.410164862489331,0.0507069804472581
mixed,173.5784469548853,10.0,16.0,4.0,0.4973198539204483,0.031082490870028,0.0447460001349261,636.4146231060693,0.088759112160697,0.6859118313754374,0.1636377117169208,0.0621362919053203,9.310845432225792,0.0537355729399897
mixed,162.99897520534324,10.0,16.0,4.0,0.528532202015781,0.0330332626259863,0.0461272828745614,586.4124224208454,0.0925674781533251,0.6982236499906221,0.1486983700761935,0.0604181109339714,9.194126947194343,0.0569263060416618
mixed,153.06431405563595,10.0,16.0,4.0,0.5616325038565505,0.0351020314910344,0.0475385358753225,539.1320833415939,0.0962833316891214,0.7117331243768609,0.134644931918299,0.058757799112152,9.061186847844414,0.0602739340550695
mixed,143.73516279968806,10.0,16.0,4.0,0.5967258198318299,0.0372953637394893,0.0489788293474222,494.6941287888688,0.0998851538943316,0.7262908718327412,0.1215173653968968,0.0571545812509142,8.913350934080093,0.0637692656339471
mixed,134.97461607898632,10.0,16.0,4.0,0.6339218844116759,0.0396201177757297,0.0504469593462612,453.1639772952176,0.1033526201498252,0.7417287859959635,0.1093354735970023,0.0556077474301782,8.752075536711049,0.0673988739938627
mixed,126.74801788800204,10.0,16.0,4.0,0.6733351601687431,0.0420834475105464,0.0519414118922269,414.5570889546753,0.1066670110551322,0.7578618662025136,0.0981008085470015,0.0541166559920185,8.578927721237633,0.0711449413464381
mixed,119.02282447787157,10.0,16.0,4.0,0.7150848690270895,0.044692804314193,0.0534603244123784,378.8452310556568,0.1098116067737531,0.7744910494300149,0.0877990665826816,0.0526807363737354,8.395563983087238,0.0749852747438845
mixed,111.76847561598989,10.0,16.0,4.0,0.7592949970180707,0.0474559373136294,0.055001444784854,345.9633481288891,0.1127720535347295,0.7914071100991583,0.0784027420131732,0.0512994917538389,8.203707924770962,0.0788935282151842
mixed,104.95627369223337,10.0,16.0,4.0,0.8060942684955353,0.0503808917809709,0.0565620884984776,315.81658647933097,0.1155366914095454,0.8083956015576055,0.0698738439258594,0.0499725014291988,8.00512743064319,0.0828396594650373
mixed,98.55927019356292,10.0,16.0,4.0,0.855616085433975,0.0534760053396234,0.058139094624623,288.28711022484873,0.1180968328936538,0.8252426978290931,0.0621665198592143,0.0486994228762427,7.801611855448607,0.0867906373150526
mixed,92.55215909791352,10.0,16.0,4.0,0.9079984271101182,0.0567499016943823,0.0597287816391777,263.24044030027017,0.1204469829691782,0.8417416658445381,0.055229472773646,0.0474799933823572,7.594949737854265,0.0907113985472867
mixed,86.9111767656428,10.0,16.0,4.0,0.9633837051586244,0.060211481572414,0.0613269044190673,240.53113883811264,0.1225849925137954,0.8576995768862045,0.0490080987223059,0.0463140311612886,7.3869075202004435,0.0945660302899649
mixed,81.6140079325183,10.0,16.0,4.0,1.021918568705315,0.0638699105440821,0.0629286141365162,220.007741488849,0.1245121386942003,0.8729437732780907,0.0434463082601778,0.045201435832022,7.179209717796899,0.0983191288422366
mixed,76.63969743235928,10.0,16.0,4.0,1.083753654027937,0.067734603376746,0.0645284231775692,201.5169056842814,0.1262331279816799,0.887327565688677,0.0384880231101879,0.0441421881346089,6.9735209275167245,0.1019372609167499
mixed,71.96856730011521,10.0,16.0,4.0,1.149043272987685,0.0718152045617303,0.0661201776369684,184.9067924222476,0.1277560197128125,0.900734663954661,0.0340783605185467,0.0431363487466091,6.771430001453584,0.1053904327368596
mixed,67.58213892744703,10.0,16.0,4.0,1.2179450343294684,0.0761215646455917,0.0676970403533968,170.02973365229315,0.1290920705884399,0.913081944773087,0.0301645316241771,0.0421840560585978,6.574436638504858,0.108653460290671
mixed,63.46305996286578,10.0,16.0,4.0,1.2906193918818862,0.0806637119926178,0.0692514878056861,156.74425873804748,0.1302555030599211,0.9243203226840544,0.0266964881236054,0.0412855227689968,6.383940567318659,0.1117071334787783
mixed,59.59503566725067,10.0,16.0,4.0,1.3672291137176968,0.085451819607356,0.0707753244452614,144.91656427030995,0.1312632031050696,0.9344336920724144,0.023627354827056,0.0404410311657045,6.2012334111769345,0.1145390793402269
mixed,55.962764453195526,10.0,16.0,4.0,1.4479386664825564,0.0904961666551597,0.0722597181159891,134.42151429201303,0.1321343552890279,0.943436113965616,0.0209136856487817,0.0396509269845761,6.027493240982822,0.1171442541516141
mixed,52.55187735318167,10.0,16.0,4.0,1.5329135093857134,0.095807094336607,0.0736952600611405,125.14325514634012,0.1328900251937099,0.9513675973291794,0.0185155782798803,0.0389156117612495,5.863781740916364,0.1195250279518216
mixed,49.34888117711905,10.0,16.0,4.0,1.6223192927940615,0.1013949557996288,0.0750720525396291,116.97552268062996,0.1335527010849635,0.9582889426897584,0.0163966791688858,0.0382355336403112,5.711043833513696,0.1216908631297887
mixed,46.34110513439105,10.0,16.0,4.0,1.716320957003845,0.1072700598127402,0.0763798262294946,109.8217110214796,0.1341458080409187,0.9642761616031094,0.0145241061782263,0.0376111766617701,5.570109541031413,0.1236576256750815
mixed,43.51665070924416,10.0,16.0,4.0,1.8150817276055808,0.1134426079753488,0.0776080883327258,103.59476276587128,0.1346932085645912,0.9694149595289794,0.0128683118854792,0.0370430486162176,5.441697799519334,0.1254465983577737
mixed,40.86434459123405,10.0,16.0,4.0,1.9187620049293976,0.1199226253080873,0.0787463006145161,98.2169310387564,0.13521870390663,0.9737956861200504,0.0114029062822213,0.0365316676419179,5.3264218934198695,0.1270832856606709
mixed,38.373694474524115,10.0,16.0,4.0,2.0275181463799012,0.1267198841487438,0.0797840845616201,93.61945498796736,0.1357455498985703,0.9775090380579406,0.0101044537834878,0.036077547826204,5.224796143287683,0.1285961088391874
mixed,36.03484755118287,10.0,16.0,4.0,2.1415011420578716,0.1338438213786169,0.0807114485442763,89.74218223673184,0.1362960000505826,0.98064266969989,0.0089522560940293,0.0356811841640772,5.13724345850314,0.1300150862373438
mixed,33.83855153428233,10.0,16.0,4.0,2.260855185931761,0.141303449120735,0.0815190294978356,86.53316474237901,0.1368908870460961,0.983278746939198,0.0079281296120552,0.0353430373113375,5.064103361178753,0.1313705809661077
mixed,31.776118056608645,10.0,16.0,4.0,2.385716146969052,0.1491072591855657,0.0821983394478717,83.94824845350878,0.1375492516576331,0.9854923841625584,0.0070161836707791,0.0350635186388665,5.005640096805673,0.1326921784922146
mixed,29.83938830019264,10.0,16.0,4.0,2.5162099470615873,0.1572631216913492,0.0827420054519321,81.95067207992281,0.1382880255991427,0.9873508396731498,0.0062026039807059,0.0348429761454917,4.962050470250883,0.134007734246662
mixed,28.020700720694048,10.0,16.0,4.0,2.652450855264568,0.1657781784540355,0.0831439905618388,80.51068610971205,0.1391217722637643,0.9889133113201556,0.0054754440881673,0.0346816817862142,4.933471084102962,0.1353426096359392
mixed,26.312860738959433,10.0,16.0,4.0,2.794539710788374,0.1746587319242733,0.0833997832905113,79.60519982408238,0.1400624863810096,0.9902311666825504,0.0048244264563302,0.034579820781159,4.919984700838643,0.1367190960170236
mixed,24.709112279856043,10.0,16.0,4.0,2.9425620902935132,0.1839101306433445,0.0835065442159262,79.21746136395106,0.1411194514139741,0.9913484537890282,0.0042407538621344,0.0345374833698843,4.921625512022789,0.1381560126378221
mixed,23.203111045791875,10.0,16.0,4.0,3.096586438284151,0.1935366523927594,0.0834632004323589,79.33677378684523,0.1422991512001594,0.9923025619249056,0.0037169311594197,0.0345546594065345,4.93838315876378,0.1396684558632407
mixed,21.78889941919376,10.0,16.0,4.0,3.2566621827004947,0.2035413864187809,0.0832704816983749,79.95824842025104,0.1436052309373067,0.9931249312048896,0.0032465970720996,0.0346312360441665,4.970205418803719,0.1412676736666198
mixed,20.46088289466012,10.0,16.0,4.0,3.422817861083497,0.2139261163177185,0.0829308958780864,81.08259558157397,0.1450385017732057,0.9938417398481804,0.0028243655461163,0.0347669986076705,5.016999547122796,0.1429610400400293
mixed,19.213807947555622,10.0,16.0,4.0,3.5950592858193566,0.2246912053637098,0.0824486452924242,82.71595182081572,0.1465969832012647,0.9944745265605166,0.002445676295408,0.034961634592431,5.078632329233683,0.1447521076281042
mixed,18.042741251497876,10.0,16.0,4.0,3.7733677798437872,0.2358354862402367,0.081829489440565,84.86974218765575,0.1482759781038837,0.9950407304445772,0.0021066544978957,0.0352147405697524,5.154928976346878,0.146640722175407
mixed,16.943050162522237,10.0,16.0,4.0,3.957698516662661,0.2473561572914163,0.0810805628106992,87.56057557884463,0.1500681764786879,0.9955541514050432,0.0018039800763901,0.0355258316430504,5.245671056639295,0.1486231880368237
mixed,15.910384392721523,10.0,16.0,4.0,4.147979000484233,0.2592486875302646,0.0802101588575458,90.81017094376386,0.1519637853946839,0.9960253492574346,0.0015347675472591,0.0358943529917225,5.350593713940925,0.150692478934695
mixed,14.940658800863334,10.0,16.0,4.0,4.34410772351369,0.2715067327196056,0.0792274925007829,94.64531198342124,0.1539506842666764,0.996462008859214,0.0012964579206496,0.0363196929695219,5.469382470974955,0.1528384915274497
mixed,14.030037231905734,10.0,16.0,4.0,4.545953037892582,0.2841220648682864,0.0781424536654007,99.09782794597892,0.1560146058070235,0.996869300864548,0.0010867244638619,0.0368011971938001,5.601669945487568,0.1550483407287887
mixed,13.17491734148208,10.0,16.0,4.0,4.753352279244214,0.2970845174527634,0.0769653635526261,104.20459818089395,0.1581393437535735,0.997250263006242,0.0009033941824714,0.0373381830695368,5.747032821109153,0.157306695071078
mixed,12.371916345321608,10.0,16.0,4.0,4.966111177202268,0.3103819485751417,0.0757067437141346,110.00757824910724,0.1603069885099321,0.9976062159798752,0.0007443865616768,0.0379299542323432,5.904989408335455,0.1595961481684337
mixed,11.617857637231843,10.0,16.0,4.0,5.184003585572924,0.3240002240983077,0.074377105875397,116.5538455869649,0.1624981911163732,0.9979372131694796,0.0006076704357037,0.0385758144600214,6.0749981036366245,0.1618976192670557
mixed,10.909758222704642,10.0,16.0,4.0,5.406771560867228,0.3379232225542017,0.0729867680968527,123.8956629774574,0.1646924545689669,0.998242507854688,0.0004912388808051,0.0392750806849578,6.256457007065939,0.1641907728761038
mixed,10.24481691843409,10.0,16.0,4.0,5.634125812841814,0.3521328633026134,0.0715457005457543,132.09055838604914,0.1668684496919483,0.9985210088954184,0.0003931008878908,0.0400270948211203,6.448704894719819,0.166454445448637
mixed,9.62040327106476,10.0,16.0,4.0,5.86574654445421,0.3666091590283881,0.070063401987618,141.20142006259672,0.1690043504877066,0.9987716894271516,0.0003112874371856,0.0408312342359392,6.651023661374165,0.1686670662246328
mixed,9.034047151333576,10.0,16.0,4.0,6.101284691381283,0.3813302932113301,0.068548806451895,151.2966061884584,0.171078182337704,0.9989939145499852,0.0002438686511826,0.0416869207257389,6.862642270269737,0.1708070606581485
mixed,8.48342898244072,10.0,16.0,4.0,6.340363563127918,0.3962727226954948,0.0670102180449097,162.45006875136784,0.1730681743339231,0.9991876630789994,0.00018897809649,0.0425936279941235,7.082742153885423,0.1728532264999905
mixed,7.96637056399373,10.0,16.0,4.0,6.582580878984409,0.4114113049365255,0.0654552710612179,174.74149175194538,0.174953106465117,0.99935363282474,0.000144840133111,0.0435508876377283,7.310463936971822,0.1747850758943371
mixed,7.480826455225086,10.0,16.0,4.0,6.827511182938336,0.426719448933646,0.0638909119484544,188.25644427618056,0.1767126419226715,0.9994932350588912,0.0001097964872438,0.0445582937169515,7.544915282617116,0.1765831395828977
mixed,7.024875883396023,10.0,16.0,4.0,7.074708612412,0.4421692882757499,0.0623233994793009,203.08654939863624,0.1783276353214477,0.9996084980351164,8.232888982665481e-05,0.0456155060142432,7.785179611482827,0.1782292318314174
mixed,6.596715145376838,10.0,16.0,4.0,7.323709986706432,0.457731874169152,0.0607583195238311,219.3296703020189,0.1797804087433074,0.9997019088155724,6.107555645288563e-05,0.0467222521021916,8.03032541093447,0.1797066763648854
mixed,6.194650472344998,10.0,16.0,4.0,7.574038172624743,0.4733773857890464,0.0592006110283718,237.0901154006376,0.181054989049107,0.9997762258732076,4.484033142712568e-05,0.0478783283604331,8.279415835006489,0.1810004943662186
mixed,5.817091329374358,10.0,16.0,4.0,7.825205677250681,0.4890753548281675,0.0576546001653506,256.4788646291107,0.1821373018564875,0.9998342923269196,3.2594325768290565e-05,0.0490836000701709,8.531518299833385,0.1820975558044231
mixed,5.462544123409224,10.0,16.0,4.0,8.076718411577541,0.5047949007235963,0.0561240400065259,277.61381939531583,0.1830153194662996,0.9998788728153007,2.3470719723432904e-05,0.050338000720924,8.785713795337644,0.1829866950185965
mixed,5.129606294732514,10.0,16.0,4.0,8.328079563880024,0.5205049727425015,0.0546121534878323,300.62007899118146,0.1836791618513986,0.9999125281158768,1.6753994622941697e-05,0.0516415306644114,9.041105662394507,0.183658791083388
mixed,4.816960768554367,10.0,16.0,4.0,8.578793518602298,0.5361745949126436,0.0531216778938944,325.6302465013984,0.1841211517451948,0.999937532784023,1.1865178603413176e-05,0.0529942552015594,9.29682762687531,0.1841068135366978
mixed,4.523370744772102,10.0,16.0,4.0,8.828369755233924,0.5517731097021202,0.0516549094078154,352.78476744544685,0.1843358259353486,0.9999558338727128,8.344754652965792e-06,0.0543963022287595,9.552050919706277,0.1843258338222772
mixed,4.247674805290287,10.0,16.0,4.0,9.076326662218088,0.5672704163886305,0.0502137466678219,382.23230453172766,0.1843199062549078,0.9999690439905052,5.834740084873677e-06,0.0558478595122232,9.805990362954532,0.1843130035101373
mixed,3.988782319545844,10.0,16.0,4.0,9.32219520335897,0.5826372002099356,0.0487997325382938,414.1301519956586,0.1840722344210377,0.9999784596415592,4.06117343185392e-06,0.0573491716680261,10.057909345496428,0.1840675008812203
mixed,3.745669130062843,10.0,16.0,4.0,9.565522378361798,0.5978451486476124,0.0474140935544068,448.64469304027097,0.1835936754252447,0.9999850955455544,2.817908610231062e-06,0.0589005369081541,10.307123656089024,0.183590448274877
mixed,3.517373500969382,10.0,16.0,4.0,9.805874424871824,0.612867151554489,0.0460577767087212,485.9519039041331,0.1828869945189362,0.9999897267926664,1.9522770970924276e-06,0.0605023035897818,10.55300418256681,0.1828848034196635
mixed,3.302992313449222,10.0,16.0,4.0,10.042839716435177,0.6276774822771984,0.044731483367957,526.2379080552239,0.18195671268792,0.9999929325648128,1.3528795739788077e-06,0.0621548666383713,10.7949785163168,0.1819552283738205
mixed,3.101677493077699,10.0,16.0,4.0,10.27603131889577,0.6422519574309856,0.043435700305561,569.6995839598895,0.1808089458874755,0.9999951371903836,9.395329659255162e-07,0.0638586638191072,11.032531538225246,0.1808079406012053
mixed,2.912632654908738,10.0,16.0,4.0,10.50508917654556,0.6565680735340974,0.0421707278327186,616.5452298134637,0.1794512325355058,0.9999966461239618,6.552344378636893e-07,0.0656141719311002,11.26520507418345,0.1794505503582973
mixed,2.735109953041209,10.0,16.0,4.0,10.729681908524515,0.6706051192827822,0.0409367051435108,666.9952885540707,0.1778923538657991,0.999997675867096,4.5990595202578747e-07,0.0674219029168736,11.49259673144621,0.1778918889760759
mixed,2.5684071222017817,10.0,16.0,4.0,10.94950820518908,0.6843442628243175,0.0397336330255592,721.2831364241345,0.1761421513283703,0.9999983778266144,3.2563952066366625e-07,0.0692823998770658,11.714358036155105,0.1761418323942038
mixed,2.411864699640997,10.0,16.0,4.0,11.164297823119872,0.697768613944992,0.038561394069713,779.6559383050964,0.1742113444968345,0.9999988566894146,2.331596101688641e-07,0.0711962330451512,11.930191990479138,0.1742111236726627
mixed,2.2648634163526316,10.0,16.0,4.0,11.373812185841793,0.710863261615112,0.0374197705983061,842.3755730389195,0.1721113529453023,0.9999991841664224,1.6924099679963556e-07,0.073163995673655,12.139850175614653,0.1721111982358268
mixed,2.1268217472962094,10.0,16.0,4.0,11.577844604946565,0.7236152878091602,0.0363084604841117,909.7196319728464,0.1698541247396634,0.9999994090209648,1.24855793358643e-07,0.075186299856504,12.343129515297408,0.1698540147713157
mixed,1.99719361093156,10.0,16.0,4.0,11.77622014295556,0.7360137589347225,0.0352270910492461,981.9824940280246,0.1674519738269226,0.9999995642334504,9.386349561166665e-08,0.0772637722889476,12.539868808389276,0.1674518943076537
mixed,1.8754662089649552,10.0,16.0,4.0,11.96879514481046,0.7480496965506537,0.0341752312422963,1059.4764807027725,0.1649174282453676,0.9999996720296376,7.209691620180144e-08,0.0793970499366226,12.729945130782832,0.1649173695889164
mixed,1.7611579977610468,10.0,16.0,4.0,12.155456469257851,0.7597160293286158,0.0331524022562668,1142.5330945807034,0.1622630904488895,0.9999997473570852,5.6731513192062896e-08,0.0815867756322212,12.913270191323292,0.162263046191084
mixed,1.6538167833956727,10.0,16.0,4.0,12.336120454580852,0.7710075284113033,0.032158086761628,1231.5043451245356,0.1595015107757237,0.999999800258818,4.5854498972995635e-08,0.0838335935773525,13.089786716986447,0.1595014765232915
mixed,1.553017932813719,10.0,16.0,4.0,12.510731655152622,0.7819207284470389,0.0311917369054592,1326.764165798584,0.1566450746300993,0.999999837476944,3.8173093113637616e-08,0.0861381447463676,13.259464928380654,0.1566450473641099
mixed,1.4583626940155214,10.0,16.0,4.0,12.679261386210966,0.7924538366381854,0.030252781218535,1428.7099268761776,0.1537059036220682,0.9999998635255556,3.28189315556097e-08,0.0885010621821265,13.42229915489408,0.1537058812356481
mixed,1.3694766186266034,10.0,16.0,4.0,12.841706114178573,0.8026066321361608,0.0293406305587777,1537.7640486510927,0.1506957705993508,0.999999881400575,2.9218869824801892e-08,0.090922966174916,13.578304627251017,0.1506957515889374
mixed,1.2860080806105665,10.0,16.0,4.0,12.99808572890299,0.8123803580564368,0.0284546832086384,1654.3757201824951,0.1476260282528903,0.9999998930407844,2.7012227551598384e-08,0.0934044593115762,13.727514475072695,0.1476260115090003
mixed,1.2076268852652798,10.0,16.0,4.0,13.148441732500912,0.821777608281307,0.0275943292247078,1779.0227291585106,0.1445075507033273,0.9999998996148493,2.600192169181244e-08,0.0959461214030403,13.86997694658123,0.14450753536437
mixed,1.1340229629996768,10.0,16.0,4.0,13.292835377207506,0.8308022110754691,0.0267589541517694,1912.2134089618828,0.1413506874837463,0.9999999016792126,2.6132940045128937e-08,0.0985485042267065,14.005752863806324,0.1413506728274247
mixed,1.0649051427238374,10.0,16.0,4.0,13.431345781896782,0.8394591113685489,0.0259479421537226,2054.488709559896,0.1381652288333888,0.9999998992266772,2.7497371563369932e-08,0.1012121261624547,14.134913311700736,0.1381652141863459
mixed,1.0,10.0,16.0,4.0,13.564068053891685,0.8477542533682303,0.0251606786661821,2206.4243994176377,0.1349603815771408,0.999999891619669,3.0372369306800115e-08,0.1039374666233888,14.257537564429883,0.1349603662253967
