architecture,K_D,K_C,n_binders,n_cleavers,mean_attachments,attachment_probability,probability_of_at_least_one_attachment,relative_mobility,attachment_lifetime,attachment_friction
polarized,1778.2794100389228,10.0,4.0,16.0,0.012486106023742,0.0031215265059355,0.0124277640261492,0.9999049699109052,0.0007611590073821,9.50391206709929e-06
polarized,1669.8946588711192,10.0,4.0,16.0,0.0132938251467815,0.0033234562866953,0.0132276996897511,0.9998922568960448,0.0008105621413917,1.0775471378263143e-05
polarized,1568.115874245688,10.0,4.0,16.0,0.0141536096985577,0.0035384024246394,0.0140786649988101,0.9998778449570872,0.0008631717928653,1.2216996659020562e-05
polarized,1472.5404276241222,10.0,4.0,16.0,0.0150687910497964,0.0037671977624491,0.0149838540274537,0.9998615074460186,0.0009191960812764,1.3851173682546894e-05
polarized,1382.790230365145,10.0,4.0,16.0,0.0160429104233747,0.0040107276058436,0.0159466526142767,0.999842987563791,0.0009788566341229,1.5703709298559966e-05
polarized,1298.51023803699,10.0,4.0,16.0,0.0170797316722013,0.0042699329180503,0.0169706487802907,0.9998219943682728,0.0010423894636668,1.7803732337359482e-05
polarized,1219.3670458907095,10.0,4.0,16.0,0.0181832547758325,0.0045458136939581,0.0180596435624256,0.9997981982579318,0.0011100459005799,2.018424742311381e-05
polarized,1145.0475699382812,10.0,4.0,16.0,0.0193577300881192,0.0048394325220298,0.0192176622569185,0.9997712258633916,0.0011820935881871,2.2882648619022416e-05
polarized,1075.257808417991,10.0,4.0,16.0,0.0206076733684559,0.0051519183421139,0.0204489660626193,0.9997406542704518,0.0012588175412413,2.5941300720384044e-05
polarized,1009.72167874753,10.0,4.0,16.0,0.0219378816292584,0.0054844704073146,0.0217580641092548,0.9997060044886016,0.0013405212734188,2.9408197017765895e-05
polarized,948.1799253639082,10.0,4.0,16.0,0.0233534498321144,0.0058383624580286,0.0231497258498902,0.9996667340683572,0.0014275279979944,3.333770348510235e-05
polarized,890.3890941296735,10.0,4.0,16.0,0.0248597884645705,0.0062149471161426,0.0246289937901388,0.999622228758824,0.0015201819064465,3.779140062192904e-05
polarized,836.1205692482771,10.0,4.0,16.0,0.0264626420286979,0.0066156605071744,0.0262011965189731,0.9995717930835928,0.0016188495300506,4.283903561205681e-05
polarized,785.159668878704,10.0,4.0,16.0,0.0281681084713543,0.0070420271178385,0.0278719619972113,0.9995146396983,0.001723921189847,4.8559599071677336e-05
polarized,737.3047958716827,10.0,4.0,16.0,0.0299826595843695,0.0074956648960923,0.0296472310497047,0.9994498773767876,0.0018358125407186,5.504254246908517e-05
polarized,692.3666402678728,10.0,4.0,16.0,0.031913162400654,0.0079782906001635,0.0315332709959149,0.9993764974546748,0.0019549662156882,6.238915432905129e-05
polarized,650.1674304031648,10.0,4.0,16.0,0.033966901609383,0.0084917254023457,0.0335366893406697,0.9992933585391296,0.0020818535769377,7.071411561298765e-05
polarized,610.5402296585327,10.0,4.0,16.0,0.036151603009848,0.009037900752462,0.0356644474324489,0.9991991692716676,0.002216976580479,8.01472572196095e-05
polarized,573.3282760724394,10.0,4.0,16.0,0.0384754580192037,0.0096188645048009,0.0379238739802663,0.9990924689067096,0.0023608697618504,9.083554541088474e-05
polarized,538.3843622033489,10.0,4.0,16.0,0.0409471492440454,0.0102367873110113,0.0403226783020818,0.9989716054424236,0.0025141023506957,0.0001029453241687
polarized,505.570252789143,10.0,4.0,16.0,0.0435758771194248,0.0108939692798562,0.0428689631574378,0.9988347110119496,0.0026772805225899,0.0001166648470666
polarized,474.7561378997421,10.0,4.0,16.0,0.0463713876113961,0.011592846902849,0.0455712369946166,0.9986796742125292,0.0028510497970204,0.000132207135237
polarized,445.8201194196514,10.0,4.0,16.0,0.0493440009703568,0.0123360002425892,0.0484384254178354,0.9985041090174182,0.0030360975910088,0.0001498132024768
polarized,418.6477288289951,10.0,4.0,16.0,0.0525046415121239,0.0131261603780309,0.0514798816528072,0.9983053198809636,0.0032331559384767,0.0001697556935025
polarized,393.1314743754256,10.0,4.0,16.0,0.0558648683917097,0.0139662170979274,0.0547053957592081,0.998080262611212,0.003443004386112,0.0001923429869022
polarized,369.1704158455517,10.0,4.0,16.0,0.0594369073209443,0.014859226830236,0.0581252023061997,0.9978255005474458,0.0036664730771914,0.0002179238204837
polarized,346.66976525371945,10.0,4.0,16.0,0.0632336831652207,0.0158084207913051,0.061749986192081,0.997537155542856,0.0039044460355596,0.0002468925035482
polarized,325.5405118685032,10.0,4.0,16.0,0.067268853336521,0.0168172133341302,0.0655908862514215,0.9972108532162692,0.0041578646627551,0.0002796947881919
polarized,305.6990700935378,10.0,4.0,16.0,0.0715568418792779,0.0178892104698194,0.0696594962527319,0.9968416619029038,0.0044277314621176,0.0003168344801186
polarized,287.0669488097448,10.0,4.0,16.0,0.0761128741223118,0.0190282185305779,0.0739678628470144,0.9964240247045112,0.0047151140046092,0.0003588808787051
polarized,269.57044087089156,10.0,4.0,16.0,0.0809530117438122,0.020238252935953,0.0785284799826612,0.9959516840165584,0.0050211491520375,0.0004064771462723
polarized,253.1403315241567,10.0,4.0,16.0,0.0860941880668662,0.0215235470167165,0.0833542792555087,0.9954175978976444,0.0053470475543882,0.0004603497177499
polarized,237.7116246022335,10.0,4.0,16.0,0.0915542433701231,0.0228885608425307,0.0884586156149508,0.9948138476484282,0.0056940984390569,0.0005213188742628
polarized,223.22328540381503,10.0,4.0,16.0,0.0973519599615877,0.0243379899903969,0.0938552477985147,0.9941315359893664,0.0060636747109275,0.0005903106176783
polarized,209.61799924531277,10.0,4.0,16.0,0.1035070967230327,0.0258767741807581,0.0995583128191603,0.993360675275308,0.0064572383834712,0.0006683699979216
polarized,196.84194472866113,10.0,4.0,16.0,0.1100404227878973,0.0275101056969743,0.1055822937828568,0.9924900652688112,0.0068763463623522,0.0007566760609492
polarized,184.8445808282741,10.0,4.0,16.0,0.116973749966631,0.0292434374916577,0.1119419802701424,0.9915071601232128,0.0073226566044192,0.0008565586027368
polarized,173.5784469548853,10.0,4.0,16.0,0.124329963480112,0.031082490870028,0.118652420476075,0.9903979244133548,0.0077979346764467,0.0009695169335429
polarized,162.99897520534324,10.0,4.0,16.0,0.1321330505039452,0.0330332626259863,0.1257288642702496,0.9891466783111936,0.0083040607395726,0.0010972408770897
polarized,153.06431405563595,10.0,4.0,16.0,0.1404081259641376,0.0351020314910344,0.1331866963148316,0.9877359323526486,0.008843036987062,0.0012416342511849
polarized,143.73516279968806,10.0,4.0,16.0,0.1491814549579574,0.0372953637394893,0.1410413583665722,0.9861462127009174,0.0094169955648195,0.0014048410996924
polarized,134.97461607898632,10.0,4.0,16.0,0.1584804711029189,0.0396201177757297,0.1493082598918138,0.9843558784026616,0.0100282070059838,0.0015892749706259
polarized,126.74801788800204,10.0,4.0,16.0,0.1683337900421857,0.0420834475105464,0.1580026761451376,0.9823409328816046,0.0106790892129714,0.0017976515614181
polarized,119.02282447787157,10.0,4.0,16.0,0.1787712172567723,0.044692804314193,0.1671396329066607,0.9800748328452864,0.0113722170224999,0.0020330250800205
polarized,111.76847561598989,10.0,4.0,16.0,0.1898237492545176,0.0474559373136294,0.1767337771445111,0.9775282989210154,0.0121103323914317,0.00229882869926
polarized,104.95627369223337,10.0,4.0,16.0,0.2015235671238838,0.0503808917809709,0.186799232972462,0.9746691337103288,0.0128963552437307,0.0025989195116134
polarized,98.55927019356292,10.0,4.0,16.0,0.2139040213584937,0.0534760053396234,0.1973494424132639,0.9714620545759176,0.0137333950214424,0.0029376284219912
polarized,92.55215909791352,10.0,4.0,16.0,0.2269996067775295,0.0567499016943823,0.2083969906609627,0.9678685503594924,0.0146247629853919,0.0033198154468985
polarized,86.9111767656428,10.0,4.0,16.0,0.240845926289656,0.060211481572414,0.219953415765756,0.9638467733657072,0.0155739853142611,0.0037509309190347
polarized,81.6140079325183,10.0,4.0,16.0,0.2554796421763287,0.0638699105440821,0.2320290029475381,0.9593514803043812,0.0165848170538621,0.0042370831264805
polarized,76.63969743235928,10.0,4.0,16.0,0.2709384135069843,0.067734603376746,0.2446325640836942,0.954334038395206,0.0176612569717918,0.0047851129444764
polarized,71.96856730011521,10.0,4.0,16.0,0.2872608182469212,0.0718152045617303,0.2577712033163833,0.9487425153950012,0.0188075633762283,0.0054026760446861
polarized,67.58213892744703,10.0,4.0,16.0,0.3044862585823671,0.0761215646455917,0.2714500701866734,0.9425218747385604,0.02002827096145,0.0060983332909258
polarized,63.46305996286578,10.0,4.0,16.0,0.3226548479704715,0.0806637119926178,0.2856721022278607,0.9356142990510448,0.0213282087467147,0.0068816499506537
polarized,59.59503566725067,10.0,4.0,16.0,0.3418072784294242,0.085451819607356,0.300437759536072,0.9279596666730888,0.022712519179464,0.0077633043670086
polarized,55.962764453195526,10.0,4.0,16.0,0.3619846666206391,0.0904961666551597,0.315744754477882,0.9194962061343184,0.024186678478425,0.0087552067456732
polarized,52.55187735318167,10.0,4.0,16.0,0.3832283773464283,0.095807094336607,0.331587780383544,0.9101613522312618,0.0257565182970827,0.0098706287130846
polarized,49.34888117711905,10.0,4.0,16.0,0.4055798231985154,0.1013949557996288,0.3479582437977608,0.899892823965297,0.027428248793224,0.0111243442962007
polarized,46.34110513439105,10.0,4.0,16.0,0.4290802392509611,0.1072700598127402,0.3648440056000218,0.8886299385085401,0.0292084831958132,0.0125327829578172
polarized,43.51665070924416,10.0,4.0,16.0,0.4537704319013952,0.1134426079753488,0.3822291370405168,0.8763151660699381,0.0311042639663842,0.0141141952940011
polarized,40.86434459123405,10.0,4.0,16.0,0.4796905012323493,0.1199226253080873,0.400093697436914,0.8628959176518921,0.0331230906584423,0.0158888319603127
polarized,38.373694474524115,10.0,4.0,16.0,0.5068795365949753,0.1267198841487438,0.4184135409077345,0.8483265411068831,0.0352729495850831,0.0178791363400248
polarized,36.03484755118287,10.0,4.0,16.0,0.5353752855144679,0.1338438213786169,0.4371601600400824,0.832570480919323,0.0375623454121937,0.0201099513996462
polarized,33.83855153428233,10.0,4.0,16.0,0.5652137964829402,0.141303449120735,0.4563005747589427,0.815602534595902,0.0400003348022142,0.0226087410941481
polarized,31.776118056608645,10.0,4.0,16.0,0.596429036742263,0.1491072591855657,0.4757972748345889,0.7974111149549671,0.0425965622415532,0.0254058265862614
polarized,29.83938830019264,10.0,4.0,16.0,0.6290524867653968,0.1572631216913492,0.4956082243847139,0.7780004051695957,0.045361298193386,0.0285346374314562
polarized,28.020700720694048,10.0,4.0,16.0,0.663112713816142,0.1657781784540355,0.5156869363505281,0.7573922749719384,0.0483054797267663,0.0320319777538066
polarized,26.312860738959433,10.0,4.0,16.0,0.6986349276970933,0.1746587319242733,0.5359826242070402,0.7356278151935679,0.0514407537827755,0.0359383072997133
polarized,24.709112279856043,10.0,4.0,16.0,0.7356405225733783,0.1839101306433445,0.5564404370705833,0.7127683470170297,0.0547795232488683,0.040298037109118
polarized,23.203111045791875,10.0,4.0,16.0,0.7741466095710378,0.1935366523927594,0.5770017828665708,0.6888957746129236,0.0583349960236799,0.0451598393910718
polarized,21.78889941919376,10.0,4.0,16.0,0.8141655456751237,0.2035413864187809,0.5976047423089714,0.6641121767247149,0.0621212372663914,0.0505769710370053
polarized,20.46088289466012,10.0,4.0,16.0,0.8557044652708743,0.2139261163177185,0.6181845741318059,0.638538573980568,0.0661532250373479,0.0566076100565276
polarized,19.213807947555622,10.0,4.0,16.0,0.8987648214548392,0.2246912053637098,0.6386743093381677,0.6123128618735136,0.0704469095500391,0.0633152040837861
polarized,18.042741251497876,10.0,4.0,16.0,0.9433419449609468,0.2358354862402367,0.6590054292569061,0.5855869599199054,0.0750192762688377,0.0707688299850079
polarized,16.943050162522237,10.0,4.0,16.0,0.9894246291656652,0.2473561572914163,0.6791086190128803,0.5585232891962011,0.0798884131021056,0.0790435635081843
polarized,15.910384392721523,10.0,4.0,16.0,1.0369947501210584,0.2592486875302646,0.6989145847433844,0.5312907460705559,0.0850735819564786,0.0882208578628619
polarized,14.940658800863334,10.0,4.0,16.0,1.0860269308784225,0.2715067327196056,0.7183549196761463,0.5040603825233386,0.0905952949353919,0.0983889301107092
polarized,14.030037231905734,10.0,4.0,16.0,1.1364882594731456,0.2841220648682864,0.7373630011885797,0.4770010274668471,0.0964753954832817,0.1096431542947782
polarized,13.17491734148208,10.0,4.0,16.0,1.1883380698110535,0.2970845174527634,0.7558748983710013,0.4502750858584882,0.1027371447964628,0.1220864603453273
polarized,12.371916345321608,10.0,4.0,16.0,1.241527794300567,0.3103819485751417,0.773830267597378,0.4240347330947057,0.1094053138425167,0.1358297379796611
polarized,11.617857637231843,10.0,4.0,16.0,1.296000896393231,0.3240002240983077,0.7911732123338728,0.3984186841029454,0.1165062813522116,0.1509922450679082
polarized,10.909758222704642,10.0,4.0,16.0,1.351692890216807,0.3379232225542017,0.8078530830315751,0.373549665032484,0.1240681381716004,0.1677020202689887
polarized,10.24481691843409,10.0,4.0,16.0,1.4085314532104536,0.3521328633026134,0.8238251935606665,0.3495326571753596,0.132120798387109,0.1860963001515199
polarized,9.62040327106476,10.0,4.0,16.0,1.4664366361135526,0.3666091590283881,0.8390514323034312,0.3264539246200543,0.1406961176632116,0.2063219415002767
polarized,9.034047151333576,10.0,4.0,16.0,1.5253211728453206,0.3813302932113301,0.8535007487271304,0.3043807851731016,0.1498280192608322,0.2285358500640239
polarized,8.48342898244072,10.0,4.0,16.0,1.5850908907819794,0.3962727226954948,0.8671494999325776,0.2833620426562115,0.1595526282349864,0.2529054176156006
polarized,7.96637056399373,10.0,4.0,16.0,1.6456452197461022,0.4114113049365255,0.8799816461811545,0.2634289701783219,0.1699084143425416,0.2796089698574436
polarized,7.480826455225086,10.0,4.0,16.0,1.706877795734584,0.426719448933646,0.8919887895408531,0.2445967188167535,0.1809363442254252,0.3088362283997677
polarized,7.024875883396023,10.0,4.0,16.0,1.768677153103,0.4421692882757499,0.9031700553085482,0.2268660231368945,0.1926800434713058,0.3407887907465915
polarized,6.596715145376838,10.0,4.0,16.0,1.830927496676608,0.457731874169152,0.9135318214739346,0.2102250818676022,0.2051859691928461,0.3756806329274215
polarized,6.194650472344998,10.0,4.0,16.0,1.8935095431561857,0.4733773857890464,0.9230873068884528,0.1946515060313869,0.2185035938082368,0.4137386400898192
polarized,5.817091329374358,10.0,4.0,16.0,1.9563014193126704,0.4890753548281675,0.9318560336956636,0.1801142450604561,0.2326856007500318,0.4552031710009086
polarized,5.462544123409224,10.0,4.0,16.0,2.019179602894386,0.5047949007235963,0.9398631837036096,0.1665754213770482,0.2477880928764944,0.5003286629763172
polarized,5.129606294732514,10.0,4.0,16.0,2.082019890970006,0.5205049727425015,0.9471388715208188,0.153992023560932,0.2638708144099109,0.5493842842478894
polarized,4.816960768554367,10.0,4.0,16.0,2.1446983796505745,0.5361745949126436,0.95371735928837,0.1423174261417197,0.2809973872798413,0.6026546411851207
polarized,4.523370744772102,10.0,4.0,16.0,2.207092438808481,0.5517731097021202,0.9596362386502704,0.1315027193787426,0.2992355628062649,0.6604405480923077
polarized,4.247674805290287,10.0,4.0,16.0,2.269081665554522,0.5672704163886305,0.9649356052226534,0.1214978447465426,0.3186574897182534,0.7230598675113175
polarized,3.988782319545844,10.0,4.0,16.0,2.3305488008397424,0.5826372002099356,0.9696572493348476,0.1122525412142923,0.3393399995684364,0.7908484290711782
polarized,3.745669130062843,10.0,4.0,16.0,2.3913805945904496,0.5978451486476124,0.973843884373966,0.1037171140248594,0.3613649106723328,0.8641610349477279
polarized,3.517373500969382,10.0,4.0,16.0,2.451468606217956,0.612867151554489,0.9775384308719552,0.0958430419193918,0.3848193517749073,0.9433725599413292
polarized,3.302992313449222,10.0,4.0,16.0,2.5107099291087938,0.6276774822771984,0.9807833707644558,0.0885834410530128,0.4097961067247522,1.0288791540639624
polarized,3.101677493077699,10.0,4.0,16.0,2.5690078297239425,0.6422519574309856,0.9836201822708064,0.0818934046453609,0.4363939815193953,1.121099555367732
polarized,2.912632654908738,10.0,4.0,16.0,2.6262722941363896,0.6565680735340974,0.9860888618330592,0.0757302371095157,0.4647181951737353,1.2204765205658483
polarized,2.735109953041209,10.0,4.0,16.0,2.682420477131129,0.6706051192827822,0.9882275357239568,0.0700536003514223,0.4948807959578509,1.327478380816291
polarized,2.5684071222017817,10.0,4.0,16.0,2.73737705129727,0.6843442628243175,0.9900721604674732,0.0648255884125119,0.5270011046507815,1.4426007298793604
polarized,2.411864699640997,10.0,4.0,16.0,2.791074455779968,0.697768613944992,0.991656308243746,0.0600107448610793,0.5612061865637605,1.5663682517437991
polarized,2.2648634163526316,10.0,4.0,16.0,2.843453046460448,0.710863261615112,0.9930110310574972,0.0555760354863959,0.597631354200182,1.6993366947607906
polarized,2.1268217472962094,10.0,4.0,16.0,2.8944611512366407,0.7236152878091602,0.994164795672466,0.0514907870282462,0.6364207025407851,1.8420949993470328
polarized,1.99719361093156,10.0,4.0,16.0,2.94405503573889,0.7360137589347225,0.995143480148345,0.0477266009590527,0.6777276790715997,1.9952675864303735
polarized,1.8754662089649552,10.0,4.0,16.0,2.9921987862026147,0.7480496965506537,0.9959704222202816,0.0442572497709852,0.721715690809637,2.1595168140239775
polarized,1.7611579977610468,10.0,4.0,16.0,3.0388641173144633,0.7597160293286158,0.9966665096668088,0.0410585618287859,0.7685587507276694,2.335545609634346
polarized,1.6538167833956727,10.0,4.0,16.0,3.084030113645213,0.7710075284113033,0.9972503031356014,0.0381082996367143,0.8184421661353031,2.524100286638293
polarized,1.553017932813719,10.0,4.0,16.0,3.127682913788155,0.7819207284470389,0.997738182545008,0.0353860353303904,0.8715632717395217,2.725973553305005
polarized,1.4583626940155214,10.0,4.0,16.0,3.1698153465527414,0.7924538366381854,0.9981445090596892,0.0328730263299288,0.9281322102846302,2.942007723790137
polarized,1.3694766186266034,10.0,4.0,16.0,3.210426528544643,0.8026066321361608,0.9984817956634036,0.0305520933642874,0.9883727638597448,3.173098141186315
polarized,1.2860080806105665,10.0,4.0,16.0,3.2495214322257473,0.8123803580564368,0.9987608804436936,0.0284075024812031,1.052523239162415,3.4201968235739337
polarized,1.2076268852652798,10.0,4.0,16.0,3.287110433125228,0.821777608281307,0.9989910977974268,0.0264248521751753,1.1208374102204075,3.6843163449725633
polarized,1.1340229629996768,10.0,4.0,16.0,3.323208844301877,0.8308022110754691,0.9991804438124072,0.0245909663811492,1.1935855223009797,3.9665339641412904
polarized,1.0649051427238374,10.0,4.0,16.0,3.3578364454741956,0.8394591113685489,0.9993357330420068,0.0228937937785379,1.2710553609790312,4.26799601531075
polarized,1.0,10.0,4.0,16.0,3.391017013472921,0.8477542533682303,0.999462744743325,0.0213223136152881,1.3535533905932735,4.589922576145749
polarized,1778.2794100389228,10.0,10.0,10.0,0.031215265059355,0.0031215265059355,0.0307804183592943,0.999762458637628,0.0007611590073821,2.3759780167748225e-05
polarized,1669.8946588711192,10.0,10.0,10.0,0.0332345628669537,0.0033234562866953,0.0327419011260233,0.9997306857652392,0.0008105621413917,2.693867844565786e-05
polarized,1568.115874245688,10.0,10.0,10.0,0.0353840242463943,0.0035384024246394,0.03482589455897,0.9996946683394214,0.0008631717928653,3.0542491647551406e-05
polarized,1472.5404276241222,10.0,10.0,10.0,0.0376719776244911,0.0037671977624491,0.0370397210541104,0.9996538405258114,0.0009191960812764,3.462793420636723e-05
polarized,1382.790230365145,10.0,10.0,10.0,0.0401072760584367,0.0040107276058436,0.0393910968201537,0.9996075613361034,0.0009788566341229,3.925927324639991e-05
polarized,1298.51023803699,10.0,10.0,10.0,0.0426993291805034,0.0042699329180503,0.0418881471062371,0.999555104711482,0.0010423894636668,4.45093308433987e-05
polarized,1219.3670458907095,10.0,10.0,10.0,0.0454581369395813,0.0045458136939581,0.0445394211503189,0.9994956483134028,0.0011100459005799,5.046061855778452e-05
polarized,1145.0475699382812,10.0,10.0,10.0,0.048394325220298,0.0048394325220298,0.0473539066835168,0.9994282608571722,0.0011820935881871,5.720662154755604e-05
polarized,1075.257808417991,10.0,10.0,10.0,0.0515191834211397,0.0051519183421139,0.0503410437997705,0.999351887803825,0.0012588175412413,6.485325180096011e-05
polarized,1009.72167874753,10.0,10.0,10.0,0.0548447040731461,0.0054844704073146,0.0535107379715665,0.9992653352037326,0.0013405212734188,7.352049254441473e-05
polarized,948.1799253639082,10.0,10.0,10.0,0.0583836245802861,0.0058383624580286,0.0568733719607352,0.9991672514609692,0.0014275279979944,8.334425871275587e-05
polarized,890.3890941296735,10.0,10.0,10.0,0.0621494711614262,0.0062149471161426,0.0604398163384436,0.9990561067606406,0.0015201819064465,9.44785015548226e-05
polarized,836.1205692482771,10.0,10.0,10.0,0.0661566050717448,0.0066156605071744,0.0642214382902137,0.9989301698719724,0.0016188495300506,0.0001070975890301
polarized,785.159668878704,10.0,10.0,10.0,0.0704202711783858,0.0070420271178385,0.0682301083400935,0.9987874820078972,0.001723921189847,0.0001213989976791
polarized,737.3047958716827,10.0,10.0,10.0,0.0749566489609237,0.0074956648960923,0.0724782045827721,0.9986258273871328,0.0018358125407186,0.0001376063561727
polarized,692.3666402678728,10.0,10.0,10.0,0.079782906001635,0.0079782906001635,0.0769786139636732,0.9984427001073573,0.0019549662156882,0.0001559728858226
polarized,650.1674304031648,10.0,10.0,10.0,0.0849172540234575,0.0084917254023457,0.0817447300946394,0.99823526689819,0.0020818535769377,0.0001767852890324
polarized,610.5402296585327,10.0,10.0,10.0,0.0903790075246201,0.009037900752462,0.0867904470372699,0.998000325280612,0.002216976580479,0.000200368143049
polarized,573.3282760724394,10.0,10.0,10.0,0.0961886450480092,0.0096188645048009,0.0921301484272274,0.99773425661563,0.0023608697618504,0.0002270888635272
polarized,538.3843622033489,10.0,10.0,10.0,0.1023678731101137,0.0102367873110113,0.0977786912516291,0.997432973480212,0.0025141023506957,0.0002573633104218
polarized,505.570252789143,10.0,10.0,10.0,0.108939692798562,0.0108939692798562,0.1037513835284037,0.9970918607638156,0.0026772805225899,0.0002916621176665
polarized,474.7561378997421,10.0,10.0,10.0,0.1159284690284902,0.011592846902849,0.1100639550722709,0.9967057098357058,0.0028510497970204,0.0003305178380925
polarized,445.8201194196514,10.0,10.0,10.0,0.1233600024258922,0.0123360002425892,0.1167325204677122,0.996268645093781,0.0030360975910088,0.000374533006192
polarized,418.6477288289951,10.0,10.0,10.0,0.1312616037803098,0.0131261603780309,0.1237735333066393,0.9957740421724802,0.0032331559384767,0.0004243892337562
polarized,393.1314743754256,10.0,10.0,10.0,0.1396621709792743,0.0139662170979274,0.1312037306890143,0.9952144370641716,0.003443004386112,0.0004808574672555
polarized,369.1704158455517,10.0,10.0,10.0,0.1485922683023607,0.014859226830236,0.139040066930837,0.9945814253998668,0.0036664730771914,0.0005448095512094
polarized,346.66976525371945,10.0,10.0,10.0,0.1580842079130518,0.0158084207913051,0.147299635378325,0.993865551147172,0.0039044460355596,0.0006172312588707
polarized,325.5405118685032,10.0,10.0,10.0,0.1681721333413025,0.0168172133341302,0.1559995771930327,0.9930561840236692,0.0041578646627551,0.0006992369704799
polarized,305.6990700935378,10.0,10.0,10.0,0.1788921046981948,0.0178892104698194,0.1651569759539575,0.9921413850019674,0.0044277314621176,0.0007920862002966
polarized,287.0669488097448,10.0,10.0,10.0,0.1902821853057795,0.0190282185305779,0.1747887369238075,0.991107759410283,0.0047151140046092,0.0008972021967629
polarized,269.57044087089156,10.0,10.0,10.0,0.2023825293595305,0.020238252935953,0.1849114498527491,0.9899402973240928,0.0050211491520375,0.0010161928656808
polarized,253.1403315241567,10.0,10.0,10.0,0.2152354701671655,0.0215235470167165,0.1955412342499027,0.9886222012177016,0.0053470475543882,0.0011508742943749
polarized,237.7116246022335,10.0,10.0,10.0,0.2288856084253078,0.0228885608425307,0.2066935661472904,0.98713470122035,0.0056940984390569,0.0013032971856571
polarized,223.22328540381503,10.0,10.0,10.0,0.2433798999039694,0.0243379899903969,0.2183830855198897,0.9854568588243026,0.0060636747109275,0.0014757765441957
polarized,209.61799924531277,10.0,10.0,10.0,0.2587677418075819,0.0258767741807581,0.2306233837169029,0.9835653605503296,0.0064572383834712,0.001670924994804
polarized,196.84194472866113,10.0,10.0,10.0,0.2751010569697433,0.0275101056969743,0.2434267705114224,0.9814343039207196,0.0068763463623522,0.0018916901523731
polarized,184.8445808282741,10.0,10.0,10.0,0.2924343749165775,0.0292434374916577,0.2568040206969324,0.9790349791555996,0.0073226566044192,0.002141396506842
polarized,173.5784469548853,10.0,10.0,10.0,0.3108249087002802,0.031082490870028,0.2707641005579966,0.9763356513303394,0.0077979346764467,0.0024237923338573
polarized,162.99897520534324,10.0,10.0,10.0,0.3303326262598631,0.0330332626259863,0.2853138750270587,0.9733013493443192,0.0083040607395726,0.0027431021927244
polarized,153.06431405563595,10.0,10.0,10.0,0.3510203149103441,0.0351020314910344,0.3004577969167312,0.9698936699835248,0.008843036987062,0.0031040856279623
polarized,143.73516279968806,10.0,10.0,10.0,0.3729536373948937,0.0372953637394893,0.3161975802927446,0.9660706076299168,0.0094169955648195,0.003512102749231
polarized,134.97461607898632,10.0,10.0,10.0,0.3962011777572974,0.0396201177757297,0.3325318608302684,0.9617864227797094,0.0100282070059838,0.0039731874265647
polarized,126.74801788800204,10.0,10.0,10.0,0.4208344751054644,0.0420834475105464,0.3494558468755129,0.9569915654525084,0.0106790892129714,0.0044941289035452
polarized,119.02282447787157,10.0,10.0,10.0,0.4469280431419309,0.044692804314193,0.3669609659111952,0.9516326727341152,0.0113722170224999,0.0050825627000512
polarized,111.76847561598989,10.0,10.0,10.0,0.4745593731362941,0.0474559373136294,0.3850345121889055,0.945652662970778,0.0121103323914317,0.00574707174815
polarized,104.95627369223337,10.0,10.0,10.0,0.5038089178097096,0.0503808917809709,0.4036593024270778,0.9389909523196968,0.0128963552437307,0.0064972987790335
polarized,98.55927019356292,10.0,10.0,10.0,0.5347600533962344,0.0534760053396234,0.4228133476558415,0.9315838221636226,0.0137333950214424,0.0073440710549781
polarized,92.55215909791352,10.0,10.0,10.0,0.5674990169438239,0.0567499016943823,0.4424695504854988,0.9233649679101708,0.0146247629853919,0.0082995386172463
polarized,86.9111767656428,10.0,10.0,10.0,0.6021148157241402,0.060211481572414,0.4625954382396928,0.9142662603916664,0.0155739853142611,0.0093773272975868
polarized,81.6140079325183,10.0,10.0,10.0,0.6386991054408219,0.0638699105440821,0.483152943471882,0.9042187498129992,0.0165848170538621,0.0105927078162014
polarized,76.63969743235928,10.0,10.0,10.0,0.6773460337674608,0.067734603376746,0.5040982443075106,0.8931539382202983,0.0176612569717918,0.0119627823611911
polarized,71.96856730011521,10.0,10.0,10.0,0.7181520456173031,0.0718152045617303,0.5253816777458924,0.881005338994363,0.0188075633762283,0.0135066901117154
polarized,67.58213892744703,10.0,10.0,10.0,0.7612156464559178,0.0761215646455917,0.5469477394267843,0.8677103301666174,0.02002827096145,0.0152458332273145
polarized,63.46305996286578,10.0,10.0,10.0,0.8066371199261789,0.0806637119926178,0.5687351833208989,0.8532122918477242,0.0213282087467147,0.0172041248766342
polarized,59.59503566725067,10.0,10.0,10.0,0.8545181960735605,0.085451819607356,0.5906772342409752,0.8374629965431997,0.022712519179464,0.0194082609175217
polarized,55.962764453195526,10.0,10.0,10.0,0.9049616665515978,0.0904961666551597,0.612701924891814,0.8204251949675049,0.024186678478425,0.0218880168641831
polarized,52.55187735318167,10.0,10.0,10.0,0.9580709433660708,0.095807094336607,0.6347325672933337,0.8020753103019361,0.0257565182970827,0.0246765717827115
polarized,49.34888117711905,10.0,10.0,10.0,1.0139495579962885,0.1013949557996288,0.6566883657467578,0.7824061227709982,0.027428248793224,0.0278108607405017
polarized,46.34110513439105,10.0,10.0,10.0,1.072700598127403,0.1072700598127402,0.678485175023827,0.761429297056644,0.0292084831958132,0.031331957394543
polarized,43.51665070924416,10.0,10.0,10.0,1.134426079753488,0.1134426079753488,0.7000364031340691,0.739177581458634,0.0311042639663842,0.0352854882350029
polarized,40.86434459123405,10.0,10.0,10.0,1.1992262530808735,0.1199226253080873,0.7212540529065732,0.7157064944281609,0.0331230906584423,0.0397220799007819
polarized,38.373694474524115,10.0,10.0,10.0,1.2671988414874382,0.1267198841487438,0.7420498908118383,0.6910953156766265,0.0352729495850831,0.0446978408500622
polarized,36.03484755118287,10.0,10.0,10.0,1.3384382137861697,0.1338438213786169,0.7623367251164244,0.6654472191144607,0.0375623454121937,0.0502748784991156
polarized,33.83855153428233,10.0,10.0,10.0,1.4130344912073505,0.141303449120735,0.7820297688531996,0.6388884251777209,0.0400003348022142,0.0565218527353704
polarized,31.776118056608645,10.0,10.0,10.0,1.4910725918556575,0.1491072591855657,0.8010480565223432,0.6115663097269387,0.0425965622415532,0.0635145664656536
polarized,29.83938830019264,10.0,10.0,10.0,1.572631216913492,0.1572631216913492,0.8193158773001421,0.5836464815328649,0.045361298193386,0.0713365935786405
polarized,28.020700720694048,10.0,10.0,10.0,1.657781784540355,0.1657781784540355,0.8367641822642831,0.5553089231662269,0.0483054797267663,0.0800799443845166
polarized,26.312860738959433,10.0,10.0,10.0,1.7465873192427337,0.1746587319242733,0.8533319192149909,0.5267433713280962,0.0514407537827755,0.0898457682492834
polarized,24.709112279856043,10.0,10.0,10.0,1.8391013064334456,0.1839101306433445,0.8689672465463024,0.4981441818514626,0.0547795232488683,0.1007450927727951
polarized,23.203111045791875,10.0,10.0,10.0,1.9353665239275943,0.1935366523927594,0.8836285777213779,0.4697049722735106,0.0583349960236799,0.1128995984776795
polarized,21.78889941919376,10.0,10.0,10.0,2.035413864187809,0.2035413864187809,0.8972854105595196,0.441613354278075,0.0621212372663914,0.1264424275925134
polarized,20.46088289466012,10.0,10.0,10.0,2.139261163177186,0.2139261163177185,0.9099189009414138,0.4140460567919542,0.0661532250373479,0.141519025141319
polarized,19.213807947555622,10.0,10.0,10.0,2.246912053637098,0.2246912053637098,0.9215221486920115,0.3871647000528691,0.0704469095500391,0.1582880102094652
polarized,18.042741251497876,10.0,10.0,10.0,2.358354862402367,0.2358354862402367,0.932100174100958,0.3611124176847748,0.0750192762688377,0.1769220749625198
polarized,16.943050162522237,10.0,10.0,10.0,2.473561572914163,0.2473561572914163,0.9416695763498678,0.3360114467444515,0.0798884131021056,0.1976089087704607
polarized,15.910384392721523,10.0,10.0,10.0,2.592486875302646,0.2592486875302646,0.9502578793681608,0.3119617250009496,0.0850735819564786,0.2205521446571549
polarized,14.940658800863334,10.0,10.0,10.0,2.7150673271960564,0.2715067327196056,0.957902585472726,0.2890404598691568,0.0905952949353919,0.2459723252767731
polarized,14.030037231905734,10.0,10.0,10.0,2.8412206486828637,0.2841220648682864,0.9646499715611976,0.2673025718316857,0.0964753954832817,0.2741078857369456
polarized,13.17491734148208,10.0,10.0,10.0,2.970845174527634,0.2970845174527634,0.970553675567396,0.2467818713221293,0.1027371447964628,0.3052161508633184
polarized,12.371916345321608,10.0,10.0,10.0,3.1038194857514174,0.3103819485751417,0.9756731313362332,0.2274928033199193,0.1094053138425167,0.3395743449491528
polarized,11.617857637231843,10.0,10.0,10.0,3.2400022409830775,0.3240002240983077,0.9800719171677756,0.2094325870968101,0.1165062813522116,0.3774806126697705
polarized,10.909758222704642,10.0,10.0,10.0,3.3792322255420175,0.3379232225542017,0.9838160863970158,0.1925835865640458,0.1240681381716004,0.4192550506724719
polarized,10.24481691843409,10.0,10.0,10.0,3.521328633026134,0.3521328633026134,0.986972547223995,0.1769157654202821,0.132120798387109,0.4652407503787999
polarized,9.62040327106476,10.0,10.0,10.0,3.6660915902838815,0.3666091590283881,0.9896075536667368,0.1623891065342024,0.1406961176632116,0.5158048537506917
polarized,9.034047151333576,10.0,10.0,10.0,3.8133029321133014,0.3813302932113301,0.9917853604315088,0.1489559028727943,0.1498280192608322,0.5713396251600599
polarized,8.48342898244072,10.0,10.0,10.0,3.962727226954948,0.3962727226954948,0.9935670824707143,0.1365628547454683,0.1595526282349864,0.6322635440390016
polarized,7.96637056399373,10.0,10.0,10.0,4.114113049365256,0.4114113049365255,0.995009786070592,0.1251529330288863,0.1699084143425416,0.6990224246436092
polarized,7.480826455225086,10.0,10.0,10.0,4.26719448933646,0.426719448933646,0.996165823660256,0.114666989101143,0.1809363442254252,0.7720905709994195
polarized,7.024875883396023,10.0,10.0,10.0,4.421692882757499,0.4421692882757499,0.997082410351358,0.1050451089213372,0.1926800434713058,0.8519719768664789
polarized,6.596715145376838,10.0,10.0,10.0,4.57731874169152,0.457731874169152,0.9978014275763816,0.0962277210711042,0.2051859691928461,0.9392015823185538
polarized,6.194650472344998,10.0,10.0,10.0,4.733773857890464,0.4733773857890464,0.9983594289397856,0.0881564770240459,0.2185035938082368,1.034346600224548
polarized,5.817091329374358,10.0,10.0,10.0,4.890753548281675,0.4890753548281675,0.9987878160763926,0.0807749270247031,0.2326856007500318,1.1380079275022716
polarized,5.462544123409224,10.0,10.0,10.0,5.047949007235964,0.5047949007235963,0.9991131481405005,0.0740290174125987,0.2477880928764944,1.2508216574407929
polarized,5.129606294732514,10.0,10.0,10.0,5.205049727425015,0.5205049727425015,0.9993575474229476,0.0678674356766126,0.2638708144099109,1.3734607106197236
polarized,4.816960768554367,10.0,10.0,10.0,5.361745949126436,0.5361745949126436,0.9995391651384647,0.0622418285601048,0.2809973872798413,1.5066366029628018
polarized,4.523370744772102,10.0,10.0,10.0,5.517731097021202,0.5517731097021202,0.999672675077012,0.0571069166525873,0.2992355628062649,1.6511013702307693
polarized,4.247674805290287,10.0,10.0,10.0,5.672704163886305,0.5672704163886305,0.9997697679035624,0.0524205264921847,0.3186574897182534,1.8076496687782937
polarized,3.988782319545844,10.0,10.0,10.0,5.826372002099356,0.5826372002099356,0.9998396247409208,0.0481435585606351,0.3393399995684364,1.9771210726779456
polarized,3.745669130062843,10.0,10.0,10.0,5.978451486476124,0.5978451486476124,0.999889354661607,0.0442399068903832,0.3613649106723328,2.16040258736932
polarized,3.517373500969382,10.0,10.0,10.0,6.12867151554489,0.612867151554489,0.9999243863452132,0.0406763434627324,0.3848193517749073,2.3584313998533233
polarized,3.302992313449222,10.0,10.0,10.0,6.276774822771984,0.6276774822771984,0.999948809069074,0.0374223782435244,0.4097961067247522,2.572197885159906
polarized,3.101677493077699,10.0,10.0,10.0,6.422519574309856,0.6422519574309856,0.9999656621845782,0.0344501036238288,0.4363939815193953,2.8027488884193295
polarized,2.912632654908738,10.0,10.0,10.0,6.565680735340974,0.6565680735340974,0.9999771752168451,0.0317340302237786,0.4647181951737353,3.0511913014146215
polarized,2.735109953041209,10.0,10.0,10.0,6.706051192827822,0.6706051192827822,0.9999849627488576,0.0292509194742243,0.4948807959578509,3.3186959520407284
polarized,2.5684071222017817,10.0,10.0,10.0,6.843442628243174,0.6843442628243175,0.9999901794260064,0.0269796170970823,0.5270011046507815,3.606501824698401
polarized,2.411864699640997,10.0,10.0,10.0,6.97768613944992,0.697768613944992,0.99999364090038,0.0249008905377567,0.5612061865637605,3.9159206293594977
polarized,2.2648634163526316,10.0,10.0,10.0,7.10863261615112,0.710863261615112,0.9999959164979644,0.0229972725352644,0.597631354200182,4.248341736901977
polarized,2.1268217472962094,10.0,10.0,10.0,7.236152878091602,0.7236152878091602,0.9999973990010904,0.0212529123205138,0.6364207025407851,4.605237498367582
polarized,1.99719361093156,10.0,10.0,10.0,7.360137589347225,0.7360137589347225,0.9999983563364634,0.0196534353844623,0.6777276790715997,4.988168966075934
polarized,1.8754662089649552,10.0,10.0,10.0,7.480496965506536,0.7480496965506537,0.9999989692606468,0.0181858123315823,0.721715690809637,5.398792035059944
polarized,1.7611579977610468,10.0,10.0,10.0,7.597160293286159,0.7597160293286158,0.9999993584241617,0.0168382370087,0.7685587507276694,5.838864024085865
polarized,1.6538167833956727,10.0,10.0,10.0,7.710075284113032,0.7710075284113033,0.999999603528434,0.0156000138561049,0.8184421661353031,6.310250716595732
polarized,1.553017932813719,10.0,10.0,10.0,7.819207284470389,0.7819207284470389,0.9999997566990088,0.0144614542507844,0.8715632717395217,6.814933883262513
polarized,1.4583626940155214,10.0,10.0,10.0,7.924538366381854,0.7924538366381854,0.99999985169797,0.0134137814871786,0.9281322102846302,7.355019309475343
polarized,1.3694766186266034,10.0,10.0,10.0,8.026066321361608,0.8026066321361608,0.9999999101898196,0.0124490439576898,0.9883727638597448,7.932745352965788
polarized,1.2860080806105665,10.0,10.0,10.0,8.123803580564369,0.8123803580564368,0.9999999459515768,0.0115600360440436,1.052523239162415,8.550492058934834
polarized,1.2076268852652798,10.0,10.0,10.0,8.217776082813069,0.821777608281307,0.9999999676687368,0.0107402262039302,1.1208374102204075,9.21079086243141
polarized,1.1340229629996768,10.0,10.0,10.0,8.308022110754692,0.8308022110754691,0.9999999807714368,0.0099836917290611,1.1935855223009797,9.916334910353228
polarized,1.0649051427238374,10.0,10.0,10.0,8.39459111368549,0.8394591113685489,0.9999999886274822,0.0092850596560068,1.2710553609790312,10.669990038276875
polarized,1.0,10.0,10.0,10.0,8.477542533682303,0.8477542533682303,0.9999999933096062,0.0086394533260853,1.3535533905932735,11.474806440364372
polarized,1778.2794100389228,10.0,16.0,4.0,0.0499444240949681,0.0031215265059355,0.0487920141766137,0.9996199879813484,0.0007611590073821,3.801564826839716e-05
polarized,1669.8946588711192,10.0,16.0,4.0,0.053175300587126,0.0033234562866953,0.0518701938196447,0.999569166842084,0.0008105621413917,4.310188551305258e-05
polarized,1568.115874245688,10.0,16.0,4.0,0.0566144387942309,0.0035384024246394,0.0551365299212556,0.9995115588250072,0.0008631717928653,4.886798663608225e-05
polarized,1472.5404276241222,10.0,16.0,4.0,0.0602751641991858,0.0037671977624491,0.0586017268661195,0.9994462598507374,0.0009191960812764,5.5404694730187576e-05
polarized,1382.790230365145,10.0,16.0,4.0,0.0641716416934988,0.0040107276058436,0.0622769920758313,0.9993722459507416,0.0009788566341229,6.281483719423986e-05
polarized,1298.51023803699,10.0,16.0,4.0,0.0683189266888055,0.0042699329180503,0.0661740450409508,0.9992883575022076,0.0010423894636668,7.121492934943793e-05
polarized,1219.3670458907095,10.0,16.0,4.0,0.0727330191033301,0.0045458136939581,0.0703051241852036,0.9991932814233696,0.0011100459005799,8.073698969245523e-05
polarized,1145.0475699382812,10.0,16.0,4.0,0.0774309203524768,0.0048394325220298,0.0746829911318317,0.9990855310740834,0.0011820935881871,9.153059447608968e-05
polarized,1075.257808417991,10.0,16.0,4.0,0.0824306934738236,0.0051519183421139,0.0793209318903526,0.9989634235768132,0.0012588175412413,0.0001037652028815
polarized,1009.72167874753,10.0,16.0,4.0,0.0877515265170338,0.0054844704073146,0.0842327544265282,0.9988250542407444,0.0013405212734188,0.000117632788071
polarized,948.1799253639082,10.0,16.0,4.0,0.0934137993284578,0.0058383624580286,0.0894327820191319,0.9986682677364088,0.0014275279979944,0.0001333508139404
polarized,890.3890941296735,10.0,16.0,4.0,0.099439153858282,0.0062149471161426,0.0949358417445107,0.998490625629983,0.0015201819064465,0.0001511656024877
polarized,836.1205692482771,10.0,16.0,4.0,0.1058505681147917,0.0066156605071744,0.1007572473642933,0.9982893698453622,0.0016188495300506,0.0001713561424482
polarized,785.159668878704,10.0,16.0,4.0,0.1126724338854174,0.0070420271178385,0.1069127758236481,0.998061381578465,0.001723921189847,0.0001942383962867
polarized,737.3047958716827,10.0,16.0,4.0,0.119930638337478,0.0074956648960923,0.1134186364978927,0.9978031351423255,0.0018358125407186,0.0002201701698763
polarized,692.3666402678728,10.0,16.0,4.0,0.1276526496026161,0.0079782906001635,0.1202914322554614,0.997510646174039,0.0019549662156882,0.0002495566173162
polarized,650.1674304031648,10.0,16.0,4.0,0.135867606437532,0.0084917254023457,0.1275481113362361,0.9971794135864304,0.0020818535769377,0.0002828564624519
polarized,610.5402296585327,10.0,16.0,4.0,0.1446064120393923,0.009037900752462,0.1352059089784812,0.9968043545997706,0.002216976580479,0.0003205890288784
polarized,573.3282760724394,10.0,16.0,4.0,0.1539018320768148,0.0096188645048009,0.1432822776668072,0.9963797321437748,0.0023608697618504,0.0003633421816435
polarized,538.3843622033489,10.0,16.0,4.0,0.1637885969761819,0.0102367873110113,0.1517948048210203,0.9958990738800028,0.0025141023506957,0.0004117812966749
polarized,505.570252789143,10.0,16.0,4.0,0.1743035084776993,0.0108939692798562,0.160761116704464,0.995355082062966,0.0026772805225899,0.0004666593882664
polarized,474.7561378997421,10.0,16.0,4.0,0.1854855504455844,0.011592846902849,0.1701987673048136,0.99473953343908,0.0028510497970204,0.0005288285409481
polarized,445.8201194196514,10.0,16.0,4.0,0.1973760038814275,0.0123360002425892,0.1801251109347357,0.99404316838178,0.0030360975910088,0.0005992528099073
polarized,418.6477288289951,10.0,16.0,4.0,0.2100185660484957,0.0131261603780309,0.1905571573202009,0.9932555684858578,0.0032331559384767,0.00067902277401
polarized,393.1314743754256,10.0,16.0,4.0,0.2234594735668388,0.0139662170979274,0.2015114079965517,0.9923650219035908,0.003443004386112,0.0007693719476089
polarized,369.1704158455517,10.0,16.0,4.0,0.2377476292837772,0.014859226830236,0.2130036729240145,0.9913583758109876,0.0036664730771914,0.000871695281935
polarized,346.66976525371945,10.0,16.0,4.0,0.2529347326608829,0.0158084207913051,0.2250488663730615,0.9902208755587016,0.0039044460355596,0.0009875700141931
polarized,325.5405118685032,10.0,16.0,4.0,0.269075413346084,0.0168172133341302,0.2376607813245195,0.9889359903062348,0.0041578646627551,0.0011187791527679
polarized,305.6990700935378,10.0,16.0,4.0,0.2862273675171117,0.0178892104698194,0.2508518418889836,0.9874852252809304,0.0044277314621176,0.0012673379204746
polarized,287.0669488097448,10.0,16.0,4.0,0.3044514964892472,0.0190282185305779,0.2646328335845818,0.985847921269801,0.0047151140046092,0.0014355235148206
polarized,269.57044087089156,10.0,16.0,4.0,0.3238120469752488,0.020238252935953,0.2790126117314548,0.984001042571462,0.0050211491520375,0.0016259085850893
polarized,253.1403315241567,10.0,16.0,4.0,0.3443767522674648,0.0215235470167165,0.2939977887350443,0.9819189554403864,0.0053470475543882,0.0018413988709999
polarized,237.7116246022335,10.0,16.0,4.0,0.3662169734804925,0.0228885608425307,0.3095924016476002,0.9795732000829868,0.0056940984390569,0.0020852754970514
polarized,223.22328540381503,10.0,16.0,4.0,0.3894078398463511,0.0243379899903969,0.32579756212552,0.9769322605537069,0.0060636747109275,0.0023612424707132
polarized,209.61799924531277,10.0,16.0,4.0,0.4140283868921311,0.0258767741807581,0.3426110917448606,0.973961338488741,0.0064572383834712,0.0026734799916865
polarized,196.84194472866113,10.0,16.0,4.0,0.4401616911515892,0.0275101056969743,0.3600271466005502,0.9706221385415298,0.0068763463623522,0.003026704243797
polarized,184.8445808282741,10.0,16.0,4.0,0.467894999866524,0.0292434374916577,0.3780358361942786,0.9668726756759434,0.0073226566044192,0.0034262344109473
polarized,173.5784469548853,10.0,16.0,4.0,0.4973198539204483,0.031082490870028,0.3966228428036978,0.9626671171426116,0.0077979346764467,0.0038780677341716
polarized,162.99897520534324,10.0,16.0,4.0,0.528532202015781,0.0330332626259863,0.4157690488060139,0.9579556749980788,0.0083040607395726,0.0043889635083591
polarized,153.06431405563595,10.0,16.0,4.0,0.5616325038565505,0.0351020314910344,0.4354501807781075,0.9526845683732952,0.008843036987062,0.0049665370047397
polarized,143.73516279968806,10.0,16.0,4.0,0.5967258198318299,0.0372953637394893,0.4556364805780182,0.9467960782498792,0.0094169955648195,0.0056193643987696
polarized,134.97461607898632,10.0,16.0,4.0,0.6339218844116759,0.0396201177757297,0.4762924149821341,0.9402287210771396,0.0100282070059838,0.0063570998825036
polarized,126.74801788800204,10.0,16.0,4.0,0.6733351601687431,0.0420834475105464,0.4973764367481461,0.9329175708812384,0.0106790892129714,0.0071906062456724
polarized,119.02282447787157,10.0,16.0,4.0,0.7150848690270895,0.044692804314193,0.5188408111210124,0.9247947621843082,0.0113722170224999,0.008132100320082
polarized,111.76847561598989,10.0,16.0,4.0,0.7592949970180707,0.0474559373136294,0.5406315227083945,0.9157902075365482,0.0121103323914317,0.00919531479704
polarized,104.95627369223337,10.0,16.0,4.0,0.8060942684955353,0.0503808917809709,0.56268827821984,0.905832563100167,0.0128963552437307,0.0103956780464537
polarized,98.55927019356292,10.0,16.0,4.0,0.855616085433975,0.0534760053396234,0.5849446206754101,0.8948504727166148,0.0137333950214424,0.0117505136879649
polarized,92.55215909791352,10.0,16.0,4.0,0.9079984271101182,0.0567499016943823,0.6073281702208495,0.8827741143609,0.0146247629853919,0.0132792617875941
polarized,86.9111767656428,10.0,16.0,4.0,0.9633837051586244,0.060211481572414,0.629761005511869,0.8695370619616565,0.0155739853142611,0.0150037236761388
polarized,81.6140079325183,10.0,16.0,4.0,1.021918568705315,0.0638699105440821,0.6521601976284903,0.8550784594977952,0.0165848170538621,0.0169483325059223
polarized,76.63969743235928,10.0,16.0,4.0,1.083753654027937,0.067734603376746,0.6744385055458745,0.8393454826444151,0.0176612569717918,0.0191404517779058
polarized,71.96856730011521,10.0,16.0,4.0,1.149043272987685,0.0718152045617303,0.696505238242158,0.8222960361533544,0.0188075633762283,0.0216107041787447
polarized,67.58213892744703,10.0,16.0,4.0,1.2179450343294684,0.0761215646455917,0.7182672835297741,0.8039016035401086,0.02002827096145,0.0243933331637032
polarized,63.46305996286578,10.0,16.0,4.0,1.2906193918818862,0.0806637119926178,0.7396302976751628,0.7841501314610411,0.0213282087467147,0.0275265998026148
polarized,59.59503566725067,10.0,16.0,4.0,1.3672291137176968,0.085451819607356,0.7605000429161146,0.7630487975191529,0.022712519179464,0.0310532174680347
polarized,55.962764453195526,10.0,16.0,4.0,1.4479386664825564,0.0904961666551597,0.7807838522771581,0.7406264813710403,0.024186678478425,0.035020826982693
polarized,52.55187735318167,10.0,16.0,4.0,1.5329135093857134,0.095807094336607,0.8003921929005466,0.7169357399804829,0.0257565182970827,0.0394825148523385
polarized,49.34888117711905,10.0,16.0,4.0,1.6223192927940615,0.1013949557996288,0.819240290836412,0.6920540839444196,0.027428248793224,0.0444973771848028
polarized,46.34110513439105,10.0,16.0,4.0,1.716320957003845,0.1072700598127402,0.8372497723537777,0.666084367580664,0.0292084831958132,0.0501311318312688
polarized,43.51665070924416,10.0,16.0,4.0,1.8150817276055808,0.1134426079753488,0.8543502699144813,0.6391541437088996,0.0311042639663842,0.0564567811760047
polarized,40.86434459123405,10.0,16.0,4.0,1.9187620049293976,0.1199226253080873,0.870480935624375,0.6114138947345166,0.0331230906584423,0.063555327841251
polarized,38.373694474524115,10.0,16.0,4.0,2.0275181463799012,0.1267198841487438,0.8855918018895474,0.583034131139067,0.0352729495850831,0.0715165453600995
polarized,36.03484755118287,10.0,16.0,4.0,2.1415011420578716,0.1338438213786169,0.8996449287733284,0.5542014394676568,0.0375623454121937,0.080439805598585
polarized,33.83855153428233,10.0,16.0,4.0,2.260855185931761,0.141303449120735,0.9126152806854176,0.5251136540359573,0.0400003348022142,0.0904349643765927
polarized,31.776118056608645,10.0,16.0,4.0,2.385716146969052,0.1491072591855657,0.924491281877547,0.4959744079827068,0.0425965622415532,0.1016233063450457
polarized,29.83938830019264,10.0,16.0,4.0,2.5162099470615873,0.1572631216913492,0.9352750108663191,0.4669873786295664,0.045361298193386,0.1141385497258248
polarized,28.020700720694048,10.0,16.0,4.0,2.652450855264568,0.1657781784540355,0.944982008143531,0.438350570760828,0.0483054797267663,0.1281279110152266
polarized,26.312860738959433,10.0,16.0,4.0,2.794539710788374,0.1746587319242733,0.9536406888117132,0.4102509752534197,0.0514407537827755,0.1437532291988535
polarized,24.709112279856043,10.0,16.0,4.0,2.9425620902935132,0.1839101306433445,0.961291371187527,0.3828599006463711,0.0547795232488683,0.1611921484364722
polarized,23.203111045791875,10.0,16.0,4.0,3.096586438284151,0.1935366523927594,0.9679849527146408,0.356329207948292,0.0583349960236799,0.1806393575642872
polarized,21.78889941919376,10.0,16.0,4.0,3.2566621827004947,0.2035413864187809,0.9737812842416068,0.3307885941573266,0.0621212372663914,0.2023078841480215
polarized,20.46088289466012,10.0,16.0,4.0,3.422817861083497,0.2139261163177185,0.9787473112456068,0.3063439792279557,0.0661532250373479,0.2264304402261104
polarized,19.213807947555622,10.0,16.0,4.0,3.5950592858193566,0.2246912053637098,0.9829550643502878,0.2830769657315414,0.0704469095500391,0.2532608163351444
polarized,18.042741251497876,10.0,16.0,4.0,3.7733677798437872,0.2358354862402367,0.9864795901381268,0.2610452691539993,0.0750192762688377,0.2830753199400318
polarized,16.943050162522237,10.0,16.0,4.0,3.957698516662661,0.2473561572914163,0.989396915826354,0.2402839652645446,0.0798884131021056,0.3161742540327372
polarized,15.910384392721523,10.0,16.0,4.0,4.147979000484233,0.2592486875302646,0.9917821374281992,0.2208073712909072,0.0850735819564786,0.3528834314514479
polarized,14.940658800863334,10.0,16.0,4.0,4.34410772351369,0.2715067327196056,0.9937077107548148,0.2026113686014543,0.0905952949353919,0.393555720442837
polarized,14.030037231905734,10.0,16.0,4.0,4.545953037892582,0.2841220648682864,0.9952420088704966,0.1856759827927586,0.0964753954832817,0.4385726171791131
polarized,13.17491734148208,10.0,16.0,4.0,4.753352279244214,0.2970845174527634,0.9964481898141392,0.1699680578437021,0.1027371447964628,0.4883458413813095
polarized,12.371916345321608,10.0,16.0,4.0,4.966111177202268,0.3103819485751417,0.9973833963868752,0.1554438893829545,0.1094053138425167,0.5433189519186445
polarized,11.617857637231843,10.0,16.0,4.0,5.184003585572924,0.3240002240983077,0.9980982876296364,0.1420517136442774,0.1165062813522116,0.6039689802716329
polarized,10.909758222704642,10.0,16.0,4.0,5.406771560867228,0.3379232225542017,0.9986368812800056,0.129733979774073,0.1240681381716004,0.6708080810759551
polarized,10.24481691843409,10.0,16.0,4.0,5.634125812841814,0.3521328633026134,0.9990366697187802,0.118429361301243,0.132120798387109,0.7443852006060799
polarized,9.62040327106476,10.0,16.0,4.0,5.86574654445421,0.3666091590283881,0.9993289599134962,0.1080744863105435,0.1406961176632116,0.8252877660011068
polarized,9.034047151333576,10.0,16.0,4.0,6.101284691381283,0.3813302932113301,0.9995393812415154,0.0986053845785,0.1498280192608322,0.9141434002560958
polarized,8.48342898244072,10.0,16.0,4.0,6.340363563127918,0.3962727226954948,0.9996885037849492,0.0899586636867225,0.1595526282349864,1.0116216704624026
polarized,7.96637056399373,10.0,16.0,4.0,6.582580878984409,0.4114113049365255,0.9997925131092964,0.0820724353970926,0.1699084143425416,1.1184358794297746
polarized,7.480826455225086,10.0,16.0,4.0,6.827511182938336,0.426719448933646,0.9998638946074044,0.0748870190627201,0.1809363442254252,1.235344913599071
polarized,7.024875883396023,10.0,16.0,4.0,7.074708612412,0.4421692882757499,0.9999120899078794,0.068345451343585,0.1926800434713058,1.363155162986366
polarized,6.596715145376838,10.0,16.0,4.0,7.323709986706432,0.457731874169152,0.9999440982707825,0.0623938317590919,0.2051859691928461,1.502722531709686
polarized,6.194650472344998,10.0,16.0,4.0,7.574038172624743,0.4733773857890464,0.9999650061219452,0.0569815323192914,0.2185035938082368,1.654954560359277
polarized,5.817091329374358,10.0,16.0,4.0,7.825205677250681,0.4890753548281675,0.9999784369777056,0.0520612971961251,0.2326856007500318,1.8208126840036345
polarized,5.462544123409224,10.0,16.0,4.0,8.076718411577541,0.5047949007235963,0.999986921385781,0.0475892555688076,0.2477880928764944,2.0013146519052687
polarized,5.129606294732514,10.0,16.0,4.0,8.328079563880024,0.5205049727425015,0.9999921918936346,0.0435248677333425,0.2638708144099109,2.1975371369915577
polarized,4.816960768554367,10.0,16.0,4.0,8.578793518602298,0.5361745949126436,0.999995411481144,0.0398308215371365,0.2809973872798413,2.4106185647404827
polarized,4.523370744772102,10.0,16.0,4.0,8.828369755233924,0.5517731097021202,0.9999973455990812,0.036472893337838,0.2992355628062649,2.6417621923692307
polarized,4.247674805290287,10.0,16.0,4.0,9.076326662218088,0.5672704163886305,0.99999848830078,0.0334197850810674,0.3186574897182534,2.89223947004527
polarized,3.988782319545844,10.0,16.0,4.0,9.32219520335897,0.5826372002099356,0.9999991523437012,0.0306429467891013,0.3393399995684364,3.163393716284713
polarized,3.745669130062843,10.0,16.0,4.0,9.565522378361798,0.5978451486476124,0.9999995319491976,0.0281163917641416,0.3613649106723328,3.4566441397909116
polarized,3.517373500969382,10.0,16.0,4.0,9.805874424871824,0.612867151554489,0.9999997454574632,0.0258165101265515,0.3848193517749073,3.773490239765317
polarized,3.302992313449222,10.0,16.0,4.0,10.042839716435177,0.6276774822771984,0.999999863633139,0.0237218849083361,0.4097961067247522,4.115516616255849
polarized,3.101677493077699,10.0,16.0,4.0,10.27603131889577,0.6422519574309856,0.999999928015953,0.0218131137761227,0.4363939815193953,4.4843982214709275
polarized,2.912632654908738,10.0,16.0,4.0,10.50508917654556,0.6565680735340974,0.9999999625501004,0.0200726385340784,0.4647181951737353,4.881906082263394
polarized,2.735109953041209,10.0,16.0,4.0,10.729681908524515,0.6706051192827822,0.9999999807925584,0.0184845838237437,0.4948807959578509,5.309913523265165
polarized,2.5684071222017817,10.0,16.0,4.0,10.94950820518908,0.6843442628243175,0.9999999902855324,0.0170346058645358,0.5270011046507815,5.7704029195174416
polarized,2.411864699640997,10.0,16.0,4.0,11.164297823119872,0.697768613944992,0.9999999951534464,0.0157097516383183,0.5612061865637605,6.2654730069751965
polarized,2.2648634163526316,10.0,16.0,4.0,11.373812185841793,0.710863261615112,0.9999999976140987,0.0144983285897468,0.597631354200182,6.7973467790431625
polarized,2.1268217472962094,10.0,16.0,4.0,11.577844604946565,0.7236152878091602,0.999999998840624,0.0133897846701657,0.6364207025407851,7.36837999738813
polarized,1.99719361093156,10.0,16.0,4.0,11.77622014295556,0.7360137589347225,0.9999999994437108,0.0123745983789071,0.6777276790715997,7.981070345721494
polarized,1.8754662089649552,10.0,16.0,4.0,11.96879514481046,0.7480496965506537,0.9999999997363436,0.0114441783370615,0.721715690809637,8.63806725609591
polarized,1.7611579977610468,10.0,16.0,4.0,12.155456469257851,0.7597160293286158,0.99999999987652,0.0105907718528991,0.7685587507276694,9.342182438537384
polarized,1.6538167833956727,10.0,16.0,4.0,12.336120454580852,0.7710075284113033,0.9999999999428338,0.0098073818951115,0.8184421661353031,10.096401146553172
polarized,1.553017932813719,10.0,16.0,4.0,12.510731655152622,0.7819207284470389,0.9999999999738284,0.0090876918718339,0.8715632717395217,10.90389421322002
polarized,1.4583626940155214,10.0,16.0,4.0,12.679261386210966,0.7924538366381854,0.9999999999881468,0.0084259976135364,0.9281322102846302,11.768030895160548
polarized,1.3694766186266034,10.0,16.0,4.0,12.841706114178573,0.8026066321361608,0.9999999999946872,0.0078171459712385,0.9883727638597448,12.69239256474526
polarized,1.2860080806105665,10.0,16.0,4.0,12.99808572890299,0.8123803580564368,0.9999999999976424,0.0072564794640864,1.052523239162415,13.680787294295737
polarized,1.2076268852652798,10.0,16.0,4.0,13.148441732500912,0.821777608281307,0.999999999998964,0.0067397864390519,1.1208374102204075,14.737265379890252
polarized,1.1340229629996768,10.0,16.0,4.0,13.292835377207506,0.8308022110754691,0.9999999999995488,0.0062632562379757,1.1935855223009797,15.866135856565162
polarized,1.0649051427238374,10.0,16.0,4.0,13.431345781896782,0.8394591113685489,0.9999999999998052,0.0058234389016059,1.2710553609790312,17.071984061243
polarized,1.0,10.0,16.0,4.0,13.564068053891685,0.8477542533682303,0.9999999999999168,0.0054172089753408,1.3535533905932735,18.359690304583
mixed,1778.2794100389228,10.0,4.0,16.0,0.012486106023742,0.0031215265059355,0.0124277640261492,0.9999524826976658,0.0007611590073821,9.50391206709929e-06
mixed,1669.8946588711192,10.0,4.0,16.0,0.0132938251467815,0.0033234562866953,0.0132276996897511,0.999946125545722,0.0008105621413917,1.0775471378263143e-05
mixed,1568.115874245688,10.0,4.0,16.0,0.0141536096985577,0.0035384024246394,0.0140786649988101,0.9999389187478522,0.0008631717928653,1.2216996659020562e-05
mixed,1472.5404276241222,10.0,4.0,16.0,0.0150687910497964,0.0037671977624491,0.0149838540274537,0.9999307489276305,0.0009191960812764,1.3851173682546894e-05
mixed,1382.790230365145,10.0,4.0,16.0,0.0160429104233747,0.0040107276058436,0.0159466526142767,0.9999214876181852,0.0009788566341229,1.5703709298559966e-05
mixed,1298.51023803699,10.0,4.0,16.0,0.0170797316722013,0.0042699329180503,0.0169706487802907,0.99991098926193,0.0010423894636668,1.7803732337359482e-05
mixed,1219.3670458907095,10.0,4.0,16.0,0.0181832547758325,0.0045458136939581,0.0180596435624256,0.9998990889469528,0.0011100459005799,2.018424742311381e-05
mixed,1145.0475699382812,10.0,4.0,16.0,0.0193577300881192,0.0048394325220298,0.0192176622569185,0.9998855998457976,0.0011820935881871,2.2882648619022416e-05
mixed,1075.257808417991,10.0,4.0,16.0,0.0206076733684559,0.0051519183421139,0.0204489660626193,0.9998703103179932,0.0012588175412413,2.5941300720384044e-05
mixed,1009.72167874753,10.0,4.0,16.0,0.0219378816292584,0.0054844704073146,0.0217580641092548,0.9998529806327836,0.0013405212734188,2.9408197017765895e-05
mixed,948.1799253639082,10.0,4.0,16.0,0.0233534498321144,0.0058383624580286,0.0231497258498902,0.9998333392630055,0.0014275279979944,3.333770348510235e-05
mixed,890.3890941296735,10.0,4.0,16.0,0.0248597884645705,0.0062149471161426,0.0246289937901388,0.999811078694894,0.0015201819064465,3.779140062192904e-05
mixed,836.1205692482771,10.0,4.0,16.0,0.0264626420286979,0.0066156605071744,0.0262011965189731,0.9997858506916888,0.0016188495300506,4.283903561205681e-05
mixed,785.159668878704,10.0,4.0,16.0,0.0281681084713543,0.0070420271178385,0.0278719619972113,0.9997572609411984,0.001723921189847,4.8559599071677336e-05
mixed,737.3047958716827,10.0,4.0,16.0,0.0299826595843695,0.0074956648960923,0.0296472310497047,0.9997248630088522,0.0018358125407186,5.504254246908517e-05
mixed,692.3666402678728,10.0,4.0,16.0,0.031913162400654,0.0079782906001635,0.0315332709959149,0.9996881515081733,0.0019549662156882,6.238915432905129e-05
mixed,650.1674304031648,10.0,4.0,16.0,0.033966901609383,0.0084917254023457,0.0335366893406697,0.9996465543899036,0.0020818535769377,7.071411561298765e-05
mixed,610.5402296585327,10.0,4.0,16.0,0.036151603009848,0.009037900752462,0.0356644474324489,0.9995994242391446,0.002216976580479,8.01472572196095e-05
mixed,573.3282760724394,10.0,4.0,16.0,0.0384754580192037,0.0096188645048009,0.0379238739802663,0.9995460284567091,0.0023608697618504,9.083554541088474e-05
mixed,538.3843622033489,10.0,4.0,16.0,0.0409471492440454,0.0102367873110113,0.0403226783020818,0.9994855381863472,0.0025141023506957,0.0001029453241687
mixed,505.570252789143,10.0,4.0,16.0,0.0435758771194248,0.0108939692798562,0.0428689631574378,0.9994170158334602,0.0026772805225899,0.0001166648470666
mixed,474.7561378997421,10.0,4.0,16.0,0.0463713876113961,0.011592846902849,0.0455712369946166,0.9993394010033192,0.0028510497970204,0.000132207135237
mixed,445.8201194196514,10.0,4.0,16.0,0.0493440009703568,0.0123360002425892,0.0484384254178354,0.9992514946675204,0.0030360975910088,0.0001498132024768
mixed,418.6477288289951,10.0,4.0,16.0,0.0525046415121239,0.0131261603780309,0.0514798816528072,0.9991519413464116,0.0032331559384767,0.0001697556935025
mixed,393.1314743754256,10.0,4.0,16.0,0.0558648683917097,0.0139662170979274,0.0547053957592081,0.9990392090724728,0.003443004386112,0.0001923429869022
mixed,369.1704158455517,10.0,4.0,16.0,0.0594369073209443,0.014859226830236,0.0581252023061997,0.9989115668751056,0.0036664730771914,0.0002179238204837
mixed,346.66976525371945,10.0,4.0,16.0,0.0632336831652207,0.0158084207913051,0.061749986192081,0.9987670595010912,0.0039044460355596,0.0002468925035482
mixed,325.5405118685032,10.0,4.0,16.0,0.067268853336521,0.0168172133341302,0.0655908862514215,0.9986034790571866,0.0041578646627551,0.0002796947881919
mixed,305.6990700935378,10.0,4.0,16.0,0.0715568418792779,0.0178892104698194,0.0696594962527319,0.9984183332322472,0.0044277314621176,0.0003168344801186
mixed,287.0669488097448,10.0,4.0,16.0,0.0761128741223118,0.0190282185305779,0.0739678628470144,0.9982088097261712,0.0047151140046092,0.0003588808787051
mixed,269.57044087089156,10.0,4.0,16.0,0.0809530117438122,0.020238252935953,0.0785284799826612,0.9979717364824708,0.0050211491520375,0.0004064771462723
mixed,253.1403315241567,10.0,4.0,16.0,0.0860941880668662,0.0215235470167165,0.0833542792555087,0.9977035372910495,0.0053470475543882,0.0004603497177499
mixed,237.7116246022335,10.0,4.0,16.0,0.0915542433701231,0.0228885608425307,0.0884586156149508,0.997400182298872,0.0056940984390569,0.0005213188742628
mixed,223.22328540381503,10.0,4.0,16.0,0.0973519599615877,0.0243379899903969,0.0938552477985147,0.9970571329399682,0.0060636747109275,0.0005903106176783
mixed,209.61799924531277,10.0,4.0,16.0,0.1035070967230327,0.0258767741807581,0.0995583128191603,0.9966692807744012,0.0064572383834712,0.0006683699979216
mixed,196.84194472866113,10.0,4.0,16.0,0.1100404227878973,0.0275101056969743,0.1055822937828568,0.9962308797107224,0.0068763463623522,0.0007566760609492
mixed,184.8445808282741,10.0,4.0,16.0,0.116973749966631,0.0292434374916577,0.1119419802701424,0.9957354710809768,0.0073226566044192,0.0008565586027368
mixed,173.5784469548853,10.0,4.0,16.0,0.124329963480112,0.031082490870028,0.118652420476075,0.9951758010451728,0.0077979346764467,0.0009695169335429
mixed,162.99897520534324,10.0,4.0,16.0,0.1321330505039452,0.0330332626259863,0.1257288642702496,0.9945437298278974,0.0083040607395726,0.0010972408770897
mixed,153.06431405563595,10.0,4.0,16.0,0.1404081259641376,0.0351020314910344,0.1331866963148316,0.9938301323391402,0.008843036987062,0.0012416342511849
mixed,143.73516279968806,10.0,4.0,16.0,0.1491814549579574,0.0372953637394893,0.1410413583665722,0.9930247898112984,0.0094169955648195,0.0014048410996924
mixed,134.97461607898632,10.0,4.0,16.0,0.1584804711029189,0.0396201177757297,0.1493082598918138,0.992116272203184,0.0100282070059838,0.0015892749706259
mixed,126.74801788800204,10.0,4.0,16.0,0.1683337900421857,0.0420834475105464,0.1580026761451376,0.9910918112896324,0.0106790892129714,0.0017976515614181
mixed,119.02282447787157,10.0,4.0,16.0,0.1787712172567723,0.044692804314193,0.1671396329066607,0.989937164583784,0.0113722170224999,0.0020330250800205
mixed,111.76847561598989,10.0,4.0,16.0,0.1898237492545176,0.0474559373136294,0.1767337771445111,0.9886364705419156,0.0121103323914317,0.00229882869926
mixed,104.95627369223337,10.0,4.0,16.0,0.2015235671238838,0.0503808917809709,0.186799232972462,0.9871720958933128,0.0128963552437307,0.0025989195116134
mixed,98.55927019356292,10.0,4.0,16.0,0.2139040213584937,0.0534760053396234,0.1973494424132639,0.9855244764372496,0.0137333950214424,0.0029376284219912
mixed,92.55215909791352,10.0,4.0,16.0,0.2269996067775295,0.0567499016943823,0.2083969906609627,0.9836719532741972,0.0146247629853919,0.0033198154468985
mixed,86.9111767656428,10.0,4.0,16.0,0.240845926289656,0.060211481572414,0.219953415765756,0.9815906072079482,0.0155739853142611,0.0037509309190347
mixed,81.6140079325183,10.0,4.0,16.0,0.2554796421763287,0.0638699105440821,0.2320290029475381,0.9792540949879478,0.0165848170538621,0.0042370831264805
mixed,76.63969743235928,10.0,4.0,16.0,0.2709384135069843,0.067734603376746,0.2446325640836942,0.9766334921729696,0.0176612569717918,0.0047851129444764
mixed,71.96856730011521,10.0,4.0,16.0,0.2872608182469212,0.0718152045617303,0.2577712033163833,0.9736971486997044,0.0188075633762283,0.0054026760446861
mixed,67.58213892744703,10.0,4.0,16.0,0.3044862585823671,0.0761215646455917,0.2714500701866734,0.9704105647360212,0.02002827096145,0.0060983332909258
mixed,63.46305996286578,10.0,4.0,16.0,0.3226548479704715,0.0806637119926178,0.2856721022278607,0.9667362960789652,0.0213282087467147,0.0068816499506537
mixed,59.59503566725067,10.0,4.0,16.0,0.3418072784294242,0.085451819607356,0.300437759536072,0.9626339001939678,0.022712519179464,0.0077633043670086
mixed,55.962764453195526,10.0,4.0,16.0,0.3619846666206391,0.0904961666551597,0.315744754477882,0.9580599359308928,0.024186678478425,0.0087552067456732
mixed,52.55187735318167,10.0,4.0,16.0,0.3832283773464283,0.095807094336607,0.331587780383544,0.9529680319079864,0.0257565182970827,0.0098706287130846
mixed,49.34888117711905,10.0,4.0,16.0,0.4055798231985154,0.1013949557996288,0.3479582437977608,0.9473090403985168,0.027428248793224,0.0111243442962007
mixed,46.34110513439105,10.0,4.0,16.0,0.4290802392509611,0.1072700598127402,0.3648440056000218,0.9410312951094012,0.0292084831958132,0.0125327829578172
mixed,43.51665070924416,10.0,4.0,16.0,0.4537704319013952,0.1134426079753488,0.3822291370405168,0.9340809922732076,0.0311042639663842,0.0141141952940011
mixed,40.86434459123405,10.0,4.0,16.0,0.4796905012323493,0.1199226253080873,0.400093697436914,0.9264027146933028,0.0331230906584423,0.0158888319603127
mixed,38.373694474524115,10.0,4.0,16.0,0.5068795365949753,0.1267198841487438,0.4184135409077345,0.917940117441431,0.0352729495850831,0.0178791363400248
mixed,36.03484755118287,10.0,4.0,16.0,0.5353752855144679,0.1338438213786169,0.4371601600400824,0.9086367914227862,0.0375623454121937,0.0201099513996462
mixed,33.83855153428233,10.0,4.0,16.0,0.5652137964829402,0.141303449120735,0.4563005747589427,0.8984373165985147,0.0400003348022142,0.0226087410941481
mixed,31.776118056608645,10.0,4.0,16.0,0.596429036742263,0.1491072591855657,0.4757972748345889,0.8872885099243928,0.0425965622415532,0.0254058265862614
mixed,29.83938830019264,10.0,4.0,16.0,0.6290524867653968,0.1572631216913492,0.4956082243847139,0.8751408637563113,0.045361298193386,0.0285346374314562
mixed,28.020700720694048,10.0,4.0,16.0,0.663112713816142,0.1657781784540355,0.5156869363505281,0.8619501584915437,0.0483054797267663,0.0320319777538066
mixed,26.312860738959433,10.0,4.0,16.0,0.6986349276970933,0.1746587319242733,0.5359826242070402,0.8476792187287299,0.0514407537827755,0.0359383072997133
mixed,24.709112279856043,10.0,4.0,16.0,0.7356405225733783,0.1839101306433445,0.5564404370705833,0.8322997657662142,0.0547795232488683,0.040298037109118
mixed,23.203111045791875,10.0,4.0,16.0,0.7741466095710378,0.1935366523927594,0.5770017828665708,0.8157943017778121,0.0583349960236799,0.0451598393910718
mixed,21.78889941919376,10.0,4.0,16.0,0.8141655456751237,0.2035413864187809,0.5976047423089714,0.7981579439335783,0.0621212372663914,0.0505769710370053
mixed,20.46088289466012,10.0,4.0,16.0,0.8557044652708743,0.2139261163177185,0.6181845741318059,0.7794001119294254,0.0661532250373479,0.0566076100565276
mixed,19.213807947555622,10.0,4.0,16.0,0.8987648214548392,0.2246912053637098,0.6386743093381677,0.7595459620188153,0.0704469095500391,0.0633152040837861
mixed,18.042741251497876,10.0,4.0,16.0,0.9433419449609468,0.2358354862402367,0.6590054292569061,0.7386374569446331,0.0750192762688377,0.0707688299850079
mixed,16.943050162522237,10.0,4.0,16.0,0.9894246291656652,0.2473561572914163,0.6791086190128803,0.7167339661433689,0.0798884131021056,0.0790435635081843
mixed,15.910384392721523,10.0,4.0,16.0,1.0369947501210584,0.2592486875302646,0.6989145847433844,0.69391230559435,0.0850735819564786,0.0882208578628619
mixed,14.940658800863334,10.0,4.0,16.0,1.0860269308784225,0.2715067327196056,0.7183549196761463,0.6702661520512686,0.0905952949353919,0.0983889301107092
mixed,14.030037231905734,10.0,4.0,16.0,1.1364882594731456,0.2841220648682864,0.7373630011885797,0.6459048011428061,0.0964753954832817,0.1096431542947782
mixed,13.17491734148208,10.0,4.0,16.0,1.1883380698110535,0.2970845174527634,0.7558748983710013,0.6209512805523353,0.1027371447964628,0.1220864603453273
mixed,12.371916345321608,10.0,4.0,16.0,1.241527794300567,0.3103819485751417,0.773830267597378,0.5955398744708922,0.1094053138425167,0.1358297379796611
mixed,11.617857637231843,10.0,4.0,16.0,1.296000896393231,0.3240002240983077,0.7911732123338728,0.5698131591520063,0.1165062813522116,0.1509922450679082
mixed,10.909758222704642,10.0,4.0,16.0,1.351692890216807,0.3379232225542017,0.8078530830315751,0.5439186868043095,0.1240681381716004,0.1677020202689887
mixed,10.24481691843409,10.0,4.0,16.0,1.4085314532104536,0.3521328633026134,0.8238251935606665,0.5180054818487301,0.132120798387109,0.1860963001515199
mixed,9.62040327106476,10.0,4.0,16.0,1.4664366361135526,0.3666091590283881,0.8390514323034312,0.4922205265645587,0.1406961176632116,0.2063219415002767
mixed,9.034047151333576,10.0,4.0,16.0,1.5253211728453206,0.3813302932113301,0.8535007487271304,0.4667054109244762,0.1498280192608322,0.2285358500640239
mixed,8.48342898244072,10.0,4.0,16.0,1.5850908907819794,0.3962727226954948,0.8671494999325776,0.4415933045202568,0.1595526282349864,0.2529054176156006
mixed,7.96637056399373,10.0,4.0,16.0,1.6456452197461022,0.4114113049365255,0.8799816461811545,0.4170063792998845,0.1699084143425416,0.2796089698574436
mixed,7.480826455225086,10.0,4.0,16.0,1.706877795734584,0.426719448933646,0.8919887895408531,0.3930537741563278,0.1809363442254252,0.3088362283997677
mixed,7.024875883396023,10.0,4.0,16.0,1.768677153103,0.4421692882757499,0.9031700553085482,0.3698301507394189,0.1926800434713058,0.3407887907465915
mixed,6.596715145376838,10.0,4.0,16.0,1.830927496676608,0.457731874169152,0.9135318214739346,0.3474148487208442,0.2051859691928461,0.3756806329274215
mixed,6.194650472344998,10.0,4.0,16.0,1.8935095431561857,0.4733773857890464,0.9230873068884528,0.3258716120118011,0.2185035938082368,0.4137386400898192
mixed,5.817091329374358,10.0,4.0,16.0,1.9563014193126704,0.4890753548281675,0.9318560336956636,0.3052488279238237,0.2326856007500318,0.4552031710009086
mixed,5.462544123409224,10.0,4.0,16.0,2.019179602894386,0.5047949007235963,0.9398631837036096,0.285580200516173,0.2477880928764944,0.5003286629763172
mixed,5.129606294732514,10.0,4.0,16.0,2.082019890970006,0.5205049727425015,0.9471388715208188,0.2668857676949118,0.2638708144099109,0.5493842842478894
mixed,4.816960768554367,10.0,4.0,16.0,2.1446983796505745,0.5361745949126436,0.95371735928837,0.2491731683064832,0.2809973872798413,0.6026546411851207
mixed,4.523370744772102,10.0,4.0,16.0,2.207092438808481,0.5517731097021202,0.9596362386502704,0.2324390690831833,0.2992355628062649,0.6604405480923077
mixed,4.247674805290287,10.0,4.0,16.0,2.269081665554522,0.5672704163886305,0.9649356052226534,0.216670670060897,0.3186574897182534,0.7230598675113175
mixed,3.988782319545844,10.0,4.0,16.0,2.3305488008397424,0.5826372002099356,0.9696572493348476,0.2018472191427704,0.3393399995684364,0.7908484290711782
mixed,3.745669130062843,10.0,4.0,16.0,2.3913805945904496,0.5978451486476124,0.973843884373966,0.1879414801255376,0.3613649106723328,0.8641610349477279
mixed,3.517373500969382,10.0,4.0,16.0,2.451468606217956,0.612867151554489,0.9775384308719552,0.1749211123365272,0.3848193517749073,0.9433725599413292
mixed,3.302992313449222,10.0,4.0,16.0,2.5107099291087938,0.6276774822771984,0.9807833707644558,0.1627499330089459,0.4097961067247522,1.0288791540639624
mixed,3.101677493077699,10.0,4.0,16.0,2.5690078297239425,0.6422519574309856,0.9836201822708064,0.1513890449719585,0.4363939815193953,1.121099555367732
mixed,2.912632654908738,10.0,4.0,16.0,2.6262722941363896,0.6565680735340974,0.9860888618330592,0.1407978217903452,0.4647181951737353,1.2204765205658483
mixed,2.735109953041209,10.0,4.0,16.0,2.682420477131129,0.6706051192827822,0.9882275357239568,0.130934750050681,0.4948807959578509,1.327478380816291
mixed,2.5684071222017817,10.0,4.0,16.0,2.73737705129727,0.6843442628243175,0.9900721604674732,0.1217581341356696,0.5270011046507815,1.4426007298793604
mixed,2.411864699640997,10.0,4.0,16.0,2.791074455779968,0.697768613944992,0.991656308243746,0.1132266727521599,0.5612061865637605,1.5663682517437991
mixed,2.2648634163526316,10.0,4.0,16.0,2.843453046460448,0.710863261615112,0.9930110310574972,0.1052999189410115,0.597631354200182,1.6993366947607906
mixed,2.1268217472962094,10.0,4.0,16.0,2.8944611512366407,0.7236152878091602,0.994164795672466,0.0979386365785875,0.6364207025407851,1.8420949993470328
mixed,1.99719361093156,10.0,4.0,16.0,2.94405503573889,0.7360137589347225,0.995143480148345,0.0911050667518901,0.6777276790715997,1.9952675864303735
mixed,1.8754662089649552,10.0,4.0,16.0,2.9921987862026147,0.7480496965506537,0.9959704222202816,0.084763117097231,0.721715690809637,2.1595168140239775
mixed,1.7611579977610468,10.0,4.0,16.0,3.0388641173144633,0.7597160293286158,0.9966665096668088,0.0788784864449124,0.7685587507276694,2.335545609634346
mixed,1.6538167833956727,10.0,4.0,16.0,3.084030113645213,0.7710075284113033,0.9972503031356014,0.0734187360799452,0.8184421661353031,2.524100286638293
mixed,1.553017932813719,10.0,4.0,16.0,3.127682913788155,0.7819207284470389,0.997738182545008,0.0683533177441374,0.8715632717395217,2.725973553305005
mixed,1.4583626940155214,10.0,4.0,16.0,3.1698153465527414,0.7924538366381854,0.9981445090596892,0.0636535672670926,0.9281322102846302,2.942007723790137
mixed,1.3694766186266034,10.0,4.0,16.0,3.210426528544643,0.8026066321361608,0.9984817956634036,0.0592926714932937,0.9883727638597448,3.173098141186315
mixed,1.2860080806105665,10.0,4.0,16.0,3.2495214322257473,0.8123803580564368,0.9987608804436936,0.0552456150167426,1.052523239162415,3.4201968235739337
mixed,1.2076268852652798,10.0,4.0,16.0,3.287110433125228,0.821777608281307,0.9989910977974268,0.0514891121725598,1.1208374102204075,3.6843163449725633
mixed,1.1340229629996768,10.0,4.0,16.0,3.323208844301877,0.8308022110754691,0.9991804438124072,0.0480015287817819,1.1935855223009797,3.9665339641412904
mixed,1.0649051427238374,10.0,4.0,16.0,3.3578364454741956,0.8394591113685489,0.9993357330420068,0.0447627973065884,1.2710553609790312,4.26799601531075
mixed,1.0,10.0,4.0,16.0,3.391017013472921,0.8477542533682303,0.999462744743325,0.0417543283467708,1.3535533905932735,4.589922576145749
mixed,1778.2794100389228,10.0,10.0,10.0,0.031215265059355,0.0031215265059355,0.0307804183592943,0.9998812152106636,0.0007611590073821,2.3759780167748225e-05
mixed,1669.8946588711192,10.0,10.0,10.0,0.0332345628669537,0.0033234562866953,0.0327419011260233,0.9998653247476382,0.0008105621413917,2.693867844565786e-05
mixed,1568.115874245688,10.0,10.0,10.0,0.0353840242463943,0.0035384024246394,0.03482589455897,0.9998473108592962,0.0008631717928653,3.0542491647551406e-05
mixed,1472.5404276241222,10.0,10.0,10.0,0.0376719776244911,0.0037671977624491,0.0370397210541104,0.9998268903011244,0.0009191960812764,3.462793420636723e-05
mixed,1382.790230365145,10.0,10.0,10.0,0.0401072760584367,0.0040107276058436,0.0393910968201537,0.9998037421584692,0.0009788566341229,3.925927324639991e-05
mixed,1298.51023803699,10.0,10.0,10.0,0.0426993291805034,0.0042699329180503,0.0418881471062371,0.9997775028617768,0.0010423894636668,4.45093308433987e-05
mixed,1219.3670458907095,10.0,10.0,10.0,0.0454581369395813,0.0045458136939581,0.0445394211503189,0.999747760548005,0.0011100459005799,5.046061855778452e-05
mixed,1145.0475699382812,10.0,10.0,10.0,0.048394325220298,0.0048394325220298,0.0473539066835168,0.9997140486838058,0.0011820935881871,5.720662154755604e-05
mixed,1075.257808417991,10.0,10.0,10.0,0.0515191834211397,0.0051519183421139,0.0503410437997705,0.9996758388555168,0.0012588175412413,6.485325180096011e-05
mixed,1009.72167874753,10.0,10.0,10.0,0.0548447040731461,0.0054844704073146,0.0535107379715665,0.999632532619192,0.0013405212734188,7.352049254441473e-05
mixed,948.1799253639082,10.0,10.0,10.0,0.0583836245802861,0.0058383624580286,0.0568733719607352,0.9995834522907364,0.0014275279979944,8.334425871275587e-05
mixed,890.3890941296735,10.0,10.0,10.0,0.0621494711614262,0.0062149471161426,0.0604398163384436,0.9995278305415404,0.0015201819064465,9.44785015548226e-05
mixed,836.1205692482771,10.0,10.0,10.0,0.0661566050717448,0.0066156605071744,0.0642214382902137,0.9994647986487212,0.0016188495300506,0.0001070975890301
mixed,785.159668878704,10.0,10.0,10.0,0.0704202711783858,0.0070420271178385,0.0682301083400935,0.9993933732310126,0.001723921189847,0.0001213989976791
mixed,737.3047958716827,10.0,10.0,10.0,0.0749566489609237,0.0074956648960923,0.0724782045827721,0.999312441281386,0.0018358125407186,0.0001376063561727
mixed,692.3666402678728,10.0,10.0,10.0,0.079782906001635,0.0079782906001635,0.0769786139636732,0.9992207432854796,0.0019549662156882,0.0001559728858226
mixed,650.1674304031648,10.0,10.0,10.0,0.0849172540234575,0.0084917254023457,0.0817447300946394,0.9991168541907732,0.0020818535769377,0.0001767852890324
mixed,610.5402296585327,10.0,10.0,10.0,0.0903790075246201,0.009037900752462,0.0867904470372699,0.9989991619650476,0.002216976580479,0.000200368143049
mixed,573.3282760724394,10.0,10.0,10.0,0.0961886450480092,0.0096188645048009,0.0921301484272274,0.9988658434539694,0.0023608697618504,0.0002270888635272
mixed,538.3843622033489,10.0,10.0,10.0,0.1023678731101137,0.0102367873110113,0.0977786912516291,0.9987148372166323,0.0025141023506957,0.0002573633104218
mixed,505.570252789143,10.0,10.0,10.0,0.108939692798562,0.0108939692798562,0.1037513835284037,0.9985438129846104,0.0026772805225899,0.0002916621176665
mixed,474.7561378997421,10.0,10.0,10.0,0.1159284690284902,0.011592846902849,0.1100639550722709,0.9983501373547105,0.0028510497970204,0.0003305178380925
mixed,445.8201194196514,10.0,10.0,10.0,0.1233600024258922,0.0123360002425892,0.1167325204677122,0.998130835288432,0.0030360975910088,0.000374533006192
mixed,418.6477288289951,10.0,10.0,10.0,0.1312616037803098,0.0131261603780309,0.1237735333066393,0.9978825469526,0.0032331559384767,0.0004243892337562
mixed,393.1314743754256,10.0,10.0,10.0,0.1396621709792743,0.0139662170979274,0.1312037306890143,0.9976014793964352,0.003443004386112,0.0004808574672555
mixed,369.1704158455517,10.0,10.0,10.0,0.1485922683023607,0.014859226830236,0.139040066930837,0.9972833525214208,0.0036664730771914,0.0005448095512094
mixed,346.66976525371945,10.0,10.0,10.0,0.1580842079130518,0.0158084207913051,0.147299635378325,0.9969233387630884,0.0039044460355596,0.0006172312588707
mixed,325.5405118685032,10.0,10.0,10.0,0.1681721333413025,0.0168172133341302,0.1559995771930327,0.9965159958700652,0.0041578646627551,0.0006992369704799
mixed,305.6990700935378,10.0,10.0,10.0,0.1788921046981948,0.0178892104698194,0.1651569759539575,0.9960551921378688,0.0044277314621176,0.0007920862002966
mixed,287.0669488097448,10.0,10.0,10.0,0.1902821853057795,0.0190282185305779,0.1747887369238075,0.9955340234361044,0.0047151140046092,0.0008972021967629
mixed,269.57044087089156,10.0,10.0,10.0,0.2023825293595305,0.020238252935953,0.1849114498527491,0.9949447213620256,0.0050211491520375,0.0010161928656808
mixed,253.1403315241567,10.0,10.0,10.0,0.2152354701671655,0.0215235470167165,0.1955412342499027,0.9942785518660452,0.0053470475543882,0.0011508742943749
mixed,237.7116246022335,10.0,10.0,10.0,0.2288856084253078,0.0228885608425307,0.2066935661472904,0.9935257037322388,0.0056940984390569,0.0013032971856571
mixed,223.22328540381503,10.0,10.0,10.0,0.2433798999039694,0.0243379899903969,0.2183830855198897,0.9926751663673472,0.0060636747109275,0.0014757765441957
mixed,209.61799924531277,10.0,10.0,10.0,0.2587677418075819,0.0258767741807581,0.2306233837169029,0.9917145964652706,0.0064572383834712,0.001670924994804
mixed,196.84194472866113,10.0,10.0,10.0,0.2751010569697433,0.0275101056969743,0.2434267705114224,0.9906301732827862,0.0068763463623522,0.0018916901523731
mixed,184.8445808282741,10.0,10.0,10.0,0.2924343749165775,0.0292434374916577,0.2568040206969324,0.9894064425009076,0.0073226566044192,0.002141396506842
mixed,173.5784469548853,10.0,10.0,10.0,0.3108249087002802,0.031082490870028,0.2707641005579966,0.9880261489723512,0.0077979346764467,0.0024237923338573
mixed,162.99897520534324,10.0,10.0,10.0,0.3303326262598631,0.0330332626259863,0.2853138750270587,0.986470059089276,0.0083040607395726,0.0027431021927244
mixed,153.06431405563595,10.0,10.0,10.0,0.3510203149103441,0.0351020314910344,0.3004577969167312,0.9847167740699796,0.008843036987062,0.0031040856279623
mixed,143.73516279968806,10.0,10.0,10.0,0.3729536373948937,0.0372953637394893,0.3161975802927446,0.9827425361844024,0.0094169955648195,0.003512102749231
mixed,134.97461607898632,10.0,10.0,10.0,0.3962011777572974,0.0396201177757297,0.3325318608302684,0.9805210308438445,0.0100282070059838,0.0039731874265647
mixed,126.74801788800204,10.0,10.0,10.0,0.4208344751054644,0.0420834475105464,0.3494558468755129,0.9780231885989008,0.0106790892129714,0.0044941289035452
mixed,119.02282447787157,10.0,10.0,10.0,0.4469280431419309,0.044692804314193,0.3669609659111952,0.9752169924486224,0.0113722170224999,0.0050825627000512
mixed,111.76847561598989,10.0,10.0,10.0,0.4745593731362941,0.0474559373136294,0.3850345121889055,0.972067297486572,0.0121103323914317,0.00574707174815
mixed,104.95627369223337,10.0,10.0,10.0,0.5038089178097096,0.0503808917809709,0.4036593024270778,0.9685356718104766,0.0128963552437307,0.0064972987790335
mixed,98.55927019356292,10.0,10.0,10.0,0.5347600533962344,0.0534760053396234,0.4228133476558415,0.9645802698017306,0.0137333950214424,0.0073440710549781
mixed,92.55215909791352,10.0,10.0,10.0,0.5674990169438239,0.0567499016943823,0.4424695504854988,0.960155751316872,0.0146247629853919,0.0082995386172463
mixed,86.9111767656428,10.0,10.0,10.0,0.6021148157241402,0.060211481572414,0.4625954382396928,0.955213262970642,0.0155739853142611,0.0093773272975868
mixed,81.6140079325183,10.0,10.0,10.0,0.6386991054408219,0.0638699105440821,0.483152943471882,0.949700500430212,0.0165848170538621,0.0105927078162014
mixed,76.63969743235928,10.0,10.0,10.0,0.6773460337674608,0.067734603376746,0.5040982443075106,0.9435618733254492,0.0176612569717918,0.0119627823611911
mixed,71.96856730011521,10.0,10.0,10.0,0.7181520456173031,0.0718152045617303,0.5253816777458924,0.9367387967812708,0.0188075633762283,0.0135066901117154
mixed,67.58213892744703,10.0,10.0,10.0,0.7612156464559178,0.0761215646455917,0.5469477394267843,0.9291701353809072,0.02002827096145,0.0152458332273145
mixed,63.46305996286578,10.0,10.0,10.0,0.8066371199261789,0.0806637119926178,0.5687351833208989,0.9207928261656828,0.0213282087467147,0.0172041248766342
mixed,59.59503566725067,10.0,10.0,10.0,0.8545181960735605,0.085451819607356,0.5906772342409752,0.9115427065673816,0.022712519179464,0.0194082609175217
mixed,55.962764453195526,10.0,10.0,10.0,0.9049616665515978,0.0904961666551597,0.612701924891814,0.9013555703750296,0.024186678478425,0.0218880168641831
mixed,52.55187735318167,10.0,10.0,10.0,0.9580709433660708,0.095807094336607,0.6347325672933337,0.8901684693383309,0.0257565182970827,0.0246765717827115
mixed,49.34888117711905,10.0,10.0,10.0,1.0139495579962885,0.1013949557996288,0.6566883657467578,0.8779212692050665,0.027428248793224,0.0278108607405017
mixed,46.34110513439105,10.0,10.0,10.0,1.072700598127403,0.1072700598127402,0.678485175023827,0.864558456395605,0.0292084831958132,0.031331957394543
mixed,43.51665070924416,10.0,10.0,10.0,1.134426079753488,0.1134426079753488,0.7000364031340691,0.850031174894391,0.0311042639663842,0.0352854882350029
mixed,40.86434459123405,10.0,10.0,10.0,1.1992262530808735,0.1199226253080873,0.7212540529065732,0.8342994524441704,0.0331230906584423,0.0397220799007819
mixed,38.373694474524115,10.0,10.0,10.0,1.2671988414874382,0.1267198841487438,0.7420498908118383,0.8173345514828197,0.0352729495850831,0.0446978408500622
mixed,36.03484755118287,10.0,10.0,10.0,1.3384382137861697,0.1338438213786169,0.7623367251164244,0.7991213548854312,0.0375623454121937,0.0502748784991156
mixed,33.83855153428233,10.0,10.0,10.0,1.4130344912073505,0.141303449120735,0.7820297688531996,0.779660671663405,0.0400003348022142,0.0565218527353704
mixed,31.776118056608645,10.0,10.0,10.0,1.4910725918556575,0.1491072591855657,0.8010480565223432,0.7589713262627853,0.0425965622415532,0.0635145664656536
mixed,29.83938830019264,10.0,10.0,10.0,1.572631216913492,0.1572631216913492,0.8193158773001421,0.7370918804655617,0.045361298193386,0.0713365935786405
mixed,28.020700720694048,10.0,10.0,10.0,1.657781784540355,0.1657781784540355,0.8367641822642831,0.7140818327406679,0.0483054797267663,0.0800799443845166
mixed,26.312860738959433,10.0,10.0,10.0,1.7465873192427337,0.1746587319242733,0.8533319192149909,0.6900221493935662,0.0514407537827755,0.0898457682492834
mixed,24.709112279856043,10.0,10.0,10.0,1.8391013064334456,0.1839101306433445,0.8689672465463024,0.6650150070814111,0.0547795232488683,0.1007450927727951
mixed,23.203111045791875,10.0,10.0,10.0,1.9353665239275943,0.1935366523927594,0.8836285777213779,0.639182667453205,0.0583349960236799,0.1128995984776795
mixed,21.78889941919376,10.0,10.0,10.0,2.035413864187809,0.2035413864187809,0.8972854105595196,0.6126654598024645,0.0621212372663914,0.1264424275925134
mixed,20.46088289466012,10.0,10.0,10.0,2.139261163177186,0.2139261163177185,0.9099189009414138,0.5856189122033272,0.0661532250373479,0.141519025141319
mixed,19.213807947555622,10.0,10.0,10.0,2.246912053637098,0.2246912053637098,0.9215221486920115,0.5582101390528652,0.0704469095500391,0.1582880102094652
mixed,18.042741251497876,10.0,10.0,10.0,2.358354862402367,0.2358354862402367,0.932100174100958,0.5306136554084487,0.0750192762688377,0.1769220749625198
mixed,16.943050162522237,10.0,10.0,10.0,2.473561572914163,0.2473561572914163,0.9416695763498678,0.5030068380974326,0.0798884131021056,0.1976089087704607
mixed,15.910384392721523,10.0,10.0,10.0,2.592486875302646,0.2592486875302646,0.9502578793681608,0.4755652837368008,0.0850735819564786,0.2205521446571549
mixed,14.940658800863334,10.0,10.0,10.0,2.7150673271960564,0.2715067327196056,0.957902585472726,0.4484583205378916,0.0905952949353919,0.2459723252767731
mixed,14.030037231905734,10.0,10.0,10.0,2.8412206486828637,0.2841220648682864,0.9646499715611976,0.4218449133979774,0.0964753954832817,0.2741078857369456
mixed,13.17491734148208,10.0,10.0,10.0,2.970845174527634,0.2970845174527634,0.970553675567396,0.3958701630148561,0.1027371447964628,0.3052161508633184
mixed,12.371916345321608,10.0,10.0,10.0,3.1038194857514174,0.3103819485751417,0.9756731313362332,0.3706625451564921,0.1094053138425167,0.3395743449491528
mixed,11.617857637231843,10.0,10.0,10.0,3.2400022409830775,0.3240002240983077,0.9800719171677756,0.3463319730776296,0.1165062813522116,0.3774806126697705
mixed,10.909758222704642,10.0,10.0,10.0,3.3792322255420175,0.3379232225542017,0.9838160863970158,0.3229687021249364,0.1240681381716004,0.4192550506724719
mixed,10.24481691843409,10.0,10.0,10.0,3.521328633026134,0.3521328633026134,0.986972547223995,0.300643037706449,0.132120798387109,0.4652407503787999
mixed,9.62040327106476,10.0,10.0,10.0,3.6660915902838815,0.3666091590283881,0.9896075536667368,0.2794057611540843,0.1406961176632116,0.5158048537506917
mixed,9.034047151333576,10.0,10.0,10.0,3.8133029321133014,0.3813302932113301,0.9917853604315088,0.2592891554851706,0.1498280192608322,0.5713396251600599
mixed,8.48342898244072,10.0,10.0,10.0,3.962727226954948,0.3962727226954948,0.9935670824707143,0.2403084953467907,0.1595526282349864,0.6322635440390016
mixed,7.96637056399373,10.0,10.0,10.0,4.114113049365256,0.4114113049365255,0.995009786070592,0.2224638613205717,0.1699084143425416,0.6990224246436092
mixed,7.480826455225086,10.0,10.0,10.0,4.26719448933646,0.426719448933646,0.996165823660256,0.2057421458109374,0.1809363442254252,0.7720905709994195
mixed,7.024875883396023,10.0,10.0,10.0,4.421692882757499,0.4421692882757499,0.997082410351358,0.190119132826848,0.1926800434713058,0.8519719768664789
mixed,6.596715145376838,10.0,10.0,10.0,4.57731874169152,0.457731874169152,0.9978014275763816,0.1755615539024718,0.2051859691928461,0.9392015823185538
mixed,6.194650472344998,10.0,10.0,10.0,4.733773857890464,0.4733773857890464,0.9983594289397856,0.1620290443248409,0.2185035938082368,1.034346600224548
mixed,5.817091329374358,10.0,10.0,10.0,4.890753548281675,0.4890753548281675,0.9987878160763926,0.1494759454627076,0.2326856007500318,1.1380079275022716
mixed,5.462544123409224,10.0,10.0,10.0,5.047949007235964,0.5047949007235963,0.9991131481405005,0.1378529187059381,0.2477880928764944,1.2508216574407929
mixed,5.129606294732514,10.0,10.0,10.0,5.205049727425015,0.5205049727425015,0.9993575474229476,0.1271083533577574,0.2638708144099109,1.3734607106197236
mixed,4.816960768554367,10.0,10.0,10.0,5.361745949126436,0.5361745949126436,0.9995391651384647,0.1171895643470851,0.2809973872798413,1.5066366029628018
mixed,4.523370744772102,10.0,10.0,10.0,5.517731097021202,0.5517731097021202,0.999672675077012,0.1080437858327914,0.2992355628062649,1.6511013702307693
mixed,4.247674805290287,10.0,10.0,10.0,5.672704163886305,0.5672704163886305,0.9997697679035624,0.0996189739227288,0.3186574897182534,1.8076496687782937
mixed,3.988782319545844,10.0,10.0,10.0,5.826372002099356,0.5826372002099356,0.9998396247409208,0.0918644362547977,0.3393399995684364,1.9771210726779456
mixed,3.745669130062843,10.0,10.0,10.0,5.978451486476124,0.5978451486476124,0.999889354661607,0.0847313085785509,0.3613649106723328,2.16040258736932
mixed,3.517373500969382,10.0,10.0,10.0,6.12867151554489,0.612867151554489,0.9999243863452132,0.0781728992270287,0.3848193517749073,2.3584313998533233
mixed,3.302992313449222,10.0,10.0,10.0,6.276774822771984,0.6276774822771984,0.999948809069074,0.0721449219302263,0.4097961067247522,2.572197885159906
mixed,3.101677493077699,10.0,10.0,10.0,6.422519574309856,0.6422519574309856,0.9999656621845782,0.0666056361793481,0.4363939815193953,2.8027488884193295
mixed,2.912632654908738,10.0,10.0,10.0,6.565680735340974,0.6565680735340974,0.9999771752168451,0.061515912617316,0.4647181951737353,3.0511913014146215
mixed,2.735109953041209,10.0,10.0,10.0,6.706051192827822,0.6706051192827822,0.9999849627488576,0.0568392389470327,0.4948807959578509,3.3186959520407284
mixed,2.5684071222017817,10.0,10.0,10.0,6.843442628243174,0.6843442628243175,0.9999901794260064,0.0525416797917459,0.5270011046507815,3.606501824698401
mixed,2.411864699640997,10.0,10.0,10.0,6.97768613944992,0.697768613944992,0.99999364090038,0.0485918019345098,0.5612061865637605,3.9159206293594977
mixed,2.2648634163526316,10.0,10.0,10.0,7.10863261615112,0.710863261615112,0.9999959164979644,0.0449605744857383,0.597631354200182,4.248341736901977
mixed,2.1268217472962094,10.0,10.0,10.0,7.236152878091602,0.7236152878091602,0.9999973990010904,0.0416212518253142,0.6364207025407851,4.605237498367582
mixed,1.99719361093156,10.0,10.0,10.0,7.360137589347225,0.7360137589347225,0.9999983563364634,0.0385492456602217,0.6777276790715997,4.988168966075934
mixed,1.8754662089649552,10.0,10.0,10.0,7.480496965506536,0.7480496965506537,0.9999989692606468,0.0357219912344643,0.721715690809637,5.398792035059944
mixed,1.7611579977610468,10.0,10.0,10.0,7.597160293286159,0.7597160293286158,0.9999993584241617,0.0331188116179309,0.7685587507276694,5.838864024085865
mixed,1.6538167833956727,10.0,10.0,10.0,7.710075284113032,0.7710075284113033,0.999999603528434,0.0307207830706375,0.8184421661353031,6.310250716595732
mixed,1.553017932813719,10.0,10.0,10.0,7.819207284470389,0.7819207284470389,0.9999997566990088,0.0285106037103494,0.8715632717395217,6.814933883262513
mixed,1.4583626940155214,10.0,10.0,10.0,7.924538366381854,0.7924538366381854,0.99999985169797,0.0264724670854466,0.9281322102846302,7.355019309475343
mixed,1.3694766186266034,10.0,10.0,10.0,8.026066321361608,0.8026066321361608,0.9999999101898196,0.0245919417515102,0.9883727638597448,7.932745352965788
mixed,1.2860080806105665,10.0,10.0,10.0,8.123803580564369,0.8123803580564368,0.9999999459515768,0.0228558575509804,1.052523239162415,8.550492058934834
mixed,1.2076268852652798,10.0,10.0,10.0,8.217776082813069,0.821777608281307,0.9999999676687368,0.0212521989834473,1.1208374102204075,9.21079086243141
mixed,1.1340229629996768,10.0,10.0,10.0,8.308022110754692,0.8308022110754691,0.9999999807714368,0.0197700058145877,1.1935855223009797,9.916334910353228
mixed,1.0649051427238374,10.0,10.0,10.0,8.39459111368549,0.8394591113685489,0.9999999886274822,0.0183992808913102,1.2710553609790312,10.669990038276875
mixed,1.0,10.0,10.0,10.0,8.477542533682303,0.8477542533682303,0.9999999933096062,0.0171309049980068,1.3535533905932735,11.474806440364372
mixed,1778.2794100389228,10.0,16.0,4.0,0.0499444240949681,0.0031215265059355,0.0487920141766137,0.9998099578815296,0.0007611590073821,3.801564826839716e-05
mixed,1669.8946588711192,10.0,16.0,4.0,0.053175300587126,0.0033234562866953,0.0518701938196447,0.9997845370067412,0.0008105621413917,4.310188551305258e-05
mixed,1568.115874245688,10.0,16.0,4.0,0.0566144387942309,0.0035384024246394,0.0551365299212556,0.9997557197542384,0.0008631717928653,4.886798663608225e-05
mixed,1472.5404276241222,10.0,16.0,4.0,0.0602751641991858,0.0037671977624491,0.0586017268661195,0.9997230532471004,0.0009191960812764,5.5404694730187576e-05
mixed,1382.790230365145,10.0,16.0,4.0,0.0641716416934988,0.0040107276058436,0.0622769920758313,0.9996860244256516,0.0009788566341229,6.281483719423986e-05
mixed,1298.51023803699,10.0,16.0,4.0,0.0683189266888055,0.0042699329180503,0.0661740450409508,0.9996440520972764,0.0010423894636668,7.121492934943793e-05
mixed,1219.3670458907095,10.0,16.0,4.0,0.0727330191033301,0.0045458136939581,0.0703051241852036,0.9995964779473168,0.0011100459005799,8.073698969245523e-05
mixed,1145.0475699382812,10.0,16.0,4.0,0.0774309203524768,0.0048394325220298,0.0746829911318317,0.9995425563780528,0.0011820935881871,9.153059447608968e-05
mixed,1075.257808417991,10.0,16.0,4.0,0.0824306934738236,0.0051519183421139,0.0793209318903526,0.9994814430264404,0.0012588175412413,0.0001037652028815
mixed,1009.72167874753,10.0,16.0,4.0,0.0877515265170338,0.0054844704073146,0.0842327544265282,0.9994121817931176,0.0013405212734188,0.000117632788071
mixed,948.1799253639082,10.0,16.0,4.0,0.0934137993284578,0.0058383624580286,0.0894327820191319,0.999333690195072,0.0014275279979944,0.0001333508139404
mixed,890.3890941296735,10.0,16.0,4.0,0.099439153858282,0.0062149471161426,0.0949358417445107,0.9992447428320856,0.0015201819064465,0.0001511656024877
mixed,836.1205692482771,10.0,16.0,4.0,0.1058505681147917,0.0066156605071744,0.1007572473642933,0.9991439527325464,0.0016188495300506,0.0001713561424482
mixed,785.159668878704,10.0,16.0,4.0,0.1126724338854174,0.0070420271178385,0.1069127758236481,0.9990297503172784,0.001723921189847,0.0001942383962867
mixed,737.3047958716827,10.0,16.0,4.0,0.119930638337478,0.0074956648960923,0.1134186364978927,0.998900359690587,0.0018358125407186,0.0002201701698763
mixed,692.3666402678728,10.0,16.0,4.0,0.1276526496026161,0.0079782906001635,0.1202914322554614,0.9987537719357196,0.0019549662156882,0.0002495566173162
mixed,650.1674304031648,10.0,16.0,4.0,0.135867606437532,0.0084917254023457,0.1275481113362361,0.9985877150573544,0.0020818535769377,0.0002828564624519
mixed,610.5402296585327,10.0,16.0,4.0,0.1446064120393923,0.009037900752462,0.1352059089784812,0.9983996201766748,0.002216976580479,0.0003205890288784
mixed,573.3282760724394,10.0,16.0,4.0,0.1539018320768148,0.0096188645048009,0.1432822776668072,0.9981865835452368,0.0023608697618504,0.0003633421816435
mixed,538.3843622033489,10.0,16.0,4.0,0.1637885969761819,0.0102367873110113,0.1517948048210203,0.9979453239025632,0.0025141023506957,0.0004117812966749
mixed,505.570252789143,10.0,16.0,4.0,0.1743035084776993,0.0108939692798562,0.160761116704464,0.997672134659746,0.0026772805225899,0.0004666593882664
mixed,474.7561378997421,10.0,16.0,4.0,0.1854855504455844,0.011592846902849,0.1701987673048136,0.9973628303481556,0.0028510497970204,0.0005288285409481
mixed,445.8201194196514,10.0,16.0,4.0,0.1973760038814275,0.0123360002425892,0.1801251109347357,0.9970126867298194,0.0030360975910088,0.0005992528099073
mixed,418.6477288289951,10.0,16.0,4.0,0.2100185660484957,0.0131261603780309,0.1905571573202009,0.9966163739257652,0.0032331559384767,0.00067902277401
mixed,393.1314743754256,10.0,16.0,4.0,0.2234594735668388,0.0139662170979274,0.2015114079965517,0.9961678818828518,0.003443004386112,0.0007693719476089
mixed,369.1704158455517,10.0,16.0,4.0,0.2377476292837772,0.014859226830236,0.2130036729240145,0.9956604374712346,0.0036664730771914,0.000871695281935
mixed,346.66976525371945,10.0,16.0,4.0,0.2529347326608829,0.0158084207913051,0.2250488663730615,0.995086412487482,0.0039044460355596,0.0009875700141931
mixed,325.5405118685032,10.0,16.0,4.0,0.269075413346084,0.0168172133341302,0.2376607813245195,0.9944372218373596,0.0041578646627551,0.0011187791527679
mixed,305.6990700935378,10.0,16.0,4.0,0.2862273675171117,0.0178892104698194,0.2508518418889836,0.9937032111937836,0.0044277314621176,0.0012673379204746
mixed,287.0669488097448,10.0,16.0,4.0,0.3044514964892472,0.0190282185305779,0.2646328335845818,0.9928735334772516,0.0047151140046092,0.0014355235148206
mixed,269.57044087089156,10.0,16.0,4.0,0.3238120469752488,0.020238252935953,0.2790126117314548,0.9919360135981574,0.0050211491520375,0.0016259085850893
mixed,253.1403315241567,10.0,16.0,4.0,0.3443767522674648,0.0215235470167165,0.2939977887350443,0.990877001044881,0.0053470475543882,0.0018413988709999
mixed,237.7116246022335,10.0,16.0,4.0,0.3662169734804925,0.0228885608425307,0.3095924016476002,0.9896812101132926,0.0056940984390569,0.0020852754970514
mixed,223.22328540381503,10.0,16.0,4.0,0.3894078398463511,0.0243379899903969,0.32579756212552,0.9883315478701168,0.0060636747109275,0.0023612424707132
mixed,209.61799924531277,10.0,16.0,4.0,0.4140283868921311,0.0258767741807581,0.3426110917448606,0.9868089303455184,0.0064572383834712,0.0026734799916865
mixed,196.84194472866113,10.0,16.0,4.0,0.4401616911515892,0.0275101056969743,0.3600271466005502,0.985092087983842,0.0068763463623522,0.003026704243797
mixed,184.8445808282741,10.0,16.0,4.0,0.467894999866524,0.0292434374916577,0.3780358361942786,0.9831573620734388,0.0073226566044192,0.0034262344109473
mixed,173.5784469548853,10.0,16.0,4.0,0.4973198539204483,0.031082490870028,0.3966228428036978,0.980978494757817,0.0077979346764467,0.0038780677341716
mixed,162.99897520534324,10.0,16.0,4.0,0.528532202015781,0.0330332626259863,0.4157690488060139,0.978526416333729,0.0083040607395726,0.0043889635083591
mixed,153.06431405563595,10.0,16.0,4.0,0.5616325038565505,0.0351020314910344,0.4354501807781075,0.9757690349004388,0.008843036987062,0.0049665370047397
mixed,143.73516279968806,10.0,16.0,4.0,0.5967258198318299,0.0372953637394893,0.4556364805780182,0.9726710350690916,0.0094169955648195,0.0056193643987696
mixed,134.97461607898632,10.0,16.0,4.0,0.6339218844116759,0.0396201177757297,0.4762924149821341,0.9691936943961544,0.0100282070059838,0.0063570998825036
mixed,126.74801788800204,10.0,16.0,4.0,0.6733351601687431,0.0420834475105464,0.4973764367481461,0.9652947284823024,0.0106790892129714,0.0071906062456724
mixed,119.02282447787157,10.0,16.0,4.0,0.7150848690270895,0.044692804314193,0.5188408111210124,0.9609281782695902,0.0113722170224999,0.008132100320082
mixed,111.76847561598989,10.0,16.0,4.0,0.7592949970180707,0.0474559373136294,0.5406315227083945,0.9560443559361678,0.0121103323914317,0.00919531479704
mixed,104.95627369223337,10.0,16.0,4.0,0.8060942684955353,0.0503808917809709,0.56268827821984,0.9505898688462678,0.0128963552437307,0.0103956780464537
mixed,98.55927019356292,10.0,16.0,4.0,0.855616085433975,0.0534760053396234,0.5849446206754101,0.9445077441215538,0.0137333950214424,0.0117505136879649
mixed,92.55215909791352,10.0,16.0,4.0,0.9079984271101182,0.0567499016943823,0.6073281702208495,0.93773767933978,0.0146247629853919,0.0132792617875941
mixed,86.9111767656428,10.0,16.0,4.0,0.9633837051586244,0.060211481572414,0.629761005511869,0.9302164473265632,0.0155739853142611,0.0150037236761388
mixed,81.6140079325183,10.0,16.0,4.0,1.021918568705315,0.0638699105440821,0.6521601976284903,0.9218784845674732,0.0165848170538621,0.0169483325059223
mixed,76.63969743235928,10.0,16.0,4.0,1.083753654027937,0.067734603376746,0.6744385055458745,0.9126566928989256,0.0176612569717918,0.0191404517779058
mixed,71.96856730011521,10.0,16.0,4.0,1.149043272987685,0.0718152045617303,0.696505238242158,0.9024834821998752,0.0188075633762283,0.0216107041787447
mixed,67.58213892744703,10.0,16.0,4.0,1.2179450343294684,0.0761215646455917,0.7182672835297741,0.8912920770872128,0.02002827096145,0.0243933331637032
mixed,63.46305996286578,10.0,16.0,4.0,1.2906193918818862,0.0806637119926178,0.7396302976751628,0.8790181023823374,0.0213282087467147,0.0275265998026148
mixed,59.59503566725067,10.0,16.0,4.0,1.3672291137176968,0.085451819607356,0.7605000429161146,0.8656014497078758,0.022712519179464,0.0310532174680347
mixed,55.962764453195526,10.0,16.0,4.0,1.4479386664825564,0.0904961666551597,0.7807838522771581,0.8509884105493679,0.024186678478425,0.035020826982693
mixed,52.55187735318167,10.0,16.0,4.0,1.5329135093857134,0.095807094336607,0.8003921929005466,0.8351340394237848,0.0257565182970827,0.0394825148523385
mixed,49.34888117711905,10.0,16.0,4.0,1.6223192927940615,0.1013949557996288,0.819240290836412,0.8180046849698122,0.027428248793224,0.0444973771848028
mixed,46.34110513439105,10.0,16.0,4.0,1.716320957003845,0.1072700598127402,0.8372497723537777,0.799580598127682,0.0292084831958132,0.0501311318312688
mixed,43.51665070924416,10.0,16.0,4.0,1.8150817276055808,0.1134426079753488,0.8543502699144813,0.7798584973377685,0.0311042639663842,0.0564567811760047
mixed,40.86434459123405,10.0,16.0,4.0,1.9187620049293976,0.1199226253080873,0.870480935624375,0.7588539440206927,0.0331230906584423,0.063555327841251
mixed,38.373694474524115,10.0,16.0,4.0,2.0275181463799012,0.1267198841487438,0.8855918018895474,0.7366033614443255,0.0352729495850831,0.0715165453600995
mixed,36.03484755118287,10.0,16.0,4.0,2.1415011420578716,0.1338438213786169,0.8996449287733284,0.7131655207544797,0.0375623454121937,0.080439805598585
mixed,33.83855153428233,10.0,16.0,4.0,2.260855185931761,0.141303449120735,0.9126152806854176,0.688622323518424,0.0400003348022142,0.0904349643765927
mixed,31.776118056608645,10.0,16.0,4.0,2.385716146969052,0.1491072591855657,0.924491281877547,0.6630787336148602,0.0425965622415532,0.1016233063450457
mixed,29.83938830019264,10.0,16.0,4.0,2.5162099470615873,0.1572631216913492,0.9352750108663191,0.6366617537852544,0.045361298193386,0.1141385497258248
mixed,28.020700720694048,10.0,16.0,4.0,2.652450855264568,0.1657781784540355,0.944982008143531,0.609518402080459,0.0483054797267663,0.1281279110152266
mixed,26.312860738959433,10.0,16.0,4.0,2.794539710788374,0.1746587319242733,0.9536406888117132,0.5818127162503091,0.0514407537827755,0.1437532291988535
mixed,24.709112279856043,10.0,16.0,4.0,2.9425620902935132,0.1839101306433445,0.961291371187527,0.5537218925321592,0.0547795232488683,0.1611921484364722
mixed,23.203111045791875,10.0,16.0,4.0,3.096586438284151,0.1935366523927594,0.9679849527146408,0.5254317401116921,0.0583349960236799,0.1806393575642872
mixed,21.78889941919376,10.0,16.0,4.0,3.2566621827004947,0.2035413864187809,0.9737812842416068,0.4971316941092156,0.0621212372663914,0.2023078841480215
mixed,20.46088289466012,10.0,16.0,4.0,3.422817861083497,0.2139261163177185,0.9787473112456068,0.4690096698864931,0.0661532250373479,0.2264304402261104
mixed,19.213807947555622,10.0,16.0,4.0,3.5950592858193566,0.2246912053637098,0.9829550643502878,0.4412470542172754,0.0704469095500391,0.2532608163351444
mixed,18.042741251497876,10.0,16.0,4.0,3.7733677798437872,0.2358354862402367,0.9864795901381268,0.4140141127988647,0.0750192762688377,0.2830753199400318
mixed,16.943050162522237,10.0,16.0,4.0,3.957698516662661,0.2473561572914163,0.989396915826354,0.3874660513139725,0.0798884131021056,0.3161742540327372
mixed,15.910384392721523,10.0,16.0,4.0,4.147979000484233,0.2592486875302646,0.9917821374281992,0.3617399050554895,0.0850735819564786,0.3528834314514479
mixed,14.940658800863334,10.0,16.0,4.0,4.34410772351369,0.2715067327196056,0.9937077107548148,0.3369523586610959,0.0905952949353919,0.393555720442837
mixed,14.030037231905734,10.0,16.0,4.0,4.545953037892582,0.2841220648682864,0.9952420088704966,0.3131985221719929,0.0964753954832817,0.4385726171791131
mixed,13.17491734148208,10.0,16.0,4.0,4.753352279244214,0.2970845174527634,0.9964481898141392,0.2905516209681144,0.1027371447964628,0.4883458413813095
mixed,12.371916345321608,10.0,16.0,4.0,4.966111177202268,0.3103819485751417,0.9973833963868752,0.2690635015880636,0.1094053138425167,0.5433189519186445
mixed,11.617857637231843,10.0,16.0,4.0,5.184003585572924,0.3240002240983077,0.9980982876296364,0.2487658167264451,0.1165062813522116,0.6039689802716329
mixed,10.909758222704642,10.0,16.0,4.0,5.406771560867228,0.3379232225542017,0.9986368812800056,0.2296717317470039,0.1240681381716004,0.6708080810759551
mixed,10.24481691843409,10.0,16.0,4.0,5.634125812841814,0.3521328633026134,0.9990366697187802,0.2117779904552142,0.132120798387109,0.7443852006060799
mixed,9.62040327106476,10.0,16.0,4.0,5.86574654445421,0.3666091590283881,0.9993289599134962,0.1950671866300062,0.1406961176632116,0.8252877660011068
mixed,9.034047151333576,10.0,16.0,4.0,6.101284691381283,0.3813302932113301,0.9995393812415154,0.179510106108449,0.1498280192608322,0.9141434002560958
mixed,8.48342898244072,10.0,16.0,4.0,6.340363563127918,0.3962727226954948,0.9996885037849492,0.1650680281441913,0.1595526282349864,1.0116216704624026
mixed,7.96637056399373,10.0,16.0,4.0,6.582580878984409,0.4114113049365255,0.9997925131092964,0.1516949008445524,0.1699084143425416,1.1184358794297746
mixed,7.480826455225086,10.0,16.0,4.0,6.827511182938336,0.426719448933646,0.9998638946074044,0.1393393309894469,0.1809363442254252,1.235344913599071
mixed,7.024875883396023,10.0,16.0,4.0,7.074708612412,0.4421692882757499,0.9999120899078794,0.1279463515431861,0.1926800434713058,1.363155162986366
mixed,6.596715145376838,10.0,16.0,4.0,7.323709986706432,0.457731874169152,0.9999440982707825,0.1174589495795196,0.2051859691928461,1.502722531709686
mixed,6.194650472344998,10.0,16.0,4.0,7.574038172624743,0.4733773857890464,0.9999650061219452,0.107819352707628,0.2185035938082368,1.654954560359277
mixed,5.817091329374358,10.0,16.0,4.0,7.825205677250681,0.4890753548281675,0.9999784369777056,0.0989700834635301,0.2326856007500318,1.8208126840036345
mixed,5.462544123409224,10.0,16.0,4.0,8.076718411577541,0.5047949007235963,0.999986921385781,0.0908547988934236,0.2477880928764944,2.0013146519052687
mixed,5.129606294732514,10.0,16.0,4.0,8.328079563880024,0.5205049727425015,0.9999921918936346,0.0834189372561549,0.2638708144099109,2.1975371369915577
mixed,4.816960768554367,10.0,16.0,4.0,8.578793518602298,0.5361745949126436,0.999995411481144,0.076610196028343,0.2809973872798413,2.4106185647404827
mixed,4.523370744772102,10.0,16.0,4.0,8.828369755233924,0.5517731097021202,0.9999973455990812,0.0703788658097587,0.2992355628062649,2.6417621923692307
mixed,4.247674805290287,10.0,16.0,4.0,9.076326662218088,0.5672704163886305,0.99999848830078,0.0646780438376178,0.3186574897182534,2.89223947004527
mixed,3.988782319545844,10.0,16.0,4.0,9.32219520335897,0.5826372002099356,0.9999991523437012,0.0594637490792855,0.3393399995684364,3.163393716284713
mixed,3.745669130062843,10.0,16.0,4.0,9.565522378361798,0.5978451486476124,0.9999995319491976,0.0546949586435381,0.3613649106723328,3.4566441397909116
mixed,3.517373500969382,10.0,16.0,4.0,9.805874424871824,0.612867151554489,0.9999997454574632,0.0503335828029647,0.3848193517749073,3.773490239765317
mixed,3.302992313449222,10.0,16.0,4.0,10.042839716435177,0.6276774822771984,0.999999863633139,0.0463443934491255,0.4097961067247522,4.115516616255849
mixed,3.101677493077699,10.0,16.0,4.0,10.27603131889577,0.6422519574309856,0.999999928015953,0.0426949184386802,0.4363939815193953,4.4843982214709275
mixed,2.912632654908738,10.0,16.0,4.0,10.50508917654556,0.6565680735340974,0.9999999625501004,0.0393553121137027,0.4647181951737353,4.881906082263394
mixed,2.735109953041209,10.0,16.0,4.0,10.729681908524515,0.6706051192827822,0.9999999807925584,0.036298210335882,0.4948807959578509,5.309913523265165
mixed,2.5684071222017817,10.0,16.0,4.0,10.94950820518908,0.6843442628243175,0.9999999902855324,0.0334985766783333,0.5270011046507815,5.7704029195174416
mixed,2.411864699640997,10.0,16.0,4.0,11.164297823119872,0.697768613944992,0.9999999951534464,0.0309335449678983,0.5612061865637605,6.2654730069751965
mixed,2.2648634163526316,10.0,16.0,4.0,11.373812185841793,0.710863261615112,0.9999999976140987,0.0285822621509904,0.597631354200182,6.7973467790431625
mixed,2.1268217472962094,10.0,16.0,4.0,11.577844604946565,0.7236152878091602,0.999999998840624,0.0264257344463439,0.6364207025407851,7.36837999738813
mixed,1.99719361093156,10.0,16.0,4.0,11.77622014295556,0.7360137589347225,0.9999999994437108,0.0244466789244264,0.6777276790715997,7.981070345721494
mixed,1.8754662089649552,10.0,16.0,4.0,11.96879514481046,0.7480496965506537,0.9999999997363436,0.0226293819909611,0.721715690809637,8.63806725609591
mixed,1.7611579977610468,10.0,16.0,4.0,12.155456469257851,0.7597160293286158,0.99999999987652,0.0209595657270472,0.7685587507276694,9.342182438537384
mixed,1.6538167833956727,10.0,16.0,4.0,12.336120454580852,0.7710075284113033,0.9999999999428338,0.0194242626285934,0.8184421661353031,10.096401146553172
mixed,1.553017932813719,10.0,16.0,4.0,12.510731655152622,0.7819207284470389,0.9999999999738284,0.0180116989733101,0.8715632717395217,10.90389421322002
mixed,1.4583626940155214,10.0,16.0,4.0,12.679261386210966,0.7924538366381854,0.9999999999881468,0.0167111868069185,0.9281322102846302,11.768030895160548
mixed,1.3694766186266034,10.0,16.0,4.0,12.841706114178573,0.8026066321361608,0.9999999999946872,0.0155130243665483,0.9883727638597448,12.69239256474526
mixed,1.2860080806105665,10.0,16.0,4.0,12.99808572890299,0.8123803580564368,0.9999999999976424,0.0144084046358227,1.052523239162415,13.680787294295737
mixed,1.2076268852652798,10.0,16.0,4.0,13.148441732500912,0.821777608281307,0.999999999998964,0.0133893316422734,1.1208374102204075,14.737265379890252
mixed,1.1340229629996768,10.0,16.0,4.0,13.292835377207506,0.8308022110754691,0.9999999999995488,0.0124485440547468,1.1935855223009797,15.866135856565162
mixed,1.0649051427238374,10.0,16.0,4.0,13.431345781896782,0.8394591113685489,0.9999999999998052,0.0115794456091923,1.2710553609790312,17.071984061243
mixed,1.0,10.0,16.0,4.0,13.564068053891685,0.8477542533682303,0.9999999999999168,0.0107760418798913,1.3535533905932735,18.359690304583
