series,time_s,msd_um2,lo_um2,hi_um2
polarized_experiment,30.0,0.017903604809913994,0.013250159409715323,0.07133724678522271
polarized_experiment,60.0,0.04862316743827122,0.036856192129629047,0.1735271498645751
polarized_experiment,90.0,0.08595521541950081,0.06135243764172284,0.32200366372444383
polarized_experiment,120.0,0.12847222222222232,0.08997770919067227,0.4409722222222223
polarized_experiment,150.0,0.1655034917091836,0.11002143318329424,0.6125698182397942
polarized_experiment,180.0,0.22763932246502513,0.15537369746502513,0.7756275636194756
polarized_experiment,210.0,0.3086284722222209,0.2097977826491472,0.9773090277777776
polarized_experiment,240.0,0.3680555555555543,0.2118055555555543,1.20681423611111
polarized_experiment,270.0,0.4624999999999983,0.2866269600509298,1.4156249999999981
polarized_experiment,300.0,0.53125,0.30341184165484925,1.59375
polarized_experiment,330.0,0.5824652777777777,0.3289930555555551,1.734691840277777
polarized_experiment,360.0,0.6389544753086411,0.37332947530864113,1.930175533755012
polarized_experiment,390.0,0.7304727392258986,0.3973477392258979,2.2245169136086123
polarized_experiment,420.0,0.8286621900826427,0.5041483011937542,2.4085910238751147
polarized_experiment,450.0,0.9203308823529425,0.5295044360719507,2.7112770629084992
polarized_experiment,480.0,0.9888739804555244,0.5982489804555244,2.957194292955523
polarized_experiment,510.0,1.0069444444444446,0.5615041298888699,3.179201388888889
polarized_experiment,540.0,1.1502878451788145,0.6718156229565921,3.654701603526138
polarized_experiment,570.0,1.2784963151927433,0.7378713151927435,3.956311397837374
polarized_experiment,600.0,1.4054248062805188,0.8197441274508012,4.311884828926439
polarized_experiment,630.0,1.4406431253630918,0.7628280427184627,4.492400260724124
polarized_experiment,660.0,1.5894132653061208,0.8612423094237665,4.957468820861678
polarized_experiment,690.0,1.636201923076924,0.8696202904238634,5.223875534188038
polarized_experiment,720.0,1.7092235331632635,0.8967235331632635,5.615473533163264
polarized_experiment,750.0,1.7774567407024784,0.8357129135419832,5.864649557337641
polarized_experiment,780.0,1.9414721074380168,0.9952915518824603,6.170646491158343
polarized_experiment,810.0,2.197265625,1.1257740610561033,6.6405142786281175
polarized_experiment,840.0,2.256227043158862,1.1992239416427741,7.009452666741623
polarized_experiment,870.0,2.2451140580199023,1.0886146249133282,7.11413240982046
polarized_experiment,900.0,2.394275507651086,1.253650507651086,7.298789396539973
polarized_experiment,930.0,2.6517570657797043,1.367034843557481,7.964257065779704
polarized_experiment,960.0,2.7617217640817917,1.4405412085262363,8.402780791859572
polarized_experiment,990.0,2.8750419777245435,1.550937039452938,9.18101534778882
polarized_experiment,1020.0,2.8632812499999987,1.4646508487654308,9.168148100321392
polarized_experiment,1050.0,3.008527277147696,1.5764508308667036,9.674237153690907
polarized_experiment,1080.0,3.1074406550480758,1.5864202468848123,9.924831351958002
polarized_experiment,1110.0,3.2991865854546356,1.7677195715657472,10.440373375267514
polarized_experiment,1140.0,3.3314197407312096,1.807658646056655,10.437956123928444
polarized_experiment,1170.0,3.3893842186065197,1.8264103835473495,10.788353400804198
polarized_experiment,1200.0,3.3702110427522496,1.7887588950122235,10.962472680275875
polarized_experiment,1230.0,3.4129347628926747,1.747397454219206,11.15980959774536
polarized_experiment,1260.0,3.578641131748434,1.8550238477978185,11.268331214393058
polarized_experiment,1290.0,3.6707031250000015,1.9663026147959182,11.379518695477502
polarized_experiment,1320.0,3.7473243860216283,1.9499262061614524,11.848886886021624
polarized_experiment,1350.0,3.7598418997228493,1.945428634416731,11.997498149722853
polarized_experiment,1380.0,3.7687241735537156,1.8838000941366282,11.934739798553714
polarized_experiment,1410.0,3.980990507889547,2.0278655078895476,12.912084734385711
polarized_experiment,1440.0,4.01388888888889,1.9788424012855854,12.504170292042524
polarized_experiment,1470.0,4.135065586419754,2.0647530864197536,13.352653396337114
polarized_experiment,1500.0,4.351358958487263,2.24804263195665,13.11225787824035
polarized_experiment,1530.0,4.348391685956788,2.2986390047437717,13.688346334482864
polarized_experiment,1560.0,4.460150775254456,2.328822650254452,13.889515444675943
polarized_experiment,1590.0,4.743248206666584,2.564713227936799,14.08320285519266
polarized_experiment,1620.0,4.730744446215987,2.479606722608026,14.329046915351796
polarized_experiment,1650.0,4.669523278061225,2.3667107780612255,14.320364829672002
polarized_experiment,1680.0,5.053512246311266,2.635227122344322,14.770526135200155
polarized_experiment,1710.0,5.048308924120617,2.7797416820981207,14.929552625304792
polarized_experiment,1740.0,5.03442494032118,2.6953650229658046,15.084825623276807
polarized_experiment,1770.0,5.0165074593339405,2.565046830316494,15.014957872557076
polarized_experiment,1800.0,5.275417751736109,2.744167751736109,15.103542751736109
polarized_experiment,1830.0,5.277993253687845,2.943892299427466,14.961530111182444
polarized_experiment,1860.0,5.555414379064009,3.0241643790640094,15.22143000406401
polarized_experiment,1890.0,5.78125,3.172583317032621,15.17578125
polarized_experiment,1920.0,5.829715487434647,3.1798579858402585,16.04837604026548
polarized_experiment,1950.0,5.7766685956790145,2.9325311989848006,15.542293595679014
polarized_experiment,1980.0,5.531924650025301,2.611924650025303,15.711426423751968
polarized_experiment,2010.0,5.780205078125,2.9946148003472235,15.878469329560259
polarized_experiment,2040.0,5.733591043477579,2.8583327790147735,15.963980074089825
polarized_experiment,2070.0,5.865364969871874,2.9718523564931894,16.130243442094088
polarized_experiment,2100.0,5.9347504473603205,3.0316254473603195,16.21611559758707
polarized_experiment,2130.0,5.906098325582686,3.0817998561949294,16.368771936693797
polarized_experiment,2160.0,5.9207070695925434,3.0152035973703253,16.18558554181476
polarized_experiment,2190.0,5.891734467455624,2.880345578566738,16.622790366896663
polarized_experiment,2220.0,5.989030612244899,3.190222148210286,16.600959282605
polarized_experiment,2250.0,5.768049364774744,2.8225023126205464,16.68593839538698
polarized_experiment,2280.0,5.699393446180555,2.6740494791666674,16.523982209689777
polarized_experiment,2310.0,5.803580246913581,2.7847814187885813,16.826908650548695
polarized_experiment,2340.0,5.7511061409858115,2.632384485657017,16.94305492570804
polarized_experiment,2370.0,5.719531250000001,2.703906250000001,16.78642511145405
polarized_experiment,2400.0,6.1006019305870485,2.899855823320614,17.512277277809275
polarized_experiment,2430.0,5.825472376510389,2.779016985320382,17.404348578433464
polarized_experiment,2460.0,5.876732433192017,2.861107433192017,17.55063868319202
polarized_experiment,2490.0,5.870790289256198,2.722376606978877,17.133055914256204
polarized_experiment,2520.0,6.170681423611109,3.1956485393636584,17.740318769290123
polarized_experiment,2550.0,6.430406057098768,3.349810570386512,18.144822953333843
polarized_experiment,2580.0,6.330948334881905,3.500097640437461,18.319786780899484
polarized_experiment,2610.0,6.295331632653063,3.320298748405613,17.989610277689284
polarized_experiment,2640.0,6.3261597400318,3.3105347400318,19.506736729057867
polarized_experiment,2670.0,6.371255165289259,3.396222281041809,20.02931072084482
polarized_experiment,2700.0,6.460433673469386,3.517190876178302,19.33890589569161
polarized_experiment,2730.0,6.242386242574896,3.3552007773365,18.941942569735392
polarized_experiment,2760.0,6.3262756061694185,3.3422880028636377,20.084956161724975
polarized_experiment,2790.0,6.4320154583187055,3.483099545171772,20.89316354772876
polarized_experiment,2820.0,6.485058773100321,3.444043148100321,20.946206862510376
polarized_experiment,2850.0,6.485942571628532,3.476177244315623,20.99646326148161
polarized_experiment,2880.0,6.358056185437136,3.339643070607255,20.92820137314184
polarized_experiment,2910.0,6.226693786982246,3.139670110324081,21.140864793926692
polarized_experiment,2940.0,6.314793968207116,3.160485536254454,20.941043968207115
polarized_experiment,2970.0,6.41650390625,3.2899240858341194,21.73298520510309
polarized_experiment,3000.0,6.737217580756438,3.567846311243124,22.34612088941117
polarized_experiment,3030.0,6.932528344671202,3.8285768983902146,22.502388881861282
polarized_experiment,3060.0,6.861406249999998,3.7329340277777754,22.655059400826453
polarized_experiment,3090.0,6.7726845946712,3.7225812888860816,22.693919204217508
polarized_experiment,3120.0,6.464151311350984,3.3356790891287615,22.520844382356742
polarized_experiment,3150.0,6.805107709750565,3.5768019246266016,22.889829931972788
polarized_experiment,3180.0,6.7170698630656505,3.613118416784663,23.085993474176757
polarized_experiment,3210.0,6.947491560570986,3.812971030919564,24.08389781057099
polarized_experiment,3240.0,6.720303337191357,3.6702000314062384,23.188175238017802
polarized_experiment,3270.0,6.971297246709332,3.9215428043652856,23.870711309209334
polarized_experiment,3300.0,7.2585778061224575,4.15462635984147,24.729824971655333
polarized_experiment,3330.0,7.798225308641974,4.62885403912866,25.30451666024878
polarized_experiment,3360.0,7.571180555555561,4.335746882086178,25.015008034894404
polarized_experiment,3390.0,7.623688102514718,4.645250403905861,24.67181310251472
polarized_experiment,3420.0,7.2920674078454955,4.3843359741907655,23.727638395499817
polarized_experiment,3450.0,7.388498780502719,4.2190276266565645,23.337731046938707
polarized_experiment,3480.0,7.312906037414966,4.168252227137393,23.00235916241497
polarized_experiment,3510.0,7.132148409206308,4.294409650525753,23.43320424820858
polarized_experiment,3540.0,6.932528344671202,3.8017295281031553,24.33969954648526
polarized_experiment,3570.0,7.167755102040818,4.450741213151929,24.221603242536688
polarized_experiment,3600.0,6.92752200271573,3.917765058271286,29.14534765312054
polarized_experiment,3630.0,7.076171927869709,3.9595669895981023,29.16669022653532
polarized_experiment,3660.0,6.777774732940053,3.7499969551622754,28.504349350287
polarized_experiment,3690.0,6.8827580392178636,3.917613411118692,28.51598508003419
polarized_experiment,3720.0,7.491287527407655,4.26724629437021,29.334556758176888
polarized_experiment,3750.0,7.957686782033411,5.015279757240024,29.60699676644385
polarized_experiment,3780.0,7.906356466999437,4.87857868922166,30.116833366092404
polarized_experiment,3810.0,8.154937081841556,4.988745041907775,30.048761189591087
polarized_experiment,3840.0,8.02548172764285,4.9456780086345855,30.08677063070408
polarized_experiment,3870.0,8.221019345238096,5.059063266779749,30.11109112111923
polarized_experiment,3900.0,8.108217325416367,4.938968388927171,29.629961849779377
polarized_experiment,3930.0,8.156362649226354,5.009145707756792,29.80012273689328
polarized_experiment,3960.0,8.16038364875595,4.910222819100398,29.27103453632992
polarized_experiment,3990.0,7.99317679680659,4.818628036476012,29.296830159193224
polarized_experiment,4020.0,8.139999311067017,4.839322073640981,29.266067306795037
polarized_experiment,4050.0,8.115288905275653,5.0840470535371685,30.05077514323792
polarized_experiment,4080.0,8.475730379803416,5.181595852714343,30.42360497234879
polarized_experiment,4110.0,8.230392828385973,4.92951472921242,29.537973855871112
polarized_experiment,4140.0,8.490504731985387,5.230853816522785,30.09729196268153
polarized_experiment,4170.0,8.061905116213154,4.982258328736113,29.349553045207244
polarized_experiment,4200.0,10.029955621301774,6.445969601974633,31.353877099654323
polarized_experiment,4230.0,9.45322379109174,6.200287853403056,31.76230903417659
polarized_experiment,4260.0,9.5625,6.348203744307639,31.44403895511013
polarized_experiment,4290.0,9.845947265625,6.502751999352811,32.367117523747325
polarized_experiment,4320.0,9.845947265625,6.698040642576332,31.890909000318892
polarized_experiment,4350.0,10.136960901627505,6.884024963938822,31.93319814652547
polarized_experiment,4380.0,10.183568284084469,6.919318704129763,32.30965246775794
polarized_experiment,4410.0,9.985339506172838,6.899078411498285,31.780014975527802
polarized_experiment,4440.0,9.838072974287758,6.401301062305512,31.463072974287762
polarized_experiment,4470.0,9.845947265625,6.89430155556583,30.324072265625006
polarized_experiment,4500.0,9.965606340575452,6.829644448931743,31.881362877565255
polarized_experiment,4530.0,10.044722222222227,7.077133515553266,31.28230902777778
polarized_experiment,4560.0,8.478523026108592,5.4430478985575705,28.765505274629305
polarized_experiment,4590.0,8.311185608203196,4.90821883790527,28.598167856723908
polarized_experiment,4620.0,8.708282060986159,5.5189742097464904,28.995264309506872
polarized_experiment,4650.0,7.526128472222221,4.321066488751146,27.082455632716044
polarized_experiment,4680.0,6.861406249999998,3.424634338017752,26.221419005102042
polarized_experiment,4710.0,7.031079600222331,3.390516688449418,27.031541878328845
polarized_experiment,4740.0,6.704964923469387,3.5951520964362813,26.7054272015759
polarized_experiment,4770.0,6.548369140624999,3.05331180493783,25.126494140625002
polarized_experiment,4800.0,6.933919005102039,2.5847141234452344,25.446280116213146
polarized_experiment,4830.0,6.861406249999998,3.609039386094675,25.463550926994625
polarized_experiment,4860.0,7.327128906249998,3.890356994267752,25.83740668402777
polarized_experiment,4890.0,7.015316868538358,3.083179294573861,25.340112875482802
polarized_experiment,4920.0,6.9576562499999985,3.4113359837278097,26.293070451183436
polarized_experiment,4950.0,7.168852056809413,3.6225317905372245,25.506753291377322
polarized_experiment,4980.0,7.093587537504144,3.547267271231955,25.67171253750415
polarized_experiment,5010.0,7.306446920680036,4.006719538593146,26.268946920680044
polarized_experiment,5040.0,7.767087328465868,4.239356749953471,26.10498856303378
polarized_experiment,5070.0,8.487787861739433,5.154560345095723,28.320912861739437
polarized_experiment,5100.0,8.708986788725905,4.9835233785097515,26.781509464462868
polarized_experiment,5130.0,8.796840376196776,5.256526320941643,26.797087289777032
polarized_experiment,5160.0,8.770844601704042,5.221362353183332,27.487046858648483
polarized_experiment,5190.0,8.891070476367632,5.525497176041587,27.632418616863504
polarized_experiment,5220.0,9.081420953798188,5.5292097677839,27.419322188366095
polarized_experiment,5250.0,8.824579900970805,5.2861709594849415,26.952305595415247
polarized_experiment,5280.0,8.49127710459184,5.007179471455747,27.422527104591843
polarized_experiment,5310.0,8.780874889784346,5.137372208571332,27.421499889784354
polarized_experiment,5340.0,7.205199502595155,3.8140341508528808,25.543100737163066
polarized_experiment,5370.0,7.327128906249998,4.045324172522188,25.665030140817905
polarized_experiment,5400.0,7.689531249999999,4.371299001479292,26.201892361111106
polarized_experiment,5430.0,7.327128906249998,4.151596931054723,25.839490017361108
polarized_experiment,5460.0,7.327128906249998,4.102001355229591,25.651924913194442
polarized_experiment,5490.0,7.205199502595155,3.83862323698043,26.381951557583825
polarized_experiment,5520.0,6.861406249999998,3.722839307851239,25.8958027053414
polarized_experiment,5550.0,7.491582031249998,4.1428386636036585,26.140258689413262
polarized_experiment,5580.0,7.327128906249998,4.240867811575444,26.321259389434395
polarized_experiment,5610.0,7.745554882271466,4.289193935525902,26.875330969851472
polarized_experiment,5640.0,7.088439121972318,3.542118855700129,26.50637817421912
polarized_experiment,5670.0,7.532741126543206,3.9273560489584534,26.870397074647293
polarized_experiment,5700.0,7.606572265624999,3.9671491887019235,26.462345352359684
polarized_experiment,5730.0,7.689531249999999,4.416584273129018,27.34842013888889
polarized_experiment,5760.0,7.526128472222221,4.159552206607496,26.86378442032631
polarized_experiment,5790.0,7.526128472222221,4.336820620982552,26.708246527777785
polarized_experiment,5820.0,7.327128906249998,3.8040239793151063,26.87339626736111
polarized_experiment,5850.0,7.502118055555553,4.0340147497704315,27.18973730521823
polarized_experiment,5880.0,7.333376471606647,4.017310652335703,26.37991968148318
polarized_experiment,5910.0,7.681425781249999,4.4896728226701175,26.494102935445003
polarized_experiment,5940.0,7.45029513888889,4.101746378558311,26.296024873823026
polarized_experiment,5970.0,7.557260841836735,4.382272388499995,26.17467199900794
polarized_experiment,6000.0,7.526128472222221,4.354792808327035,26.1933389585258
polarized_experiment,6030.0,7.557260841836735,4.15600344538703,26.239639314058962
polarized_experiment,6060.0,7.790312499999999,4.512056259487267,26.29381944444444
polarized_experiment,6090.0,7.844377596952908,4.748280303869009,26.3256066459072
polarized_experiment,6120.0,7.681425781249999,4.355851801658163,26.20837022569444
polarized_experiment,6150.0,7.519600694444444,4.266411918934242,25.85750192901235
polarized_experiment,6180.0,7.45029513888889,4.258542180309009,26.21835069444445
polarized_experiment,6210.0,6.82541984072022,3.466323830109056,25.731833981736706
polarized_experiment,6240.0,7.647545879501383,4.084027726239639,25.98544711406929
polarized_experiment,6270.0,7.044542344674558,3.72690487301923,25.382443579242466
polarized_experiment,6300.0,6.789586876417232,3.3660231461914134,24.873977820294773
polarized_experiment,6330.0,6.896128472222219,3.4725647419964,25.428515093537406
polarized_experiment,6360.0,6.934587191358024,3.325290893250539,25.44694830246913
polarized_experiment,6390.0,7.354611807958476,3.851708502173354,25.692513042526386
polarized_experiment,6420.0,7.385016396604938,4.046259000155233,25.897377507716044
polarized_experiment,6450.0,7.119164030195412,3.257472503239461,26.07740099164665
polarized_experiment,6480.0,6.921441092451522,3.7087298360739718,25.433802203562628
polarized_experiment,6510.0,7.238760577683398,3.834066362807364,25.37286648046117
polarized_experiment,6540.0,6.849516973714415,3.398255879039862,25.361878084825523
polarized_experiment,6570.0,6.8824513107939245,3.372477198367889,25.196570234405037
polarized_experiment,6600.0,7.453137838945488,3.945438043111951,25.791039073513396
polarized_experiment,6630.0,7.145455981648198,3.9151697004690624,25.483357216216106
polarized_experiment,6660.0,7.220928819444443,3.89499851043721,24.494053819444435
polarized_experiment,6690.0,6.940575388482954,3.652429990861097,24.49276087975936
polarized_experiment,6720.0,6.958281249999998,3.549042598047745,24.709184027777773
polarized_experiment,6750.0,6.817338887338176,3.5556948742641974,23.84011666511595
polarized_experiment,6780.0,6.757119140625,3.347880488672747,24.06739691840278
polarized_experiment,6810.0,7.34433109504132,3.31576664191632,24.853374304917864
polarized_experiment,6840.0,7.163445216049381,3.4269927948442147,24.341006944444437
polarized_experiment,6870.0,7.15600464876033,3.088435204315882,24.466282426538108
polarized_experiment,6900.0,7.009461805555551,3.353723940567815,24.51294945987653
polarized_experiment,6930.0,7.021406249999998,3.3145942283163254,25.546065051020413
polarized_experiment,6960.0,6.826739294982698,2.9766560849235293,25.261971605430652
polarized_experiment,6990.0,7.301454368512109,3.178562932525951,25.77310969731029
polarized_experiment,7020.0,7.434756944444444,3.7222939266929673,25.85045145975057
polarized_experiment,7050.0,6.835281635802466,2.9220003858024675,25.48395829396573
polarized_experiment,7080.0,6.720856942041521,2.80767277044389,25.830053732773045
polarized_experiment,7110.0,6.8687411389414,3.1562781211899233,25.477041106487587
polarized_experiment,7140.0,6.72828125,2.7204419264555515,25.015642361111105
polarized_experiment,7170.0,6.703428930165818,2.7902447585681873,25.220703678606856
polarized_experiment,7200.0,8.721505183083003,4.761348933083001,28.199074627527445
polarized_experiment,7230.0,8.728475765306126,4.607140888762913,27.37715242346939
polarized_experiment,7260.0,8.73807811318972,4.71551894159209,27.835029444686498
polarized_experiment,7290.0,8.885788690476193,4.764453813932981,27.92497271825397
polarized_experiment,7320.0,8.611213375810209,4.602076265083565,28.287311466087985
polarized_experiment,7350.0,8.828830972862521,4.707496096319309,28.050374182739063
polarized_experiment,7380.0,8.962610253881646,4.841275377338434,27.910561642770542
polarized_experiment,7410.0,8.827437464569162,4.877977588025954,27.535420535626802
polarized_experiment,7440.0,9.032173170194005,5.289503417107586,27.463948940783297
polarized_experiment,7470.0,8.689338001763494,4.673713001763494,26.91314796845851
polarized_experiment,7500.0,9.028979460719858,5.052416960719857,27.296757238497634
polarized_experiment,7530.0,8.725513751527597,4.84933319597204,26.82625296181226
polarized_experiment,7560.0,8.914549674036284,5.038369118480727,26.29644203514739
polarized_experiment,7590.0,8.638006050799952,4.739163057720367,28.125720407375915
polarized_experiment,7620.0,8.886391649162222,4.877602586662222,29.674098919570383
polarized_experiment,7650.0,8.722028415532883,4.871117099877978,29.629847104994273
polarized_experiment,7680.0,8.743608099489796,4.946841230977685,29.658789859693897
polarized_experiment,7710.0,8.663752550559225,5.033683106114779,29.64826288219188
polarized_experiment,7740.0,8.690131696741881,4.920600446741881,29.11981683818012
polarized_experiment,7770.0,8.939214089860483,5.286643106480986,29.82521536537071
polarized_experiment,7800.0,8.911796834480153,5.236478334299016,29.27537145182711
polarized_experiment,7830.0,9.076651564792584,5.413321486667584,29.983477315926383
polarized_experiment,7860.0,9.145000038912151,5.478545957279495,29.899422250505143
polarized_experiment,7890.0,8.835584038013351,5.069021538013351,29.615928692593293
polarized_experiment,7920.0,9.19015970358732,5.545857070343939,29.958073923639247
polarized_experiment,7950.0,8.985129670740845,5.281392610317503,29.668163408512825
polarized_experiment,7980.0,9.069193149073358,5.458526826759311,29.534011426606284
polarized_experiment,8010.0,8.996901111841323,5.244550725879433,29.35363904271785
polarized_experiment,8040.0,9.069292645443596,5.348981400895847,29.52826594830641
polarized_experiment,8070.0,9.160635619307639,5.5643411794817315,29.200358629849305
polarized_experiment,8100.0,9.048539219015101,5.344888722573412,29.95635790847649
polarized_experiment,8130.0,9.152816814392098,5.668328813077174,29.771605717453333
polarized_experiment,8160.0,9.158590141158035,5.596904172004533,29.4850587494347
polarized_experiment,8190.0,9.37205365147239,5.7887705409456895,30.026088961972327
polarized_experiment,8220.0,9.150289469954648,5.615860485507907,29.75647569444444
polarized_experiment,8250.0,6.932812499999999,3.434494036612425,25.916214316608993
polarized_experiment,8280.0,6.42810570987654,3.1827169339889663,25.42601529037541
polarized_experiment,8310.0,6.820232780612248,3.4966429280045386,25.600750358737248
polarized_experiment,8340.0,6.699198000521884,3.4489835034804632,27.51369477686321
polarized_experiment,8370.0,6.603140441838502,3.344398010422064,27.18238377374122
polarized_experiment,8400.0,6.537178537526888,3.243876383331879,27.521688869159544
polarized_experiment,8430.0,6.501760810258141,3.0291733312604063,27.567985477208268
polarized_experiment,8460.0,6.68832901574886,3.2805074594052215,27.576960775952944
polarized_experiment,8490.0,6.552128868097626,2.8820617193372966,27.076585004718954
polarized_experiment,8520.0,6.920298657545249,3.57686753509627,27.67472086913824
polarized_experiment,8550.0,6.790321546150776,3.0064727858201987,27.164546163497718
polarized_experiment,8580.0,6.444358324424811,2.962050172446182,27.659354370343188
polarized_experiment,8610.0,6.399572260619397,2.546071459472491,27.01836116368063
polarized_experiment,8640.0,6.623126264968795,3.058157444107117,27.806772310887187
polarized_experiment,8670.0,6.340182557397959,3.122662783216099,27.35867745535715
polarized_experiment,8700.0,6.375567602040816,2.884877054988661,27.722735589628115
polarized_experiment,8730.0,6.483179209183675,3.0576078711810175,27.550621152386576
polarized_experiment,8760.0,6.572265625,3.2235222573536597,27.77443399234695
polarized_experiment,8790.0,6.211791738754324,2.589521330591059,27.517322188730173
polarized_experiment,8820.0,6.92340738378685,3.3739990787981893,28.079124858276643
polarized_experiment,8850.0,7.378181689342407,3.899128389792475,28.184256306689342
polarized_experiment,8880.0,7.0193333831642315,3.498606342347905,28.056323179082593
polarized_experiment,8910.0,9.752511353806229,6.065302674038026,33.03497483383582
polarized_experiment,8940.0,6.984585856401384,3.6121737717328046,28.201422591095263
polarized_experiment,8970.0,7.094382747933886,3.636135777270621,28.67501032432453
mixed_experiment,30.0,0.02715692455513916,0.01886610822860851,0.09809958984439571
mixed_experiment,60.0,0.06968981513895059,0.04136950263895059,0.24093981513895082
mixed_experiment,90.0,0.12499999999999992,0.06502056745563226,0.3906249999999999
mixed_experiment,120.0,0.17979591836734735,0.0962696837994462,0.5116014739229029
mixed_experiment,150.0,0.27784722222222136,0.1755385487528337,0.6840972222222214
mixed_experiment,180.0,0.3280539119000653,0.181377569997237,0.928375453850178
mixed_experiment,210.0,0.390625,0.24196831597222196,1.1337500000000005
mixed_experiment,240.0,0.5367978395061731,0.36263768325617285,1.4499003064387026
mixed_experiment,270.0,0.5447222222222221,0.2901742803602927,1.737501417233561
mixed_experiment,300.0,0.6522569444444467,0.3858603395061756,1.974913194444448
mixed_experiment,330.0,0.691689873489844,0.42229019365655607,2.020098453371503
mixed_experiment,360.0,0.7013584183673474,0.40227421697845805,2.1746844474969453
mixed_experiment,390.0,0.8760647506925215,0.5402658994715926,2.4389712283199927
mixed_experiment,420.0,0.8633219954648517,0.5508219954648517,2.5093723426870724
mixed_experiment,450.0,0.9123318605489288,0.5320447594826079,2.766112724746458
mixed_experiment,480.0,0.930021626297576,0.456388813797576,2.5708636401864635
mixed_experiment,510.0,0.9065433673469399,0.4154280695266285,2.6170025510204087
mixed_experiment,540.0,1.0448407202216068,0.6801896729914197,3.041014189609361
mixed_experiment,570.0,1.0999275017313037,0.705782093568038,2.8660077566740694
mixed_experiment,600.0,1.1292925347222214,0.6631640624999984,2.8808642802843507
mixed_experiment,630.0,1.1237056551588513,0.6455806551588517,2.697805378150541
mixed_experiment,660.0,1.1846734233916196,0.7536991586857384,2.9642907703303942
mixed_experiment,690.0,1.1763237847222214,0.6748184951063761,3.0313259619704476
mixed_experiment,720.0,1.2680785327109214,0.7536901555578779,3.254291999579153
mixed_experiment,750.0,1.4005632716049337,0.6761687403549329,3.4800771604938237
mixed_experiment,780.0,1.3508142594063186,0.7327587038507628,3.6486658219063184
mixed_experiment,810.0,1.4898693786982227,0.8718138231426669,3.443031710628743
mixed_experiment,840.0,1.3978423550792873,0.83181531620001,3.6337474627145596
mixed_experiment,870.0,1.3658365536679933,0.7960732316725297,3.841363151432752
mixed_experiment,900.0,1.3687697683909832,0.8645239524175348,3.8980887569318874
mixed_experiment,930.0,1.2787602515179628,0.788043131336556,3.6110360479168513
mixed_experiment,960.0,1.3774635755733982,0.8085399644622874,4.011034968068886
mixed_experiment,990.0,1.4631452307162542,0.9739595308036406,4.023917305612921
mixed_experiment,1020.0,1.5789868336892114,0.9609312781336559,4.214266193890609
mixed_experiment,1050.0,1.5539708060000974,0.9608913943993251,4.172026361555654
mixed_experiment,1080.0,1.6763083910034602,0.974001045404348,4.372604556528494
mixed_experiment,1110.0,1.7109792489916253,1.02933573475346,4.665887887937908
mixed_experiment,1140.0,1.778472222222221,1.0402028007346178,4.645756172839505
mixed_experiment,1170.0,1.6395266439909284,0.7747508475920372,4.768432893990928
mixed_experiment,1200.0,1.7656249999999984,0.9492542215080089,4.876386194973856
mixed_experiment,1230.0,1.8125436718032575,1.144953644102428,4.708340860455689
mixed_experiment,1260.0,1.6007374885215806,1.04132390827467,4.306449002400321
mixed_experiment,1290.0,1.6098090277777783,0.9728568672839512,4.3920632810859095
mixed_experiment,1320.0,1.6937962735025283,1.0417901006630235,4.565603346901877
mixed_experiment,1350.0,1.7350224715925138,1.1350773129352345,4.577951619772223
mixed_experiment,1380.0,1.64453125,1.0386284722222219,4.829898756377551
mixed_experiment,1410.0,1.6588718820861672,1.0544882015306132,5.008027127832859
mixed_experiment,1440.0,1.9124999999999974,1.1286989795918352,5.577629869019525
mixed_experiment,1470.0,1.7656249999999984,1.1249999999999984,5.294174382716048
mixed_experiment,1500.0,1.8280547337278097,1.1279867416549478,5.708070165826575
mixed_experiment,1530.0,1.7682076446280959,0.8032076446280972,5.773030175492294
mixed_experiment,1560.0,1.782017746913579,0.8350655864197533,5.8076736111111105
mixed_experiment,1590.0,1.6892361111111118,0.7573350295888205,5.91185016396605
mixed_experiment,1620.0,1.913304995982552,0.9925391780813203,5.996312808482552
mixed_experiment,1650.0,1.8918821175746385,1.0411812955791715,5.959494000290689
mixed_experiment,1680.0,1.986653932997271,1.221098377441716,6.099935182997271
mixed_experiment,1710.0,1.822857890841521,0.8342390636810284,5.907601814452633
mixed_experiment,1740.0,1.9273025540689717,1.2118318750566255,6.732453300567949
mixed_experiment,1770.0,1.7795138888888888,0.7795138888888888,6.437174479166666
mixed_experiment,1800.0,2.3649808580456964,1.369417586440759,8.642351399883832
mixed_experiment,1830.0,2.1211419753086433,1.1149537037037056,8.09670438957476
mixed_experiment,1860.0,2.2241753472222214,1.1358342978395053,7.969997776056015
mixed_experiment,1890.0,2.534722222222222,1.593310228100684,8.40357709750567
mixed_experiment,1920.0,2.451388888888889,1.1018655489809337,8.194861111111111
mixed_experiment,1950.0,2.5329221455975666,1.1127832567086768,9.199057349679201
mixed_experiment,1980.0,3.185522101762796,1.7653832128739064,11.10308339711427
mixed_experiment,2010.0,3.185754468421752,1.765615579532862,10.412120634722989
mixed_experiment,2040.0,3.3146761308690142,1.9639508678841366,10.541042297170252
mixed_experiment,2070.0,4.2578104791062525,2.8281735407741526,11.792655062540069
mixed_experiment,2100.0,4.779053699669169,3.5434193161311773,13.284833279932275
mixed_experiment,2130.0,4.822778827977316,3.8755132029773156,13.112128552242023
mixed_experiment,2160.0,4.537037789133065,3.1252043363778883,13.872003155487938
mixed_experiment,2190.0,4.427499210341036,3.0473101385954746,13.508207312737635
mixed_experiment,2220.0,4.626692627599244,3.261757300688394,13.444940264650286
mixed_experiment,2250.0,4.625,3.237085459183672,13.546531233016617
mixed_experiment,2280.0,4.424152825364946,3.0164678763853527,13.493250395867628
mixed_experiment,2310.0,5.003743018962665,3.4730226809411335,14.599477406721196
mixed_experiment,2340.0,5.471406807372176,3.78677330419203,14.443089227031914
mixed_experiment,2370.0,5.471406807372176,4.008417640351198,15.225661091925915
mixed_experiment,2400.0,3.1213448785274225,1.7012059896385328,12.707682151749964
mixed_experiment,2430.0,3.1706348171306393,1.7504959282417496,12.60742191263293
mixed_experiment,2460.0,3.4236789279513893,2.0035400390624996,13.175248304132865
mixed_experiment,2490.0,4.67132525436066,3.183938103453155,14.627205998921065
mixed_experiment,2520.0,3.29541015625,1.7631115230934025,13.579099882610183
mixed_experiment,2550.0,4.21744459502551,2.3028470228901923,15.38209507147318
mixed_experiment,2580.0,4.112684461805554,1.9334176140735573,14.807170785635655
mixed_experiment,2610.0,4.344008365227408,2.3419164816420204,14.970212968645521
mixed_experiment,2640.0,4.626289503752973,2.653588399220802,15.500139797808849
mixed_experiment,2670.0,4.954361982822919,3.27105746266775,17.699037360863684
mixed_experiment,2700.0,1.7074403827782774,0.3469741374566202,8.171594794542983
mixed_experiment,2730.0,1.5238367879388954,0.15407594610216346,7.994149287938892
mixed_experiment,2760.0,1.6027440054675737,0.3440634499120174,8.416466963659115
mixed_experiment,2790.0,1.6111324224512307,0.42235691224715066,8.465487626071138
mixed_experiment,2820.0,1.6119509413833064,0.38199806147101234,8.481958439700007
mixed_experiment,2850.0,1.7019661246127733,0.4791708598126412,8.313456726770795
mixed_experiment,2880.0,1.6466582851939193,0.28026797907147194,8.166904404474968
mixed_experiment,2910.0,1.6673682305121038,0.3273227215677865,8.809361694564394
mixed_experiment,2940.0,1.6712609640761174,0.3814934975431916,8.875032218671706
mixed_experiment,2970.0,1.6098888935739581,0.5751666713517354,9.392977128868077
mixed_experiment,3000.0,1.836015470845604,0.7968142874136523,9.341205782264288
mixed_experiment,3030.0,2.019888381327478,1.0912090954815703,9.13327992544513
mixed_experiment,3060.0,1.864685363738393,0.8541636857487669,8.97305468099438
mixed_experiment,3090.0,2.019888381327478,1.0591667159354845,9.207830224731506
mixed_experiment,3120.0,1.7000258264462798,0.9005677761869485,9.496689429387459
mixed_experiment,3150.0,1.4201388888888897,0.5810403542464615,9.069331899426432
mixed_experiment,3180.0,1.4780613917441847,0.05792250285529499,3.0140452863436646
mixed_experiment,3210.0,1.4156812487445476,0.004457640144342134,2.835820137633437
mixed_experiment,3240.0,1.372216190195087,0.047922698693802834,2.7923550790839764
mixed_experiment,3270.0,1.2789248227221706,0.1412140661667194,2.6990637116110605
mixed_experiment,3300.0,1.3388210139427679,0.08131787494612186,2.7589599028316574
mixed_experiment,3330.0,1.3053851727502295,0.11475371613866026,2.725524061639119
mixed_experiment,3360.0,1.177296208750817,0.1074260134714069,2.462018430973041
mixed_experiment,3390.0,1.1920423697199265,0.03648681416437061,2.4205715536042236
mixed_experiment,3420.0,1.1056085788337486,0.037186560055141094,2.2484037177226384
mixed_experiment,3450.0,1.0748359303259882,0.20988629189623564,2.359558152548212
mixed_experiment,3480.0,1.1514434113865932,0.2686954775022965,2.571582300275483
mixed_experiment,3510.0,1.1254017447199267,0.24265381083562998,2.4934573002754834
mixed_experiment,3540.0,1.054998396492855,0.22972382572936856,2.339720618715079
mixed_experiment,3570.0,0.7906358871408711,1e-12,1.5812717742817421
polarized_experiment_display,30.0,0.01790360480991399,0.01325015940971532,0.07133724678522271
polarized_experiment_display,60.0,0.04862316743827121,0.03685619212962905,0.1735271498645751
polarized_experiment_display,90.0,0.08595521541950082,0.061352437641722844,0.32200366372444383
polarized_experiment_display,120.0,0.12847222222222232,0.08997770919067229,0.4409722222222223
polarized_experiment_display,150.0,0.1655034917091836,0.11002143318329424,0.6125698182397942
polarized_experiment_display,180.0,0.22763932246502513,0.15537369746502513,0.7756275636194756
polarized_experiment_display,210.0,0.3086284722222209,0.2097977826491472,0.9773090277777776
polarized_experiment_display,240.0,0.3680555555555543,0.21180555555555433,1.20681423611111
polarized_experiment_display,270.0,0.4624999999999983,0.2866269600509298,1.4156249999999981
polarized_experiment_display,300.0,0.53125,0.30341184165484925,1.59375
polarized_experiment_display,330.0,0.5824652777777777,0.3289930555555551,1.734691840277777
polarized_experiment_display,360.0,0.6389544753086411,0.37332947530864113,1.9301755337550122
polarized_experiment_display,390.0,0.7304727392258986,0.3973477392258979,2.2245169136086123
polarized_experiment_display,420.0,0.8286621900826427,0.5041483011937542,2.4085910238751147
polarized_experiment_display,450.0,0.9203308823529425,0.5295044360719507,2.7112770629084992
polarized_experiment_display,480.0,0.9888739804555244,0.5982489804555244,2.957194292955523
polarized_experiment_display,510.0,1.0069444444444446,0.5615041298888699,3.179201388888889
polarized_experiment_display,540.0,1.1502878451788145,0.6718156229565921,3.6547016035261386
polarized_experiment_display,570.0,1.2784963151927433,0.7378713151927435,3.9563113978373736
polarized_experiment_display,600.0,1.4054248062805188,0.8197441274508012,4.311884828926439
polarized_experiment_display,630.0,1.4406431253630918,0.7628280427184627,4.492400260724124
polarized_experiment_display,660.0,1.5894132653061208,0.8612423094237665,4.957468820861678
polarized_experiment_display,690.0,1.636201923076924,0.8696202904238634,5.223875534188037
polarized_experiment_display,720.0,1.7092235331632635,0.8967235331632635,5.6154735331632635
polarized_experiment_display,750.0,1.7774567407024784,0.8357129135419832,5.864649557337642
polarized_experiment_display,780.0,1.9414721074380168,0.9952915518824603,6.170646491158343
polarized_experiment_display,810.0,2.197265625,1.1257740610561033,6.640514278628118
polarized_experiment_display,840.0,2.256227043158862,1.1992239416427741,7.009452666741624
polarized_experiment_display,870.0,2.2451140580199023,1.0886146249133282,7.114132409820461
polarized_experiment_display,900.0,2.394275507651086,1.253650507651086,7.298789396539972
polarized_experiment_display,930.0,2.6517570657797043,1.367034843557481,7.964257065779703
polarized_experiment_display,960.0,2.7617217640817917,1.4405412085262363,8.402780791859572
polarized_experiment_display,990.0,2.8750419777245435,1.550937039452938,9.18101534778882
polarized_experiment_display,1020.0,2.8632812499999987,1.4646508487654308,9.16814810032139
polarized_experiment_display,1050.0,3.008527277147696,1.5764508308667036,9.674237153690905
polarized_experiment_display,1080.0,3.1074406550480758,1.5864202468848123,9.924831351958
polarized_experiment_display,1110.0,3.2991865854546356,1.7677195715657472,10.440373375267516
polarized_experiment_display,1140.0,3.331419740731209,1.807658646056655,10.437956123928444
polarized_experiment_display,1170.0,3.38938421860652,1.8264103835473495,10.7883534008042
polarized_experiment_display,1200.0,3.3702110427522496,1.7887588950122235,10.962472680275875
polarized_experiment_display,1230.0,3.4129347628926747,1.747397454219206,11.159809597745362
polarized_experiment_display,1260.0,3.5786411317484346,1.8550238477978185,11.268331214393058
polarized_experiment_display,1290.0,3.670703125000002,1.9663026147959182,11.379518695477504
polarized_experiment_display,1320.0,3.7473243860216288,1.9499262061614522,11.848886886021623
polarized_experiment_display,1350.0,3.7598418997228498,1.945428634416731,11.997498149722855
polarized_experiment_display,1380.0,3.7687241735537156,1.8838000941366282,11.934739798553718
polarized_experiment_display,1410.0,3.9809905078895467,2.0278655078895476,12.912084734385715
polarized_experiment_display,1440.0,4.01388888888889,1.9788424012855854,12.504170292042526
polarized_experiment_display,1470.0,4.135065586419754,2.0647530864197536,13.352653396337114
polarized_experiment_display,1500.0,4.351358958487263,2.24804263195665,13.112257878240351
polarized_experiment_display,1530.0,4.348391685956789,2.2986390047437717,13.688346334482866
polarized_experiment_display,1560.0,4.460150775254456,2.328822650254452,13.889515444675947
polarized_experiment_display,1590.0,4.743248206666583,2.564713227936799,14.08320285519266
polarized_experiment_display,1620.0,4.730744446215987,2.479606722608026,14.329046915351798
polarized_experiment_display,1650.0,4.669523278061225,2.3667107780612255,14.320364829672002
polarized_experiment_display,1680.0,5.053512246311266,2.635227122344322,14.770526135200155
polarized_experiment_display,1710.0,5.048308924120617,2.7797416820981207,14.929552625304789
polarized_experiment_display,1740.0,5.03442494032118,2.6953650229658046,15.084825623276808
polarized_experiment_display,1770.0,5.0165074593339405,2.565046830316494,15.014957872557073
polarized_experiment_display,1800.0,5.275417751736109,2.744167751736109,15.103542751736105
polarized_experiment_display,1830.0,5.277993253687845,2.943892299427466,14.961530111182444
polarized_experiment_display,1860.0,5.55541437906401,3.0241643790640094,15.221430004064008
polarized_experiment_display,1890.0,5.78125,3.1725833170326205,15.175781249999998
polarized_experiment_display,1920.0,5.829715487434646,3.1798579858402585,16.04837604026548
polarized_experiment_display,1950.0,5.7766685956790145,2.9325311989848006,15.542293595679013
polarized_experiment_display,1980.0,5.5319246500253,2.611924650025303,15.711426423751965
polarized_experiment_display,2010.0,5.780205078124999,2.9946148003472235,15.878469329560257
polarized_experiment_display,2040.0,5.733591043477579,2.8583327790147735,15.963980074089827
polarized_experiment_display,2070.0,5.865364969871874,2.9718523564931894,16.130243442094088
polarized_experiment_display,2100.0,5.93475044736032,3.0316254473603195,16.21611559758707
polarized_experiment_display,2130.0,5.906098325582687,3.0817998561949294,16.368771936693797
polarized_experiment_display,2160.0,5.920707069592544,3.0152035973703253,16.185585541814756
polarized_experiment_display,2190.0,5.891734467455624,2.880345578566738,16.622790366896663
polarized_experiment_display,2220.0,5.989030612244899,3.1902221482102866,16.600959282605
polarized_experiment_display,2250.0,5.768049364774745,2.8225023126205464,16.68593839538698
polarized_experiment_display,2280.0,5.699393446180555,2.6740494791666674,16.523982209689773
polarized_experiment_display,2310.0,5.803580246913581,2.7847814187885813,16.826908650548695
polarized_experiment_display,2340.0,5.751106140985812,2.632384485657017,16.94305492570804
polarized_experiment_display,2370.0,5.719531250000002,2.703906250000001,16.786425111454054
polarized_experiment_display,2400.0,6.1006019305870485,2.899855823320614,17.51227727780927
polarized_experiment_display,2430.0,5.825472376510389,2.779016985320382,17.40434857843346
polarized_experiment_display,2460.0,5.876732433192017,2.861107433192017,17.550638683192016
polarized_experiment_display,2490.0,5.870790289256199,2.722376606978877,17.133055914256204
polarized_experiment_display,2520.0,6.170681423611109,3.195648539363659,17.74031876929012
polarized_experiment_display,2550.0,6.430406057098768,3.3498105703865124,18.14482295333384
polarized_experiment_display,2580.0,6.330948334881904,3.5000976404374606,18.31978678089948
polarized_experiment_display,2610.0,6.295331632653063,3.320298748405613,17.989610277689284
polarized_experiment_display,2640.0,6.326159740031801,3.3105347400318004,19.506736729057867
polarized_experiment_display,2670.0,6.371255165289259,3.396222281041809,20.02931072084482
polarized_experiment_display,2700.0,6.460433673469386,3.5171908761783017,19.338905895691607
polarized_experiment_display,2730.0,6.242386242574895,3.3552007773365,18.941942569735392
polarized_experiment_display,2760.0,6.326275606169418,3.3422880028636377,20.08495616172498
polarized_experiment_display,2790.0,6.432015458318705,3.4830995451717723,20.893163547728765
polarized_experiment_display,2820.0,6.485058773100321,3.444043148100321,20.946206862510373
polarized_experiment_display,2850.0,6.485942571628531,3.476177244315623,20.996463261481605
polarized_experiment_display,2880.0,6.358056185437135,3.339643070607255,20.928201373141835
polarized_experiment_display,2910.0,6.226693786982246,3.139670110324081,21.14086479392669
polarized_experiment_display,2940.0,6.314793968207117,3.160485536254454,20.941043968207115
polarized_experiment_display,2970.0,6.416503906250001,3.2899240858341194,21.732985205103088
polarized_experiment_display,3000.0,6.737217580756437,3.567846311243124,22.346120889411168
polarized_experiment_display,3030.0,6.932528344671202,3.828576898390214,22.502388881861282
polarized_experiment_display,3060.0,6.861406249999998,3.7329340277777754,22.655059400826456
polarized_experiment_display,3090.0,6.772684594671199,3.722581288886081,22.69391920421751
polarized_experiment_display,3120.0,6.464151311350983,3.3356790891287615,22.52084438235674
polarized_experiment_display,3150.0,6.805107709750565,3.5768019246266016,22.88982993197279
polarized_experiment_display,3180.0,6.717069863065651,3.613118416784663,23.08599347417676
polarized_experiment_display,3210.0,6.947491560570986,3.812971030919564,24.083897810570985
polarized_experiment_display,3240.0,6.720303337191357,3.670200031406239,23.188175238017802
polarized_experiment_display,3270.0,6.971297246709332,3.9215428043652856,23.870711309209334
polarized_experiment_display,3300.0,7.2585778061224575,4.15462635984147,24.729824971655333
polarized_experiment_display,3330.0,7.798225308641975,4.62885403912866,25.304516660248776
polarized_experiment_display,3360.0,7.571180555555561,4.335746882086179,25.015008034894407
polarized_experiment_display,3390.0,7.623688102514719,4.645250403905861,24.671813102514715
polarized_experiment_display,3420.0,7.292067407845495,4.3843359741907655,23.727638395499813
polarized_experiment_display,3450.0,7.388498780502718,4.2190276266565645,23.33773104693871
polarized_experiment_display,3480.0,7.312906037414966,4.168252227137393,23.002359162414965
polarized_experiment_display,3510.0,7.132148409206309,4.294409650525753,23.43320424820858
polarized_experiment_display,3540.0,6.932528344671202,3.801729528103155,24.33969954648526
polarized_experiment_display,3570.0,7.167755102040817,4.450741213151929,24.221603242536695
polarized_experiment_display,3600.0,6.927522002715729,3.9177650582712866,29.14534765312054
polarized_experiment_display,3630.0,7.076171927869709,3.9595669895981023,29.16669022653532
polarized_experiment_display,3660.0,6.7777747329400535,3.749996955162275,28.504349350287004
polarized_experiment_display,3690.0,6.882758039217863,3.917613411118692,28.51598508003419
polarized_experiment_display,3720.0,7.491287527407656,4.26724629437021,29.334556758176895
polarized_experiment_display,3750.0,7.957686782033411,5.015279757240024,29.60699676644385
polarized_experiment_display,3780.0,7.906356466999438,4.87857868922166,30.1168333660924
polarized_experiment_display,3810.0,8.154937081841556,4.988745041907775,30.04876118959108
polarized_experiment_display,3840.0,8.02548172764285,4.9456780086345855,30.086770630704084
polarized_experiment_display,3870.0,8.221019345238096,5.059063266779749,30.111091121119237
polarized_experiment_display,3900.0,8.108217325416367,4.938968388927171,29.62996184977938
polarized_experiment_display,3930.0,8.156362649226354,5.009145707756792,29.800122736893286
polarized_experiment_display,3960.0,8.16038364875595,4.910222819100398,29.271034536329925
polarized_experiment_display,3990.0,7.9931767968065905,4.818628036476011,29.29683015919323
polarized_experiment_display,4020.0,8.139999311067017,4.839322073640981,29.266067306795037
polarized_experiment_display,4050.0,8.115288905275653,5.084047053537169,30.050775143237928
polarized_experiment_display,4080.0,8.475730379803416,5.181595852714343,30.423604972348794
polarized_experiment_display,4110.0,8.230392828385973,4.92951472921242,29.53797385587111
polarized_experiment_display,4140.0,8.490504731985387,5.230853816522785,30.097291962681535
polarized_experiment_display,4170.0,8.061905116213154,4.982258328736113,29.349553045207248
polarized_experiment_display,4200.0,10.029955621301772,6.445969601974632,31.35387709965432
polarized_experiment_display,4230.0,9.45322379109174,6.200287853403056,31.762309034176592
polarized_experiment_display,4260.0,9.562500000000002,6.348203744307639,31.44403895511013
polarized_experiment_display,4290.0,9.845947265625,6.502751999352811,32.36711752374733
polarized_experiment_display,4320.0,9.845947265625,6.6980406425763315,31.890909000318885
polarized_experiment_display,4350.0,10.12772157478631,6.873909560288529,31.920411450331446
polarized_experiment_display,4380.0,10.16390084542522,6.897705182854141,32.2771210985765
polarized_experiment_display,4410.0,10.16390084542522,6.865923803345755,31.73957515817137
polarized_experiment_display,4440.0,10.16390084542522,6.370292632274039,31.413207880293317
polarized_experiment_display,4470.0,10.16390084542522,6.832574484028882,30.29378711831846
polarized_experiment_display,4500.0,10.16390084542522,6.754524774380009,31.773685250288732
polarized_experiment_display,4530.0,10.16390084542522,6.969009098081293,31.175263141801203
polarized_experiment_display,4560.0,10.16390084542522,5.415430252682048,28.765958200118543
polarized_experiment_display,4590.0,10.16390084542522,4.903895876806164,28.595710638041584
polarized_experiment_display,4620.0,10.16390084542522,5.465070898695834,28.95213249737727
polarized_experiment_display,4650.0,10.16390084542522,4.343519841249485,27.154431882662355
polarized_experiment_display,4680.0,10.16390084542522,3.5013447537692532,26.347555623989248
polarized_experiment_display,4710.0,10.16390084542522,3.471350652578236,27.087676878643492
polarized_experiment_display,4740.0,10.16390084542522,3.6631099096283513,26.77817629231629
polarized_experiment_display,4770.0,10.16390084542522,3.160270460784831,25.332445236019275
polarized_experiment_display,4800.0,10.16390084542522,2.7254659353557216,25.62170998190753
polarized_experiment_display,4830.0,10.16390084542522,3.677552802620565,25.634015336300962
polarized_experiment_display,4860.0,10.16390084542522,3.9303522807933406,25.961458671042898
polarized_experiment_display,4890.0,10.16390084542522,3.20561908567759,25.518495385151677
polarized_experiment_display,4920.0,10.16390084542522,3.507011215902098,26.351076465263123
polarized_experiment_display,4950.0,10.16390084542522,3.6979656421076053,25.660058223164025
polarized_experiment_display,4980.0,10.16390084542522,3.6359226121215658,25.801970660770273
polarized_experiment_display,5010.0,10.16390084542522,4.038893102499862,26.31146281793918
polarized_experiment_display,5040.0,10.16390084542522,4.238846914172625,26.16734276813689
polarized_experiment_display,5070.0,10.16390084542522,4.995874776193307,28.01509633835144
polarized_experiment_display,5100.0,10.16390084542522,4.853769388462145,26.726404485142925
polarized_experiment_display,5130.0,10.16390084542522,5.069678879537198,26.733167501080906
polarized_experiment_display,5160.0,10.16390084542522,5.037390241715197,27.289927740891518
polarized_experiment_display,5190.0,10.16390084542522,5.269621267942263,27.398078209142568
polarized_experiment_display,5220.0,10.16390084542522,5.265644665883094,27.21744252704206
polarized_experiment_display,5250.0,10.16390084542522,5.073153512878736,26.83718571802078
polarized_experiment_display,5280.0,10.16390084542522,4.85282846891574,27.203034875700222
polarized_experiment_display,5310.0,10.16390084542522,4.946775186741445,27.194098515695504
polarized_experiment_display,5340.0,10.16390084542522,3.915798339952201,25.720898831077726
polarized_experiment_display,5370.0,10.16390084542522,4.100432549510057,25.820127123180505
polarized_experiment_display,5400.0,10.16390084542522,4.351594696556075,26.237393269445207
polarized_experiment_display,5430.0,10.16390084542522,4.181684369747743,25.960719594938286
polarized_experiment_display,5460.0,10.16390084542522,4.142717852183706,25.820724062576467
polarized_experiment_display,5490.0,10.16390084542522,3.9404501323648717,26.37259911278207
polarized_experiment_display,5520.0,10.16390084542522,3.851939092438458,26.010263062683425
polarized_experiment_display,5550.0,10.16390084542522,4.167719445523652,26.192824257986395
polarized_experiment_display,5580.0,10.16390084542522,4.236980599201974,26.32519169061708
polarized_experiment_display,5610.0,10.16390084542522,4.2685660598541055,26.723324652335958
polarized_experiment_display,5640.0,10.16390084542522,3.718669035453372,26.455362462786166
polarized_experiment_display,5670.0,10.16390084542522,4.002720408255878,26.71013807279464
polarized_experiment_display,5700.0,10.16390084542522,4.029746954141242,26.417922219113578
polarized_experiment_display,5730.0,10.16390084542522,4.340656678503282,27.027280715075097
polarized_experiment_display,5760.0,10.16390084542522,4.159760647863876,26.686095086919316
polarized_experiment_display,5790.0,10.16390084542522,4.276501018792189,26.57257603573944
polarized_experiment_display,5820.0,10.16390084542522,3.9083485856370954,26.675310288942338
polarized_experiment_display,5850.0,10.16390084542522,4.063696119162658,26.87579999574191
polarized_experiment_display,5880.0,10.16390084542522,4.0491822884480815,26.32940531339648
polarized_experiment_display,5910.0,10.16390084542522,4.352095745985716,26.3951282051134
polarized_experiment_display,5940.0,10.16390084542522,4.095656685988182,26.255214560192076
polarized_experiment_display,5970.0,10.16390084542522,4.268677855653421,26.166831256485988
polarized_experiment_display,6000.0,10.16390084542522,4.244043409624355,26.169086999390696
polarized_experiment_display,6030.0,10.16390084542522,4.111877005347934,26.18548825909181
polarized_experiment_display,6060.0,10.16390084542522,4.32082643319659,26.205539264597377
polarized_experiment_display,6090.0,10.16390084542522,4.44864000843253,26.210654380245675
polarized_experiment_display,6120.0,10.16390084542522,4.207537504480599,26.123923005950527
polarized_experiment_display,6150.0,10.16390084542522,4.143817608486017,25.894872342241495
polarized_experiment_display,6180.0,10.16390084542522,4.128470813673286,26.096425994392522
polarized_experiment_display,6210.0,10.16390084542522,3.6440177298737275,25.790688277655462
polarized_experiment_display,6240.0,10.16390084542522,4.006693621963339,25.925051414118773
polarized_experiment_display,6270.0,10.16390084542522,3.7892455610219327,25.557728439557742
polarized_experiment_display,6300.0,10.16390084542522,3.566373897731301,25.24983129721973
polarized_experiment_display,6330.0,10.16390084542522,3.6244368941632827,25.55802967167706
polarized_experiment_display,6360.0,10.16390084542522,3.531020944360519,25.554867719238796
polarized_experiment_display,6390.0,10.16390084542522,3.8255680323039702,25.680421328122094
polarized_experiment_display,6420.0,10.16390084542522,3.920841679558757,25.779585032982904
polarized_experiment_display,6450.0,10.16390084542522,3.4763962514520093,25.861949018790305
polarized_experiment_display,6480.0,10.16390084542522,3.7211024091996925,25.502381666978163
polarized_experiment_display,6510.0,10.16390084542522,3.780490750704711,25.464876528188306
polarized_experiment_display,6540.0,10.16390084542522,3.5423585998927876,25.454206954451628
polarized_experiment_display,6570.0,10.16390084542522,3.5239971735751596,25.36348563135407
polarized_experiment_display,6600.0,10.16390084542522,3.8126054134054694,25.662667376601977
polarized_experiment_display,6630.0,10.16390084542522,3.792698402700735,25.508880896742472
polarized_experiment_display,6660.0,10.16390084542522,3.7786732317608065,25.016456365855937
polarized_experiment_display,6690.0,10.16390084542522,3.6572963089431703,25.026717761541608
polarized_experiment_display,6720.0,10.16390084542522,3.6042321993090884,25.144533917566434
polarized_experiment_display,6750.0,10.16390084542522,3.6090137273870018,24.735474748784622
polarized_experiment_display,6780.0,10.16390084542522,3.5120769467019803,24.87494503448961
polarized_experiment_display,6810.0,10.16390084542522,3.5017890074481737,25.277005938427692
polarized_experiment_display,6840.0,10.16390084542522,3.5608960530658873,25.059833049167505
polarized_experiment_display,6870.0,10.16390084542522,3.4039924848393803,25.148045896846064
polarized_experiment_display,6900.0,10.16390084542522,3.5456446405183435,25.20942030486423
polarized_experiment_display,6930.0,10.16390084542522,3.540194793869698,25.71126711861077
polarized_experiment_display,6960.0,10.16390084542522,3.3920703050800234,25.62205649288766
polarized_experiment_display,6990.0,10.16390084542522,3.503896297916115,25.87913685127195
polarized_experiment_display,7020.0,10.16390084542522,3.7651824243802805,25.957251211090323
polarized_experiment_display,7050.0,10.16390084542522,3.424424523070119,25.85252348934184
polarized_experiment_display,7080.0,10.16390084542522,3.3921018394214926,26.046102870692362
polarized_experiment_display,7110.0,10.16390084542522,3.5799481586706046,25.95295836211777
polarized_experiment_display,7140.0,10.16390084542522,3.3997105114842063,25.822295198207797
polarized_experiment_display,7170.0,10.16390084542522,3.463287404934008,25.969136948771947
polarized_experiment_display,7200.0,10.16390084542522,4.281485341639531,27.163987329967483
polarized_experiment_display,7230.0,10.16390084542522,4.251632591536523,26.913653772031058
polarized_experiment_display,7260.0,10.16390084542522,4.312399666246407,27.133542100968537
polarized_experiment_display,7290.0,10.16390084542522,4.35313136544511,27.21991187525143
polarized_experiment_display,7320.0,10.16390084542522,4.324637624277062,27.400689011862667
polarized_experiment_display,7350.0,10.16390084542522,4.385418749712803,27.375157644496838
polarized_experiment_display,7380.0,10.16390084542522,4.454398090010283,27.385568461954364
polarized_experiment_display,7410.0,10.16390084542522,4.4920121349926605,27.32004602383228
polarized_experiment_display,7440.0,10.16390084542522,4.635177710045697,27.352882905227315
polarized_experiment_display,7470.0,10.16390084542522,4.472887119010161,27.23198408019118
polarized_experiment_display,7500.0,10.16390084542522,4.608175478731531,27.416216715168172
polarized_experiment_display,7530.0,10.16390084542522,4.57165337357647,27.329300199771268
polarized_experiment_display,7560.0,10.16390084542522,4.645081690034941,27.224589632440082
polarized_experiment_display,7590.0,10.16390084542522,4.57188641742169,27.829356576838247
polarized_experiment_display,7620.0,10.16390084542522,4.622843070076161,28.311068636997998
polarized_experiment_display,7650.0,10.16390084542522,4.633045919859555,28.33536318704012
polarized_experiment_display,7680.0,10.16390084542522,4.665187686516039,28.380336647769997
polarized_experiment_display,7710.0,10.16390084542522,4.692224198697942,28.407205221818675
polarized_experiment_display,7740.0,10.16390084542522,4.6591197890568266,28.291424248853346
polarized_experiment_display,7770.0,10.16390084542522,4.741786190947279,28.489598941008897
polarized_experiment_display,7800.0,10.16390084542522,4.723813515746197,28.375341530055888
polarized_experiment_display,7830.0,10.16390084542522,4.756043158541077,28.564864005122555
polarized_experiment_display,7860.0,10.16390084542522,4.75390464578255,28.55505312362706
polarized_experiment_display,7890.0,10.16390084542522,4.643847865831425,28.491431561222846
polarized_experiment_display,7920.0,10.16390084542522,4.715772142392908,28.566810690147605
polarized_experiment_display,7950.0,10.16390084542522,4.639605505554212,28.50534601157464
polarized_experiment_display,7980.0,10.16390084542522,4.647591221635609,28.4791841323427
polarized_experiment_display,8010.0,10.16390084542522,4.57799783728218,28.4391072900642
polarized_experiment_display,8040.0,10.16390084542522,4.557704450538689,28.461138955446202
polarized_experiment_display,8070.0,10.16390084542522,4.553315442432385,28.38685503316873
polarized_experiment_display,8100.0,10.16390084542522,4.478909834915123,28.51204303974185
polarized_experiment_display,8130.0,10.16390084542522,4.487142327670657,28.464573307576106
polarized_experiment_display,8160.0,10.16390084542522,4.434141101585739,28.400276320071274
polarized_experiment_display,8190.0,10.16390084542522,4.411235806950783,28.46727069141705
polarized_experiment_display,8220.0,10.16390084542522,4.341008621302793,28.40270173857756
polarized_experiment_display,8250.0,10.16390084542522,3.9784856209103023,27.780282511183923
polarized_experiment_display,8280.0,10.16390084542522,3.902445613234039,27.705119812715353
polarized_experiment_display,8310.0,10.16390084542522,3.9249206172749487,27.73885470897314
polarized_experiment_display,8340.0,10.16390084542522,3.8859834578751427,28.018672110542834
polarized_experiment_display,8370.0,10.16390084542522,3.8392581090741156,27.969456241180264
polarized_experiment_display,8400.0,10.16390084542522,3.7943465376427126,28.008646849222764
polarized_experiment_display,8430.0,10.16390084542522,3.734560085936245,28.008395612802413
polarized_experiment_display,8460.0,10.16390084542522,3.7388729212077814,28.003271400735795
polarized_experiment_display,8490.0,10.16390084542522,3.6636951299917864,27.95010793011081
polarized_experiment_display,8520.0,10.16390084542522,3.7202287502707074,28.015159802848995
polarized_experiment_display,8550.0,10.16390084542522,3.636544015116559,27.97004780591268
polarized_experiment_display,8580.0,10.16390084542522,3.610214828324665,28.01771766603282
polarized_experiment_display,8610.0,10.16390084542522,3.546820473851962,27.96892411837365
polarized_experiment_display,8640.0,10.16390084542522,3.577154565141051,28.034604533800433
polarized_experiment_display,8670.0,10.16390084542522,3.5690961691512513,28.016527023221006
polarized_experiment_display,8700.0,10.16390084542522,3.5392981692394403,28.052383891567597
polarized_experiment_display,8730.0,10.16390084542522,3.5381627435280696,28.05542231808555
polarized_experiment_display,8760.0,10.16390084542522,3.533358066820306,28.078966606844883
polarized_experiment_display,8790.0,10.16390084542522,3.4890772803378116,28.080785496736272
polarized_experiment_display,8820.0,10.16390084542522,3.516011072697709,28.118209992199652
polarized_experiment_display,8850.0,10.16390084542522,3.5234839230107062,28.139257251027498
polarized_experiment_display,8880.0,10.16390084542522,3.507104339067411,28.15462441127012
polarized_experiment_display,8910.0,10.16390084542522,3.525454844123514,28.232930886741574
polarized_experiment_display,8940.0,10.16390084542522,3.4945922469202415,28.19347271716386
polarized_experiment_display,8970.0,10.16390084542522,3.4871788629286984,28.211772953820013
mixed_experiment_display,30.0,0.027156924555139156,0.01886610822860851,0.09809958984439572
mixed_experiment_display,60.0,0.06968981513895058,0.041369502638950596,0.2409398151389508
mixed_experiment_display,90.0,0.12499999999999992,0.06502056745563227,0.3906249999999999
mixed_experiment_display,120.0,0.17979591836734732,0.09626968379944623,0.5116014739229029
mixed_experiment_display,150.0,0.27784722222222136,0.1755385487528337,0.6840972222222214
mixed_experiment_display,180.0,0.3280539119000653,0.181377569997237,0.928375453850178
mixed_experiment_display,210.0,0.390625,0.24196831597222196,1.1337500000000005
mixed_experiment_display,240.0,0.5367978395061731,0.36263768325617285,1.4499003064387026
mixed_experiment_display,270.0,0.5447222222222221,0.29017428036029264,1.737501417233561
mixed_experiment_display,300.0,0.6522569444444467,0.3858603395061756,1.974913194444448
mixed_experiment_display,330.0,0.691689873489844,0.42229019365655607,2.020098453371503
mixed_experiment_display,360.0,0.7013584183673474,0.40227421697845805,2.1746844474969453
mixed_experiment_display,390.0,0.8760647506925215,0.5402658994715926,2.4389712283199927
mixed_experiment_display,420.0,0.8633219954648517,0.5508219954648517,2.5093723426870724
mixed_experiment_display,450.0,0.9123318605489288,0.5320447594826079,2.766112724746458
mixed_experiment_display,480.0,0.930021626297576,0.456388813797576,2.5708636401864635
mixed_experiment_display,510.0,0.9065433673469399,0.4154280695266285,2.6170025510204087
mixed_experiment_display,540.0,1.0448407202216068,0.6801896729914197,3.041014189609361
mixed_experiment_display,570.0,1.0999275017313037,0.705782093568038,2.8660077566740694
mixed_experiment_display,600.0,1.1292925347222214,0.6631640624999984,2.8808642802843507
mixed_experiment_display,630.0,1.1237056551588513,0.6455806551588517,2.697805378150541
mixed_experiment_display,660.0,1.1846734233916196,0.7536991586857384,2.9642907703303942
mixed_experiment_display,690.0,1.1763237847222214,0.6748184951063761,3.0313259619704476
mixed_experiment_display,720.0,1.2680785327109214,0.7536901555578779,3.2542919995791526
mixed_experiment_display,750.0,1.4005632716049337,0.6761687403549329,3.4800771604938237
mixed_experiment_display,780.0,1.3508142594063186,0.7327587038507628,3.6486658219063184
mixed_experiment_display,810.0,1.4898693786982227,0.8718138231426669,3.4430317106287425
mixed_experiment_display,840.0,1.3978423550792873,0.83181531620001,3.6337474627145596
mixed_experiment_display,870.0,1.3658365536679933,0.7960732316725297,3.8413631514327524
mixed_experiment_display,900.0,1.3687697683909832,0.8645239524175348,3.8980887569318874
mixed_experiment_display,930.0,1.2787602515179628,0.788043131336556,3.6110360479168517
mixed_experiment_display,960.0,1.3774635755733982,0.8085399644622874,4.011034968068886
mixed_experiment_display,990.0,1.4631452307162542,0.9739595308036406,4.023917305612921
mixed_experiment_display,1020.0,1.5789868336892114,0.9609312781336559,4.214266193890609
mixed_experiment_display,1050.0,1.5539708060000974,0.9608913943993251,4.172026361555654
mixed_experiment_display,1080.0,1.6763083910034602,0.974001045404348,4.372604556528494
mixed_experiment_display,1110.0,1.7109792489916253,1.02933573475346,4.665887887937908
mixed_experiment_display,1140.0,1.778472222222221,1.0402028007346178,4.645756172839504
mixed_experiment_display,1170.0,1.6395266439909284,0.7747508475920372,4.768432893990928
mixed_experiment_display,1200.0,1.7656249999999984,0.9492542215080089,4.876386194973857
mixed_experiment_display,1230.0,1.8125436718032575,1.144953644102428,4.708340860455689
mixed_experiment_display,1260.0,1.6007374885215806,1.04132390827467,4.306449002400321
mixed_experiment_display,1290.0,1.6098090277777783,0.9728568672839512,4.3920632810859095
mixed_experiment_display,1320.0,1.6937962735025283,1.0417901006630235,4.565603346901878
mixed_experiment_display,1350.0,1.7350224715925138,1.1350773129352345,4.577951619772223
mixed_experiment_display,1380.0,1.64453125,1.0386284722222219,4.829898756377551
mixed_experiment_display,1410.0,1.6588718820861672,1.0544882015306132,5.008027127832859
mixed_experiment_display,1440.0,1.9124999999999972,1.1286989795918352,5.577629869019524
mixed_experiment_display,1470.0,1.7656249999999984,1.1249999999999984,5.294174382716048
mixed_experiment_display,1500.0,1.8280547337278097,1.1279867416549478,5.708070165826575
mixed_experiment_display,1530.0,1.7682076446280959,0.8032076446280972,5.773030175492293
mixed_experiment_display,1560.0,1.782017746913579,0.8350655864197533,5.8076736111111105
mixed_experiment_display,1590.0,1.6892361111111118,0.7573350295888205,5.91185016396605
mixed_experiment_display,1620.0,1.913304995982552,0.9925391780813203,5.996312808482552
mixed_experiment_display,1650.0,1.8918821175746385,1.0411812955791715,5.959494000290689
mixed_experiment_display,1680.0,1.986653932997271,1.221098377441716,6.099935182997271
mixed_experiment_display,1710.0,1.822857890841521,0.8342390636810284,5.907601814452632
mixed_experiment_display,1740.0,1.9312320898482707,1.2112741095610005,6.740183549609396
mixed_experiment_display,1770.0,1.7934406365174542,0.7909744972192727,6.469149500770977
mixed_experiment_display,1800.0,2.364228790918212,1.3647943592022196,8.599182236423022
mixed_experiment_display,1830.0,2.140651081507046,1.1282009109473552,8.09690269168474
mixed_experiment_display,1860.0,2.248250291366671,1.1553406245410165,8.004895256772159
mixed_experiment_display,1890.0,2.545278094040825,1.5813306002603023,8.435291942778095
mixed_experiment_display,1920.0,2.483831830461954,1.1450471465293817,8.289125716461006
mixed_experiment_display,1950.0,2.5734071715833826,1.1685748520334658,9.22523283627451
mixed_experiment_display,1980.0,3.153719276440031,1.7561146250425212,10.89258514287196
mixed_experiment_display,2010.0,3.1690856568345716,1.7681853668639722,10.355385051285655
mixed_experiment_display,2040.0,3.29176146985339,1.9440705877439626,10.512800998731766
mixed_experiment_display,2070.0,4.048946889834685,2.6240259277221907,11.569167144164325
mixed_experiment_display,2100.0,4.444463439184979,3.1388949140667357,12.766132803394486
mixed_experiment_display,2130.0,4.472611852520576,3.3493439546718626,12.664022880125177
mixed_experiment_display,2160.0,4.266075610495082,2.826812851972604,13.249700983071524
mixed_experiment_display,2190.0,4.19163492120157,2.767277762218564,13.019461099411672
mixed_experiment_display,2220.0,4.321414274478662,2.887703568307624,12.991521111779896
mixed_experiment_display,2250.0,4.3087119073931985,2.8458349926440123,13.076969224023594
mixed_experiment_display,2280.0,4.167424791454808,2.6848038391209506,13.059623705120517
mixed_experiment_display,2310.0,4.506138930868959,2.9105911114824385,13.765667157757562
mixed_experiment_display,2340.0,4.740145105191746,3.022069942579836,13.631895123658763
mixed_experiment_display,2370.0,4.69221096595066,3.067167087044364,14.069503248705635
mixed_experiment_display,2400.0,3.252190042332546,1.7326782624137747,12.484923727058632
mixed_experiment_display,2430.0,3.261228181286952,1.7203414760636904,12.368183244939987
mixed_experiment_display,2460.0,3.3879955710870595,1.8151896820064628,12.638399895403227
mixed_experiment_display,2490.0,4.0132006758619125,2.290664454163588,13.33243207754072
mixed_experiment_display,2520.0,3.231303954772902,1.55095926895498,12.627609942423328
mixed_experiment_display,2550.0,3.644445377413804,1.7088947610195486,13.364071354991188
mixed_experiment_display,2580.0,3.5255075875487707,1.471576866797663,12.910822787509876
mixed_experiment_display,2610.0,3.542654952387684,1.5016832803613986,12.739850478044822
mixed_experiment_display,2640.0,3.5639119850280006,1.4650010668620725,12.702951876089863
mixed_experiment_display,2670.0,3.5841101326380267,1.4770377399907597,13.255095611203402
mixed_experiment_display,2700.0,2.112679358786132,0.4610879244066959,8.991362681564409
mixed_experiment_display,2730.0,1.976440694281418,0.2869246833630025,8.739212807330745
mixed_experiment_display,2760.0,1.9913288179891542,0.3682968524887934,8.767434030652856
mixed_experiment_display,2790.0,1.9633992456248164,0.35647611024651005,8.605921303987614
mixed_experiment_display,2820.0,1.92928340918298,0.2890045083946813,8.392315472931482
mixed_experiment_display,2850.0,1.933386463841462,0.25941206845823034,8.089488024693413
mixed_experiment_display,2880.0,1.8705563583106384,0.17280573358733212,7.799859332076654
mixed_experiment_display,2910.0,1.839402166364596,0.1485353313876902,7.769579863619804
mixed_experiment_display,2940.0,1.8007910902911648,0.11697742954463479,7.503568986674965
mixed_experiment_display,2970.0,1.7389265042067212,0.09689866863785808,7.3442384870327615
mixed_experiment_display,3000.0,1.7688637968038137,0.07634648899112559,7.0302105127804095
mixed_experiment_display,3030.0,1.771468962610165,0.058690838947175535,6.688914035378389
mixed_experiment_display,3060.0,1.6855051789870026,0.03463479314156599,6.350591289090674
mixed_experiment_display,3090.0,1.6745233131876798,0.02235856735632617,6.088038470349237
mixed_experiment_display,3120.0,1.559746019315942,0.012899037757888976,5.8305448432967495
mixed_experiment_display,3150.0,1.4572640366564082,0.006931057257648379,5.474821496090928
mixed_experiment_display,3180.0,1.4342754273881593,0.002347066492951978,4.118389795600473
mixed_experiment_display,3210.0,1.3871201866741676,0.0007664230235976487,3.9197129646038693
mixed_experiment_display,3240.0,1.3452258910650639,0.0006420204594827644,3.7632065724152945
mixed_experiment_display,3270.0,1.2967178182626258,0.00039755899657880706,3.5991829473650383
mixed_experiment_display,3300.0,1.2739007600085568,0.00018049329373787224,3.4719015831968685
mixed_experiment_display,3330.0,1.2393932486525676,8.639288407680946e-05,3.3341201635619027
mixed_experiment_display,3360.0,1.1954493457209712,3.8324486123398664e-05,3.1670427858338677
mixed_experiment_display,3390.0,1.169190720414457,1.5164024333423547e-05,3.039436219574957
mixed_experiment_display,3420.0,1.1342731832137096,6.666337394052656e-06,2.901807790714365
mixed_experiment_display,3450.0,1.1082056489583672,3.1550997762427572e-06,2.807718836597547
mixed_experiment_display,3480.0,1.089156350728791,1.2816707008689183e-06,2.719105342426633
mixed_experiment_display,3510.0,1.0643362409986836,5.015402904805154e-07,2.6135238189491794
mixed_experiment_display,3540.0,1.0396008146949447,1.9355238443334171e-07,2.5107615422673444
mixed_experiment_display,3570.0,1.0170279636581285,7.351069341092184e-08,2.414664596549337
polarized_model,0.09,7.520205881288303e-07,1.6650062327458862e-07,9.216081675053146e-07
polarized_model,0.09626509878405752,8.603644025892267e-07,1.9048841419463186e-07,1.054384511506519e-06
polarized_model,0.10296632493227062,9.843173404129024e-07,2.179321327977491e-07,1.2062899801703744e-06
polarized_model,0.11013403823373775,1.1261282123269263e-06,2.4932967554261985e-07,1.3800805117862785e-06
polarized_model,0.1178007118895326,1.2883698158427926e-06,2.852506709686556e-07,1.5789090934364478e-06
polarized_model,0.1260010796319795,1.4739856121222066e-06,3.2634681415674227e-07,1.80638296392549e-06
polarized_model,0.13477229308522676,1.686343127591855e-06,3.73363690078605e-07,2.066629057951889e-06
polarized_model,0.1441540900800368,1.9292950491436047e-06,4.2715430033939153e-07,2.364368878839407e-06
polarized_model,0.15418897468534076,2.2072491213371276e-06,4.886945387218055e-07,2.70500415820363e-06
polarized_model,0.16492240977218753,2.525248113711861e-06,5.591008962961727e-07,3.094714856630425e-06
polarized_model,0.17640302298249383,2.889061309011766e-06,6.396507173106161e-07,3.5405712833392614e-06
polarized_model,0.18868282703573494,3.3052891721439613e-06,7.318053733529432e-07,4.050662368957521e-06
polarized_model,0.20181745537166962,3.7814830988232326e-06,8.372367762204531e-07,4.634242418588901e-06
polarized_model,0.21586641419667665,4.326282416436918e-06,9.578577105062437e-07,5.3018990076370724e-06
polarized_model,0.23089335207559286,4.949571122662363e-06,1.0958565362096297e-06,6.065745066427133e-06
polarized_model,0.2469663482904347,5.6626572054604e-06,1.2537368909612587e-06,6.9396386385117055e-06
polarized_model,0.2641582212724073,6.478477797749993e-06,1.4343631121587969e-06,7.939434299617072e-06
polarized_model,0.28254685850454686,7.4118338887736325e-06,1.6410122030822848e-06,9.08327079858651e-06
polarized_model,0.3022155693896148,8.47965885039423e-06,1.8774332857821315e-06,1.0391900138834043e-05
polarized_model,0.3232534626819052,9.701325650049963e-06,2.1479156193611492e-06,1.1889064070654382e-05
polarized_model,0.34575585019291394,1.1098998323964623e-05,2.457366417669326e-06,1.3601924824884255e-05
polarized_model,0.36982467859985174,1.2729370773999547e-05,2.8113998782154408e-06,1.556155790248167e-05
polarized_model,0.3955689913133007,1.4721316247297887e-05,3.216439037498636e-06,1.7803515860436353e-05
polarized_model,0.4231054224964988,1.7029380098446525e-05,3.6798323006658253e-06,2.036847332247248e-05
polarized_model,0.45255872547439835,1.9701133967077357e-05,4.2099867596291365e-06,2.330296491662207e-05
polarized_model,0.484062337926446,2.2791144351950887e-05,4.816520718361454e-06,2.6660229527669012e-05
polarized_model,0.5177589864236796,2.63619901914805e-05,5.510438192553545e-06,3.0501176181276485e-05
polarized_model,0.553801333048989,3.048542773159944e-05,6.304328549485135e-06,3.48954890833083e-05
polarized_model,0.5923526670300409,3.5243723948329596e-05,7.212594910067519e-06,3.992289186247139e-05
polarized_model,0.6335876445182982,4.0731182859721594e-05,8.251715456831706e-06,4.567459395274592e-05
polarized_model,0.6776930798656924,4.705589257128454e-05,9.440542388630816e-06,5.225494535653288e-05
polarized_model,0.7248687919838117,5.4341724914327486e-05,1.0800643945829273e-05,5.9783329809986755e-05
polarized_model,0.7753285096200233,6.273062413068696e-05,1.2356695711155763e-05,6.839633069720221e-05
polarized_model,0.8293008396518629,7.238522631351797e-05,1.4136928285378438e-05,7.825020900825732e-05
polarized_model,0.8870303027865379,8.349185732759222e-05,1.61736394597387e-05,8.952373829735899e-05
polarized_model,0.9487784413577617,9.626396381304228e-05,1.850378017720943e-05,0.00010242144807419362
polarized_model,1.0148250042387674,0.00011094603974860547,2.116962491335394e-05,0.00011717733447156787
polarized_model,1.0854692142397397,0.00012781812005704525,2.421953863914104e-05,0.0001340591055099646
polarized_model,1.1610311237315762,0.00014720092304003088,2.770885428030534e-05,0.00015337303797853963
polarized_model,1.241853064637617,0.00016946173521937462,3.1700876592520635e-05,0.00017546953404830887
polarized_model,1.3283011993624971,0.00019344898162991525,3.626803066514765e-05,0.0002007494784281364
polarized_model,1.4207671796845878,0.0002149262155833185,4.1493175890234985e-05,0.00022967151139794832
polarized_model,1.5196699211275964,0.00024012627685429983,4.74711092353977e-05,0.0002627603496698538
polarized_model,1.6254575008501,0.0002692351619981877,5.431028509363637e-05,0.00030061630603803587
polarized_model,1.7386091876513576,0.00029979562718426676,6.213478291239575e-05,0.0003439261805272368
polarized_model,1.8596376132903107,0.0003300318207233104,7.108655829948709e-05,0.0003934757206320248
polarized_model,1.9890910949548974,0.00036533804119624633,8.13280184464643e-05,0.0004501638767061822
polarized_model,2.127556119403581,0.00040649442425840036,9.304496859395928e-05,0.0005150191111299927
polarized_model,2.275660000033465,0.0004529951149112216,0.00010644998299509477,0.0005892180571437781
polarized_model,2.434073718912777,0.0005010714246034032,0.00012178626153452904,0.0006377729133212256
polarized_model,2.60351496665352,0.0005576476630793916,0.000131958056585689,0.00067834513466433
polarized_model,2.7847513938963706,0.0006251461050200606,0.00015096929035370008,0.0007760745061341363
polarized_model,2.9786040891386234,0.0007049821898765741,0.0001823712637031737,0.0008878837752250995
polarized_model,3.185951298661414,0.000792709474222632,0.00020864554218633102,0.0009367104923344396
polarized_model,3.4077324054093032,0.0008886164781485194,0.0002387051632491947,0.0010472141031212516
polarized_model,3.6449521848484516,0.0010017961585422452,0.0002730954822458588,0.0013197069798798844
polarized_model,3.898685357084473,0.0011218669865347933,0.0003124404240273583,0.0013706951872049101
polarized_model,4.170081455863283,0.0012557129358822185,0.00035745380247085987,0.0015468459483113147
polarized_model,4.460370036513838,0.0014038676748010898,0.00040756088666203314,0.001738022456098311
polarized_model,4.7708662464272775,0.0015496328496609803,0.00044310865785101124,0.0019679108689106307
polarized_model,5.102976783309418,0.0017169906842876333,0.0004874984940528597,0.0022514283329555453
polarized_model,5.458206268200368,0.001920744961758463,0.0005577325371404367,0.0025522982666358867
polarized_model,5.838164062134117,0.0021546939905145684,0.0006380852182722435,0.0029878783615771573
polarized_model,6.244571557320838,0.0023798333211624795,0.0007300143324344296,0.003317321108424289
polarized_model,6.679269975884518,0.0025959948699812996,0.0008286205078801439,0.0036085969440573834
polarized_model,7.144228711487919,0.0028255684768737697,0.0009480000939992223,0.0037219810322724023
polarized_model,7.641554251636497,0.00311465561022809,0.0010845787301616337,0.00405511195205172
polarized_model,8.17349972108358,0.0034233881322782416,0.0012408342882716918,0.004826261042186865
polarized_model,8.742475089573082,0.0037383559080473652,0.0014196016279253963,0.005107253712768421
polarized_model,9.351058090165722,0.004073367280486925,0.0016241240277260745,0.005762408347345584
polarized_model,10.002005897614042,0.004495735152066993,0.0018124849637397853,0.006519812996691773
polarized_model,10.69826761969491,0.005010677997010646,0.0019779022596812805,0.007019404759913388
polarized_model,11.442997658091274,0.00555144129103531,0.001908356458655127,0.007767340988987903
polarized_model,12.239569999354396,0.006173667343398467,0.0024244216965549586,0.00826801572233668
polarized_model,13.091593500691532,0.00694548632552247,0.0029258974026588748,0.009070451645079507
polarized_model,14.002928239831068,0.007732419034720933,0.003452098724992788,0.010639905813076033
polarized_model,14.977703003037853,0.00863497586246168,0.00394944354462094,0.012200480491640435
polarized_model,16.02033399050794,0.009693808812620094,0.003768332575841433,0.013492019288797903
polarized_model,17.135544823887127,0.010870808845910095,0.0037852250846799294,0.015495522692496854
polarized_model,18.328387946557097,0.012095006221559665,0.003915170369536979,0.017082212598019324
polarized_model,19.604267513642757,0.013408654716153703,0.004245032814819431,0.01753262388689178
polarized_model,20.968963875443446,0.01509445733204332,0.005204567221886414,0.01918479240500379
polarized_model,22.428659765209975,0.016770089596106617,0.0065697843312857475,0.02057471404718199
polarized_model,23.989968309910612,0.01881094637317668,0.007053384867668931,0.02196216107073136
polarized_model,25.65996299088839,0.02068416395441691,0.007129969836159138,0.02469617592138231
polarized_model,27.446209690145906,0.022388857545189274,0.007373257241176459,0.026412687174734033
polarized_model,29.356800967442812,0.02451101309353975,0.008052594484514895,0.03070949804448908
polarized_model,31.40039272349776,0.027117511865559506,0.00906322651966661,0.034723571441843896
polarized_model,33.58624341539682,0.02895562005622623,0.011548127149781765,0.03791187299760435
polarized_model,35.924256001873076,0.030238809136260536,0.011636131519031251,0.04275383569991208
polarized_model,38.42502280848982,0.03254196287914852,0.013474478655323887,0.05005318072517552
polarized_model,41.099873515988186,0.03640094751866355,0.01546362084459868,0.05508285465651113
polarized_model,43.960926489209704,0.040001154349816354,0.01777597054030644,0.0650400931028891
polarized_model,47.02114367913845,0.042881669084290454,0.02128280555202059,0.07195812158430233
polarized_model,50.29438934679583,0.046789689570898345,0.02270482380327929,0.062443492844678816
polarized_model,53.79549287503503,0.05059179312713155,0.02414100632092866,0.06447282922792008
polarized_model,57.540315952803454,0.05661250448712902,0.025640226914574887,0.07448342328894586
polarized_model,61.54582443625007,0.062210797876301654,0.03153919834588671,0.08345704085997482
polarized_model,65.83016521224307,0.06715070456366024,0.035194498751364954,0.09901413831381328
polarized_model,70.41274841252675,0.07309307177147906,0.03668983487692793,0.10196241218359407
polarized_model,75.31433535098755,0.07812176358585604,0.04326450703143401,0.10250886146738751
polarized_model,80.55713258242726,0.08703031324778727,0.04584018822288764,0.10960928980002825
polarized_model,86.16489250897534,0.09406003130892594,0.04864420145344378,0.12458609511242494
polarized_model,92.16302098993569,0.10566156827783207,0.05461307591414005,0.1360186215773363
polarized_model,98.57869244259253,0.12027830746363734,0.048893482342566505,0.162251705041857
polarized_model,105.44097295543772,0.13542866306214593,0.054114257125269856,0.19382046707604686
polarized_model,112.7809519715817,0.1465531096677073,0.06174652899500006,0.21009010083467788
polarized_model,120.63188313893724,0.16598625027764943,0.06795809482296919,0.22419231709208198
polarized_model,129.0293349652964,0.18665771351542357,0.06443549624996091,0.24883735528998355
polarized_model,138.01135196083902,0.20974769393548032,0.06515409040250912,0.29083894972522234
polarized_model,147.61862699812778,0.2261124737897135,0.0938481932040271,0.3150935849538278
polarized_model,157.8946856704635,0.2515521023368048,0.0958496722903924,0.37025166013327787
polarized_model,168.88608348383207,0.26271425276028454,0.12185513665815688,0.3786919120649782
polarized_model,180.64261677581868,0.28398019489814036,0.12016821790432619,0.40454393664405697
polarized_model,193.21754831705374,0.31304154792145417,0.1368008469113988,0.4336696053242925
polarized_model,206.66784861727322,0.33008597684429924,0.13210837688777596,0.49094403473393616
polarized_model,221.05445402922732,0.33003735211233415,0.14620080370537414,0.47738023815745484
polarized_model,236.44254281977194,0.35034345185121535,0.17451077990361058,0.525661137513207
polarized_model,252.90183045887892,0.3707080243277464,0.12992899710226563,0.525400014349913
polarized_model,270.5068854643661,0.39892565501321925,0.14887421126764916,0.540791719437046
polarized_model,289.33746723327715,0.417300036149399,0.16305365043300726,0.5473494419703635
polarized_model,309.47888739044896,0.444431726107624,0.14772355345943142,0.5846248763810574
polarized_model,331.02239629135323,0.48690814135106497,0.16714550923836996,0.5940677690266445
polarized_model,354.0655964302507,0.5306341966874155,0.1577733702725717,0.6682421756233685
polarized_model,378.7128846266038,0.5611792556629417,0.16783760179626395,0.8067507810015434
polarized_model,405.07592499305997,0.5923618686469394,0.14727854011764932,0.7914702256438702
polarized_model,433.2741548277823,0.6695944096897744,0.17142831645379228,0.8969510439149044
polarized_model,463.43532572306117,0.7173010026109382,0.2040559600010313,0.9987249323040568
polarized_model,495.69608234169294,0.7737536047227579,0.2615190670517657,0.981255713108248
polarized_model,530.20258148326,0.8345735722339862,0.2755113776820946,1.0445985393211956
polarized_model,567.1111542449815,0.929345494154689,0.32376479497078325,1.4363874155049192
polarized_model,606.589014277045,1.021766810789427,0.3113866308133779,1.3974648328868877
polarized_model,648.8150153411536,1.1842219152415765,0.31240330214202705,1.5983457305418862
polarized_model,693.9804616043996,1.3179734285849911,0.38850253960633635,1.9917852706984822
polarized_model,742.2899743394819,1.3766118239881493,0.42131283848928947,1.9802049609941486
polarized_model,793.9624189578419,1.4454028987882697,0.45939553930943233,1.9076021952586755
polarized_model,849.2318965756206,1.487416824203766,0.49935921846544257,1.8408064616125177
polarized_model,908.3488046047194,1.5411370007466434,0.5148957711923343,1.7863948212900491
polarized_model,971.5809711739312,1.5922329872382384,0.4146655772912827,1.9489445224239044
polarized_model,1039.2148685196573,1.6849381589194932,0.5300780998108718,1.9757523986034757
polarized_model,1111.5569108434008,1.8481024977267397,0.6176053543475457,2.344185940403094
polarized_model,1188.9348425160213,1.972999276010404,0.662584600697743,2.4600602025695624
polarized_model,1271.6992229179175,2.1137388990426276,0.7122038045599874,2.898340362053453
polarized_model,1360.225014642249,2.3997562118998474,0.6856995758417564,3.3120012971790107
polarized_model,1454.913282256471,2.595112202321942,0.677767830022523,3.3564126197138897
polarized_model,1556.1930093184046,2.910793973024109,0.8697507195618437,3.885273169735006
polarized_model,1664.5230418788462,2.9027338775205482,0.8527805416373527,3.4346041523209854
polarized_model,1780.3941672756325,3.141756650137055,0.9267940949725646,3.7831809626120805
polarized_model,1904.3313376372091,3.562610096081599,0.7064565384091916,4.483590130728006
polarized_model,2036.8960481691352,3.6353523134726284,0.9231645505525833,4.663240085796753
polarized_model,2178.688880998427,3.7307761377348756,1.0560604571193906,4.240205667692121
polarized_model,2330.3522261004573,3.947006191672433,0.9949081547406273,4.672593035332512
polarized_model,2492.5731916356576,3.872400098000472,0.9798668433556261,4.600684307424658
polarized_model,2666.08671688111,4.0336292762645645,0.9949081547406273,4.97770196784262
polarized_model,2851.6789018602667,4.448757924593405,0.9798668433556261,5.432563301787607
polarized_model,3050.190568755456,4.6370763902823,0.9251589219626042,5.978126917804193
polarized_model,3262.5210712382764,5.152907266309399,0.9949081547406273,7.06457504534096
polarized_model,3489.632368975796,5.294805740211358,0.9971600191493079,7.023229160697844
polarized_model,3732.5533857722157,5.2210047871156355,0.9949081547406273,6.5756159213002485
polarized_model,3992.384671090346,5.287235860991331,0.9798668433556261,6.612232846114145
polarized_model,4270.303386071877,5.723128870890974,0.9897220083706565,7.321614028316456
polarized_model,4567.568636645611,6.406997999764936,1.1715275323726269,9.625122984850458
polarized_model,4885.5271778850265,6.966398634176722,1.397028640966554,11.046295175607893
polarized_model,5225.619515458893,7.1829824334861,1.1572133095459203,9.264153958001476
polarized_model,5589.386431817209,7.9010749206493935,1.397028640966554,10.74721012714455
polarized_model,5978.475966679501,8.421431753103317,1.397028640966554,10.68344354332412
polarized_model,6394.650883450172,8.414199939186421,0.9971600191493079,12.150466281655227
polarized_model,6839.796655387692,8.791223963458231,0.9949081547406273,12.165313219249311
polarized_model,7315.930007708465,8.732582665889744,0.9971600191493079,11.62283081648753
polarized_model,7825.208054325633,8.096048760044782,0.9971600191493079,9.32629192908729
polarized_model,8369.938070616212,7.909692825565586,0.9971600191493079,9.284850193372339
polarized_model,8952.587946492364,8.309554805854779,0.9971600191493079,10.696103365735967
polarized_model,9575.797367133902,8.689506046357229,0.9971600191493079,10.696103365735967
polarized_model,10242.38977203625,8.825968184124065,0.9971600191493079,10.696103365735967
polarized_model,10955.385146554345,9.214367185999523,0.9971600191493079,10.696103365735967
polarized_model,11718.013703893886,9.532215617681455,0.9971600191493079,11.238395606844776
polarized_model,12533.730519536513,9.839041847623179,1.1751500729383322,11.238395606844776
polarized_model,13406.231184399312,9.818805233296828,1.1751500729383322,11.238395606844776
polarized_model,14339.46854764571,9.407890832923524,1.1751500729383322,10.696103365735967
polarized_model,15337.670624999999,9.142920290377937,1.1751500729383322,10.696103365735967
mixed_model,0.09,3.2569357649778557e-06,7.795202015181182e-07,3.841814697454704e-06
mixed_model,0.09564402600814015,3.678238384079484e-06,8.803554424441687e-07,4.338774634935019e-06
mixed_model,0.10164199678939766,4.154038822502736e-06,9.942342783826552e-07,4.9000190834887265e-06
mixed_model,0.10801610871604941,4.691386673998404e-06,1.1228439703475439e-06,5.533863599466093e-06
mixed_model,0.11478995012595472,5.298243436181876e-06,1.26809003587844e-06,6.249699402332192e-06
mixed_model,0.12198858861466583,5.983600470331613e-06,1.4321244817269285e-06,7.058132517628324e-06
mixed_model,0.12963866380174896,6.757612219938714e-06,1.6173776885967357e-06,7.971140918843569e-06
mixed_model,0.1377684859146113,7.631746661811171e-06,1.8265944203510317e-06,9.002251996454829e-06
mixed_model,0.14640814055465748,8.61895521885897e-06,2.0628744912094586e-06,1.0166742983566783e-05
mixed_model,0.15558960003347888,9.733864652035844e-06,2.329718693471579e-06,1.1481867307714733e-05
mixed_model,0.16534684169109087,1.0992993774562869e-05,2.6310806662448667e-06,1.2967110222522566e-05
mixed_model,0.17571597363407251,1.2414998199333199e-05,2.971425473678967e-06,1.4644477506726717e-05
mixed_model,0.18673536835892113,1.402094674574447e-05,3.35579576061791e-06,1.653882150801248e-05
mixed_model,0.19844580475511422,1.5834633601280835e-05,3.78988646585111e-06,1.867820936242028e-05
mixed_model,0.2108906190133828,1.7882930862918616e-05,4.2801291999357804e-06,2.109433884496467e-05
mixed_model,0.2241158649976529,2.0196186681708826e-05,4.833787537756443e-06,2.3823008012826282e-05
mixed_model,0.23817048467413712,2.2808674909559154e-05,5.459064637703009e-06,2.6904645599483153e-05
mixed_model,0.25310648922827234,2.575910291030919e-05,6.165224781983592e-06,3.038491001825053e-05
mixed_model,0.26897915153975477,2.9091185058971233e-05,6.9627306388476824e-06,3.431536585023509e-05
mixed_model,0.2858472107279531,3.285429042626364e-05,7.863398280435524e-06,3.875424783974002e-05
mixed_model,0.3037730895246518,3.709940632840886e-05,8.880572253042024e-06,4.376732371669306e-05
mixed_model,0.3228231252785431,4.164132339505739e-05,1.0029323293685683e-05,4.942886862991827e-05
mixed_model,0.34306781544633413,4.638561882339315e-05,1.132667162240702e-05,5.582276562873014e-05
mixed_model,0.36458207847894447,5.0626224276250653e-05,1.2791839118658398e-05,6.304374849789652e-05
mixed_model,0.38744553106824403,5.543753484622719e-05,1.4446534118101868e-05,7.119880536016435e-05
mixed_model,0.41174278278032,6.08947640370793e-05,1.6315273049444822e-05,8.007055457083111e-05
mixed_model,0.4375637491656103,6.708294178113023e-05,1.8425743676775743e-05,8.509586162101463e-05
mixed_model,0.46500398450461056,7.40981897135809e-05,2.0809215329301167e-05,9.610348104082444e-05
mixed_model,0.49416503542053075,8.204916175331648e-05,2.3501002196563475e-05,0.00010853499679334906
mixed_model,0.5251548166674972,9.105867139500792e-05,2.654098655345258e-05,0.00012257459772896522
mixed_model,0.5580880104849576,0.00010062060151873656,2.997420966726083e-05,0.00013843029854254663
mixed_model,0.5930864909961608,0.00011086110613942675,3.385153914182731e-05,0.0001563370217779654
mixed_model,0.6302797752212598,0.00012253609371403837,3.8230422586330896e-05,0.0001765600785068883
mixed_model,0.6698055023740767,0.0001356075472557451,4.317573877530178e-05,0.000196207718914162
mixed_model,0.7118099432162396,0.00014950189381852073,4.4461064018526544e-05,0.00020994109075307354
mixed_model,0.7564485413536312,0.0001653549585136764,4.325293504062192e-05,0.00023709812969207285
mixed_model,0.8038864884782929,0.00018361944489134877,4.44687132637684e-05,0.00026776808152148725
mixed_model,0.854299335684559,0.00020401771028898954,5.866150091253938e-05,0.0002953715316689702
mixed_model,0.9078736431216758,0.00022652762467342865,6.624968986015088e-05,0.00030966195942639367
mixed_model,0.9648076703870498,0.00025234614356299935,7.481945293404491e-05,0.0003178441000548696
mixed_model,1.0253121102150236,0.0002797037206567195,8.449776216562983e-05,0.0003589589888589563
mixed_model,1.0896108681762977,0.0003085278616583136,9.54280141194471e-05,0.0004053923154791942
mixed_model,1.1579418912733996,0.00034023377037209625,0.00010541534072037884,0.00045283281733475626
mixed_model,1.230558048498534,0.00037573336907148697,0.00011343578919789935,0.0004897087361711251
mixed_model,1.3077280666124442,0.0004157953664623264,0.00012660434764709337,0.0005242757332476312
mixed_model,1.3897375246072825,0.0004552223792422817,0.00014584473528841626,0.0005858289459800286
mixed_model,1.4768899105336362,0.0004993630158774532,0.00016780937202519642,0.0006043849228049113
mixed_model,1.569507744602654,0.0005426490011655888,0.00019327675099427952,0.0006313021948271736
mixed_model,1.6679337727194847,0.0005918248578172049,0.0002236096996540891,0.0007159137529439499
mixed_model,1.7725322348648642,0.0006463102219062872,0.00022271322671922614,0.000837561433437813
mixed_model,1.8836902130186866,0.0007022469895938238,0.0002219873205280658,0.0009420766310824974
mixed_model,2.00181906361376,0.0007643898484272388,0.00023755374663393032,0.0010036294268666508
mixed_model,2.1273559398207236,0.0008396445251899183,0.00022482806835430642,0.0011334544331480566
mixed_model,2.260765409297609,0.0009251148855410439,0.00023962529763552106,0.001280073020610704
mixed_model,2.4025411733907127,0.0010091608431916058,0.000295631567398436,0.0014260398029961167
mixed_model,2.553207894148987,0.0011035967640227904,0.0003350912924204557,0.0015576603405017442
mixed_model,2.7133231359130496,0.0012013881214477952,0.00041561225945250363,0.0017047195621251274
mixed_model,2.8834794286639576,0.0013180318110467728,0.00047640423130768995,0.001960355268395426
mixed_model,3.0643064607674733,0.001450238956079963,0.0005577410713028844,0.0021265808967805898
mixed_model,3.2564734092284016,0.0016009356309075117,0.0005862648453185934,0.0024016658742551894
mixed_model,3.4606914160784235,0.0017739110290643369,0.0005988325633397209,0.0028108627666099217
mixed_model,3.6777162200616886,0.001967627569598816,0.0005739026371136235,0.0030039007838906415
mixed_model,3.9083509533571013,0.0021715090445109057,0.0005896321737182407,0.003355338625193938
mixed_model,4.153449113686954,0.002387011113951294,0.0005988546613722827,0.0034573800884199926
mixed_model,4.4139177228106865,0.0026055520976014704,0.0007039785490554,0.003583145022853315
mixed_model,4.690720683092179,0.0028609640541162615,0.0010436468812504694,0.0039714776387611605
mixed_model,4.984882344562102,0.0031634134807149634,0.001351502830219146,0.004144695603381017
mixed_model,5.297491295675738,0.003474198853474918,0.0013606120580871928,0.004584674957336055
mixed_model,5.6297043917945135,0.003803112077810763,0.001509447932313306,0.004879082366977351
mixed_model,5.982751036299282,0.004140547944739345,0.00198036650144569,0.005562734878852691
mixed_model,6.357937730178179,0.0044955832903457085,0.0024581752057425592,0.006130269018755841
mixed_model,6.756652906925524,0.004936397820841558,0.002906391534180375,0.0065514216121985895
mixed_model,7.180372070644008,0.005447654813068308,0.002773070563246517,0.007583851457561602
mixed_model,7.63066325636443,0.00592524745219376,0.0031290343601308567,0.008000455497841284
mixed_model,8.109192832789764,0.006347446060757792,0.0034068812496927045,0.008679787396028486
mixed_model,8.617731668937422,0.006777453866883539,0.0033888098846816656,0.009719712188605746
mixed_model,9.158161687500268,0.007348197131013396,0.0034131780362108366,0.010848163416648546
mixed_model,9.732482829178094,0.00813155005686935,0.0038488077094744103,0.011917234910025326
mixed_model,10.34282045375207,0.008870851129726475,0.003858816095727301,0.013640295175260452
mixed_model,10.991433205290969,0.00937091685892032,0.003858813167626439,0.014198915105845734
mixed_model,11.680721370595387,0.00993037949982762,0.004539828936405048,0.014741006770911402
mixed_model,12.413235761811821,0.010434367046314572,0.005211201592356097,0.015201232899133235
mixed_model,13.19168715608784,0.0110629325759221,0.005472137826125884,0.016088155715419283
mixed_model,14.01895632720125,0.011956768242640149,0.005061746378831846,0.016907576835465638
mixed_model,14.898104706286864,0.013125173482622052,0.004699505654051003,0.018689234416809756
mixed_model,15.83238571111218,0.014039503662545236,0.005943647979741249,0.019919294337786907
mixed_model,16.825256785828003,0.015154249163523094,0.006955853866117123,0.022181055009454
mixed_model,17.880392195748556,0.01627779588511184,0.007426890501524554,0.024588156580707527
mixed_model,19.00169662451024,0.017302347256601926,0.007871737066219377,0.024494945979313388
mixed_model,20.193319623927163,0.018790423967422802,0.008714405055632497,0.02629233274452758
mixed_model,21.459670970017523,0.020164010644626078,0.009284631979187304,0.027247180614538707
mixed_model,22.80543698202763,0.021761675976087056,0.010428327842158481,0.02748413679321568
mixed_model,24.235597864845026,0.02387473688246219,0.010971845046552848,0.030063811754847986
mixed_model,25.75544613897849,0.025908406873204427,0.012358829667959523,0.0331356041479789
mixed_model,27.37060622630788,0.02845438529951533,0.01266682388046526,0.03848493066110254
mixed_model,29.087055264083936,0.030908508686876248,0.01294177477282703,0.04203068041837721
mixed_model,30.911145224202826,0.03403947143936304,0.014044410154613945,0.04966799689675194
mixed_model,32.8496264196117,0.037253270815253606,0.01486092734313769,0.052600405289793824
mixed_model,34.90967248483366,0.040646849213549295,0.01641371438231205,0.05676249542847358
mixed_model,37.09890692305648,0.043773038020578275,0.017925992054910227,0.059982843797610076
mixed_model,39.425431318026504,0.04627133958549547,0.020369788307169442,0.06106809456503493
mixed_model,41.89785531514968,0.04909240136515016,0.022437498108593693,0.06809369341265399
mixed_model,44.52532848274966,0.05195069863616625,0.022199429337323683,0.06966826089535963
mixed_model,47.31757417138992,0.05664228546400216,0.02373187462128311,0.07813697627324039
mixed_model,50.28492549656128,0.06229486205609704,0.023803605138333035,0.08287325696717965
mixed_model,53.438363577894414,0.06606856771265687,0.026767369486051195,0.08908189440040543
mixed_model,56.78955817640649,0.07111319475299809,0.029123067722429865,0.09229022293815803
mixed_model,60.35091088016679,0.07572810665305361,0.0305702956284415,0.09895863797237311
mixed_model,64.1356009981958,0.07979395315634309,0.032653186297120385,0.091630937370813
mixed_model,68.15763433243488,0.08987155597096012,0.03583605910635047,0.11304026004281023
mixed_model,72.43189500827448,0.097600932088139,0.034417513647819704,0.1322979358478353
mixed_model,76.97420055544758,0.10233726797274491,0.037249737833161274,0.13659744568027285
mixed_model,81.80136044312252,0.1093002042461829,0.04254136423365178,0.15207178347055392
mixed_model,86.93123828581398,0.11816029971583798,0.040626664760014364,0.16402235369854434
mixed_model,92.3828179503136,0.1274180522404783,0.04314056954010687,0.17636787747523597
mixed_model,98.17627380827847,0.1342357134734788,0.04663934426744523,0.18049685228289608
mixed_model,104.33304539445862,0.14418088820104327,0.04813758101471852,0.17932017649434429
mixed_model,110.87591674684523,0.15656062984315747,0.05068018402852656,0.2169766658620366
mixed_model,117.82910072235165,0.17103627608216984,0.05509062948497475,0.27229706627709205
mixed_model,125.21832860004854,0.19122142709206216,0.056837869598620784,0.26427919791571997
mixed_model,133.07094530354317,0.20253951318278313,0.05612613079443102,0.2986853384234058
mixed_model,141.4160105948874,0.21958766998657517,0.05894734652283574,0.3200991395542328
mixed_model,150.2844066144982,0.22771318728192905,0.0708117892148082,0.32660599613071584
mixed_model,159.70895216505534,0.23955074779137303,0.07528456809288223,0.3266549760356717
mixed_model,169.72452416230408,0.2546276850034404,0.08160396932606633,0.36824440469147535
mixed_model,180.36818670220694,0.2777925495386558,0.0874018073063277,0.4168477964522021
mixed_model,191.6793282220772,0.2827888740873905,0.08012841485001183,0.40966801592572705
mixed_model,203.69980726327984,0.2991093728294419,0.07750624662076457,0.4252967462659792
mixed_model,216.47410737491418,0.316807743247457,0.08339303371185183,0.4525101372461219
mixed_model,230.04950173172466,0.3466474766890266,0.10275768815641804,0.5390576300893181
mixed_model,244.4762280754307,0.3817672150044912,0.10405451801325342,0.5739257621803129
mixed_model,259.807674626872,0.3996624388874273,0.10007361725901247,0.532390592957168
mixed_model,276.1005776569662,0.4491998293161913,0.08965937997851955,0.7162059011808352
mixed_model,293.41523144761555,0.47567050498492436,0.08188781306329115,0.6937960760794205
mixed_model,311.81571141955794,0.5176669005296222,0.09466258789055772,0.7046769627916013
mixed_model,331.37011125287694,0.5440507280987571,0.11622019924603702,0.7444369255412174
mixed_model,352.1507948776715,0.5823194008516468,0.12416613336057027,0.7835063031196571
mixed_model,374.23466426741385,0.6002007344172556,0.13157214609376405,0.7844495116430598
mixed_model,397.70344402600153,0.6495529310506678,0.16058422535714376,0.9135608928187714
mixed_model,422.6439838216645,0.7136780729298903,0.17698862623434058,1.0553613255027856
mixed_model,449.14857978692504,0.796490497263752,0.1771229249527205,1.2290151122087711
mixed_model,477.3153160739987,0.8620602541814096,0.17728968908309783,1.2563152218365377
mixed_model,507.2484278296126,0.9032536454876865,0.17756863837595818,1.2315283890438598
mixed_model,539.0586869324853,0.9851710780026345,0.17820683976214832,1.289963073316116
mixed_model,572.8638119209389,1.0627544094406283,0.18002129802114983,1.1536443598471888
mixed_model,608.7889036276512,1.1275334627753462,0.23199508190667045,1.1677141627771725
mixed_model,646.9669081336691,1.2444965044279706,0.22967550698803899,1.3459911210310624
mixed_model,687.539108754918,1.334869364135816,0.22433917539745035,1.5605543373273607
mixed_model,730.6556488818765,1.385175747783933,0.22020696384866484,1.607115216707399
mixed_model,776.4760876072525,1.4178406922327755,0.21568007448120502,1.620640937516571
mixed_model,825.1699901978554,1.448455860867665,0.2753493480508937,1.53554817634008
mixed_model,876.9175555957828,1.4875677316203875,0.2988566631281672,1.6007126139390837
mixed_model,931.9102832710861,1.5826068091121377,0.32568302200428934,1.6727498519978519
mixed_model,990.3516818936995,1.6941360088957746,0.3387203232476587,1.6564769240559334
mixed_model,1052.4580224471827,1.7436946989619166,0.34416387724604613,1.8627688488773892
mixed_model,1118.4591385712667,1.759567567217398,0.37790740159392255,2.1217528390636637
mixed_model,1188.599277095024,1.7284947436424465,0.37572471867010504,2.146593494051308
mixed_model,1263.1380019081469,1.7702771403413073,0.37341598779038376,2.1938183888583156
mixed_model,1342.3511545152542,1.8645930439686684,0.3753250360383268,2.342069403821848
mixed_model,1426.5318748279344,1.9350705876047474,0.3678695345408604,2.43435182199427
mixed_model,1515.991685972042,2.030875322116697,0.37332462763087537,2.6100569695279368
mixed_model,1611.0616471248234,2.0283420833553385,0.3567793485489948,2.5462746773232365
mixed_model,1712.0935786480434,1.9638650943665323,0.3544431731306245,2.4587499422932644
mixed_model,1819.461364050923,1.995900866387256,0.35654966399567983,2.5325373272659735
mixed_model,1933.5623336010315,2.106016093860546,0.36413387851621515,2.528499438838887
mixed_model,2054.818734703301,2.130989629754952,0.348391294490692,2.459923679466973
mixed_model,2183.679294488622,2.151298241280196,0.3551212898253997,2.4741985064297314
mixed_model,2320.620880394524,2.1829959713165334,0.37370009662633674,2.5093579799892756
mixed_model,2466.1502648831865,2.236982690762177,0.3725151172302947,2.4509216080266074
mixed_model,2620.8060008274388,2.24443191219874,0.3721214683051384,2.4783642446871803
mixed_model,2785.160414504768,2.334959768314137,0.3721214683051384,2.5811156073774577
mixed_model,2959.8217235748466,2.4725522606836057,0.3721214683051384,2.5811156073774577
mixed_model,3145.436287878347,2.4909118702674986,0.3721214683051384,2.7430716525598577
mixed_model,3342.6910013864904,2.630791189877879,0.3721214683051384,2.607717344713498
mixed_model,3552.315834153177,2.7619598924997044,0.3721214683051384,2.8200117314305087
mixed_model,3775.0865336763804,2.7251735521989997,0.3721214683051384,2.8156277986851377
mixed_model,4011.827495665821,2.692636075813018,0.3721214683051384,2.607717344713498
mixed_model,4263.414814840369,2.6799982608587793,0.3721214683051384,2.607717344713498
mixed_model,4530.779527045354,2.6778524203825604,0.3721214683051384,2.607717344713498
mixed_model,4814.9110546875,2.674917714657436,0.3721214683051384,2.607717344713498
