explore_to_exploit_demand_ratio,reader_cleaver_coordinate,explore_density,escape_density,exploit_density,total_density,explore_fraction,escape_fraction,exploit_fraction,explore_escape_center,exploit_center,display_width
0.05,-2.2238219374440007,9.969757504854463e-05,0.0004482108707528,2.7684111876238088e-08,0.0005479361299133,0.0447152231896085,0.2010264453469952,0.7542583314633963,-0.8535831071244682,0.0683214254801594,0.3914968086627235
0.05,-2.219748097407022,0.0001033899266906,0.0004648105939037,2.942158693030221e-08,0.0005682299421812,0.0447152231896085,0.2010264453469952,0.7542583314633963,-0.8535831071244682,0.0683214254801594,0.3914968086627235
0.05,-2.215674257370044,0.0001072074173653,0.0004819729052095,3.126472163342656e-08,0.0005892115872965,0.0447152231896085,0.2010264453469952,0.7542583314633963,-0.8535831071244682,0.0683214254801594,0.3914968086627235
0.05,-2.2116004173330652,0.0001111538256718,0.0004997147921363,3.3219723471436036e-08,0.0006109018375316,0.0447152231896085,0.2010264453469952,0.7542583314633963,-0.8535831071244682,0.0683214254801594,0.3914968086627235
0.05,-2.2075265772960866,0.0001152330268687,0.0005180536767034,3.529315097174676e-08,0.000633321996723,0.0447152231896085,0.2010264453469952,0.7542583314633963,-0.8535831071244682,0.0683214254801594,0.3914968086627235
0.05,-2.203452737259108,0.0001194489947233,0.0005370074237956,3.7491932725066715e-08,0.0006564939104517,0.0447152231896085,0.2010264453469952,0.7542583314633963,-0.8535831071244682,0.0683214254801594,0.3914968086627235
0.05,-2.1993788972221298,0.0001238058033741,0.0005565943495374,3.982338738885515e-08,0.000680439976299,0.0447152231896085,0.2010264453469952,0.7542583314633963,-0.8535831071244682,0.0683214254801594,0.3914968086627235
0.05,-2.195305057185151,0.0001283076292066,0.0005768332297245,4.2295244720423254e-08,0.0007051831541759,0.0447152231896085,0.2010264453469952,0.7542583314633963,-0.8535831071244682,0.0683214254801594,0.3914968086627235
0.05,-2.1912312171481725,0.0001329587527405,0.0005977433083105,4.4915667689728195e-08,0.0007307469767188,0.0447152231896085,0.2010264453469952,0.7542583314633963,-0.8535831071244682,0.0683214254801594,0.3914968086627235
0.05,-2.187157377111194,0.0001377635605292,0.0006193443059447,4.76932757242002e-08,0.0007571555597497,0.0447152231896085,0.2010264453469952,0.7542583314633963,-0.8535831071244682,0.0683214254801594,0.3914968086627235
0.05,-2.1830835370742157,0.0001427265470691,0.0006416564285566,5.0637169140292085e-08,0.0007844336127949,0.0447152231896085,0.2010264453469952,0.7542583314633963,-0.8535831071244682,0.0683214254801594,0.3914968086627235
0.05,-2.179009697037237,0.000147852316719,0.0006647003759842,5.375695481892047e-08,0.000812606449658,0.0447152231896085,0.2010264453469952,0.7542583314633963,-0.8535831071244682,0.0683214254801594,0.3914968086627235
0.05,-2.1749358570002584,0.0001531455856279,0.000688497350641,5.70627731845213e-08,0.0008416999990421,0.0447152231896085,0.2010264453469952,0.7542583314633963,-0.8535831071244682,0.0683214254801594,0.3914968086627235
0.05,-2.1708620169632797,0.0001586111836705,0.0007130690662183,6.05653265501266e-08,0.0008717408152154,0.0447152231896085,0.2010264453469952,0.7542583314633963,-0.8535831071244682,0.0683214254801594,0.3914968086627235
0.05,-2.1667881769263015,0.0001642540563896,0.0007384377564175,6.427590889363933e-08,0.0009027560887161,0.0447152231896085,0.2010264453469952,0.7542583314633963,-0.8535831071244682,0.0683214254801594,0.3914968086627235
0.05,-2.162714336889323,0.0001700792669446,0.0007646261837077,6.8206437133386e-08,0.0009347736570895,0.0447152231896085,0.2010264453469952,0.7542583314633963,-0.8535831071244682,0.0683214254801594,0.3914968086627235
0.05,-2.1586404968523443,0.0001760919980635,0.0007916576481046,7.236948397402936e-08,0.0009678220156521,0.0447152231896085,0.2010264453469952,0.7542583314633963,-0.8535831071244682,0.0683214254801594,0.3914968086627235
0.05,-2.1545666568153656,0.0001822975539994,0.0008195559959651,7.677831239706806e-08,0.001001930328277,0.0447152231896085,0.2010264453469952,0.7542583314633963,-0.8535831071244682,0.0683214254801594,0.3914968086627235
0.05,-2.150492816778387,0.0001887013624892,0.0008483456287916,8.144691187339478e-08,0.0010371284381928,0.0447152231896085,0.2010264453469952,0.7542583314633963,-0.8535831071244682,0.0683214254801594,0.3914968086627235
0.05,-2.146418976741409,0.0001953089767128,0.000878051512042,8.639003637878832e-08,0.0010734468787912,0.0447152231896085,0.2010264453469952,0.7542583314633963,-0.8535831071244682,0.0683214254801594,0.3914968086627235
0.05,-2.14234513670443,0.0002021260772526,0.0009086991839387,9.162324429671699e-08,0.0011109168844357,0.0447152231896085,0.2010264453469952,0.7542583314633963,-0.8535831071244682,0.0683214254801594,0.3914968086627235
0.05,-2.1382712966674515,0.0002091584740519,0.0009403147642709,9.716294029652241e-08,0.0011495704012631,0.0447152231896085,0.2010264453469952,0.7542583314633963,-0.8535831071244682,0.0683214254801594,0.3914968086627235
0.05,-2.1341974566304733,0.0002164121083694,0.0009729249631849,1.030264192788293e-07,0.0011894400979736,0.0447152231896085,0.2010264453469952,0.7542583314633963,-0.8535831071244682,0.0683214254801594,0.3914968086627235
0.05,-2.1301236165934947,0.0002238930547308,0.0010065570899548,1.0923191248400873e-07,0.0012305593765981,0.0447152231896085,0.2010264453469952,0.7542583314633963,-0.8535831071244682,0.0683214254801594,0.3914968086627235
0.05,-2.126049776556516,0.0002316075228737,0.0010412390617287,1.1579863586360069e-07,0.0012729623832384,0.0447152231896085,0.2010264453469952,0.7542583314633963,-0.8535831071244682,0.0683214254801594,0.3914968086627235
0.05,-2.1219759365195374,0.0002395618596864,0.0010769994122422,1.2274684081891946e-07,0.0013166840187695,0.0447152231896085,0.2010264453469952,0.7542583314633963,-0.8535831071244682,0.0683214254801594,0.3914968086627235
0.05,-2.1179020964825592,0.000247762551137,0.0011138673004937,1.300978674154412e-07,0.0013617599494982,0.0447152231896085,0.2010264453469952,0.7542583314633963,-0.8535831071244682,0.0683214254801594,0.3914968086627235
0.05,-2.1138282564455806,0.0002562162241931,0.0011518725193737,1.3787420018622818e-07,0.001408226617767,0.0447152231896085,0.2010264453469952,0.7542583314633963,-0.8535831071244682,0.0683214254801594,0.3914968086627235
0.05,-2.109754416408602,0.0002649296487293,0.0011910455042404,1.4609952664237977e-07,0.0014561212524964,0.0447152231896085,0.2010264453469952,0.7542583314633963,-0.8535831071244682,0.0683214254801594,0.3914968086627235
0.05,-2.1056805763716233,0.0002739097394216,0.001231417341436,1.5479879861350836e-07,0.0015054818796563,0.0447152231896085,0.2010264453469952,0.7542583314633963,-0.8535831071244682,0.0683214254801594,0.3914968086627235
0.05,-2.101606736334645,0.0002831635576261,0.0012730197767328,1.6399829654633876e-07,0.0015563473326555,0.0447152231896085,0.2010264453469952,0.7542583314633963,-0.8535831071244682,0.0683214254801594,0.3914968086627235
0.05,-2.0975328962976665,0.0002926983132409,0.0013158852237051,1.7372569689492314e-07,0.0016087572626429,0.0447152231896085,0.2010264453469952,0.7542583314633963,-0.8535831071244682,0.0683214254801594,0.3914968086627235
0.05,-2.093459056260688,0.0003025213665494,0.0013600467720149,1.8401014274143674e-07,0.0016627521487071,0.0447152231896085,0.2010264453469952,0.7542583314633963,-0.8535831071244682,0.0683214254801594,0.3914968086627235
0.05,-2.089385216223709,0.0003126402300432,0.0014055381956064,1.9488231779235485e-07,0.0017183733079675,0.0447152231896085,0.2010264453469952,0.7542583314633963,-0.8535831071244682,0.0683214254801594,0.3914968086627235
0.05,-2.085311376186731,0.0003230625702217,0.0014523939607985,2.063745239006918e-07,0.0017756629055442,0.0447152231896085,0.2010264453469952,0.7542583314633963,-0.8535831071244682,0.0683214254801594,0.3914968086627235
0.05,-2.0812375361497524,0.0003337962093681,0.0015006492342675,2.185207622712168e-07,0.0018346639643979,0.0447152231896085,0.2010264453469952,0.7542583314633963,-0.8535831071244682,0.0683214254801594,0.3914968086627235
0.05,-2.0771636961127737,0.0003448491272985,0.001550339890911,2.31356818511926e-07,0.0018954203750281,0.0447152231896085,0.2010264453469952,0.7542583314633963,-0.8535831071244682,0.0683214254801594,0.3914968086627235
0.05,-2.0730898560757955,0.0003562294630825,0.0016015025215841,2.449203517017322e-07,0.0019579769050184,0.0447152231896085,0.2010264453469952,0.7542583314633963,-0.8535831071244682,0.0683214254801594,0.3914968086627235
0.05,-2.069016016038817,0.0003679455167336,0.0016541744406974,2.592509876511757e-07,0.0020223792084188,0.0447152231896085,0.2010264453469952,0.7542583314633963,-0.8535831071244682,0.0683214254801594,0.3914968086627235
0.05,-2.0649421760018383,0.0003800057508665,0.0017083936936688,2.743904165400916e-07,0.0020886738349519,0.0447152231896085,0.2010264453469952,0.7542583314633963,-0.8535831071244682,0.0683214254801594,0.3914968086627235
0.05,-2.0608683359648596,0.0003924187923197,0.001764199064218,2.9038249512357065e-07,0.0021569082390329,0.0447152231896085,0.2010264453469952,0.7542583314633963,-0.8535831071244682,0.0683214254801594,0.3914968086627235
0.05,-2.0567944959278814,0.0004051934337412,0.0018216300814949,3.072733537051724e-07,0.0022271307885898,0.0447152231896085,0.2010264453469952,0.7542583314633963,-0.8535831071244682,0.0683214254801594,0.3914968086627235
0.05,-2.052720655890903,0.0004183386351344,0.0018807270270304,3.251115080842642e-07,0.0022993907736729,0.0447152231896085,0.2010264453469952,0.7542583314633963,-0.8535831071244682,0.0683214254801594,0.3914968086627235
0.05,-2.048646815853924,0.0004318635253629,0.0019415309415006,3.439479766925467e-07,0.0023737384148402,0.0447152231896085,0.2010264453469952,0.7542583314633963,-0.8535831071244682,0.0683214254801594,0.3914968086627235
0.05,-2.0445729758169455,0.0004457774036108,0.0020040836312929,3.638364031433242e-07,0.002450224871307,0.0447152231896085,0.2010264453469952,0.7542583314633963,-0.8535831071244682,0.0683214254801594,0.3914968086627235
0.05,-2.0404991357799673,0.0004600897407972,0.0020684276748635,3.8483318442581034e-07,0.0025289022488452,0.0447152231896085,0.2010264453469952,0.7542583314633963,-0.8535831071244682,0.0683214254801594,0.3914968086627235
0.05,-2.0364252957429887,0.000474810180941,0.0021346064288754,4.069976049858754e-07,0.0026098236074214,0.0447152231896085,0.2010264453469952,0.7542583314633963,-0.8535831071244682,0.0683214254801594,0.3914968086627235
0.05,-2.03235145570601,0.0004899485424754,0.002202664034106,4.303919769439561e-07,0.0026930429685583,0.0447152231896085,0.2010264453469952,0.7542583314633963,-0.8535831071244682,0.0683214254801594,0.3914968086627235
0.05,-2.0282776156690314,0.0005055148195078,0.0022726454211126,4.550817867106452e-07,0.0027786153224072,0.0447152231896085,0.2010264453469952,0.7542583314633963,-0.8535831071244682,0.0683214254801594,0.3914968086627235
0.05,-2.0242037756320532,0.000521519183024,0.0023445963156447,4.81135848270403e-07,0.002866596634517,0.0447152231896085,0.2010264453469952,0.7542583314633963,-0.8535831071244682,0.0683214254801594,0.3914968086627235
0.05,-2.0201299355950746,0.0005379719820326,0.0024185632437909,5.086264634142948e-07,0.002957043852287,0.0447152231896085,0.2010264453469952,0.7542583314633963,-0.8535831071244682,0.0683214254801594,0.3914968086627235
0.05,-2.016056095558096,0.0005548837446487,0.0024945935368491,5.376295892132658e-07,0.0030500149110871,0.0447152231896085,0.2010264453469952,0.7542583314633963,-0.8535831071244682,0.0683214254801594,0.3914968086627235
0.05,-2.0119822555211173,0.0005722651791129,0.0025727353359082,5.682250130346361e-07,0.0031455687400342,0.0447152231896085,0.2010264453469952,0.7542583314633963,-0.8535831071244682,0.0683214254801594,0.3914968086627235
0.05,-2.007908415484139,0.0005901271747432,0.0026530375961282,6.004965354158526e-07,0.0032437652674069,0.0447152231896085,0.2010264453469952,0.7542583314633963,-0.8535831071244682,0.0683214254801594,0.3914968086627235
0.05,-2.0038345754471605,0.0006084808028177,0.0027355500907076,6.345321611213722e-07,0.0033446654256865,0.0447152231896085,0.2010264453469952,0.7542583314633963,-0.8535831071244682,0.0683214254801594,0.3914968086627235
0.05,-1.9997607354101816,0.0006273373173846,0.0028203234145248,6.704242987206964e-07,0.0034483311562081,0.0447152231896085,0.2010264453469952,0.7542583314633963,-0.8535831071244682,0.0683214254801594,0.3914968086627235
0.05,-1.9956868953732032,0.0006467081559965,0.0029074089874411,7.082699690382262e-07,0.0035548254134067,0.0447152231896085,0.2010264453469952,0.7542583314633963,-0.8535831071244682,0.0683214254801594,0.3914968086627235
0.05,-1.9916130553362248,0.0006666049403678,0.0029968590572534,7.481710228385161e-07,0.003664212168644,0.0447152231896085,0.2010264453469952,0.7542583314633963,-0.8535831071244682,0.0683214254801594,0.3914968086627235
0.05,-1.9875392152992464,0.0006870394769497,0.0030887267022823,7.902343681239129e-07,0.0037765564136001,0.0447152231896085,0.2010264453469952,0.7542583314633963,-0.8535831071244682,0.0683214254801594,0.3914968086627235
0.05,-1.9834653752622675,0.0007080237574227,0.003183065833584,8.345722074354391e-07,0.0038919241632142,0.0447152231896085,0.2010264453469952,0.7542583314633963,-0.8535831071244682,0.0683214254801594,0.3914968086627235
0.05,-1.979391535225289,0.000729569959102,0.0032799311967722,8.813022855618883e-07,0.0040103824581598,0.0447152231896085,0.2010264453469952,0.7542583314633963,-0.8535831071244682,0.0683214254801594,0.3914968086627235
0.05,-1.975317695188311,0.0007516904452524,0.0033793783734374,9.305481480769674e-07,0.0041319993668379,0.0447152231896085,0.2010264453469952,0.7542583314633963,-0.8535831071244682,0.0683214254801594,0.3914968086627235
0.05,-1.9712438551513325,0.0007743977653121,0.0034814637821496,9.824394111393105e-07,0.0042568439868729,0.0447152231896085,0.2010264453469952,0.7542583314633963,-0.8535831071244682,0.0683214254801594,0.3914968086627235
0.05,-1.9671700151143536,0.0007977046550201,0.0035862446790318,1.0371120430058377e-06,0.0043849864460949,0.0447152231896085,0.2010264453469952,0.7542583314633963,-0.8535831071244682,0.0683214254801594,0.3914968086627235
0.05,-1.9630961750773752,0.000821624036445,0.0036937791578904,1.0947086577250389e-06,0.0045164979029931,0.0447152231896085,0.2010264453469952,0.7542583314633963,-0.8535831071244682,0.0683214254801594,0.3914968086627235
0.05,-1.9590223350403968,0.0008461690179126,0.0038041261498897,1.1553788214932816e-06,0.0046514505466239,0.0447152231896085,0.2010264453469952,0.7542583314633963,-0.8535831071244682,0.0683214254801594,0.3914968086627235
0.05,-1.9549484950034184,0.0008713528938293,0.0039173454227561,1.2192793721743366e-06,0.0047899175959576,0.0447152231896085,0.2010264453469952,0.7542583314633963,-0.8535831071244682,0.0683214254801594,0.3914968086627235
0.05,-1.9508746549664395,0.0008971891443969,0.0040334975794989,1.2865747524996895e-06,0.0049319732986483,0.0447152231896085,0.2010264453469952,0.7542583314633963,-0.8535831071244682,0.0683214254801594,0.3914968086627235
0.05,-1.946800814929461,0.0009236914352183,0.0041526440566342,1.3574373574856222e-06,0.00507769292921,0.0447152231896085,0.2010264453469952,0.7542583314633963,-0.8535831071244682,0.0683214254801594,0.3914968086627235
0.05,-1.9427269748924827,0.000950873616788,0.0042748471218984,1.4320478966212854e-06,0.0052271527865831,0.0447152231896085,0.2010264453469952,0.7542583314633963,-0.8535831071244682,0.0683214254801594,0.3914968086627235
0.05,-1.938653134855504,0.0009787497238677,0.0044001698714369,1.510595771401351e-06,0.0053804301910761,0.0447152231896085,0.2010264453469952,0.7542583314633963,-0.8535831071244682,0.0683214254801594,0.3914968086627235
0.05,-1.9345792948185256,0.0010073339747408,0.004528676226455,1.5932794687962378e-06,0.0055376034806647,0.0447152231896085,0.2010264453469952,0.7542583314633963,-0.8535831071244682,0.0683214254801594,0.3914968086627235
0.05,-1.930505454781547,0.0010366407703448,0.0046604309293178,1.6803069712735508e-06,0.005698752006634,0.0447152231896085,0.2010264453469952,0.7542583314633963,-0.8535831071244682,0.0683214254801594,0.3914968086627235
0.05,-1.9264316147445688,0.0010666846932784,0.0047954995390843,1.7718961840047248e-06,0.0058639561285468,0.0447152231896085,0.2010264453469952,0.7542583314633963,-0.8535831071244682,0.0683214254801594,0.3914968086627235
0.05,-1.92235777470759,0.001097480506679,0.004933948426463,1.8682753799125144e-06,0.006033297208522,0.0447152231896085,0.2010264453469952,0.7542583314633963,-0.8535831071244682,0.0683214254801594,0.3914968086627235
0.05,-1.9182839346706115,0.0011290431529693,0.0050758447681757,1.96968366323679e-06,0.0062068576048082,0.0447152231896085,0.2010264453469952,0.7542583314633963,-0.8535831071244682,0.0683214254801594,0.3914968086627235
0.05,-1.914210094633633,0.0011613877524684,0.0052212565407149,2.0763714523187782e-06,0.0063847206646357,0.0447152231896085,0.2010264453469952,0.7542583314633963,-0.8535831071244682,0.0683214254801594,0.3914968086627235
0.05,-1.9101362545966545,0.0011945296018663,0.0053702525134831,2.188600982326831e-06,0.0065669707163318,0.0447152231896085,0.2010264453469952,0.7542583314633963,-0.8535831071244682,0.0683214254801594,0.3914968086627235
0.05,-1.906062414559676,0.0012284841725564,0.0055229022412989,2.306646828670864e-06,0.006753693060684,0.0447152231896085,0.2010264453469952,0.7542583314633963,-0.8535831071244682,0.0683214254801594,0.3914968086627235
0.05,-1.9019885745226977,0.0012632671088255,0.0056792760562578,2.4307964518767698e-06,0.0069449739615352,0.0447152231896085,0.2010264453469952,0.7542583314633963,-0.8535831071244682,0.0683214254801594,0.3914968086627235
0.05,-1.8979147344857188,0.0012988942258967,0.0058394450589355,2.561350764717271e-06,0.007140900635597,0.0447152231896085,0.2010264453469952,0.7542583314633963,-0.8535831071244682,0.0683214254801594,0.3914968086627235
0.05,-1.8938408944487404,0.0013353815078235,0.0060034811089181,2.698624722421247e-06,0.007341561241464,0.0447152231896085,0.2010264453469952,0.7542583314633963,-0.8535831071244682,0.0683214254801594,0.3914968086627235
0.05,-1.8897670544117615,0.0013727451052309,0.0061714568146491,2.8429479368101253e-06,0.0075470448678169,0.0447152231896085,0.2010264453469952,0.7542583314633963,-0.8535831071244682,0.0683214254801594,0.3914968086627235
0.05,-1.885693214374783,0.0014110013329025,0.0063434455225798,2.99466531523662e-06,0.0077574415207976,0.0447152231896085,0.2010264453469952,0.7542583314633963,-0.8535831071244682,0.0683214254801594,0.3914968086627235
0.05,-1.881619374337805,0.0014501666672089,0.0065195213056092,3.154137725229074e-06,0.0079728421105434,0.0447152231896085,0.2010264453469952,0.7542583314633963,-0.8535831071244682,0.0683214254801594,0.3914968086627235
0.05,-1.8775455343008265,0.0014902577433762,0.0066997589508038,3.3217426857727075e-06,0.0081933384368658,0.0447152231896085,0.2010264453469952,0.7542583314633963,-0.8535831071244682,0.0683214254801594,0.3914968086627235
0.05,-1.8734716942638476,0.0015312913525911,0.006884233946383,3.4978750861883992e-06,0.0084190231740604,0.0447152231896085,0.2010264453469952,0.7542583314633963,-0.8535831071244682,0.0683214254801594,0.3914968086627235
0.05,-1.8693978542268692,0.0015732844389403,0.0070730224679595,3.68294793359919e-06,0.0086499898548335,0.0447152231896085,0.2010264453469952,0.7542583314633963,-0.8535831071244682,0.0683214254801594,0.3914968086627235
0.05,-1.8653240141898908,0.0016162540961816,0.007266201364023,3.87739313000518e-06,0.0088863328533347,0.0447152231896085,0.2010264453469952,0.7542583314633963,-0.8535831071244682,0.0683214254801594,0.3914968086627235
0.05,-1.861250174152912,0.001660217564344,0.0074638481406551,4.081662280018603e-06,0.0091281473672792,0.0447152231896085,0.2010264453469952,0.7542583314633963,-0.8535831071244682,0.0683214254801594,0.3914968086627235
0.05,-1.8571763341159335,0.0017051922261546,0.0076660409454662,4.296227530342594e-06,0.0093755293991512,0.0447152231896085,0.2010264453469952,0.7542583314633963,-0.8535831071244682,0.0683214254801594,0.3914968086627235
0.05,-1.853102494078955,0.0017511956032897,0.0078728585507414,4.521582442110373e-06,0.0096285757364733,0.0447152231896085,0.2010264453469952,0.7542583314633963,-0.8535831071244682,0.0683214254801594,0.3914968086627235
0.05,-1.8490286540419767,0.0017982453524481,0.0080843803357873,4.758242897233959e-06,0.0098873839311328,0.0447152231896085,0.2010264453469952,0.7542583314633963,-0.8535831071244682,0.0683214254801594,0.3914968086627235
0.05,-1.844954814004998,0.0018463592612442,0.0083006862684675,5.006748039946072e-06,0.0101520522777517,0.0447152231896085,0.2010264453469952,0.7542583314633963,-0.8535831071244682,0.0683214254801594,0.3914968086627235
0.05,-1.8408809739680192,0.0018955552439183,0.0085218568859186,5.267661254753829e-06,0.0104226797910917,0.0447152231896085,0.2010264453469952,0.7542583314633963,-0.8535831071244682,0.0683214254801594,0.3914968086627235
0.05,-1.836807133931041,0.0019458513368626,0.0087479732744374,5.541571182057981e-06,0.0106993661824821,0.0447152231896085,0.2010264453469952,0.7542583314633963,-0.8535831071244682,0.0683214254801594,0.3914968086627235
0.05,-1.8327332938940624,0.0019972656939615,0.0089791170485289,5.82909277272809e-06,0.0109822118352632,0.0447152231896085,0.2010264453469952,0.7542583314633963,-0.8535831071244682,0.0683214254801594,0.3914968086627235
0.05,-1.828659453857084,0.0020498165817422,0.0092153703291083,6.130868382960517e-06,0.0112713177792335,0.0447152231896085,0.2010264453469952,0.7542583314633963,-0.8535831071244682,0.0683214254801594,0.3914968086627235
0.05,-1.824585613820105,0.0021035223743362,0.0094568157208472,6.4475689107843305e-06,0.0115667856640942,0.0447152231896085,0.2010264453469952,0.7542583314633963,-0.8535831071244682,0.0683214254801594,0.3914968086627235
0.05,-1.820511773783127,0.0021584015482484,0.0097035362886586,6.779894975618889e-06,0.0118687177318826,0.0447152231896085,0.2010264453469952,0.7542583314633963,-0.8535831071244682,0.0683214254801594,0.3914968086627235
0.05,-1.8164379337461485,0.0022144726769331,0.0099556155333105,7.128578142325453e-06,0.012177216788386,0.0447152231896085,0.2010264453469952,0.7542583314633963,-0.8535831071244682,0.0683214254801594,0.3914968086627235
0.05,-1.8123640937091696,0.0022717544251746,0.0102131373661642,7.494382191235916e-06,0.0124923861735301,0.0447152231896085,0.2010264453469952,0.7542583314633963,-0.8535831071244682,0.0683214254801594,0.3914968086627235
0.05,-1.8082902536721912,0.0023302655432718,0.0104761860830292,7.878104435681855e-06,0.0128143297307367,0.0447152231896085,0.2010264453469952,0.7542583314633963,-0.8535831071244682,0.0683214254801594,0.3914968086627235
0.05,-1.8042164136352128,0.0023900248610249,0.0107448463371295,8.28057708858942e-06,0.013143151775243,0.0447152231896085,0.2010264453469952,0.7542583314633963,-0.8535831071244682,0.0683214254801594,0.3914968086627235
0.05,-1.8001425735982344,0.0024510512815236,0.0110192031111766,8.70266867974697e-06,0.0134789570613799,0.0447152231896085,0.2010264453469952,0.7542583314633963,-0.8535831071244682,0.0683214254801594,0.3914968086627235
0.05,-1.7960687335612555,0.002513363774735,0.0112993416885439,9.145285525396308e-06,0.0138218507488043,0.0447152231896085,0.2010264453469952,0.7542583314633963,-0.8535831071244682,0.0683214254801594,0.3914968086627235
0.05,-1.791994893524277,0.0025769813708914,0.0115853476235387,9.609373251840684e-06,0.014171938367682,0.0447152231896085,0.2010264453469952,0.7542583314633963,-0.8535831071244682,0.0683214254801594,0.3914968086627235
0.05,-1.787921053487299,0.0026419231536761,0.0118773067107683,1.009591837480922e-05,0.0145293257828193,0.0447152231896085,0.2010264453469952,0.7542583314633963,-0.8535831071244682,0.0683214254801594,0.3914968086627235
0.05,-1.7838472134503205,0.0027082082532072,0.0121753049535971,1.0605949936360715e-05,0.0148941191567407,0.0447152231896085,0.2010264453469952,0.7542583314633963,-0.8535831071244682,0.0683214254801594,0.3914968086627235
0.05,-1.7797733734133416,0.0027758558388187,0.0124794285316931,1.1140541201156962e-05,0.015266424911713,0.0447152231896085,0.2010264453469952,0.7542583314633963,-0.8535831071244682,0.0683214254801594,0.3914968086627235
0.05,-1.7756995333763632,0.0028448851116388,0.0127897637676614,1.1700811413981083e-05,0.0156463496907142,0.0447152231896085,0.2010264453469952,0.7542583314633963,-0.8535831071244682,0.0683214254801594,0.3914968086627235
0.05,-1.7716256933393846,0.0029153152969649,0.0131063970927642,1.2287927620425606e-05,0.0160340003173495,0.0447152231896085,0.2010264453469952,0.7542583314633963,-0.8535831071244682,0.0683214254801594,0.3914968086627235
0.05,-1.7675518533024062,0.002987165636435,0.0134294150117267,1.2903106552720716e-05,0.0164294837547145,0.0447152231896085,0.2010264453469952,0.7542583314633963,-0.8535831071244682,0.0683214254801594,0.3914968086627235
0.05,-1.7634780132654275,0.0030604553799965,0.0137589040666302,1.354761658272387e-05,0.0168329070632094,0.0447152231896085,0.2010264453469952,0.7542583314633963,-0.8535831071244682,0.0683214254801594,0.3914968086627235
0.05,-1.759404173228449,0.0031352037776712,0.014094950799892,1.4222779744139106e-05,0.0172443773573074,0.0447152231896085,0.2010264453469952,0.7542583314633963,-0.8535831071244682,0.0683214254801594,0.3914968086627235
0.05,-1.7553303331914705,0.0032114300711191,0.0144376417163353,1.4929973826087026e-05,0.0176640017612806,0.0447152231896085,0.2010264453469952,0.7542583314633963,-0.8535831071244682,0.0683214254801594,0.3914968086627235
0.05,-1.751256493154492,0.003289153484999,0.0147870632443514,1.567063454019406e-05,0.0180918873638906,0.0447152231896085,0.2010264453469952,0.7542583314633963,-0.8535831071244682,0.0683214254801594,0.3914968086627235
0.05,-1.7471826531175134,0.0033683932181281,0.0151433016961569,1.644625776342307e-05,0.0185281411720485,0.0447152231896085,0.2010264453469952,0.7542583314633963,-0.8535831071244682,0.0683214254801594,0.3914968086627235
0.05,-1.743108813080535,0.0034491684344425,0.0155064432271511,1.7258401858918205e-05,0.0189728700634526,0.0447152231896085,0.2010264453469952,0.7542583314633963,-0.8535831071244682,0.0683214254801594,0.3914968086627235
0.05,-1.7390349730435564,0.0035314982537569,0.0158765737943773,1.8108690077188843e-05,0.0194261807382114,0.0447152231896085,0.2010264453469952,0.7542583314633963,-0.8535831071244682,0.0683214254801594,0.3914968086627235
0.05,-1.734961133006578,0.0036154017423271,0.0162537791140952,1.8998813040010856e-05,0.0198881796694624,0.0447152231896085,0.2010264453469952,0.7542583314633963,-0.8535831071244682,0.0683214254801594,0.3914968086627235
0.05,-1.730887292969599,0.0037008979032169,0.0166381446184696,1.9930531309476907e-05,0.0203589730529961,0.0447152231896085,0.2010264453469952,0.7542583314633963,-0.8535831071244682,0.0683214254801594,0.3914968086627235
0.05,-1.726813452932621,0.0037880056664685,0.0170297554113833,2.0905678044680577e-05,0.0208386667558966,0.0447152231896085,0.2010264453469952,0.7542583314633963,-0.8535831071244682,0.0683214254801594,0.3914968086627235
0.05,-1.7227396128956425,0.0038767438790814,0.0174286962233829,2.1926161748574512e-05,0.0213273662642129,0.0447152231896085,0.2010264453469952,0.7542583314633963,-0.8535831071244682,0.0683214254801594,0.3914968086627235
0.05,-1.7186657728586638,0.0039671312947994,0.017835051365766,2.299396910759531e-05,0.0218251766296731,0.0447152231896085,0.2010264453469952,0.7542583314633963,-0.8535831071244682,0.0683214254801594,0.3914968086627235
0.05,-1.7145919328216852,0.0040591865637099,0.0182489046838198,2.4111167926706296e-05,0.0223322024154565,0.0447152231896085,0.2010264453469952,0.7542583314633963,-0.8535831071244682,0.0683214254801594,0.3914968086627235
0.05,-1.7105180927847068,0.0041529282216556,0.0186703395092224,2.5279910162561095e-05,0.0228485476410406,0.0447152231896085,0.2010264453469952,0.7542583314633963,-0.8535831071244682,0.0683214254801594,0.3914968086627235
0.05,-1.7064442527477284,0.0042483746794634,0.019099438611618,2.650243505754965e-05,0.023374315726139,0.0447152231896085,0.2010264453469952,0.7542583314633963,-0.8535831071244682,0.0683214254801594,0.3914968086627235
0.05,-1.7023704127107495,0.0043455442119927,0.0195362841493792,2.7781072377541345e-05,0.0239096094337495,0.0447152231896085,0.2010264453469952,0.7542583314633963,-0.8535831071244682,0.0683214254801594,0.3914968086627235
0.05,-1.698296572673771,0.0044444549470044,0.0199809576195696,2.9118245756199748e-05,0.0244545308123302,0.0447152231896085,0.2010264453469952,0.7542583314633963,-0.8535831071244682,0.0683214254801594,0.3914968086627235
0.05,-1.694222732636793,0.004545124853857,0.0204335398071208,3.0516476148795733e-05,0.0250091811371266,0.0447152231896085,0.2010264453469952,0.7542583314633963,-0.8535831071244682,0.0683214254801594,0.3914968086627235
0.05,-1.6901488925998145,0.0046475717320304,0.0208941107332409,3.197838539850597e-05,0.0255736608506699,0.0447152231896085,0.2010264453469952,0.7542583314633963,-0.8535831071244682,0.0683214254801594,0.3914968086627235
0.05,-1.6860750525628356,0.0047518131994827,0.0213627496030688,3.350669991823755e-05,0.0261480695024697,0.0447152231896085,0.2010264453469952,0.7542583314633963,-0.8535831071244682,0.0683214254801594,0.3914968086627235
0.05,-1.682001212525857,0.0048578666808425,0.0218395347525923,3.5104254491076705e-05,0.0267325056879259,0.0447152231896085,0.2010264453469952,0.7542583314633963,-0.8535831071244682,0.0683214254801594,0.3914968086627235
0.05,-1.6779273724888786,0.0049657493954427,0.0223245435948495,3.677399619251903e-05,0.0273270669864848,0.0447152231896085,0.2010264453469952,0.7542583314633963,-0.8535831071244682,0.0683214254801594,0.3914968086627235
0.05,-1.6738535324519002,0.0050754783451982,0.0228178525654313,3.851898843769028e-05,0.0279318498990672,0.0447152231896085,0.2010264453469952,0.7542583314633963,-0.8535831071244682,0.0683214254801594,0.3914968086627235
0.05,-1.6697796924149215,0.0051870703023327,0.0233195370673054,4.0342415156826113e-05,0.028546949784795,0.0447152231896085,0.2010264453469952,0.7542583314633963,-0.8535831071244682,0.0683214254801594,0.3914968086627235
0.05,-1.6657058523779429,0.0053005417969598,0.0238296714149834,4.224758510233484e-05,0.0291724607970457,0.0447152231896085,0.2010264453469952,0.7542583314633963,-0.8535831071244682,0.0683214254801594,0.3914968086627235
0.05,-1.6616320123409645,0.0054159091045227,0.0243483287780535,4.4237936290823874e-05,0.029808475818867,0.0447152231896085,0.2010264453469952,0.7542583314633963,-0.8535831071244682,0.0683214254801594,0.3914968086627235
0.05,-1.657558172303986,0.0055331882330972,0.0248755811241005,4.631704058352323e-05,0.0304550863977813,0.0447152231896085,0.2010264453469952,0.7542583314633963,-0.8535831071244682,0.0683214254801594,0.3914968086627235
0.05,-1.6534843322670074,0.0056523949105654,0.0254114991610393,4.848860840859842e-05,0.0311123826800133,0.0447152231896085,0.2010264453469952,0.7542583314633963,-0.8535831071244682,0.0683214254801594,0.3914968086627235
0.05,-1.6494104922300288,0.0057735445716626,0.0259561522788846,5.0756493628895246e-05,0.0317804533441761,0.0447152231896085,0.2010264453469952,0.7542583314633963,-0.8535831071244682,0.0683214254801594,0.3914968086627235
0.05,-1.6453366521930504,0.0058966523449062,0.0265096084909848,5.312469855871728e-05,0.0324593855344498,0.0447152231896085,0.2010264453469952,0.7542583314633963,-0.8535831071244682,0.0683214254801594,0.3914968086627235
0.05,-1.641262812156072,0.0060217330394104,0.0270719343747466,5.559737913328828e-05,0.0331492647932903,0.0447152231896085,0.2010264453469952,0.7542583314633963,-0.8535831071244682,0.0683214254801594,0.3914968086627235
0.05,-1.6371889721190933,0.0061488011315941,0.0276431950118771,5.817885023460272e-05,0.0338501749937058,0.0447152231896085,0.2010264453469952,0.7542583314633963,-0.8535831071244682,0.0683214254801594,0.3914968086627235
0.05,-1.633115132082115,0.0062778707517886,0.0282234539281742,6.087359117742196e-05,0.0345621982711403,0.0447152231896085,0.2010264453469952,0.7542583314633963,-0.8535831071244682,0.0683214254801594,0.3914968086627235
0.05,-1.6290412920451365,0.0064089556707503,0.0288127730328945,6.368625135922399e-05,0.0352854149550041,0.0447152231896085,0.2010264453469952,0.7542583314633963,-0.8535831071244682,0.0683214254801594,0.3914968086627235
0.05,-1.6249674520081578,0.0065420692860871,0.0294112125577286,6.662165607796475e-05,0.0360199034998936,0.0447152231896085,0.2010264453469952,0.7542583314633963,-0.8535831071244682,0.0683214254801594,0.3914968086627235
0.05,-1.6208936119711792,0.0066772246086043,0.0300188309954169,6.968481252155338e-05,0.0367657404165427,0.0447152231896085,0.2010264453469952,0.7542583314633963,-0.8535831071244682,0.0683214254801594,0.3914968086627235
0.05,-1.6168197719342008,0.006814434248578,0.0306356850380389,7.288091593300043e-05,0.03752300020255,0.0447152231896085,0.2010264453469952,0.7542583314633963,-0.8535831071244682,0.0683214254801594,0.3914968086627235
0.05,-1.6127459318972224,0.0069537104019632,0.0312618295150084,7.621535595523487e-05,0.0382917552729268,0.0447152231896085,0.2010264453469952,0.7542583314633963,-0.8535831071244682,0.0683214254801594,0.3914968086627235
0.05,-1.6086720918602435,0.007095064836544,0.0318973173308095,7.969372315963806e-05,0.0390720758905132,0.0447152231896085,0.2010264453469952,0.7542583314633963,-0.8535831071244682,0.0683214254801594,0.3914968086627235
0.05,-1.604598251823265,0.0072385088780348,0.0325421994025106,8.332181576237777e-05,0.0398640300963078,0.0447152231896085,0.2010264453469952,0.7542583314633963,-0.8535831071244682,0.0683214254801594,0.3914968086627235
0.05,-1.600524411786287,0.007384053396139,0.0331965245970905,8.710564653267852e-05,0.0406676836397622,0.0447152231896085,0.2010264453469952,0.7542583314633963,-0.8535831071244682,0.0683214254801594,0.3914968086627235
0.05,-1.5964505717493085,0.0075317087905754,0.0338603396686156,9.105144989719348e-05,0.0414830999090883,0.0447152231896085,0.2010264453469952,0.7542583314633963,-0.8535831071244682,0.0683214254801594,0.3914968086627235
0.05,-1.5923767317123296,0.0076814849770796,0.0345336891953057,9.5165689244686e-05,0.04231033986163,0.0447152231896085,0.2010264453469952,0.7542583314633963,-0.8535831071244682,0.0683214254801594,0.3914968086627235
0.05,-1.588302891675351,0.0078333913733886,0.0352166155165271,9.945506443526816e-05,0.043149461954351,0.0447152231896085,0.2010264453469952,0.7542583314633963,-0.8535831071244682,0.0683214254801594,0.3914968086627235
0.05,-1.5842290516383726,0.0079874368852194,0.0359091586697545,0.0001039265195184,0.0440005220744924,0.0447152231896085,0.2010264453469952,0.7542583314633963,-0.8535831071244682,0.0683214254801594,0.3914968086627235
0.05,-1.5801552116013942,0.0081436298922484,0.03661135632754,0.0001085872506644,0.0448635734704529,0.0447152231896085,0.2010264453469952,0.7542583314633963,-0.8535831071244682,0.0683214254801594,0.3914968086627235
0.05,-1.5760813715644155,0.0083019782341028,0.0373232437345332,0.0001134447143126,0.0457386666829487,0.0447152231896085,0.2010264453469952,0.7542583314633963,-0.8535831071244682,0.0683214254801594,0.3914968086627235
0.05,-1.5720075315274369,0.0084624891963715,0.0380448536445922,0.0001185066355425,0.0466258494765063,0.0447152231896085,0.2010264453469952,0.7542583314633963,-0.8535831071244682,0.0683214254801594,0.3914968086627235
0.05,-1.5679336914904585,0.0086251694966474,0.0387762162580309,0.0001237810166699,0.0475251667713484,0.0447152231896085,0.2010264453469952,0.7542583314633963,-0.8535831071244682,0.0683214254801594,0.3914968086627235
0.05,-1.56385985145348,0.0087900252706082,0.0395173591590452,0.000129276146075,0.0484366605757284,0.0447152231896085,0.2010264453469952,0.7542583314633963,-0.8535831071244682,0.0683214254801594,0.3914968086627235
0.05,-1.5597860114165014,0.0089570620581474,0.0402683072533623,0.0001350006072643,0.0493603699187741,0.0447152231896085,0.2010264453469952,0.7542583314633963,-0.8535831071244682,0.0683214254801594,0.3914968086627235
0.05,-1.5557121713795228,0.0091262847895659,0.0410290827061588,0.0001409632881731,0.050296330783898,0.0447152231896085,0.2010264453469952,0.7542583314633963,-0.8535831071244682,0.0683214254801594,0.3914968086627235
0.05,-1.5516383313425444,0.0092976977718322,0.0417997048802939,0.0001471733907111,0.0512445760428373,0.0447152231896085,0.2010264453469952,0.7542583314633963,-0.8535831071244682,0.0683214254801594,0.3914968086627235
0.05,-1.547564491305566,0.0094713046749237,0.0425801902749031,0.0001536404405572,0.0522051353903841,0.0447152231896085,0.2010264453469952,0.7542583314633963,-0.8535831071244682,0.0683214254801594,0.3914968086627235
0.05,-1.5434906512685873,0.0096471085182588,0.0433705524644003,0.0001603742972067,0.0531780352798658,0.0447152231896085,0.2010264453469952,0.7542583314633963,-0.8535831071244682,0.0683214254801594,0.3914968086627235
0.05,-1.539416811231609,0.0098251116572301,0.0441708020379356,0.0001673851642758,0.0541632988594416,0.0447152231896085,0.2010264453469952,0.7542583314633963,-0.8535831071244682,0.0683214254801594,0.3914968086627235
0.05,-1.5353429711946305,0.0100053157698501,0.0449809465393572,0.0001746836000688,0.0551609459092762,0.0447152231896085,0.2010264453469952,0.7542583314633963,-0.8535831071244682,0.0683214254801594,0.3914968086627235
0.05,-1.5312691311576518,0.0101877218435191,0.0458009904077262,0.0001822805284106,0.056170992779656,0.0447152231896085,0.2010264453469952,0.7542583314633963,-0.8535831071244682,0.0683214254801594,0.3914968086627235
0.05,-1.5271952911206732,0.0103723301619281,0.046630934918433,0.0001901872497504,0.0571934523301115,0.0447152231896085,0.2010264453469952,0.7542583314633963,-0.8535831071244682,0.0683214254801594,0.3914968086627235
0.05,-1.5231214510836946,0.0105591402921055,0.0474707781249651,0.0001984154525406,0.0582283338696113,0.0447152231896085,0.2010264453469952,0.7542583314633963,-0.8535831071244682,0.0683214254801594,0.3914968086627235
0.05,-1.5190476110467162,0.0107481510716205,0.0483205148013776,0.0002069772248958,0.059275643097894,0.0447152231896085,0.2010264453469952,0.7542583314633963,-0.8535831071244682,0.0683214254801594,0.3914968086627235
0.05,-1.5149737710097375,0.0109393605959541,0.049180136385514,0.0002158850665346,0.0603353820480027,0.0447152231896085,0.2010264453469952,0.7542583314633963,-0.8535831071244682,0.0683214254801594,0.3914968086627235
0.05,-1.510899930972759,0.0111327662060475,0.0500496309230317,0.000225151901011,0.0614075490300903,0.0447152231896085,0.2010264453469952,0.7542583314633963,-0.8535831071244682,0.0683214254801594,0.3914968086627235
0.05,-1.506826090935781,0.0113283644760418,0.0509289830122796,0.0002347910882382,0.0624921385765596,0.0447152231896085,0.2010264453469952,0.7542583314633963,-0.8535831071244682,0.0683214254801594,0.3914968086627235
0.05,-1.5027522508988025,0.0115261512012179,0.0518181737500823,0.0002448164373085,0.0635891413886088,0.0447152231896085,0.2010264453469952,0.7542583314633963,-0.8535831071244682,0.0683214254801594,0.3914968086627235
0.05,-1.4986784108618236,0.0117261213861502,0.0527171806784803,0.000255242219616,0.0646985442842466,0.0447152231896085,0.2010264453469952,0.7542583314633963,-0.8535831071244682,0.0683214254801594,0.3914968086627235
0.05,-1.494604570824845,0.0119282692330837,0.0536259777324783,0.0002660831822833,0.0658203301478454,0.0447152231896085,0.2010264453469952,0.7542583314633963,-0.8535831071244682,0.0683214254801594,0.3914968086627235
0.05,-1.4905307307878666,0.0121325881305473,0.0545445351888545,0.0002773545618987,0.0669544778813007,0.0447152231896085,0.2010264453469952,0.7542583314633963,-0.8535831071244682,0.0683214254801594,0.3914968086627235
0.05,-1.4864568907508882,0.0123390706422152,0.0554728196160819,0.0002890720985664,0.0681009623568636,0.0447152231896085,0.2010264453469952,0.7542583314633963,-0.8535831071244682,0.0683214254801594,0.3914968086627235
0.05,-1.4823830507139095,0.0125477084960257,0.0564107938254132,0.0003012520502748,0.0692597543717137,0.0447152231896085,0.2010264453469952,0.7542583314633963,-0.8535831071244682,0.0683214254801594,0.3914968086627235
0.05,-1.4783092106769309,0.0127584925735719,0.0573584168231825,0.000313911207586,0.0704308206043405,0.0447152231896085,0.2010264453469952,0.7542583314633963,-0.8535831071244682,0.0683214254801594,0.3914968086627235
0.05,-1.4742353706399525,0.012971412899774,0.0583156437643751,0.0003270669086512,0.0716141235728003,0.0447152231896085,0.2010264453469952,0.7542583314633963,-0.8535831071244682,0.0683214254801594,0.3914968086627235
0.05,-1.470161530602974,0.013186458632845,0.0592824259075165,0.0003407370545543,0.0728096215949158,0.0447152231896085,0.2010264453469952,0.7542583314633963,-0.8535831071244682,0.0683214254801594,0.3914968086627235
0.05,-1.4660876905659954,0.0134036180545617,0.0602587105709344,0.0003549401249894,0.0740172687504857,0.0447152231896085,0.2010264453469952,0.7542583314633963,-0.8535831071244682,0.0683214254801594,0.3914968086627235
0.05,-1.4620138505290168,0.0136228785608524,0.0612444410904425,0.0003696951942742,0.0752370148455692,0.0447152231896085,0.2010264453469952,0.7542583314633963,-0.8535831071244682,0.0683214254801594,0.3914968086627235
0.05,-1.4579400104920384,0.0138442266527124,0.0622395567784995,0.0003850219477027,0.0764688053789147,0.0447152231896085,0.2010264453469952,0.7542583314633963,-0.8535831071244682,0.0683214254801594,0.3914968086627235
0.05,-1.45386617045506,0.0140676479274587,0.0632439928848944,0.0004009406982417,0.077712581510595,0.0447152231896085,0.2010264453469952,0.7542583314633963,-0.8535831071244682,0.0683214254801594,0.3914968086627235
0.05,-1.4497923304180813,0.0142931270703359,0.0642576805590065,0.0004174724035736,0.078968280032916,0.0447152231896085,0.2010264453469952,0.7542583314633963,-0.8535831071244682,0.0683214254801594,0.3914968086627235
0.05,-1.445718490381103,0.0145206478464829,0.065280546813693,0.0004346386834878,0.0802358333436638,0.0447152231896085,0.2010264453469952,0.7542583314633963,-0.8535831071244682,0.0683214254801594,0.3914968086627235
0.05,-1.4416446503441245,0.0147501930932738,0.0663125144908532,0.0004524618376253,0.0815151694217525,0.0447152231896085,0.2010264453469952,0.7542583314633963,-0.8535831071244682,0.0683214254801594,0.3914968086627235
0.05,-1.4375708103071458,0.0149817447130417,0.0673535022287181,0.000470964863578,0.0828062118053379,0.0447152231896085,0.2010264453469952,0.7542583314633963,-0.8535831071244682,0.0683214254801594,0.3914968086627235
0.05,-1.4334969702701672,0.0152152836661974,0.0684034244309149,0.0004901714753452,0.0841088795724576,0.0447152231896085,0.2010264453469952,0.7542583314633963,-0.8535831071244682,0.0683214254801594,0.3914968086627235
0.05,-1.4294231302331886,0.0154507899647543,0.0694621912373548,0.0005101061221506,0.0854230873242599,0.0447152231896085,0.2010264453469952,0.7542583314633963,-0.8535831071244682,0.0683214254801594,0.3914968086627235
0.05,-1.4253492901962102,0.0156882426662684,0.0705297084969916,0.0005307940076221,0.0867487451708822,0.0447152231896085,0.2010264453469952,0.7542583314633963,-0.8535831071244682,0.0683214254801594,0.3914968086627235
0.05,-1.4212754501592315,0.0159276198682058,0.0716058777424975,0.0005522611093347,0.0880857587200381,0.0447152231896085,0.2010264453469952,0.7542583314633963,-0.8535831071244682,0.0683214254801594,0.3914968086627235
0.05,-1.417201610122253,0.0161688987027467,0.0726905961669042,0.0005745341987208,0.0894340290683718,0.0447152231896085,0.2010264453469952,0.7542583314633963,-0.8535831071244682,0.0683214254801594,0.3914968086627235
0.05,-1.4131277700852745,0.0164120553320362,0.0737837566022517,0.000597640861348,0.090793452795636,0.0447152231896085,0.2010264453469952,0.7542583314633963,-0.8535831071244682,0.0683214254801594,0.3914968086627235
0.05,-1.409053930048296,0.0166570649438921,0.0748852475002931,0.0006216095175661,0.0921639219617513,0.0447152231896085,0.2010264453469952,0.7542583314633963,-0.8535831071244682,0.0683214254801594,0.3914968086627235
0.05,-1.4049800900113176,0.0169039017479798,0.0759949529152958,0.0006464694435248,0.0935453241068005,0.0447152231896085,0.2010264453469952,0.7542583314633963,-0.8535831071244682,0.0683214254801594,0.3914968086627235
0.05,-1.400906249974339,0.0171525389724627,0.0771127524889845,0.0006722507925634,0.0949375422540107,0.0447152231896085,0.2010264453469952,0.7542583314633963,-0.8535831071244682,0.0683214254801594,0.3914968086627235
0.05,-1.3968324099373604,0.0174029488611384,0.078238521437666,0.0006989846169715,0.096340454915776,0.0447152231896085,0.2010264453469952,0.7542583314633963,-0.8535831071244682,0.0683214254801594,0.3914968086627235
0.05,-1.392758569900382,0.0176551026710696,0.0793721305415771,0.0007267028901241,0.0977539361027708,0.0447152231896085,0.2010264453469952,0.7542583314633963,-0.8535831071244682,0.0683214254801594,0.3914968086627235
0.05,-1.3886847298634035,0.0179089706707177,0.0805134461364967,0.0007554385289881,0.0991778553362026,0.0447152231896085,0.2010264453469952,0.7542583314633963,-0.8535831071244682,0.0683214254801594,0.3914968086627235
0.05,-1.3846108898264249,0.0181645221385893,0.0816623301076579,0.0007852254170031,0.1006120776632503,0.0447152231896085,0.2010264453469952,0.7542583314633963,-0.8535831071244682,0.0683214254801594,0.3914968086627235
0.05,-1.3805370497894462,0.018421725362402,0.0828186398859992,0.0008160984273331,0.1020564636757344,0.0447152231896085,0.2010264453469952,0.7542583314633963,-0.8535831071244682,0.0683214254801594,0.3914968086627235
0.05,-1.3764632097524678,0.0186805476387791,0.0839822284467915,0.0008480934464916,0.1035108695320623,0.0447152231896085,0.2010264453469952,0.7542583314633963,-0.8535831071244682,0.0683214254801594,0.3914968086627235
0.05,-1.3723893697154894,0.0189409552734798,0.0851529443106738,0.0008812473983365,0.1049751469824902,0.0447152231896085,0.2010264453469952,0.7542583314633963,-0.8535831071244682,0.0683214254801594,0.3914968086627235
0.05,-1.3683155296785108,0.0192029135821735,0.0863306315471323,0.0009155982684346,0.1064491433977404,0.0447152231896085,0.2010264453469952,0.7542583314633963,-0.8535831071244682,0.0683214254801594,0.3914968086627235
0.05,-1.3642416896415324,0.0194663868917635,0.0875151297804544,0.0009511851287945,0.1079327018010126,0.0447152231896085,0.2010264453469952,0.7542583314633963,-0.8535831071244682,0.0683214254801594,0.3914968086627235
0.05,-1.360167849604554,0.0197313385422697,0.0887062741981892,0.000988048162965,0.109425660903424,0.0447152231896085,0.2010264453469952,0.7542583314633963,-0.8535831071244682,0.0683214254801594,0.3914968086627235
0.05,-1.3560940095675753,0.0199977308892733,0.089903895562142,0.0010262286914969,0.1109278551429123,0.0447152231896085,0.2010264453469952,0.7542583314633963,-0.8535831071244682,0.0683214254801594,0.3914968086627235
0.05,-1.352020169530597,0.0202655253069333,0.0911078202219313,0.0010657691977657,0.1124391147266305,0.0447152231896085,0.2010264453469952,0.7542583314633963,-0.8535831071244682,0.0683214254801594,0.3914968086627235
0.05,-1.3479463294936185,0.0205346821915772,0.0923178701311354,0.0011067133541523,0.113959265676865,0.0447152231896085,0.2010264453469952,0.7542583314633963,-0.8535831071244682,0.0683214254801594,0.3914968086627235
0.05,-1.3438724894566398,0.0208051609658738,0.0935338628660502,0.0011491060485773,0.1154881298805013,0.0447152231896085,0.2010264453469952,0.7542583314633963,-0.8535831071244682,0.0683214254801594,0.3914968086627235
0.05,-1.3397986494196612,0.0210769200835921,0.0947556116470841,0.0011929934113854,0.1170255251420618,0.0447152231896085,0.2010264453469952,0.7542583314633963,-0.8535831071244682,0.0683214254801594,0.3914968086627235
0.05,-1.3357248093826826,0.0213499170349511,0.095982925362808,0.0012384228425769,0.1185712652403362,0.0447152231896085,0.2010264453469952,0.7542583314633963,-0.8535831071244682,0.0683214254801594,0.3914968086627235
0.05,-1.331650969345704,0.0216241083525643,0.0972156085966824,0.0012854430393788,0.1201251599886256,0.0447152231896085,0.2010264453469952,0.7542583314633963,-0.8535831071244682,0.0683214254801594,0.3914968086627235
0.05,-1.3275771293087255,0.0218994496179841,0.0984534616564775,0.0013341040241522,0.1216870152986139,0.0447152231896085,0.2010264453469952,0.7542583314633963,-0.8535831071244682,0.0683214254801594,0.3914968086627235
0.05,-1.323503289271747,0.0221758954688481,0.0996962806064017,0.001384457172631,0.1232566332478809,0.0447152231896085,0.2010264453469952,0.7542583314633963,-0.8535831071244682,0.0683214254801594,0.3914968086627235
0.05,-1.3194294492347685,0.0224533996066318,0.1009438573019532,0.0014365552424829,0.124833812151068,0.0447152231896085,0.2010264453469952,0.7542583314633963,-0.8535831071244682,0.0683214254801594,0.3914968086627235
0.05,-1.31535560919779,0.0227319148050085,0.1021959794275068,0.001490452402189,0.1264183466347044,0.0447152231896085,0.2010264453469952,0.7542583314633963,-0.8535831071244682,0.0683214254801594,0.3914968086627235
0.05,-1.3112817691608116,0.0230113929188205,0.1034524305366442,0.0015462042602333,0.1280100277156981,0.0447152231896085,0.2010264453469952,0.7542583314633963,-0.8535831071244682,0.0683214254801594,0.3914968086627235
0.05,-1.307207929123833,0.0232917848936626,0.1047129900952381,0.001603867894595,0.1296086428834958,0.0447152231896085,0.2010264453469952,0.7542583314633963,-0.8535831071244682,0.0683214254801594,0.3914968086627235
0.05,-1.3031340890868544,0.0235730407760784,0.1059774335272933,0.0016635018825349,0.1312139761859067,0.0447152231896085,0.2010264453469952,0.7542583314633963,-0.8535831071244682,0.0683214254801594,0.3914968086627235
0.05,-1.299060249049876,0.0238551097243722,0.1072455322635521,0.0017251663306677,0.1328258083185921,0.0447152231896085,0.2010264453469952,0.7542583314633963,-0.8535831071244682,0.0683214254801594,0.3914968086627235
0.05,-1.2949864090128975,0.0241379400200349,0.1085170537928626,0.0017889229053115,0.134443916718209,0.0447152231896085,0.2010264453469952,0.7542583314633963,-0.8535831071244682,0.0683214254801594,0.3914968086627235
0.05,-1.2909125689759189,0.024421479079785,0.1097917617163118,0.0018548348631027,0.1360680756591997,0.0447152231896085,0.2010264453469952,0.7542583314633963,-0.8535831071244682,0.0683214254801594,0.3914968086627235
0.05,-1.2868387289389402,0.0247056734682243,0.1110694158041211,0.0019229670818688,0.1376980563542143,0.0447152231896085,0.2010264453469952,0.7542583314633963,-0.8535831071244682,0.0683214254801594,0.3914968086627235
0.05,-1.2827648889019618,0.0249904689111062,0.1123497720552977,0.0019933860917452,0.1393336270581492,0.0447152231896085,0.2010264453469952,0.7542583314633963,-0.8535831071244682,0.0683214254801594,0.3914968086627235
0.05,-1.2786910488649834,0.0252758103092169,0.1136325827600392,0.002066160106527,0.1409745531757832,0.0447152231896085,0.2010264453469952,0.7542583314633963,-0.8535831071244682,0.0683214254801594,0.3914968086627235
0.05,-1.2746172088280048,0.0255616417528655,0.114917596564878,0.0021413590552418,0.1426205973729855,0.0447152231896085,0.2010264453469952,0.7542583314633963,-0.8535831071244682,0.0683214254801594,0.3914968086627235
0.05,-1.270543368791026,0.0258479065369826,0.1162045585405582,0.002219054613932,0.1442715196914729,0.0447152231896085,0.2010264453469952,0.7542583314633963,-0.8535831071244682,0.0683214254801594,0.3914968086627235
0.05,-1.2664695287540475,0.0261345471768224,0.1174932102526302,0.0022993202376318,0.1459270776670845,0.0447152231896085,0.2010264453469952,0.7542583314633963,-0.8535831071244682,0.0683214254801594,0.3914968086627235
0.05,-1.2623956887170693,0.0264215054242668,0.1187832898347481,0.0023822311925273,0.1475870264515423,0.0447152231896085,0.2010264453469952,0.7542583314633963,-0.8535831071244682,0.0683214254801594,0.3914968086627235
0.05,-1.258321848680091,0.0267087222847267,0.1200745320646514,0.0024678645882817,0.1492511189376598,0.0447152231896085,0.2010264453469952,0.7542583314633963,-0.8535831071244682,0.0683214254801594,0.3914968086627235
0.05,-1.254248008643112,0.0269961380346354,0.1213666684428126,0.002556299410513,0.1509191058879611,0.0447152231896085,0.2010264453469952,0.7542583314633963,-0.8535831071244682,0.0683214254801594,0.3914968086627235
0.05,-1.2501741686061336,0.0272836922395308,0.1226594272737275,0.0026476165534074,0.1525907360666658,0.0447152231896085,0.2010264453469952,0.7542583314633963,-0.8535831071244682,0.0683214254801594,0.3914968086627235
0.05,-1.2461003285691552,0.0275713237727193,0.1239525337498243,0.0027418988524506,0.1542657563749944,0.0447152231896085,0.2010264453469952,0.7542583314633963,-0.8535831071244682,0.0683214254801594,0.3914968086627235
0.05,-1.2420264885321766,0.027858970834517,0.1252457100379647,0.0028392311172617,0.1559439119897435,0.0447152231896085,0.2010264453469952,0.7542583314633963,-0.8535831071244682,0.0683214254801594,0.3914968086627235
0.05,-1.237952648495198,0.0281465709720604,0.1265386753685074,0.002939700164509,0.1576249465050769,0.0447152231896085,0.2010264453469952,0.7542583314633963,-0.8535831071244682,0.0683214254801594,0.3914968086627235
0.05,-1.2338788084582195,0.0284340610996804,0.1278311461269055,0.0030433948508921,0.1593086020774781,0.0447152231896085,0.2010264453469952,0.7542583314633963,-0.8535831071244682,0.0683214254801594,0.3914968086627235
0.05,-1.229804968421241,0.0287213775198329,0.1291228359478006,0.0031504061061673,0.1609946195738009,0.0447152231896085,0.2010264453469952,0.7542583314633963,-0.8535831071244682,0.0683214254801594,0.3914968086627235
0.05,-1.2257311283842625,0.0290084559445757,0.1304134558115807,0.0032608269661992,0.1626827387223557,0.0447152231896085,0.2010264453469952,0.7542583314633963,-0.8535831071244682,0.0683214254801594,0.3914968086627235
0.05,-1.221657288347284,0.0292952315175865,0.1317027141433631,0.0033747526060153,0.164372698266965,0.0447152231896085,0.2010264453469952,0.7542583314633963,-0.8535831071244682,0.0683214254801594,0.3914968086627235
0.05,-1.2175834483103054,0.0295816388367103,0.1329903169143628,0.0034922803728427,0.1660642361239158,0.0447152231896085,0.2010264453469952,0.7542583314633963,-0.8535831071244682,0.0683214254801594,0.3914968086627235
0.05,-1.213509608273327,0.0298676119770279,0.1342759677456021,0.0036135098191052,0.1677570895417353,0.0447152231896085,0.2010264453469952,0.7542583314633963,-0.8535831071244682,0.0683214254801594,0.3914968086627235
0.05,-1.2094357682363484,0.0301530845144366,0.1355593680139202,0.0037385427353561,0.169450995263713,0.0447152231896085,0.2010264453469952,0.7542583314633963,-0.8535831071244682,0.0683214254801594,0.3914968086627235
0.05,-1.20536192819937,0.0304379895497301,0.1368402169602323,0.0038674831831238,0.1711456896930863,0.0447152231896085,0.2010264453469952,0.7542583314633963,-0.8535831071244682,0.0683214254801594,0.3914968086627235
0.05,-1.2012880881623913,0.0307222597331699,0.1381182117999924,0.0040004375276448,0.1728409090608072,0.0447152231896085,0.2010264453469952,0.7542583314633963,-0.8535831071244682,0.0683214254801594,0.3914968086627235
0.05,-1.1972142481254129,0.031005827289534,0.139393047835807,0.0041375144704594,0.1745363895958004,0.0447152231896085,0.2010264453469952,0.7542583314633963,-0.8535831071244682,0.0683214254801594,0.3914968086627235
0.05,-1.1931404080884342,0.031288624043633,0.1406644185721472,0.0042788250818429,0.1762318676976232,0.0447152231896085,0.2010264453469952,0.7542583314633963,-0.8535831071244682,0.0683214254801594,0.3914968086627235
0.05,-1.1890665680514558,0.0315705814462803,0.1419320158321031,0.0044244828330459,0.1779270801114295,0.0447152231896085,0.2010264453469952,0.7542583314633963,-0.8535831071244682,0.0683214254801594,0.3914968086627235
0.05,-1.1849927280144772,0.0318516306007044,0.1431955298761253,0.0045746036283154,0.1796217641051452,0.0447152231896085,0.2010264453469952,0.7542583314633963,-0.8535831071244682,0.0683214254801594,0.3914968086627235
0.05,-1.1809188879774988,0.032131702289389,0.1444546495226906,0.0047293058366684,0.181315657648748,0.0447152231896085,0.2010264453469952,0.7542583314633963,-0.8535831071244682,0.0683214254801594,0.3914968086627235
0.05,-1.1768450479405204,0.0324107270013284,0.1457090622708346,0.0048887103233881,0.1830084995955512,0.0447152231896085,0.2010264453469952,0.7542583314633963,-0.8535831071244682,0.0683214254801594,0.3914968086627235
0.05,-1.1727712079035415,0.0326886349596836,0.1469584544244842,0.0050529404812138,0.1847000298653817,0.0447152231896085,0.2010264453469952,0.7542583314633963,-0.8535831071244682,0.0683214254801594,0.3914968086627235
0.05,-1.1686973678665633,0.0329653561498243,0.148202511218527,0.0052221222611911,0.1863899896295424,0.0447152231896085,0.2010264453469952,0.7542583314633963,-0.8535831071244682,0.0683214254801594,0.3914968086627235
0.05,-1.164623527829585,0.0332408203477424,0.1494409169465502,0.0053963842031533,0.188078121497446,0.0447152231896085,0.2010264453469952,0.7542583314633963,-0.8535831071244682,0.0683214254801594,0.3914968086627235
0.05,-1.1605496877926065,0.0335149571488215,0.1506733550901782,0.0055758574657995,0.1897641697047993,0.0447152231896085,0.2010264453469952,0.7542583314633963,-0.8535831071244682,0.0683214254801594,0.3914968086627235
0.05,-1.1564758477556276,0.0337876959969459,0.1518995084499411,0.0057606758563374,0.1914478803032244,0.0447152231896085,0.2010264453469952,0.7542583314633963,-0.8535831071244682,0.0683214254801594,0.3914968086627235
0.05,-1.1524020077186492,0.0340589662139346,0.153119059277598,0.0059509758596549,0.1931290013511876,0.0447152231896085,0.2010264453469952,0.7542583314633963,-0.8535831071244682,0.0683214254801594,0.3914968086627235
0.05,-1.1483281676816706,0.034328697029282,0.1543316894098442,0.0061468966669885,0.1948072831061148,0.0447152231896085,0.2010264453469952,0.7542583314633963,-0.8535831071244682,0.0683214254801594,0.3914968086627235
0.05,-1.144254327644692,0.0345968176101894,0.1555370804033237,0.006348580204049,0.1964824782175621,0.0447152231896085,0.2010264453469952,0.7542583314633963,-0.8535831071244682,0.0683214254801594,0.3914968086627235
0.05,-1.1401804876077135,0.0348632570918698,0.1567349136708709,0.006556171158572,0.1981543419213127,0.0447152231896085,0.2010264453469952,0.7542583314633963,-0.8535831071244682,0.0683214254801594,0.3914968086627235
0.05,-1.136106647570735,0.0351279446081086,0.1579248706189014,0.006769817007253,0.1998226322342631,0.0447152231896085,0.2010264453469952,0.7542583314633963,-0.8535831071244682,0.0683214254801594,0.3914968086627235
0.05,-1.1320328075337565,0.0353908093220619,0.1591066327858734,0.0069896680420307,0.201487110149966,0.0447152231896085,0.2010264453469952,0.7542583314633963,-0.8535831071244682,0.0683214254801594,0.3914968086627235
0.05,-1.127958967496778,0.0356517804572742,0.1602798819817333,0.0072158773956797,0.2031475398346874,0.0447152231896085,0.2010264453469952,0.7542583314633963,-0.8535831071244682,0.0683214254801594,0.3914968086627235
0.05,-1.1238851274597994,0.0359107873288976,0.161444300428268,0.0074486010666725,0.2048036888238382,0.0447152231896085,0.2010264453469952,0.7542583314633963,-0.8535831071244682,0.0683214254801594,0.3914968086627235
0.05,-1.119811287422821,0.0361677593750924,0.1625995709002733,0.0076879979432711,0.206455328218637,0.0447152231896085,0.2010264453469952,0.7542583314633963,-0.8535831071244682,0.0683214254801594,0.3914968086627235
0.05,-1.1157374473858424,0.0364226261885913,0.163745376867457,0.0079342298268083,0.2081022328828567,0.0447152231896085,0.2010264453469952,0.7542583314633963,-0.8535831071244682,0.0683214254801594,0.3914968086627235
0.05,-1.111663607348864,0.036675317548407,0.1648814026369861,0.0081874614541145,0.2097441816395076,0.0447152231896085,0.2010264453469952,0.7542583314633963,-0.8535831071244682,0.0683214254801594,0.3914968086627235
0.05,-1.1075897673118853,0.0369257634516634,0.1660073334965923,0.0084478605190518,0.2113809574673076,0.0447152231896085,0.2010264453469952,0.7542583314633963,-0.8535831071244682,0.0683214254801594,0.3914968086627235
0.05,-1.1035159272749069,0.0371738941455318,0.1671228558581452,0.008715597693108,0.2130123476967851,0.0447152231896085,0.2010264453469952,0.7542583314633963,-0.8535831071244682,0.0683214254801594,0.3914968086627235
0.05,-1.0994420872379282,0.0374196401592497,0.1682276574016025,0.0089908466450113,0.2146381442058636,0.0447152231896085,0.2010264453469952,0.7542583314633963,-0.8535831071244682,0.0683214254801594,0.3914968086627235
0.05,-1.0953682472009498,0.0376629323362049,0.1693214272192471,0.0092737840593176,0.2162581436147697,0.0447152231896085,0.2010264453469952,0.7542583314633963,-0.8535831071244682,0.0683214254801594,0.3914968086627235
0.05,-1.0912944071639712,0.0379037018660613,0.1704038559601182,0.0095645896539294,0.217872147480109,0.0447152231896085,0.2010264453469952,0.7542583314633963,-0.8535831071244682,0.0683214254801594,0.3914968086627235
0.05,-1.0872205671269928,0.0381418803169083,0.1714746359745439,0.0098634461964974,0.2194799624879497,0.0447152231896085,0.2010264453469952,0.7542583314633963,-0.8535831071244682,0.0683214254801594,0.3914968086627235
0.05,-1.083146727090014,0.0383773996674113,0.1725334614586815,0.0101705395196621,0.2210814006457551,0.0447152231896085,0.2010264453469952,0.7542583314633963,-0.8535831071244682,0.0683214254801594,0.3914968086627235
0.05,-1.0790728870530355,0.0386101923389436,0.1735800285989713,0.0104860585350859,0.2226762794730008,0.0447152231896085,0.2010264453469952,0.7542583314633963,-0.8535831071244682,0.0683214254801594,0.3914968086627235
0.05,-1.074999047016057,0.0388401912276774,0.1746140357164098,0.0108101952462311,0.2242644221903183,0.0447152231896085,0.2010264453469952,0.7542583314633963,-0.8535831071244682,0.0683214254801594,0.3914968086627235
0.05,-1.070925206979079,0.0390673297366137,0.1756351834105467,0.0111431447598354,0.2258456579069959,0.0447152231896085,0.2010264453469952,0.7542583314633963,-0.8535831071244682,0.0683214254801594,0.3914968086627235
0.05,-1.0668513669421,0.0392915418075298,0.1766431747031101,0.0114851052960366,0.2274198218066766,0.0447152231896085,0.2010264453469952,0.7542583314633963,-0.8535831071244682,0.0683214254801594,0.3914968086627235
0.05,-1.0627775269051216,0.0395127619528223,0.1776377151811643,0.0118362781970982,0.2289867553310849,0.0447152231896085,0.2010264453469952,0.7542583314633963,-0.8535831071244682,0.0683214254801594,0.3914968086627235
0.05,-1.058703686868143,0.0397309252872251,0.1786185131397046,0.0121968679346877,0.2305463063616174,0.0447152231896085,0.2010264453469952,0.7542583314633963,-0.8535831071244682,0.0683214254801594,0.3914968086627235
0.05,-1.0546298468311646,0.0399459675593806,0.1795852797235917,0.0125670821156575,0.2320983293986299,0.0447152231896085,0.2010264453469952,0.7542583314633963,-0.8535831071244682,0.0683214254801594,0.3914968086627235
0.05,-1.050556006794186,0.0401578251832431,0.1805377290687319,0.0129471314862798,0.2336426857382548,0.0447152231896085,0.2010264453469952,0.7542583314633963,-0.8535831071244682,0.0683214254801594,0.3914968086627235
0.05,-1.0464821667572075,0.040366435269292,0.1814755784424032,0.0133372299348841,0.2351792436465795,0.0447152231896085,0.2010264453469952,0.7542583314633963,-0.8535831071244682,0.0683214254801594,0.3914968086627235
0.05,-1.042408326720229,0.0405717356555351,0.1823985483826362,0.0137375944928493,0.2367078785310207,0.0447152231896085,0.2010264453469952,0.7542583314633963,-0.8535831071244682,0.0683214254801594,0.3914968086627235
0.05,-1.0383344866832505,0.0407736649382789,0.1833063628365488,0.0141484453338973,0.2382284731087251,0.0447152231896085,0.2010264453469952,0.7542583314633963,-0.8535831071244682,0.0683214254801594,0.3914968086627235
0.05,-1.034260646646272,0.0409721625026461,0.1841987492975436,0.0145700057716399,0.2397409175718297,0.0447152231896085,0.2010264453469952,0.7542583314633963,-0.8535831071244682,0.0683214254801594,0.3914968086627235
0.05,-1.0301868066092934,0.0411671685528182,0.1850754389412701,0.0150025022553264,0.2412451097494148,0.0447152231896085,0.2010264453469952,0.7542583314633963,-0.8535831071244682,0.0683214254801594,0.3914968086627235
0.05,-1.026112966572315,0.0413586241419826,0.1859361667602579,0.015446164363742,0.2427409552659826,0.0447152231896085,0.2010264453469952,0.7542583314633963,-0.8535831071244682,0.0683214254801594,0.3914968086627235
0.05,-1.0220391265353364,0.0415464712019634,0.1867806716971269,0.0159012247972053,0.2442283676962958,0.0447152231896085,0.2010264453469952,0.7542583314633963,-0.8535831071244682,0.0683214254801594,0.3914968086627235
0.05,-1.017965286498358,0.0417306525725142,0.1876086967762808,0.0163679193676141,0.2457072687164092,0.0447152231896085,0.2010264453469952,0.7542583314633963,-0.8535831071244682,0.0683214254801594,0.3914968086627235
0.05,-1.0138914464613793,0.0419111120302534,0.1884199892339912,0.0168464869864879,0.2471775882507326,0.0447152231896085,0.2010264453469952,0.7542583314633963,-0.8535831071244682,0.0683214254801594,0.3914968086627235
0.05,-1.0098176064244009,0.0420877943172212,0.18921430064678,0.0173371696509565,0.2486392646149577,0.0447152231896085,0.2010264453469952,0.7542583314633963,-0.8535831071244682,0.0683214254801594,0.3914968086627235
0.05,-1.0057437663874222,0.0422606451690371,0.1899913870580096,0.0178402124276435,0.2500922446546903,0.0447152231896085,0.2010264453469952,0.7542583314633963,-0.8535831071244682,0.0683214254801594,0.3914968086627235
0.05,-1.0016699263504438,0.0424296113426393,0.1907510091025897,0.0183558634343938,0.2515364838796229,0.0447152231896085,0.2010264453469952,0.7542583314633963,-0.8535831071244682,0.0683214254801594,0.3914968086627235
0.05,-0.9975960863134652,0.0425946406435856,0.1914929321297129,0.0188843738197935,0.2529719465930921,0.0447152231896085,0.2010264453469952,0.7542583314633963,-0.8535831071244682,0.0683214254801594,0.3914968086627235
0.05,-0.9935222462764868,0.042755681952895,0.1922169263235299,0.0194259977404335,0.2543986060168585,0.0447152231896085,0.2010264453469952,0.7542583314633963,-0.8535831071244682,0.0683214254801594,0.3914968086627235
0.05,-0.989448406239508,0.0429126852534135,0.1929227668216782,0.0199809923358647,0.2558164444109565,0.0447152231896085,0.2010264453469952,0.7542583314633963,-0.8535831071244682,0.0683214254801594,0.3914968086627235
0.05,-0.9853745662025296,0.0430656016556816,0.1936102338315791,0.0205496177011956,0.2572254531884564,0.0447152231896085,0.2010264453469952,0.7542583314633963,-0.8535831071244682,0.0683214254801594,0.3914968086627235
0.05,-0.9813007261655512,0.0432143834232882,0.1942791127444175,0.0211321368572835,0.2586256330249893,0.0447152231896085,0.2010264453469952,0.7542583314633963,-0.8535831071244682,0.0683214254801594,0.3914968086627235
0.05,-0.9772268861285728,0.0433589839976895,0.1949291942467234,0.0217288157184684,0.2600169939628815,0.0447152231896085,0.2010264453469952,0.7542583314633963,-0.8535831071244682,0.0683214254801594,0.3914968086627235
0.05,-0.973153046091594,0.0434993580224776,0.1955602744294733,0.0223399230578029,0.2613995555097539,0.0447152231896085,0.2010264453469952,0.7542583314633963,-0.8535831071244682,0.0683214254801594,0.3914968086627235
0.05,-0.9690792060546156,0.0436354613670783,0.1961721548946314,0.0229657304697282,0.262773346731438,0.0447152231896085,0.2010264453469952,0.7542583314633963,-0.8535831071244682,0.0683214254801594,0.3914968086627235
0.05,-0.965005366017637,0.0437672511498632,0.1967646428590536,0.0236065123301508,0.2641384063390677,0.0447152231896085,0.2010264453469952,0.7542583314633963,-0.8535831071244682,0.0683214254801594,0.3914968086627235
0.05,-0.9609315259806586,0.043894685760658,0.1973375512556781,0.0242625457538702,0.2654947827702064,0.0447152231896085,0.2010264453469952,0.7542583314633963,-0.8535831071244682,0.0683214254801594,0.3914968086627235
0.05,-0.95685768594368,0.0440177248826305,0.1978906988319268,0.0249341105493151,0.2668425342638725,0.0447152231896085,0.2010264453469952,0.7542583314633963,-0.8535831071244682,0.0683214254801594,0.3914968086627235
0.05,-0.9527838459067016,0.0441363295135422,0.1984239102452474,0.0256214891705388,0.2681817289293286,0.0447152231896085,0.2010264453469952,0.7542583314633963,-0.8535831071244682,0.0683214254801594,0.3914968086627235
0.05,-0.9487100058697228,0.0442504619863484,0.1989370161557242,0.0263249666664332,0.2695124448085059,0.0447152231896085,0.2010264453469952,0.7542583314633963,-0.8535831071244682,0.0683214254801594,0.3914968086627235
0.05,-0.9446361658327443,0.0443600859891302,0.1994298533156888,0.0270448306271144,0.2708347699319335,0.0447152231896085,0.2010264453469952,0.7542583314633963,-0.8535831071244682,0.0683214254801594,0.3914968086627235
0.05,-0.9405623257957658,0.0444651665843462,0.1999022646562661,0.0277813711274396,0.272148802368052,0.0447152231896085,0.2010264453469952,0.7542583314633963,-0.8535831071244682,0.0683214254801594,0.3914968086627235
0.05,-0.9364884857587874,0.044565670227386,0.2003540993707891,0.028534880667613,0.2734546502657882,0.0447152231896085,0.2010264453469952,0.7542583314633963,-0.8535831071244682,0.0683214254801594,0.3914968086627235
0.05,-0.9324146457218088,0.0446615647844151,0.2007852129950228,0.0293056541108394,0.2747524318902774,0.0447152231896085,0.2010264453469952,0.7542583314633963,-0.8535831071244682,0.0683214254801594,0.3914968086627235
0.05,-0.9283408056848304,0.0447528195494961,0.2011954674841352,0.0300939886179878,0.2760422756516191,0.0447152231896085,0.2010264453469952,0.7542583314633963,-0.8535831071244682,0.0683214254801594,0.3914968086627235
0.05,-0.9242669656478516,0.0448394052609734,0.2015847312863601,0.0309001835792255,0.277324320126559,0.0447152231896085,0.2010264453469952,0.7542583314633963,-0.8535831071244682,0.0683214254801594,0.3914968086627235
0.05,-0.9201931256108732,0.0449212941171103,0.2019528794132951,0.0317245405425862,0.2785987140729917,0.0447152231896085,0.2010264453469952,0.7542583314633963,-0.8535831071244682,0.0683214254801594,0.3914968086627235
0.05,-0.9161192855738948,0.0449984597909656,0.2022997935067829,0.0325673631394374,0.279865616437186,0.0447152231896085,0.2010264453469952,0.7542583314633963,-0.8535831071244682,0.0683214254801594,0.3914968086627235
0.05,-0.9120454455369162,0.045070877444499,0.202625361902326,0.0334289570068122,0.2811251963536373,0.0447152231896085,0.2010264453469952,0.7542583314633963,-0.8535831071244682,0.0683214254801594,0.3914968086627235
0.05,-0.9079716054999378,0.0451385237418952,0.2029294796889865,0.0343096297065731,0.2823776331374548,0.0447152231896085,0.2010264453469952,0.7542583314633963,-0.8535831071244682,0.0683214254801594,0.3914968086627235
0.05,-0.9038977654629592,0.0452013768620959,0.2032120487657266,0.0352096906413775,0.2836231162692,0.0447152231896085,0.2010264453469952,0.7542583314633963,-0.8535831071244682,0.0683214254801594,0.3914968086627235
0.05,-0.8998239254259808,0.0452594165105306,0.2034729778941477,0.036129450967415,0.2848618453720935,0.0447152231896085,0.2010264453469952,0.7542583314633963,-0.8535831071244682,0.0683214254801594,0.3914968086627235
0.05,-0.8957500853890021,0.0453126239300378,0.2037121827475876,0.0370692235038894,0.2860940301815148,0.0447152231896085,0.2010264453469952,0.7542583314633963,-0.8535831071244682,0.0683214254801594,0.3914968086627235
0.05,-0.8916762453520237,0.0453609819109672,0.203929585956539,0.0380293226392179,0.2873198905067241,0.0447152231896085,0.2010264453469952,0.7542583314633963,-0.8535831071244682,0.0683214254801594,0.3914968086627235
0.05,-0.8876024053150451,0.0454044748004573,0.2041251171503562,0.0390100642339268,0.2885396561847403,0.0447152231896085,0.2010264453469952,0.7542583314633963,-0.8535831071244682,0.0683214254801594,0.3914968086627235
0.05,-0.8835285652780667,0.0454430885108789,0.2042987129952164,0.0400117655202181,0.2897535670263135,0.0447152231896085,0.2010264453469952,0.7542583314633963,-0.8535831071244682,0.0683214254801594,0.3914968086627235
0.05,-0.879454725241088,0.0454768105274401,0.2044503172283093,0.0410347449981892,0.2909618727539387,0.0447152231896085,0.2010264453469952,0.7542583314633963,-0.8535831071244682,0.0683214254801594,0.3914968086627235
0.05,-0.8753808852041096,0.0455056299149462,0.2045798806882268,0.0420793223286866,0.2921648329318598,0.0447152231896085,0.2010264453469952,0.7542583314633963,-0.8535831071244682,0.0683214254801594,0.3914968086627235
0.05,-0.871307045167131,0.0455295373237095,0.2046873613415326,0.0431458182227782,0.2933627168880204,0.0447152231896085,0.2010264453469952,0.7542583314633963,-0.8535831071244682,0.0683214254801594,0.3914968086627235
0.05,-0.8672332051301526,0.0455485249946043,0.2047727243054881,0.0442345543278301,0.2945558036279226,0.0447152231896085,0.2010264453469952,0.7542583314633963,-0.8535831071244682,0.0683214254801594,0.3914968086627235
0.05,-0.8631593650931739,0.0455625867632641,0.2048359418669209,0.0453458531101767,0.2957443817403619,0.0447152231896085,0.2010264453469952,0.7542583314633963,-0.8535831071244682,0.0683214254801594,0.3914968086627235
0.05,-0.8590855250561955,0.0455717180634168,0.2048769934972194,0.0464800377343744,0.2969287492950108,0.0447152231896085,0.2010264453469952,0.7542583314633963,-0.8535831071244682,0.0683214254801594,0.3914968086627235
0.05,-0.8550116850192169,0.0455759159293559,0.2048958658634427,0.0476374319390335,0.2981092137318322,0.0447152231896085,0.2010264453469952,0.7542583314633963,-0.8535831071244682,0.0683214254801594,0.3914968086627235
0.05,-0.8509378449822385,0.045575178997546,0.2048925528355377,0.0488183599092212,0.299286091742305,0.0447152231896085,0.2010264453469952,0.7542583314633963,-0.8535831071244682,0.0683214254801594,0.3914968086627235
0.05,-0.8468640049452598,0.0455695075073606,0.204867055489657,0.0500231461454385,0.3004597091424563,0.0447152231896085,0.2010264453469952,0.7542583314633963,-0.8535831071244682,0.0683214254801594,0.3914968086627235
0.05,-0.8427901649082814,0.0455589033009527,0.2048193821075772,0.051252115329166,0.301630400737696,0.0447152231896085,0.2010264453469952,0.7542583314633963,-0.8535831071244682,0.0683214254801594,0.3914968086627235
0.05,-0.8387163248713028,0.0455433698222578,0.2047495481722152,0.0525055921849869,0.3027985101794599,0.0447152231896085,0.2010264453469952,0.7542583314633963,-0.8535831071244682,0.0683214254801594,0.3914968086627235
0.05,-0.8346424848343243,0.0455229121151293,0.2046575763592478,0.0537839013392912,0.3039643898136684,0.0447152231896085,0.2010264453469952,0.7542583314633963,-0.8535831071244682,0.0683214254801594,0.3914968086627235
0.05,-0.8305686447973457,0.0454975368206095,0.2045434965248406,0.0550873671755705,0.3051284005210207,0.0447152231896085,0.2010264453469952,0.7542583314633963,-0.8535831071244682,0.0683214254801594,0.3914968086627235
0.05,-0.8264948047603673,0.0454672521733363,0.2044073456894956,0.0564163136863138,0.3062909115491458,0.0447152231896085,0.2010264453469952,0.7542583314633963,-0.8535831071244682,0.0683214254801594,0.3914968086627235
0.05,-0.8224209647233887,0.0454320679970899,0.2042491680180283,0.0577710643215219,0.3074523003366403,0.0447152231896085,0.2010264453469952,0.7542583314633963,-0.8535831071244682,0.0683214254801594,0.3914968086627235
0.05,-0.8183471246864102,0.0453919956994817,0.2040690147956924,0.0591519418338551,0.3086129523290293,0.0447152231896085,0.2010264453469952,0.7542583314633963,-0.8535831071244682,0.0683214254801594,0.3914968086627235
0.05,-0.8142732846494316,0.04534704826579,0.2038669444004672,0.0605592681204364,0.3097732607866937,0.0447152231896085,0.2010264453469952,0.7542583314633963,-0.8535831071244682,0.0683214254801594,0.3914968086627235
0.05,-0.8101994446124532,0.0452972402519476,0.2036430222715299,0.0619933640613334,0.310933626584811,0.0447152231896085,0.2010264453469952,0.7542583314633963,-0.8535831071244682,0.0683214254801594,0.3914968086627235
0.05,-0.8061256045754746,0.0452425877766855,0.2033973208739371,0.0634545493547456,0.3120944580053683,0.0447152231896085,0.2010264453469952,0.7542583314633963,-0.8535831071244682,0.0683214254801594,0.3914968086627235
0.05,-0.8020517645384961,0.0451831085128393,0.2031299196595418,0.0649431423489276,0.3132561705213088,0.0447152231896085,0.2010264453469952,0.7542583314633963,-0.8535831071244682,0.0683214254801594,0.3914968086627235
0.05,-0.7979779245015175,0.0451188216778252,0.2028409050241747,0.0664594598708804,0.3144191865728805,0.0447152231896085,0.2010264453469952,0.7542583314633963,-0.8535831071244682,0.0683214254801594,0.3914968086627235
0.05,-0.7939040844645391,0.0450497480232918,0.2025303702611233,0.0680038170518486,0.3155839353362637,0.0447152231896085,0.2010264453469952,0.7542583314633963,-0.8535831071244682,0.0683214254801594,0.3914968086627235
0.05,-0.7898302444275607,0.0449759098239565,0.2021984155109426,0.0695765271496614,0.3167508524845606,0.0447152231896085,0.2010264453469952,0.7542583314633963,-0.8535831071244682,0.0683214254801594,0.3914968086627235
0.05,-0.785756404390582,0.0448973308656347,0.2018451477076369,0.0711779013679626,0.3179203799412343,0.0447152231896085,0.2010264453469952,0.7542583314633963,-0.8535831071244682,0.0683214254801594,0.3914968086627235
0.05,-0.7816825643536036,0.0448140364324693,0.2014706805212512,0.0728082486723742,0.3190929656260949,0.0447152231896085,0.2010264453469952,0.7542583314633963,-0.8535831071244682,0.0683214254801594,0.3914968086627235
0.05,-0.777608724316625,0.0447260532933735,0.2010751342969172,0.0744678756036452,0.320269063193936,0.0447152231896085,0.2010264453469952,0.7542583314633963,-0.8535831071244682,0.0683214254801594,0.3914968086627235
0.05,-0.7735348842796466,0.0446334096876928,0.2006586359903976,0.0761570860878364,0.3214491317659269,0.0447152231896085,0.2010264453469952,0.7542583314633963,-0.8535831071244682,0.0683214254801594,0.3914968086627235
0.05,-0.7694610442426679,0.0445361353101007,0.2002213191001795,0.0778761812436022,0.3226336356538826,0.0447152231896085,0.2010264453469952,0.7542583314633963,-0.8535831071244682,0.0683214254801594,0.3914968086627235
0.05,-0.7653872042056895,0.0444342612947369,0.1997633235961658,0.079625459186625,0.3238230440775278,0.0447152231896085,0.2010264453469952,0.7542583314633963,-0.8535831071244682,0.0683214254801594,0.3914968086627235
0.05,-0.7613133641687109,0.0443278201986012,0.1992847958450182,0.0814052148312701,0.3250178308748896,0.0447152231896085,0.2010264453469952,0.7542583314633963,-0.8535831071244682,0.0683214254801594,0.3914968086627235
0.05,-0.7572395241317325,0.0442168459842153,0.1987858885322091,0.0832157396895257,0.3262184742059502,0.0447152231896085,0.2010264453469952,0.7542583314633963,-0.8535831071244682,0.0683214254801594,0.3914968086627235
0.05,-0.7531656840947538,0.0441013740015641,0.1982667605808378,0.0850573216673019,0.327425456249704,0.0447152231896085,0.2010264453469952,0.7542583314633963,-0.8535831071244682,0.0683214254801594,0.3914968086627235
0.05,-0.7490918440577754,0.0439814409693328,0.1977275770672744,0.0869302448581606,0.3286392628947679,0.0447152231896085,0.2010264453469952,0.7542583314633963,-0.8535831071244682,0.0683214254801594,0.3914968086627235
0.05,-0.7450180040207968,0.0438570849554503,0.1971685091336913,0.0888347893345566,0.3298603834236984,0.0447152231896085,0.2010264453469952,0.7542583314633963,-0.8535831071244682,0.0683214254801594,0.3914968086627235
0.05,-0.7409441639838183,0.0437283453569561,0.1965897338975498,0.0907712309366715,0.3310893101911775,0.0447152231896085,0.2010264453469952,0.7542583314633963,-0.8535831071244682,0.0683214254801594,0.3914968086627235
0.05,-0.7368703239468397,0.0435952628792041,0.1959914343581061,0.0927398410589256,0.3323265382962359,0.0447152231896085,0.2010264453469952,0.7542583314633963,-0.8535831071244682,0.0683214254801594,0.3914968086627235
0.05,-0.7327964839098613,0.043457879514419,0.1953737993000086,0.0947408864342577,0.3335725652486854,0.0447152231896085,0.2010264453469952,0.7542583314633963,-0.8535831071244682,0.0683214254801594,0.3914968086627235
0.05,-0.7287226438728827,0.0433162385196216,0.1947370231940547,0.0967746289162654,0.3348278906299418,0.0447152231896085,0.2010264453469952,0.7542583314633963,-0.8535831071244682,0.0683214254801594,0.3914968086627235
0.05,-0.7246488038359042,0.0431703843939384,0.1940813060951831,0.0988413252593026,0.3360930157484241,0.0447152231896085,0.2010264453469952,0.7542583314633963,-0.8535831071244682,0.0683214254801594,0.3914968086627235
0.05,-0.7205749637989256,0.0430203628553128,0.1934068535377732,0.1009412268966352,0.3373684432897213,0.0447152231896085,0.2010264453469952,0.7542583314633963,-0.8535831071244682,0.0683214254801594,0.3914968086627235
0.05,-0.7165011237619472,0.0428662208166348,0.1927138764283315,0.1030745797167576,0.3386546769617241,0.0447152231896085,0.2010264453469952,0.7542583314633963,-0.8535831071244682,0.0683214254801594,0.3914968086627235
0.05,-0.7124272837249686,0.0427080063613064,0.1920025909356412,0.105241623837979,0.3399522211349267,0.0447152231896085,0.2010264453469952,0.7542583314633963,-0.8535831071244682,0.0683214254801594,0.3914968086627235
0.05,-0.7083534436879901,0.0425457687182608,0.1912732183784554,0.1074425933813893,0.3412615804781056,0.0447152231896085,0.2010264453469952,0.7542583314633963,-0.8535831071244682,0.0683214254801594,0.3914968086627235
0.05,-0.7042796036510115,0.0423795582364533,0.1905259851108168,0.109677716242322,0.3425832595895923,0.0447152231896085,0.2010264453469952,0.7542583314633963,-0.8535831071244682,0.0683214254801594,0.3914968086627235
0.05,-0.7002057636140331,0.0422094263588432,0.1897611224050856,0.1119472138604277,0.3439177626243566,0.0447152231896085,0.2010264453469952,0.7542583314633963,-0.8535831071244682,0.0683214254801594,0.3914968086627235
0.05,-0.6961319235770544,0.0420354255958834,0.18897886633276,0.1142513009884864,0.3452655929171299,0.0447152231896085,0.2010264453469952,0.7542583314633963,-0.8535831071244682,0.0683214254801594,0.3914968086627235
0.05,-0.692058083540076,0.0418576094985401,0.1881794576431773,0.1165901854600779,0.3466272526017954,0.0447152231896085,0.2010264453469952,0.7542583314633963,-0.8535831071244682,0.0683214254801594,0.3914968086627235
0.05,-0.6879842435030974,0.0416760326308584,0.1873631416401797,0.1189640679562447,0.3480032422272829,0.0447152231896085,0.2010264453469952,0.7542583314633963,-0.8535831071244682,0.0683214254801594,0.3914968086627235
0.05,-0.683910403466119,0.0414907505420966,0.186530168056836,0.1213731417712741,0.3493940603702068,0.0447152231896085,0.2010264453469952,0.7542583314633963,-0.8535831071244682,0.0683214254801594,0.3914968086627235
0.05,-0.6798365634291403,0.0413018197384464,0.1856807909283063,0.1238175925777412,0.350800203244494,0.0447152231896085,0.2010264453469952,0.7542583314633963,-0.8535831071244682,0.0683214254801594,0.3914968086627235
0.05,-0.6757627233921619,0.0411092976543615,0.1848152684629423,0.1262975981909465,0.3522221643082505,0.0447152231896085,0.2010264453469952,0.7542583314633963,-0.8535831071244682,0.0683214254801594,0.3914968086627235
0.05,-0.6716888833551833,0.0409132426235133,0.1839338629117123,0.128813328332895,0.3536604338681207,0.0447152231896085,0.2010264453469952,0.7542583314633963,-0.8535831071244682,0.0683214254801594,0.3914968086627235
0.05,-0.6676150433182049,0.0407137138493946,0.1830368404360454,0.1313649443959578,0.3551154986813978,0.0447152231896085,0.2010264453469952,0.7542583314633963,-0.8535831071244682,0.0683214254801594,0.3914968086627235
0.05,-0.6635412032812262,0.0405107713755922,0.1821244709741864,0.13395259920637,0.3565878415561487,0.0447152231896085,0.2010264453469952,0.7542583314633963,-0.8535831071244682,0.0683214254801594,0.3914968086627235
0.05,-0.6594673632442478,0.04030447605575,0.1811970281061555,0.1365764367877115,0.3580779409496171,0.0447152231896085,0.2010264453469952,0.7542583314633963,-0.8535831071244682,0.0683214254801594,0.3914968086627235
0.05,-0.6553935232072694,0.0400948895232411,0.1802547889174077,0.1392365921245308,0.3595862705651797,0.0447152231896085,0.2010264453469952,0.7542583314633963,-0.8535831071244682,0.0683214254801594,0.3914968086627235
0.05,-0.6513196831702908,0.0398820741605736,0.1792980338612854,0.1419331909262651,0.3611132989481241,0.0447152231896085,0.2010264453469952,0.7542583314633963,-0.8535831071244682,0.0683214254801594,0.3914968086627235
0.05,-0.6472458431333123,0.0396660930685474,0.1783270466203614,0.1446663493916198,0.3626594890805287,0.0447152231896085,0.2010264453469952,0.7542583314633963,-0.8535831071244682,0.0683214254801594,0.3914968086627235
0.05,-0.6431720030963337,0.0394470100351871,0.1773421139667658,0.1474361739735713,0.3642252979755244,0.0447152231896085,0.2010264453469952,0.7542583314633963,-0.8535831071244682,0.0683214254801594,0.3914968086627235
0.05,-0.6390981630593553,0.0392248895044688,0.1763435256215944,0.1502427611451568,0.3658111762712202,0.0447152231896085,0.2010264453469952,0.7542583314633963,-0.8535831071244682,0.0683214254801594,0.3914968086627235
0.05,-0.6350243230223767,0.038999796544865,0.1753315741134933,0.1530861971662236,0.367417567824582,0.0447152231896085,0.2010264453469952,0.7542583314633963,-0.8535831071244682,0.0683214254801594,0.3914968086627235
0.05,-0.6309504829853982,0.0387717968177268,0.1743065546365175,0.1559665578513043,0.3690449093055487,0.0447152231896085,0.2010264453469952,0.7542583314633963,-0.8535831071244682,0.0683214254801594,0.3914968086627235
0.05,-0.6268766429484196,0.0385409565455269,0.1732687649073575,0.1588839083387978,0.3706936297916823,0.0447152231896085,0.2010264453469952,0.7542583314633963,-0.8535831071244682,0.0683214254801594,0.3914968086627235
0.05,-0.6228028029114412,0.0383073424799827,0.172218505022032,0.161838302861625,0.3723641503636398,0.0447152231896085,0.2010264453469952,0.7542583314633963,-0.8535831071244682,0.0683214254801594,0.3914968086627235
0.05,-0.6187289628744626,0.0380710218700819,0.1711560773121415,0.1648297845195446,0.3740568837017682,0.0447152231896085,0.2010264453469952,0.7542583314633963,-0.8535831071244682,0.0683214254801594,0.3914968086627235
0.05,-0.6146551228374841,0.0378320624300329,0.1700817862007795,0.1678583850533028,0.3757722336841153,0.0447152231896085,0.2010264453469952,0.7542583314633963,-0.8535831071244682,0.0683214254801594,0.3914968086627235
0.05,-0.6105812828005055,0.0375905323071582,0.1689959380581943,0.1709241246208044,0.3775105949861569,0.0447152231896085,0.2010264453469952,0.7542583314633963,-0.8535831071244682,0.0683214254801594,0.3914968086627235
0.05,-0.6065074427635271,0.0373465000497558,0.1678988410573005,0.1740270115754849,0.3792723526825413,0.0447152231896085,0.2010264453469952,0.7542583314633963,-0.8535831071244682,0.0683214254801594,0.3914968086627235
0.05,-0.6024336027265484,0.0371000345749461,0.1667908050291304,0.1771670422470744,0.3810578818511509,0.0447152231896085,0.2010264453469952,0.7542583314633963,-0.8535831071244682,0.0683214254801594,0.3914968086627235
0.05,-0.59835976268957,0.0368512051365279,0.1656721413183225,0.1803442007249338,0.3828675471797844,0.0447152231896085,0.2010264453469952,0.7542583314633963,-0.8535831071244682,0.0683214254801594,0.3914968086627235
0.05,-0.5942859226525914,0.0366000812928626,0.1645431626387384,0.1835584586441604,0.3847017025757615,0.0447152231896085,0.2010264453469952,0.7542583314633963,-0.8535831071244682,0.0683214254801594,0.3914968086627235
0.05,-0.590212082615613,0.0363467328748075,0.1634041829293017,0.1868097749746446,0.386560690778754,0.0447152231896085,0.2010264453469952,0.7542583314633963,-0.8535831071244682,0.0683214254801594,0.3914968086627235
0.05,-0.5861382425786343,0.0360912299537196,0.1622555172101511,0.1900980958132768,0.3884448429771476,0.0447152231896085,0.2010264453469952,0.7542583314633963,-0.8535831071244682,0.0683214254801594,0.3914968086627235
0.05,-0.5820644025416559,0.0358336428095488,0.1610974814391972,0.1934233541794887,0.3903544784282348,0.0447152231896085,0.2010264453469952,0.7542583314633963,-0.8535831071244682,0.0683214254801594,0.3914968086627235
0.05,-0.5779905625046773,0.0355740418990411,0.1599303923691748,0.1967854698143311,0.3922899040825471,0.0447152231896085,0.2010264453469952,0.7542583314633963,-0.8535831071244682,0.0683214254801594,0.3914968086627235
0.05,-0.5739167224676989,0.0353124978240723,0.1587545674052785,0.2001843489832728,0.3942514142126238,0.0447152231896085,0.2010264453469952,0.7542583314633963,-0.8535831071244682,0.0683214254801594,0.3914968086627235
0.05,-0.5698428824307202,0.0350490813001305,0.1575703244634701,0.203619884282923,0.3962392900465238,0.0447152231896085,0.2010264453469952,0.7542583314633963,-0.8535831071244682,0.0683214254801594,0.3914968086627235
0.05,-0.5657690423937418,0.0347838631249674,0.1563779818295448,0.2070919544518658,0.3982537994063782,0.0447152231896085,0.2010264453469952,0.7542583314633963,-0.8535831071244682,0.0683214254801594,0.3914968086627235
0.05,-0.5616952023567632,0.0345169141474377,0.1551778580190415,0.2106004241858068,0.4002951963522861,0.0447152231896085,0.2010264453469952,0.7542583314633963,-0.8535831071244682,0.0683214254801594,0.3914968086627235
0.05,-0.5576213623197848,0.0342483052365446,0.1539702716380815,0.2141451439572221,0.4023637208318483,0.0447152231896085,0.2010264453469952,0.7542583314633963,-0.8535831071244682,0.0683214254801594,0.3914968086627235
0.05,-0.5535475222828061,0.033978107250711,0.152755541245219,0.2177259498397095,0.4044595983356396,0.0447152231896085,0.2010264453469952,0.7542583314633963,-0.8535831071244682,0.0683214254801594,0.3914968086627235
0.05,-0.5494736822458277,0.0337063910072931,0.1515339852143852,0.2213426633372322,0.4065830395589106,0.0447152231896085,0.2010264453469952,0.7542583314633963,-0.8535831071244682,0.0683214254801594,0.3914968086627235
0.05,-0.5453998422088491,0.0334332272523553,0.1503059215990047,0.2249950912184528,0.4087342400698129,0.0447152231896085,0.2010264453469952,0.7542583314633963,-0.8535831071244682,0.0683214254801594,0.3914968086627235
0.05,-0.5413260021718707,0.0331586866307242,0.1490716679973658,0.2286830253563478,0.4109133799844379,0.0447152231896085,0.2010264453469952,0.7542583314633963,-0.8535831071244682,0.0683214254801594,0.3914968086627235
0.05,-0.537252162134892,0.032882839656337,0.1478315414193179,0.2324062425732999,0.4131206236489549,0.0447152231896085,0.2010264453469952,0.7542583314633963,-0.8535831071244682,0.0683214254801594,0.3914968086627235
0.05,-0.5331783220979136,0.0326057566829038,0.1465858581543755,0.2361645044918533,0.4153561193291328,0.0447152231896085,0.2010264453469952,0.7542583314633963,-0.8535831071244682,0.0683214254801594,0.3914968086627235
0.05,-0.529104482060935,0.0323275078748974,0.1453349336412993,0.2399575573913315,0.4176199989075283,0.0447152231896085,0.2010264453469952,0.7542583314633963,-0.8535831071244682,0.0683214254801594,0.3914968086627235
0.05,-0.5250306420239566,0.0320481631788893,0.1440790823392283,0.2437851320704964,0.419912377588614,0.0447152231896085,0.2010264453469952,0.7542583314633963,-0.8535831071244682,0.0683214254801594,0.3914968086627235
0.05,-0.5209568019869781,0.0317677922952447,0.142818617600433,0.2476469437164467,0.4222333536121245,0.0447152231896085,0.2010264453469952,0.7542583314633963,-0.8535831071244682,0.0683214254801594,0.3914968086627235
0.05,-0.5168829619499995,0.031486464650195,0.1415538515447574,0.2515426917799345,0.424583007974887,0.0447152231896085,0.2010264453469952,0.7542583314633963,-0.8535831071244682,0.0683214254801594,0.3914968086627235
0.05,-0.5128091219130211,0.0312042493682996,0.1402850949358175,0.2554720598572852,0.4269614041614024,0.0447152231896085,0.2010264453469952,0.7542583314633963,-0.8535831071244682,0.0683214254801594,0.3914968086627235
0.05,-0.5087352818760424,0.0309212152453128,0.1390126570590194,0.2594347155791074,0.4293685878834398,0.0447152231896085,0.2010264453469952,0.7542583314633963,-0.8535831071244682,0.0683214254801594,0.3914968086627235
0.05,-0.504661441839064,0.0306374307214704,0.1377368456014623,0.2634303105059652,0.4318045868288981,0.0447152231896085,0.2010264453469952,0.7542583314633963,-0.8535831071244682,0.0683214254801594,0.3914968086627235
0.05,-0.5005876018020854,0.0303529638552079,0.1364579665337842,0.2674584800311966,0.4342694104201887,0.0447152231896085,0.2010264453469952,0.7542583314633963,-0.8535831071244682,0.0683214254801594,0.3914968086627235
0.05,-0.496513761765107,0.0300678822973248,0.1351763239940115,0.2715188432910462,0.4367630495823825,0.0447152231896085,0.2010264453469952,0.7542583314633963,-0.8535831071244682,0.0683214254801594,0.3914968086627235
0.05,-0.4924399217281283,0.0297822532656064,0.1338922201734677,0.2756110030822918,0.4392854765213661,0.0447152231896085,0.2010264453469952,0.7542583314633963,-0.8535831071244682,0.0683214254801594,0.3914968086627235
0.05,-0.4883660816911499,0.0294961435199171,0.1326059552047974,0.2797345457875231,0.4418366445122377,0.0447152231896085,0.2010264453469952,0.7542583314633963,-0.8535831071244682,0.0683214254801594,0.3914968086627235
0.05,-0.4842922416541713,0.0292096193377738,0.1313178270521554,0.2838890413082473,0.4444164876981766,0.0447152231896085,0.2010264453469952,0.7542583314633963,-0.8535831071244682,0.0683214254801594,0.3914968086627235
0.05,-0.4802184016171928,0.0289227464904148,0.130028131403615,0.2880740430059766,0.4470249209000065,0.0447152231896085,0.2010264453469952,0.7542583314633963,-0.8535831071244682,0.0683214254801594,0.3914968086627235
0.05,-0.4761445615802142,0.0286355902193705,0.1287371615658403,0.29228908765146,0.4496618394366708,0.0447152231896085,0.2010264453469952,0.7542583314633963,-0.8535831071244682,0.0683214254801594,0.3914968086627235
0.05,-0.4720707215432358,0.0283482152135495,0.1274452083610714,0.296533695382209,0.45232711895683,0.0447152231896085,0.2010264453469952,0.7542583314633963,-0.8535831071244682,0.0683214254801594,0.3914968086627235
0.05,-0.4679968815062572,0.0280606855868485,0.1261525600264639,0.3008073696684733,0.4550206152817858,0.0447152231896085,0.2010264453469952,0.7542583314633963,-0.8535831071244682,0.0683214254801594,0.3914968086627235
0.05,-0.4639230414692787,0.0277730648562952,0.1248595021158267,0.3051095972878055,0.4577421642599275,0.0447152231896085,0.2010264453469952,0.7542583314633963,-0.8535831071244682,0.0683214254801594,0.3914968086627235
0.05,-0.4598492014323001,0.0274854159207332,0.1235663174037952,0.3094398483083629,0.4604915816328914,0.0447152231896085,0.2010264453469952,0.7542583314633963,-0.8535831071244682,0.0683214254801594,0.3914968086627235
0.05,-0.4557753613953217,0.0271978010400572,0.1222732857924797,0.3137975760810764,0.4632686629136133,0.0447152231896085,0.2010264453469952,0.7542583314633963,-0.8535831071244682,0.0683214254801594,0.3914968086627235
0.05,-0.451701521358343,0.0269102818150064,0.1209806842206216,0.3181822172408262,0.4660731832764542,0.0447152231896085,0.2010264453469952,0.7542583314633963,-0.8535831071244682,0.0683214254801594,0.3914968086627235
0.05,-0.4476276813213646,0.0266229191675232,0.1196887865752918,0.3225931917167431,0.4689048974595582,0.0447152231896085,0.2010264453469952,0.7542583314633963,-0.8535831071244682,0.0683214254801594,0.3914968086627235
0.05,-0.443553841284386,0.0263357733216836,0.1183978636061604,0.3270299027517647,0.4717635396796088,0.0447152231896085,0.2010264453469952,0.7542583314633963,-0.8535831071244682,0.0683214254801594,0.3914968086627235
0.05,-0.4394800012474076,0.0260489037852065,0.1171081828423679,0.3314917369315564,0.4746488235591309,0.0447152231896085,0.2010264453469952,0.7542583314633963,-0.8535831071244682,0.0683214254801594,0.3914968086627235
0.05,-0.4354061612104289,0.0257623693315471,0.1158200085120207,0.3359780642229145,0.4775604420664823,0.0447152231896085,0.2010264453469952,0.7542583314633963,-0.8535831071244682,0.0683214254801594,0.3914968086627235
0.05,-0.4313323211734505,0.0254762279825793,0.1145336014643385,0.3404882380217502,0.4804980674686681,0.0447152231896085,0.2010264453469952,0.7542583314633963,-0.8535831071244682,0.0683214254801594,0.3914968086627235
0.05,-0.4272584811364719,0.0251905369918727,0.1132492190944715,0.34502159521076,0.4834613512971043,0.0447152231896085,0.2010264453469952,0.7542583314633963,-0.8535831071244682,0.0683214254801594,0.3914968086627235
0.05,-0.4231846410994935,0.0249053528285681,0.1119671152710088,0.3495774562268705,0.4864499243264474,0.0447152231896085,0.2010264453469952,0.7542583314633963,-0.8535831071244682,0.0683214254801594,0.3914968086627235
0.05,-0.4191108010625148,0.0246207311618547,0.1106875402661941,0.3541551251385491,0.4894633965665979,0.0447152231896085,0.2010264453469952,0.7542583314633963,-0.8535831071244682,0.0683214254801594,0.3914968086627235
0.05,-0.4150369610255364,0.0243367268460534,0.1094107406888635,0.3587538897330577,0.4925013572679746,0.0447152231896085,0.2010264453469952,0.7542583314633963,-0.8535831071244682,0.0683214254801594,0.3914968086627235
0.05,-0.4109631209885578,0.0240533939063081,0.1081369594201177,0.3633730216137278,0.4955633749401536,0.0447152231896085,0.2010264453469952,0.7542583314633963,-0.8535831071244682,0.0683214254801594,0.3914968086627235
0.05,-0.4068892809515794,0.0237707855248876,0.1068664355517402,0.3680117763073179,0.4986489973839458,0.0447152231896085,0.2010264453469952,0.7542583314633963,-0.8535831071244682,0.0683214254801594,0.3914968086627235
0.05,-0.4028154409146007,0.0234889540280999,0.1055994043273669,0.3726693933815244,0.5017577517369913,0.0447152231896085,0.2010264453469952,0.7542583314633963,-0.8535831071244682,0.0683214254801594,0.3914968086627235
0.05,-0.3987416008776223,0.0232079508738202,0.1043360970864165,0.3773450965726868,0.5048891445329236,0.0447152231896085,0.2010264453469952,0.7542583314633963,-0.8535831071244682,0.0683214254801594,0.3914968086627235
0.05,-0.3946677608406439,0.0229278266396333,0.103076741210782,0.3820380939237466,0.5080426617741619,0.0447152231896085,0.2010264453469952,0.7542583314633963,-0.8535831071244682,0.0683214254801594,0.3914968086627235
0.05,-0.3905939208036653,0.0226486310115912,0.1018215600742879,0.3867475779324906,0.5112177690183699,0.0447152231896085,0.2010264453469952,0.7542583314633963,-0.8535831071244682,0.0683214254801594,0.3914968086627235
0.05,-0.3865200807666868,0.0223704127735855,0.1005707729949115,0.3914727257101132,0.5144139114786103,0.0447152231896085,0.2010264453469952,0.7542583314633963,-0.8535831071244682,0.0683214254801594,0.3914968086627235
0.05,-0.3824462407297082,0.0220932197973335,0.0993245951897644,0.3962126991501261,0.5176305141372242,0.0447152231896085,0.2010264453469952,0.7542583314633963,-0.8535831071244682,0.0683214254801594,0.3914968086627235
0.05,-0.3783724006927298,0.0218170990329784,0.0980832377328324,0.400966645107625,0.5208669818734359,0.0447152231896085,0.2010264453469952,0.7542583314633963,-0.8535831071244682,0.0683214254801594,0.3914968086627235
0.05,-0.3742985606557512,0.0215420965003007,0.0968469075154652,0.4057336955889322,0.5241226996046982,0.0447152231896085,0.2010264453469952,0.7542583314633963,-0.8535831071244682,0.0683214254801594,0.3914968086627235
0.05,-0.3702247206187727,0.0212682572805394,0.0956158072096078,0.4105129679516061,0.5273970324417534,0.0447152231896085,0.2010264453469952,0.7542583314633963,-0.8535831071244682,0.0683214254801594,0.3914968086627235
0.05,-0.3661508805817941,0.0209956255088214,0.0943901352337636,0.4153035651148217,0.5306893258574068,0.0447152231896085,0.2010264453469952,0.7542583314633963,-0.8535831071244682,0.0683214254801594,0.3914968086627235
0.05,-0.3620770405448157,0.0207242443671949,0.0931700857216757,0.4201045757800994,0.53399890586897,0.0447152231896085,0.2010264453469952,0.7542583314633963,-0.8535831071244682,0.0683214254801594,0.3914968086627235
0.05,-0.358003200507837,0.0204541560782648,0.0919558484937133,0.4249150746623664,0.5373250792343445,0.0447152231896085,0.2010264453469952,0.7542583314633963,-0.8535831071244682,0.0683214254801594,0.3914968086627235
0.05,-0.3539293604708586,0.020185401899426,0.0907476090309463,0.4297341227313141,0.5406671336616865,0.0447152231896085,0.2010264453469952,0.7542583314633963,-0.8535831071244682,0.0683214254801594,0.3914968086627235
0.05,-0.34985552043388,0.0199180221176905,0.0895455484518897,0.4345607674630195,0.5440243380325998,0.0447152231896085,0.2010264453469952,0.7542583314633963,-0.8535831071244682,0.0683214254801594,0.3914968086627235
0.05,-0.3457816803969016,0.0196520560451043,0.0883498434918993,0.4393940431017769,0.5473959426387806,0.0447152231896085,0.2010264453469952,0.7542583314633963,-0.8535831071244682,0.0683214254801594,0.3914968086627235
0.05,-0.3417078403599229,0.019387542014749,0.0871606664851951,0.4442329709320907,0.550781179432035,0.0447152231896085,0.2010264453469952,0.7542583314633963,-0.8535831071244682,0.0683214254801594,0.3914968086627235
0.05,-0.3376340003229445,0.0191245173773229,0.0859781853494923,0.4490765595607611,0.5541792622875765,0.0447152231896085,0.2010264453469952,0.7542583314633963,-0.8535831071244682,0.0683214254801594,0.3914968086627235
0.05,-0.3335601602859659,0.0188630184982961,0.0848025635732111,0.4539238052089944,0.5575893872805017,0.0447152231896085,0.2010264453469952,0.7542583314633963,-0.8535831071244682,0.0683214254801594,0.3914968086627235
0.05,-0.3294863202489875,0.0186030807556342,0.0836339602052424,0.4587736920144527,0.5610107329753293,0.0447152231896085,0.2010264453469952,0.7542583314633963,-0.8535831071244682,0.0683214254801594,0.3914968086627235
0.05,-0.3254124802120088,0.0183447385380834,0.082472529847239,0.4636251923431623,0.5644424607284848,0.0447152231896085,0.2010264453469952,0.7542583314633963,-0.8535831071244682,0.0683214254801594,0.3914968086627235
0.05,-0.3213386401750304,0.0180880252440113,0.0813184226484046,0.468477267111172,0.567883715003588,0.0447152231896085,0.2010264453469952,0.7542583314633963,-0.8535831071244682,0.0683214254801594,0.3914968086627235
0.05,-0.3172648001380518,0.0178329732807964,0.0801717843027464,0.473328866115867,0.57133362369941,0.0447152231896085,0.2010264453469952,0.7542583314633963,-0.8535831071244682,0.0683214254801594,0.3914968086627235
0.05,-0.3131909601010734,0.017579614064758,0.0790327560487638,0.4781789283768147,0.5747912984903367,0.0447152231896085,0.2010264453469952,0.7542583314633963,-0.8535831071244682,0.0683214254801594,0.3914968086627235
0.05,-0.3091171200640947,0.0173279780216207,0.0779014746715341,0.4830263824860278,0.5782558351791828,0.0447152231896085,0.2010264453469952,0.7542583314633963,-0.8535831071244682,0.0683214254801594,0.3914968086627235
0.05,-0.3050432800271163,0.0170780945875044,0.0767780725071638,0.4878701469675054,0.5817263140621737,0.0447152231896085,0.2010264453469952,0.7542583314633963,-0.8535831071244682,0.0683214254801594,0.3914968086627235
0.05,-0.3009694399901377,0.0168299922104318,0.0756626774495667,0.4927091306459198,0.5852018003059184,0.0447152231896085,0.2010264453469952,0.7542583314633963,-0.8535831071244682,0.0683214254801594,0.3914968086627235
0.05,-0.2968955999531593,0.0165836983523461,0.0745554129595334,0.4975422330242943,0.5886813443361739,0.0447152231896085,0.2010264453469952,0.7542583314633963,-0.8535831071244682,0.0683214254801594,0.3914968086627235
0.05,-0.2928217599161806,0.0163392394916285,0.0734563980760506,0.5023683446705232,0.5921639822382023,0.0447152231896085,0.2010264453469952,0.7542583314633963,-0.8535831071244682,0.0683214254801594,0.3914968086627235
0.05,-0.2887479198792022,0.0160966411261082,0.0723657474298324,0.50718634761256,0.5956487361685007,0.0447152231896085,0.2010264453469952,0.7542583314633963,-0.8535831071244682,0.0683214254801594,0.3914968086627235
0.05,-0.2846740798422236,0.0158559277765548,0.0712835712590217,0.5119951157421109,0.5991346147776875,0.0447152231896085,0.2010264453469952,0.7542583314633963,-0.8535831071244682,0.0683214254801594,0.3914968086627235
0.05,-0.2806002398052452,0.0156171229906444,0.0702099754270191,0.5167935152266431,0.6026206136443067,0.0447152231896085,0.2010264453469952,0.7542583314633963,-0.8535831071244682,0.0683214254801594,0.3914968086627235
0.05,-0.2765263997682665,0.0153802493473887,0.0691450614423975,0.5215804049295272,0.6061057157193135,0.0447152231896085,0.2010264453469952,0.7542583314633963,-0.8535831071244682,0.0683214254801594,0.3914968086627235
0.05,-0.2724525597312881,0.015145328462019,0.0680889264808568,0.5263546368381095,0.6095888917809853,0.0447152231896085,0.2010264453469952,0.7542583314633963,-0.8535831071244682,0.0683214254801594,0.3914968086627235
0.05,-0.2683787196943097,0.0149123809913136,0.0670416634091752,0.5311150564995144,0.6130691009000033,0.0447152231896085,0.2010264453469952,0.7542583314633963,-0.8535831071244682,0.0683214254801594,0.3914968086627235
0.05,-0.264304879657331,0.0146814266393592,0.0660033608111106,0.5358605034639611,0.6165452909144309,0.0447152231896085,0.2010264453469952,0.7542583314633963,-0.8535831071244682,0.0683214254801594,0.3914968086627235
0.05,-0.2602310396203526,0.0144524841637357,0.0649741030152055,0.5405898117353735,0.6200163989143147,0.0447152231896085,0.2010264453469952,0.7542583314633963,-0.8535831071244682,0.0683214254801594,0.3914968086627235
0.05,-0.256157199583374,0.0142255713821139,0.0639539701244493,0.5453018102290602,0.6234813517356235,0.0447152231896085,0.2010264453469952,0.7542583314633963,-0.8535831071244682,0.0683214254801594,0.3914968086627235
0.05,-0.2520833595463956,0.0140007051792559,0.0629430380477485,0.5499953232362216,0.6269390664632262,0.0447152231896085,0.2010264453469952,0.7542583314633963,-0.8535831071244682,0.0683214254801594,0.3914968086627235
0.05,-0.2480095195094169,0.0137779015144067,0.0619413785331575,0.5546691708950483,0.6303884509426125,0.0447152231896085,0.2010264453469952,0.7542583314633963,-0.8535831071244682,0.0683214254801594,0.3914968086627235
0.05,-0.2439356794724385,0.0135571754290661,0.0609490592028209,0.559322169668156,0.6338284043000432,0.0447152231896085,0.2010264453469952,0.7542583314633963,-0.8535831071244682,0.0683214254801594,0.3914968086627235
0.05,-0.2398618394354599,0.0133385410551314,0.0599661435895767,0.5639531328261026,0.6372578174708108,0.0447152231896085,0.2010264453469952,0.7542583314633963,-0.8535831071244682,0.0683214254801594,0.3914968086627235
0.05,-0.2357879993984815,0.013122011623397,0.0589926911751719,0.5685608709367223,0.6406755737352912,0.0447152231896085,0.2010264453469952,0.7542583314633963,-0.8535831071244682,0.0683214254801594,0.3914968086627235
0.05,-0.2317141593615028,0.0129075994724025,0.0580287574300385,0.5731441923600078,0.6440805492624488,0.0447152231896085,0.2010264453469952,0.7542583314633963,-0.8535831071244682,0.0683214254801594,0.3914968086627235
0.05,-0.2276403193245244,0.0126953160576161,0.057074393854581,0.5777019037482621,0.6474716136604594,0.0447152231896085,0.2010264453469952,0.7542583314633963,-0.8535831071244682,0.0683214254801594,0.3914968086627235
0.05,-0.223566479287546,0.0124851719609432,0.0561296480219214,0.5822328105512383,0.650847630534103,0.0447152231896085,0.2010264453469952,0.7542583314633963,-0.8535831071244682,0.0683214254801594,0.3914968086627235
0.05,-0.2194926392505674,0.0122771769005468,0.0551945636220537,0.5867357175259762,0.6542074580485768,0.0447152231896085,0.2010264453469952,0.7542583314633963,-0.8535831071244682,0.0683214254801594,0.3914968086627235
0.05,-0.2154187992135887,0.0120713397409717,0.0542691805073538,0.591209429251042,0.6575499494993677,0.0447152231896085,0.2010264453469952,0.7542583314633963,-0.8535831071244682,0.0683214254801594,0.3914968086627235
0.05,-0.2113449591766101,0.0118676685035569,0.0533535347393941,0.5956527506448712,0.6608739538878223,0.0447152231896085,0.2010264453469952,0.7542583314633963,-0.8535831071244682,0.0683214254801594,0.3914968086627235
0.05,-0.2072711191396319,0.0116661703771273,0.0524476586370107,0.6000644874879046,0.6641783165020427,0.0447152231896085,0.2010264453469952,0.7542583314633963,-0.8535831071244682,0.0683214254801594,0.3914968086627235
0.05,-0.2031972791026532,0.0114668517289534,0.0515515808255709,0.6044434469482124,0.6674618795027368,0.0447152231896085,0.2010264453469952,0.7542583314633963,-0.8535831071244682,0.0683214254801594,0.3914968086627235
0.05,-0.1991234390656746,0.0112697181159645,0.0506653262873903,0.6087884381102804,0.6707234825136353,0.0447152231896085,0.2010264453469952,0.7542583314633963,-0.8535831071244682,0.0683214254801594,0.3914968086627235
0.05,-0.195049599028696,0.0110747742962083,0.0497889164132453,0.6130982725066468,0.6739619632161005,0.0447152231896085,0.2010264453469952,0.7542583314633963,-0.8535831071244682,0.0683214254801594,0.3914968086627235
0.05,-0.1909757589917178,0.0108820242405403,0.0489223690549314,0.6173717646520579,0.6771761579475297,0.0447152231896085,0.2010264453469952,0.7542583314633963,-0.8535831071244682,0.0683214254801594,0.3914968086627235
0.05,-0.1869019189547391,0.0106914711445362,0.0480656985788136,0.6216077325798152,0.6803649023031652,0.0447152231896085,0.2010264453469952,0.7542583314633963,-0.8535831071244682,0.0683214254801594,0.3914968086627235
0.05,-0.1828280789177605,0.0105031174406128,0.0472189159203192,0.625804998379975,0.6835270317409071,0.0447152231896085,0.2010264453469952,0.7542583314633963,-0.8535831071244682,0.0683214254801594,0.3914968086627235
0.05,-0.1787542388807819,0.0103169648103463,0.0463820286393189,0.6299623887390708,0.6866613821887362,0.0447152231896085,0.2010264453469952,0.7542583314633963,-0.8535831071244682,0.0683214254801594,0.3914968086627235
0.05,-0.1746803988438037,0.0101330141969782,0.0455550409763484,0.6340787354810093,0.6897667906543361,0.0447152231896085,0.2010264453469952,0.7542583314633963,-0.8535831071244682,0.0683214254801594,0.3914968086627235
0.05,-0.170606558806825,0.0099512658180958,0.0447379539096152,0.6381528761088021,0.6928420958365132,0.0447152231896085,0.2010264453469952,0.7542583314633963,-0.8535831071244682,0.0683214254801594,0.3914968086627235
0.05,-0.1665327187698464,0.0097717191784764,0.043930765212745,0.6421836543467762,0.6958861387379977,0.0447152231896085,0.2010264453469952,0.7542583314633963,-0.8535831071244682,0.0683214254801594,0.3914968086627235
0.05,-0.1624588787328678,0.009594373083085,0.0431334695132125,0.6461699206829252,0.6988977632792228,0.0447152231896085,0.2010264453469952,0.7542583314633963,-0.8535831071244682,0.0683214254801594,0.3914968086627235
0.05,-0.1583850386958896,0.0094192256502127,0.0423460583514104,0.6501105329110385,0.7018758169126615,0.0447152231896085,0.2010264453469952,0.7542583314633963,-0.8535831071244682,0.0683214254801594,0.3914968086627235
0.05,-0.1543111986589109,0.0092462743247464,0.0415685202403042,0.6540043566722604,0.7048191512373111,0.0447152231896085,0.2010264453469952,0.7542583314633963,-0.8535831071244682,0.0683214254801594,0.3914968086627235
0.05,-0.1502373586219323,0.009075515891558,0.040800840725627,0.6578502659957168,0.707726622612902,0.0447152231896085,0.2010264453469952,0.7542583314633963,-0.8535831071244682,0.0683214254801594,0.3914968086627235
0.05,-0.1461635185849537,0.0089069464890024,0.040043002446562,0.6616471438378569,0.7105970927734214,0.0447152231896085,0.2010264453469952,0.7542583314633963,-0.8535831071244682,0.0683214254801594,0.3914968086627235
0.05,-0.1420896785479755,0.0087405616225137,0.0392949851968677,0.6653938826201482,0.7134294294395297,0.0447152231896085,0.2010264453469952,0.7542583314633963,-0.8535831071244682,0.0683214254801594,0.3914968086627235
0.05,-0.1380158385109968,0.0085763561782891,0.0385567659863962,0.6690893847647665,0.7162225069294519,0.0447152231896085,0.2010264453469952,0.7542583314633963,-0.8535831071244682,0.0683214254801594,0.3914968086627235
0.05,-0.1339419984740182,0.0084143244370503,0.03782831910296,0.6727325632279156,0.718975206767926,0.0447152231896085,0.2010264453469952,0.7542583314633963,-0.8535831071244682,0.0683214254801594,0.3914968086627235
0.05,-0.12986815843704,0.0082544600878711,0.037109616174498,0.6763223420304222,0.7216864182927915,0.0447152231896085,0.2010264453469952,0.7542583314633963,-0.8535831071244682,0.0683214254801594,0.3914968086627235
0.05,-0.1257943184000614,0.0080967562420626,0.0364006262314978,0.6798576567852429,0.7243550392588034,0.0447152231896085,0.2010264453469952,0.7542583314633963,-0.8535831071244682,0.0683214254801594,0.3914968086627235
0.05,-0.1217204783630827,0.0079412054471044,0.0357013157696278,0.683337455221519,0.7269799764382513,0.0447152231896085,0.2010264453469952,0.7542583314633963,-0.8535831071244682,0.0683214254801594,0.3914968086627235
0.05,-0.1176466383261041,0.0077877997006133,0.0350116488125351,0.6867606977048256,0.7295601462179742,0.0447152231896085,0.2010264453469952,0.7542583314633963,-0.8535831071244682,0.0683214254801594,0.3914968086627235
0.05,-0.1135727982891259,0.007636530464339,0.0343315869747658,0.6901263577532524,0.7320944751923573,0.0447152231896085,0.2010264453469952,0.7542583314633963,-0.8535831071244682,0.0683214254801594,0.3914968086627235
0.05,-0.1094989582521472,0.0074873886781769,0.0336610895247648,0.6934334225489603,0.7345819007519022,0.0447152231896085,0.2010264453469952,0.7542583314633963,-0.8535831071244682,0.0683214254801594,0.3914968086627235
0.05,-0.1054251182151686,0.0073403647741906,0.0330001134479132,0.6966808934448553,0.7370213716669592,0.0447152231896085,0.2010264453469952,0.7542583314633963,-0.8535831071244682,0.0683214254801594,0.3914968086627235
0.05,-0.10135127817819,0.0071954486906319,0.0323486135095615,0.6998677864660302,0.7394118486662237,0.0447152231896085,0.2010264453469952,0.7542583314633963,-0.8535831071244682,0.0683214254801594,0.3914968086627235
0.05,-0.0972774381412118,0.0070526298859522,0.0317065423180186,0.7029931328056195,0.7417523050095904,0.0447152231896085,0.2010264453469952,0.7542583314633963,-0.8535831071244682,0.0683214254801594,0.3914968086627235
0.05,-0.0932035981042331,0.0069118973527947,0.0310738503874569,0.7060559793147195,0.7440417270549712,0.0447152231896085,0.2010264453469952,0.7542583314633963,-0.8535831071244682,0.0683214254801594,0.3914968086627235
0.05,-0.0891297580672545,0.0067732396319592,0.0304504862006946,0.7090553889860255,0.7462791148186794,0.0447152231896085,0.2010264453469952,0.7542583314633963,-0.8535831071244682,0.0683214254801594,0.3914968086627235
0.05,-0.0850559180302759,0.0066366448263313,0.0298363962718174,0.7119904414308467,0.7484634825289954,0.0447152231896085,0.2010264453469952,0.7542583314633963,-0.8535831071244682,0.0683214254801594,0.3914968086627235
0.05,-0.0809820779932977,0.0065021006147679,0.0292315252086021,0.7148602333491566,0.7505938591725267,0.0447152231896085,0.2010264453469952,0.7542583314633963,-0.8535831071244682,0.0683214254801594,0.3914968086627235
0.05,-0.076908237956319,0.00636959426593,0.0286358157747065,0.7176638789923463,0.7526692890329829,0.0447152231896085,0.2010264453469952,0.7542583314633963,-0.8535831071244682,0.0683214254801594,0.3914968086627235
0.05,-0.0728343979193404,0.0062391126520561,0.0280492089515901,0.7204005106183424,0.7546888322219888,0.0447152231896085,0.2010264453469952,0.7542583314633963,-0.8535831071244682,0.0683214254801594,0.3914968086627235
0.05,-0.0687605578823618,0.0061106422626683,0.0274716440001311,0.7230692789387728,0.7566515652015723,0.0447152231896085,0.2010264453469952,0.7542583314633963,-0.8535831071244682,0.0683214254801594,0.3914968086627235
0.05,-0.0646867178453836,0.0059841692182024,0.0269030585219063,0.7256693535578486,0.7585565812979573,0.0447152231896085,0.2010264453469952,0.7542583314633963,-0.8535831071244682,0.0683214254801594,0.3914968086627235
0.05,-0.0606128778084049,0.0058596792835571,0.0263433885201016,0.7281999234026525,0.7604029912063112,0.0447152231896085,0.2010264453469952,0.7542583314633963,-0.8535831071244682,0.0683214254801594,0.3914968086627235
0.05,-0.0565390377714263,0.0057371578815531,0.0257925684600217,0.7306601971445139,0.7621899234860888,0.0447152231896085,0.2010264453469952,0.7542583314633963,-0.8535831071244682,0.0683214254801594,0.3914968086627235
0.05,-0.0524651977344476,0.0056165901062967,0.0252505313291676,0.7330494036111728,0.7639165250466372,0.0447152231896085,0.2010264453469952,0.7542583314633963,-0.8535831071244682,0.0683214254801594,0.3914968086627235
0.05,-0.0483913576974694,0.0054979607364402,0.0247172086968534,0.7353667921894258,0.7655819616227195,0.0447152231896085,0.2010264453469952,0.7542583314633963,-0.8535831071244682,0.0683214254801594,0.3914968086627235
0.05,-0.0443175176604908,0.005381254248334,0.024192530773332,0.7376116332179639,0.76718541823963,0.0447152231896085,0.2010264453469952,0.7542583314633963,-0.8535831071244682,0.0683214254801594,0.3914968086627235
0.05,-0.0402436776235122,0.0052664548290632,0.0236764264684052,0.7397832183701112,0.7687260996675797,0.0447152231896085,0.2010264453469952,0.7542583314633963,-0.8535831071244682,0.0683214254801594,0.3914968086627235
0.05,-0.0361698375865335,0.0051535463893627,0.0231688234494868,0.7418808610261866,0.7702032308650362,0.0447152231896085,0.2010264453469952,0.7542583314633963,-0.8535831071244682,0.0683214254801594,0.3914968086627235
0.05,-0.0320959975495553,0.0050425125764067,0.0226696481990978,0.7439038966352126,0.7716160574107171,0.0447152231896085,0.2010264453469952,0.7542583314633963,-0.8535831071244682,0.0683214254801594,0.3914968086627235
0.05,-0.0280221575125767,0.0049333367864642,0.0221788260717649,0.7458516830657066,0.7729638459239357,0.0447152231896085,0.2010264453469952,0.7542583314633963,-0.8535831071244682,0.0683214254801594,0.3914968086627235
0.05,-0.0239483174755981,0.0048260021774183,0.0216962813503014,0.7477236009452908,0.7742458844730106,0.0447152231896085,0.2010264453469952,0.7542583314633963,-0.8535831071244682,0.0683214254801594,0.3914968086627235
0.05,-0.0198744774386194,0.004720491681142,0.021221937301446,0.7495190539888765,0.7754614829714646,0.0447152231896085,0.2010264453469952,0.7542583314633963,-0.8535831071244682,0.0683214254801594,0.3914968086627235
0.05,-0.0158006374016412,0.0046167880157265,0.0207557162308382,0.7512374693151729,0.7766099735617377,0.0447152231896085,0.2010264453469952,0.7542583314633963,-0.8535831071244682,0.0683214254801594,0.3914968086627235
0.05,-0.0117267973646626,0.0045148736975577,0.0202975395373088,0.7528782977512888,0.7776907109861554,0.0447152231896085,0.2010264453469952,0.7542583314633963,-0.8535831071244682,0.0683214254801594,0.3914968086627235
0.05,-0.007652957327684,0.0044147310532354,0.0198473277664676,0.7544410141251995,0.7787030729449026,0.0447152231896085,0.2010264453469952,0.7542583314633963,-0.8535831071244682,0.0683214254801594,0.3914968086627235
0.05,-0.0035791172907058,0.0043163422313323,0.0194050006635662,0.7559251175458606,0.7796464604407591,0.0447152231896085,0.2010264453469952,0.7542583314633963,-0.8535831071244682,0.0683214254801594,0.3914968086627235
0.05,0.0004947227462728,0.0042196892139876,0.0189704772256201,0.7573301316707608,0.7805202981103686,0.0447152231896085,0.2010264453469952,0.7542583314633963,-0.8535831071244682,0.0683214254801594,0.3914968086627235
0.05,0.0045685627832514,0.004124753828332,0.0185436757527735,0.7586556049607113,0.7813240345418168,0.0447152231896085,0.2010264453469952,0.7542583314633963,-0.8535831071244682,0.0683214254801594,0.3914968086627235
0.05,0.0086424028202301,0.0040315177577409,0.0181245138988881,0.7599011109216831,0.7820571425783123,0.0447152231896085,0.2010264453469952,0.7542583314633963,-0.8535831071244682,0.0683214254801594,0.3914968086627235
0.05,0.0127162428572082,0.0039399625529114,0.017712908721344,0.7610662483335111,0.7827191196077666,0.0447152231896085,0.2010264453469952,0.7542583314633963,-0.8535831071244682,0.0683214254801594,0.3914968086627235
0.05,0.0167900828941869,0.003850069642761,0.0173087767300352,0.7621506414652912,0.7833094878380875,0.0447152231896085,0.2010264453469952,0.7542583314633963,-0.8535831071244682,0.0683214254801594,0.3914968086627235
0.05,0.0208639229311655,0.0037618203451441,0.0169120339355496,0.7631539402773104,0.7838277945580042,0.0447152231896085,0.2010264453469952,0.7542583314633963,-0.8535831071244682,0.0683214254801594,0.3914968086627235
0.05,0.0249377629681442,0.0036751958773844,0.0165225958965185,0.7640758206093565,0.7842736123832595,0.0447152231896085,0.2010264453469952,0.7542583314633963,-0.8535831071244682,0.0683214254801594,0.3914968086627235
0.05,0.0290116030051224,0.0035901773666202,0.0161403777661258,0.7649159843552681,0.7846465394880142,0.0447152231896085,0.2010264453469952,0.7542583314633963,-0.8535831071244682,0.0683214254801594,0.3914968086627235
0.05,0.033085443042101,0.0035067458599599,0.0157652943377652,0.7656741596235898,0.784946199821315,0.0447152231896085,0.2010264453469952,0.7542583314633963,-0.8535831071244682,0.0683214254801594,0.3914968086627235
0.05,0.0371592830790796,0.0034248823344465,0.0153972600898367,0.7663501008842146,0.7851722433084979,0.0447152231896085,0.2010264453469952,0.7542583314633963,-0.8535831071244682,0.0683214254801594,0.3914968086627235
0.05,0.0412331231160583,0.003344567706828,0.0150361892296725,0.7669435891009004,0.7853243460374011,0.0447152231896085,0.2010264453469952,0.7542583314633963,-0.8535831071244682,0.0683214254801594,0.3914968086627235
0.05,0.0453069631530365,0.0032657828431333,0.0146819957365855,0.7674544318495622,0.7854022104292812,0.0447152231896085,0.2010264453469952,0.7542583314633963,-0.8535831071244682,0.0683214254801594,0.3914968086627235
0.05,0.0493808031900151,0.0031885085680502,0.0143345934040318,0.7678824634222492,0.7854055653943313,0.0447152231896085,0.2010264453469952,0.7542583314633963,-0.8535831071244682,0.0683214254801594,0.3914968086627235
0.05,0.0534546432269937,0.0031127256741057,0.0139938958808824,0.7682275449167298,0.785334166471718,0.0447152231896085,0.2010264453469952,0.7542583314633963,-0.8535831071244682,0.0683214254801594,0.3914968086627235
0.05,0.0575284832639724,0.0030384149306469,0.0136598167117979,0.7684895643116149,0.7851877959540596,0.0447152231896085,0.2010264453469952,0.7542583314633963,-0.8535831071244682,0.0683214254801594,0.3914968086627235
0.05,0.0616023233009506,0.0029655570926209,0.0133322693767007,0.7686684365269626,0.7849662629962842,0.0447152231896085,0.2010264453469952,0.7542583314633963,-0.8535831071244682,0.0683214254801594,0.3914968086627235
0.05,0.0656761633379292,0.0028941329091535,0.0130111673293426,0.7687641034703216,0.7846694037088179,0.0447152231896085,0.2010264453469952,0.7542583314633963,-0.8535831071244682,0.0683214254801594,0.3914968086627235
0.05,0.0697500033749078,0.0028241231319259,0.0126964240349635,0.7687765340681739,0.7842970812350634,0.0447152231896085,0.2010264453469952,0.7542583314633963,-0.8535831071244682,0.0683214254801594,0.3914968086627235
0.05,0.0738238434118865,0.0027555085233484,0.0123879530070381,0.768705724282756,0.7838491858131426,0.0447152231896085,0.2010264453469952,0.7542583314633963,-0.8535831071244682,0.0683214254801594,0.3914968086627235
0.05,0.0778976834488647,0.0026882698645313,0.0120856678431111,0.768551697114244,0.7833256348218866,0.0447152231896085,0.2010264453469952,0.7542583314633963,-0.8535831071244682,0.0683214254801594,0.3914968086627235
0.05,0.0819715234858433,0.0026223879630526,0.011789482259718,0.7683145025883038,0.7827263728110746,0.0447152231896085,0.2010264453469952,0.7542583314633963,-0.8535831071244682,0.0683214254801594,0.3914968086627235
0.05,0.086045363522822,0.0025578436605223,0.0114993101263922,0.7679942177290123,0.782051371515927,0.0447152231896085,0.2010264453469952,0.7542583314633963,-0.8535831071244682,0.0683214254801594,0.3914968086627235
0.05,0.0901192035598006,0.0024946178399436,0.0112150654987585,0.7675909465171723,0.7813006298558745,0.0447152231896085,0.2010264453469952,0.7542583314633963,-0.8535831071244682,0.0683214254801594,0.3914968086627235
0.05,0.0941930435967788,0.0024326914328711,0.010936662650715,0.7671048198340517,0.780474173917638,0.0447152231896085,0.2010264453469952,0.7542583314633963,-0.8535831071244682,0.0683214254801594,0.3914968086627235
0.05,0.0982668836337574,0.0023720454263668,0.0106640161057038,0.7665359953905909,0.7795720569226616,0.0447152231896085,0.2010264453469952,0.7542583314633963,-0.8535831071244682,0.0683214254801594,0.3914968086627235
0.05,0.1023407236707361,0.0023126608697535,0.0103970406670739,0.7658846576421308,0.7785943591789583,0.0447152231896085,0.2010264453469952,0.7542583314633963,-0.8535831071244682,0.0683214254801594,0.3914968086627235
0.05,0.1064145637077147,0.0022545188811676,0.0101356514475399,0.7651510176887256,0.7775411880174332,0.0447152231896085,0.2010264453469952,0.7542583314633963,-0.8535831071244682,0.0683214254801594,0.3914968086627235
0.05,0.1104884037446929,0.0021976006539111,0.009879763897738,0.7643353131611174,0.7764126777127666,0.0447152231896085,0.2010264453469952,0.7542583314633963,-0.8535831071244682,0.0683214254801594,0.3914968086627235
0.05,0.1145622437816715,0.0021418874626039,0.0096292938338865,0.763437808092458,0.7752089893889484,0.0447152231896085,0.2010264453469952,0.7542583314633963,-0.8535831071244682,0.0683214254801594,0.3914968086627235
0.05,0.1186360838186502,0.0020873606691378,0.0093841574645529,0.7624587927758744,0.7739303109095652,0.0447152231896085,0.2010264453469952,0.7542583314633963,-0.8535831071244682,0.0683214254801594,0.3914968086627235
0.05,0.1227099238556288,0.0020340017284339,0.0091442714165349,0.7613985836079846,0.7725768567529535,0.0447152231896085,0.2010264453469952,0.7542583314633963,-0.8535831071244682,0.0683214254801594,0.3914968086627235
0.05,0.126783763892607,0.0019817921940024,0.0089095527598598,0.7602575229184875,0.7711488678723498,0.0447152231896085,0.2010264453469952,0.7542583314633963,-0.8535831071244682,0.0683214254801594,0.3914968086627235
0.05,0.1308576039295856,0.0019307137233096,0.0086799190319101,0.7590359787859446,0.7696466115411643,0.0447152231896085,0.2010264453469952,0.7542583314633963,-0.8535831071244682,0.0683214254801594,0.3914968086627235
0.05,0.1349314439665643,0.0018807480829509,0.0084552882606802,0.7577343448399052,0.7680703811835364,0.0447152231896085,0.2010264453469952,0.7542583314633963,-0.8535831071244682,0.0683214254801594,0.3914968086627235
0.05,0.1390052840035425,0.0018318771536327,0.0082355789871746,0.7563530400495128,0.7664204961903202,0.0447152231896085,0.2010264453469952,0.7542583314633963,-0.8535831071244682,0.0683214254801594,0.3914968086627235
0.05,0.1430791240405211,0.0017840829349647,0.0080207102869511,0.7548925084987586,0.7646973017206745,0.0447152231896085,0.2010264453469952,0.7542583314633963,-0.8535831071244682,0.0683214254801594,0.3914968086627235
0.05,0.1471529640774997,0.0017373475500644,0.0078106017908222,0.753353219148548,0.7629011684894348,0.0447152231896085,0.2010264453469952,0.7542583314633963,-0.8535831071244682,0.0683214254801594,0.3914968086627235
0.05,0.1512268041144784,0.0016916532499755,0.0076051737047193,0.7517356655857602,0.7610324925404551,0.0447152231896085,0.2010264453469952,0.7542583314633963,-0.8535831071244682,0.0683214254801594,0.3914968086627235
0.05,0.1553006441514566,0.0016469824179026,0.0074043468287309,0.7500403657594857,0.7590916950061193,0.0447152231896085,0.2010264453469952,0.7542583314633963,-0.8535831071244682,0.0683214254801594,0.3914968086627235
0.05,0.1593744841884352,0.0016033175732647,0.0072080425753231,0.7482678617046428,0.7570792218532306,0.0447152231896085,0.2010264453469952,0.7542583314633963,-0.8535831071244682,0.0683214254801594,0.3914968086627235
0.05,0.1634483242254139,0.0015606413755678,0.0070161829867543,0.7464187192531785,0.7549955436155008,0.0447152231896085,0.2010264453469952,0.7542583314633963,-0.8535831071244682,0.0683214254801594,0.3914968086627235
0.05,0.1675221642623925,0.0015189366281019,0.0068286907516909,0.7444935277330669,0.7528411551128598,0.0447152231896085,0.2010264453469952,0.7542583314633963,-0.8535831071244682,0.0683214254801594,0.3914968086627235
0.05,0.1715960042993707,0.0014781862814611,0.0066454892210376,0.7424928996553319,0.7506165751578308,0.0447152231896085,0.2010264453469952,0.7542583314633963,-0.8535831071244682,0.0683214254801594,0.3914968086627235
0.05,0.1756698443363493,0.0014383734368932,0.0064665024229912,0.7404174703893258,0.7483223462492103,0.0447152231896085,0.2010264453469952,0.7542583314633963,-0.8535831071244682,0.0683214254801594,0.3914968086627235
0.05,0.179743684373328,0.0013994813494773,0.0062916550773301,0.7382678978265048,0.7459590342533123,0.0447152231896085,0.2010264453469952,0.7542583314633963,-0.8535831071244682,0.0683214254801594,0.3914968086627235
0.05,0.1838175244103066,0.001361493431135,0.00612087260895,0.7360448620329507,0.7435272280730358,0.0447152231896085,0.2010264453469952,0.7542583314633963,-0.8535831071244682,0.0683214254801594,0.3914968086627235
0.05,0.1878913644472848,0.0013243932534762,0.0059540811606579,0.7337490648908955,0.7410275393050297,0.0447152231896085,0.2010264453469952,0.7542583314633963,-0.8535831071244682,0.0683214254801594,0.3914968086627235
0.05,0.1919652044842634,0.0012881645504824,0.0057912076052362,0.731381229729512,0.7384606018852308,0.0447152231896085,0.2010264453469952,0.7542583314633963,-0.8535831071244682,0.0683214254801594,0.3914968086627235
0.05,0.1960390445212421,0.0012527912210309,0.005632179556789,0.7289421009452461,0.7358270717230662,0.0447152231896085,0.2010264453469952,0.7542583314633963,-0.8535831071244682,0.0683214254801594,0.3914968086627235
0.05,0.2001128845582207,0.0012182573312611,0.0054769253813824,0.7264324436119651,0.7331276263246087,0.0447152231896085,0.2010264453469952,0.7542583314633963,-0.8535831071244682,0.0683214254801594,0.3914968086627235
0.05,0.2041867245951989,0.0011845471167876,0.0053253742069926,0.7238530430812096,0.7303629644049898,0.0447152231896085,0.2010264453469952,0.7542583314633963,-0.8535831071244682,0.0683214254801594,0.3914968086627235
0.05,0.2082605646321775,0.0011516449847613,0.0051774559327723,0.721204704572842,0.7275338054903757,0.0447152231896085,0.2010264453469952,0.7542583314633963,-0.8535831071244682,0.0683214254801594,0.3914968086627235
0.05,0.2123344046691562,0.0011195355157824,0.0050331012376509,0.7184882527563908,0.7246408895098242,0.0447152231896085,0.2010264453469952,0.7542583314633963,-0.8535831071244682,0.0683214254801594,0.3914968086627235
0.05,0.2164082447061348,0.0010882034656672,0.0048922415882789,0.7157045313233911,0.7216849763773373,0.0447152231896085,0.2010264453469952,0.7542583314633963,-0.8535831071244682,0.0683214254801594,0.3914968086627235
0.05,0.220482084743113,0.0010576337670733,0.0047548092463311,0.7128544025510358,0.7186668455644404,0.0447152231896085,0.2010264453469952,0.7542583314633963,-0.8535831071244682,0.0683214254801594,0.3914968086627235
0.05,0.2245559247800916,0.0010278115309837,0.0046207372751821,0.7099387468574517,0.7155872956636176,0.0447152231896085,0.2010264453469952,0.7542583314633963,-0.8535831071244682,0.0683214254801594,0.3914968086627235
0.05,0.2286297648170703,0.0009987220480549,0.0044899595459655,0.7069584623489219,0.7124471439429424,0.0447152231896085,0.2010264453469952,0.7542583314633963,-0.8535831071244682,0.0683214254801594,0.3914968086627235
0.05,0.2327036048540489,0.0009703507898313,0.0043624107430325,0.7039144643593775,0.7092472258922414,0.0447152231896085,0.2010264453469952,0.7542583314633963,-0.8535831071244682,0.0683214254801594,0.3914968086627235
0.05,0.2367774448910271,0.0009426834098281,0.0042380263688221,0.7008076849824932,0.7059883947611435,0.0447152231896085,0.2010264453469952,0.7542583314633963,-0.8535831071244682,0.0683214254801594,0.3914968086627235
0.05,0.2408512849280057,0.0009157057444868,0.0041167427481564,0.6976390725967153,0.7026715210893586,0.0447152231896085,0.2010264453469952,0.7542583314633963,-0.8535831071244682,0.0683214254801594,0.3914968086627235
0.05,0.2449251249649844,0.0008894038140062,0.0039984970319746,0.6944095913835682,0.6992974922295491,0.0447152231896085,0.2010264453469952,0.7542583314633963,-0.8535831071244682,0.0683214254801594,0.3914968086627235
0.05,0.248998965001963,0.0008637638230508,0.0038832272005206,0.6911202208395731,0.6958672118631446,0.0447152231896085,0.2010264453469952,0.7542583314633963,-0.8535831071244682,0.0683214254801594,0.3914968086627235
0.05,0.2530728050389412,0.0008387721613412,0.0037708720659954,0.6877719552821306,0.6923815995094674,0.0447152231896085,0.2010264453469952,0.7542583314633963,-0.8535831071244682,0.0683214254801594,0.3914968086627235
0.05,0.2571466450759199,0.0008144154041285,0.0036613712746903,0.6843658033497092,0.6888415900285282,0.0447152231896085,0.2010264453469952,0.7542583314633963,-0.8535831071244682,0.0683214254801594,0.3914968086627235
0.05,0.2612204851128985,0.000790680312556,0.003554665308613,0.6809027874966986,0.6852481331178677,0.0447152231896085,0.2010264453469952,0.7542583314633963,-0.8535831071244682,0.0683214254801594,0.3914968086627235
0.05,0.2652943251498767,0.0007675538339112,0.0034506954866209,0.677383943483274,0.6816021928038062,0.0447152231896085,0.2010264453469952,0.7542583314633963,-0.8535831071244682,0.0683214254801594,0.3914968086627235
0.05,0.2693681651868553,0.0007450231017713,0.0033494039650751,0.6738103198606269,0.6779047469274734,0.0447152231896085,0.2010264453469952,0.7542583314633963,-0.8535831071244682,0.0683214254801594,0.3914968086627235
0.05,0.273442005223834,0.0007230754360453,0.0032507337380283,0.6701829774519269,0.6741567866260006,0.0447152231896085,0.2010264453469952,0.7542583314633963,-0.8535831071244682,0.0683214254801594,0.3914968086627235
0.05,0.2775158452608126,0.0007016983429148,0.0031546286369609,0.6665029888293635,0.6703593158092392,0.0447152231896085,0.2010264453469952,0.7542583314633963,-0.8535831071244682,0.0683214254801594,0.3914968086627235
0.05,0.2815896852977908,0.0006808795146777,0.0030610333300776,0.6627714377876333,0.6665133506323886,0.0447152231896085,0.2010264453469952,0.7542583314633963,-0.8535831071244682,0.0683214254801594,0.3914968086627235
0.05,0.2856635253347694,0.0006606068294975,0.0029698933211789,0.6589894188142282,0.6626199189649048,0.0447152231896085,0.2010264453469952,0.7542583314633963,-0.8535831071244682,0.0683214254801594,0.3914968086627235
0.05,0.2897373653717481,0.0006408683510603,0.0028811549481204,0.6551580365568942,0.658680059856075,0.0447152231896085,0.2010264453469952,0.7542583314633963,-0.8535831071244682,0.0683214254801594,0.3914968086627235
0.05,0.2938112054087267,0.0006216523281432,0.0027947653808728,0.6512784052886089,0.654694822997625,0.0447152231896085,0.2010264453469952,0.7542583314633963,-0.8535831071244682,0.0683214254801594,0.3914968086627235
0.05,0.2978850454457049,0.0006029471940973,0.0027106726191967,0.6473516483704495,0.6506652681837436,0.0447152231896085,0.2010264453469952,0.7542583314633963,-0.8535831071244682,0.0683214254801594,0.3914968086627235
0.05,0.3019588854826835,0.0005847415662474,0.0026288254899435,0.6433788977127038,0.6465924647688948,0.0447152231896085,0.2010264453469952,0.7542583314633963,-0.8535831071244682,0.0683214254801594,0.3914968086627235
0.05,0.3060327255196622,0.0005670242452114,0.0025491736439975,0.6393612932345912,0.6424774911238003,0.0447152231896085,0.2010264453469952,0.7542583314633963,-0.8535831071244682,0.0683214254801594,0.3914968086627235
0.05,0.3101065655566408,0.0005497842141432,0.0024716675528704,0.6352999823229435,0.6383214340899572,0.0447152231896085,0.2010264453469952,0.7542583314633963,-0.8535831071244682,0.0683214254801594,0.3914968086627235
0.05,0.314180405593619,0.0005330106379007,0.0023962585049606,0.6311961192902091,0.6341253884330704,0.0447152231896085,0.2010264453469952,0.7542583314633963,-0.8535831071244682,0.0683214254801594,0.3914968086627235
0.05,0.3182542456305977,0.0005166928621418,0.0023228986014919,0.6270508648321308,0.6298904562957647,0.0447152231896085,0.2010264453469952,0.7542583314633963,-0.8535831071244682,0.0683214254801594,0.3914968086627235
0.05,0.3223280856675763,0.0005008204123528,0.0022515407521416,0.6228653854854573,0.6256177466499518,0.0447152231896085,0.2010264453469952,0.7542583314633963,-0.8535831071244682,0.0683214254801594,0.3914968086627235
0.05,0.3264019257045549,0.0004853829928092,0.0021821386703715,0.6186408530860316,0.6213083747492124,0.0447152231896085,0.2010264453469952,0.7542583314633963,-0.8535831071244682,0.0683214254801594,0.3914968086627235
0.05,0.3304757657415331,0.0004703704854741,0.0021146468684738,0.6143784442276083,0.6169634615815563,0.0447152231896085,0.2010264453469952,0.7542583314633963,-0.8535831071244682,0.0683214254801594,0.3914968086627235
0.05,0.3345496057785118,0.0004557729488352,0.0020490206523437,0.610079339721746,0.6125841333229249,0.0447152231896085,0.2010264453469952,0.7542583314633963,-0.8535831071244682,0.0683214254801594,0.3914968086627235
0.05,0.3386234458154904,0.0004415806166839,0.0019852161159902,0.605744724059117,0.6081715207917912,0.0447152231896085,0.2010264453469952,0.7542583314633963,-0.8535831071244682,0.0683214254801594,0.3914968086627235
0.05,0.342697285852469,0.0004277838968389,0.0019231901357971,0.6013757848725713,0.6037267589052074,0.0447152231896085,0.2010264453469952,0.7542583314633963,-0.8535831071244682,0.0683214254801594,0.3914968086627235
0.05,0.3467711258894472,0.0004143733698165,0.0018629003645458,0.5969737124022922,0.5992509861366546,0.0447152231896085,0.2010264453469952,0.7542583314633963,-0.8535831071244682,0.0683214254801594,0.3914968086627235
0.05,0.3508449659264259,0.0004013397874502,0.0018043052252101,0.5925396989633728,0.5947453439760332,0.0447152231896085,0.2010264453469952,0.7542583314633963,-0.8535831071244682,0.0683214254801594,0.3914968086627235
0.05,0.3549188059634045,0.000388674071463,0.0017473639045353,0.5880749384161441,0.5902109763921426,0.0447152231896085,0.2010264453469952,0.7542583314633963,-0.8535831071244682,0.0683214254801594,0.3914968086627235
0.05,0.3589926460003831,0.0003763673119929,0.0016920363464121,0.5835806256395741,0.5856490292979794,0.0447152231896085,0.2010264453469952,0.7542583314633963,-0.8535831071244682,0.0683214254801594,0.3914968086627235
0.05,0.3630664860373613,0.000364410766076,0.0016382832450555,0.5790579560080565,0.5810606500191882,0.0447152231896085,0.2010264453469952,0.7542583314633963,-0.8535831071244682,0.0683214254801594,0.3914968086627235
0.05,0.36714032607434,0.0003527958560884,0.0015860660379994,0.5745081248719016,0.5764469867659895,0.0447152231896085,0.2010264453469952,0.7542583314633963,-0.8535831071244682,0.0683214254801594,0.3914968086627235
0.05,0.3712141661113186,0.0003415141681489,0.0015353468989184,0.5699323270418423,0.5718091881089097,0.0447152231896085,0.2010264453469952,0.7542583314633963,-0.8535831071244682,0.0683214254801594,0.3914968086627235
0.05,0.3752880061482972,0.0003305574504864,0.0014860887302848,0.5653317562778484,0.5671484024586196,0.0447152231896085,0.2010264453469952,0.7542583314633963,-0.8535831071244682,0.0683214254801594,0.3914968086627235
0.05,0.3793618461852754,0.0003199176117719,0.0014382551558719,0.5607076047825559,0.5624657775501998,0.0447152231896085,0.2010264453469952,0.7542583314633963,-0.8535831071244682,0.0683214254801594,0.3914968086627235
0.05,0.3834356862222541,0.0003095867194195,0.0013918105131141,0.5560610626995918,0.5577624599321254,0.0447152231896085,0.2010264453469952,0.7542583314633963,-0.8535831071244682,0.0683214254801594,0.3914968086627235
0.05,0.3875095262592327,0.0002995569978563,0.0013467198453314,0.5513933176170938,0.5530395944602815,0.0447152231896085,0.2010264453469952,0.7542583314633963,-0.8535831071244682,0.0683214254801594,0.3914968086627235
0.05,0.3915833662962109,0.0002898208267657,0.0013029488938294,0.5467055540766876,0.5482983237972828,0.0447152231896085,0.2010264453469952,0.7542583314633963,-0.8535831071244682,0.0683214254801594,0.3914968086627235
0.05,0.3956572063331895,0.0002803707393039,0.0012604640898824,0.5419989530882038,0.5435397879173901,0.0447152231896085,0.2010264453469952,0.7542583314633963,-0.8535831071244682,0.0683214254801594,0.3914968086627235
0.05,0.3997310463701682,0.0002711994202931,0.0012192325466097,0.537274691650402,0.5387651236173048,0.0447152231896085,0.2010264453469952,0.7542583314633963,-0.8535831071244682,0.0683214254801594,0.3914968086627235
0.05,0.4038048864071468,0.0002622997043922,0.0011792220507533,0.5325339422779515,0.533975464033097,0.0447152231896085,0.2010264453469952,0.7542583314633963,-0.8535831071244682,0.0683214254801594,0.3914968086627235
0.05,0.407878726444125,0.0002536645742483,0.001140401054365,0.5277778725349306,0.5291719381635439,0.0447152231896085,0.2010264453469952,0.7542583314633963,-0.8535831071244682,0.0683214254801594,0.3914968086627235
0.05,0.4119525664811037,0.0002452871586288,0.0011027386664121,0.5230076445750815,0.5243556704001227,0.0447152231896085,0.2010264453469952,0.7542583314633963,-0.8535831071244682,0.0683214254801594,0.3914968086627235
0.05,0.4160264065180823,0.0002371607305386,0.0010662046443091,0.5182244146890672,0.5195277800639151,0.0447152231896085,0.2010264453469952,0.7542583314633963,-0.8535831071244682,0.0683214254801594,0.3914968086627235
0.05,0.4201002465550609,0.0002292787053209,0.0010307693853831,0.5134293328589504,0.5146893809496546,0.0447152231896085,0.2010264453469952,0.7542583314633963,-0.8535831071244682,0.0683214254801594,0.3914968086627235
0.05,0.4241740865920391,0.0002216346387463,0.0009964039182813,0.5086235423201269,0.5098415808771546,0.0447152231896085,0.2010264453469952,0.7542583314633963,-0.8535831071244682,0.0683214254801594,0.3914968086627235
0.05,0.4282479266290178,0.0002142222250904,0.0009630798943272,0.5038081791309187,0.5049854812503364,0.0447152231896085,0.2010264453469952,0.7542583314633963,-0.8535831071244682,0.0683214254801594,0.3914968086627235
0.05,0.4323217666659964,0.000207035295201,0.0009307695788332,0.4989843717500473,0.5001221766240815,0.0447152231896085,0.2010264453469952,0.7542583314633963,-0.8535831071244682,0.0683214254801594,0.3914968086627235
0.05,0.436395606702975,0.0002000678145575,0.0008994458423767,0.4941532406221728,0.4952527542791071,0.0447152231896085,0.2010264453469952,0.7542583314633963,-0.8535831071244682,0.0683214254801594,0.3914968086627235
0.05,0.4404694467399532,0.0001933138813241,0.0008690821520457,0.489315897771699,0.490378293805069,0.0447152231896085,0.2010264453469952,0.7542583314633963,-0.8535831071244682,0.0683214254801594,0.3914968086627235
0.05,0.4445432867769319,0.0001867677243973,0.0008396525626618,0.4844734464050245,0.4854998666920838,0.0447152231896085,0.2010264453469952,0.7542583314633963,-0.8535831071244682,0.0683214254801594,0.3914968086627235
0.05,0.4486171268139105,0.0001804237014494,0.0008111317079854,0.4796269805214196,0.4806185359308546,0.0447152231896085,0.2010264453469952,0.7542583314633963,-0.8535831071244682,0.0683214254801594,0.3914968086627235
0.05,0.4526909668508891,0.0001742762969704,0.0007834947919112,0.4747775845326882,0.4757353556215699,0.0447152231896085,0.2010264453469952,0.7542583314633963,-0.8535831071244682,0.0683214254801594,0.3914968086627235
0.05,0.4567648068878673,0.000168320120308,0.0007567175796577,0.4699263328917821,0.4708513705917479,0.0447152231896085,0.2010264453469952,0.7542583314633963,-0.8535831071244682,0.0683214254801594,0.3914968086627235
0.05,0.460838646924846,0.0001625499037084,0.0007307763889591,0.46507428973051,0.4659676160231776,0.0447152231896085,0.2010264453469952,0.7542583314633963,-0.8535831071244682,0.0683214254801594,0.3914968086627235
0.05,0.4649124869618246,0.0001569605003585,0.0007056480812624,0.4602225085064932,0.4610851170881143,0.0447152231896085,0.2010264453469952,0.7542583314633963,-0.8535831071244682,0.0683214254801594,0.3914968086627235
0.05,0.4689863269988032,0.0001515468824305,0.0006813100529377,0.4553720316594922,0.4562048885948605,0.0447152231896085,0.2010264453469952,0.7542583314633963,-0.8535831071244682,0.0683214254801594,0.3914968086627235
0.05,0.4730601670357814,0.0001463041391304,0.0006577402265049,0.4505238902772344,0.4513279346428699,0.0447152231896085,0.2010264453469952,0.7542583314633963,-0.8535831071244682,0.0683214254801594,0.3914968086627235
0.05,0.4771340070727601,0.0001412274747518,0.0006349170418832,0.445679103770858,0.446455248287493,0.0447152231896085,0.2010264453469952,0.7542583314633963,-0.8535831071244682,0.0683214254801594,0.3914968086627235
0.05,0.4812078471097387,0.000136312206735,0.0006128194476668,0.440838679560085,0.441587811214487,0.0447152231896085,0.2010264453469952,0.7542583314633963,-0.8535831071244682,0.0683214254801594,0.3914968086627235
0.05,0.4852816871467174,0.0001315537637342,0.0005914268924336,0.4360036127682149,0.4367265934243828,0.0447152231896085,0.2010264453469952,0.7542583314633963,-0.8535831071244682,0.0683214254801594,0.3914968086627235
0.05,0.4893555271836955,0.0001269476836914,0.0005707193160885,0.4311748859270387,0.4318725529268187,0.0447152231896085,0.2010264453469952,0.7542583314633963,-0.8535831071244682,0.0683214254801594,0.3914968086627235
0.05,0.4934293672206742,0.0001224896119205,0.0005506771412482,0.4263534686917484,0.4270266354449172,0.0447152231896085,0.2010264453469952,0.7542583314633963,-0.8535831071244682,0.0683214254801594,0.3914968086627235
0.05,0.4975032072576528,0.0001181752992008,0.0005312812646699,0.4215403175659273,0.4221897741297981,0.0447152231896085,0.2010264453469952,0.7542583314633963,-0.8535831071244682,0.0683214254801594,0.3914968086627235
0.05,0.5015770472946315,0.0001140005998809,0.0005125130487287,0.4167363756366734,0.4173628892852831,0.0447152231896085,0.2010264453469952,0.7542583314633963,-0.8535831071244682,0.0683214254801594,0.3914968086627235
0.05,0.5056508873316097,0.0001099614699947,0.0004943543129471,0.4119425723199264,0.4125468881028683,0.0447152231896085,0.2010264453469952,0.7542583314633963,-0.8535831071244682,0.0683214254801594,0.3914968086627235
0.05,0.5097247273685883,0.0001060539653898,0.0004767873255796,0.4071598231160371,0.4077426644070065,0.0447152231896085,0.2010264453469952,0.7542583314633963,-0.8535831071244682,0.0683214254801594,0.3914968086627235
0.05,0.513798567405567,0.0001022742398686,0.0004597947952574,0.4023890293756309,0.402951098410757,0.0447152231896085,0.2010264453469952,0.7542583314633963,-0.8535831071244682,0.0683214254801594,0.3914968086627235
0.05,0.5178724074425451,9.861854334385026e-05,0.0004433598626948,0.397631078075789,0.3981730564818276,0.0447152231896085,0.2010264453469952,0.7542583314633963,-0.8535831071244682,0.0683214254801594,0.3914968086627235
0.05,0.5219462474795238,9.508322000808668e-05,0.0004274660924607,0.3928868416065741,0.3934093909190429,0.0447152231896085,0.2010264453469952,0.7542583314633963,-0.8535831071244682,0.0683214254801594,0.3914968086627235
0.05,0.5260200875165024,9.166470651894156e-05,0.0004120974648195,0.3881571775679245,0.388660939739263,0.0447152231896085,0.2010264453469952,0.7542583314633963,-0.8535831071244682,0.0683214254801594,0.3914968086627235
0.05,0.5300939275534811,8.83595301997729e-05,0.000397238367642,0.3834429285769146,0.3839285264747565,0.0447152231896085,0.2010264453469952,0.7542583314633963,-0.8535831071244682,0.0683214254801594,0.3914968086627235
0.05,0.5341677675904593,8.516430725690152e-05,0.0003828735883906,0.3787449220853897,0.3792129599810372,0.0447152231896085,0.2010264453469952,0.7542583314633963,-0.8535831071244682,0.0683214254801594,0.3914968086627235
0.05,0.5382416076274379,8.20757410137492e-05,0.0003689883061804,0.3740639702079636,0.3745150342551578,0.0447152231896085,0.2010264453469952,0.7542583314633963,-0.8535831071244682,0.0683214254801594,0.3914968086627235
0.05,0.5423154476644165,7.90906201624354e-05,0.000355568083919,0.3694008695603705,0.3698355282644521,0.0447152231896085,0.2010264453469952,0.7542583314633963,-0.8535831071244682,0.0683214254801594,0.3914968086627235
0.05,0.5463892877013952,7.620581703331348e-05,0.000342598860527,0.364756401108141,0.3651752057857014,0.0447152231896085,0.2010264453469952,0.7542583314633963,-0.8535831071244682,0.0683214254801594,0.3914968086627235
0.05,0.5504631277383734,7.341828588290179e-05,0.0003300669432404,0.3601313300255772,0.3605348152547005,0.0447152231896085,0.2010264453469952,0.7542583314633963,-0.8535831071244682,0.0683214254801594,0.3914968086627235
0.05,0.554536967775352,7.072506120063047e-05,0.0003179589999992,0.3555264055649861,0.355915089626186,0.0447152231896085,0.2010264453469952,0.7542583314633963,-0.8535831071244682,0.0683214254801594,0.3914968086627235
0.05,0.5586108078123306,6.812325603480184e-05,0.0003062620519206,0.3509423609361344,0.3513167462440899,0.0447152231896085,0.2010264453469952,0.7542583314633963,-0.8535831071244682,0.0683214254801594,0.3914968086627235
0.05,0.5626846478493093,6.561006033812205e-05,0.0002949634658614,0.3463799131958613,0.3467404867220609,0.0447152231896085,0.2010264453469952,0.7542583314633963,-0.8535831071244682,0.0683214254801594,0.3914968086627235
0.05,0.5667584878862875,6.318273933314765e-05,0.0002840509470694,0.3418397631478005,0.3421869968342031,0.0447152231896085,0.2010264453469952,0.7542583314633963,-0.8535831071244682,0.0683214254801594,0.3914968086627235
0.05,0.5708323279232661,6.083863189795153e-05,0.0002735125319258,0.3373225952521392,0.337656946415963,0.0447152231896085,0.2010264453469952,0.7542583314633963,-0.8535831071244682,0.0683214254801594,0.3914968086627235
0.05,0.5749061679602447,5.857514897229711e-05,0.0002633365807801,0.3328290775453487,0.3331509892751011,0.0447152231896085,0.2010264453469952,0.7542583314633963,-0.8535831071244682,0.0683214254801594,0.3914968086627235
0.05,0.5789800079972234,5.63897719845719e-05,0.0002535117708776,0.3283598615697997,0.3286697631126619,0.0447152231896085,0.2010264453469952,0.7542583314633963,-0.8535831071244682,0.0683214254801594,0.3914968086627235
0.05,0.5830538480342016,5.4280051299718334e-05,0.0002440270893821,0.3239155823131839,0.3242138894538658,0.0447152231896085,0.2010264453469952,0.7542583314633963,-0.8535831071244682,0.0683214254801594,0.3914968086627235
0.05,0.5871276880711802,5.224360468836555e-05,0.0002348718264936,0.3194968581576449,0.3197839735888269,0.0447152231896085,0.2010264453469952,0.7542583314633963,-0.8535831071244682,0.0683214254801594,0.3914968086627235
0.05,0.5912015281081588,5.027811581735261e-05,0.0002260355686618,0.3151042908385269,0.3153806045230062,0.0447152231896085,0.2010264453469952,0.7542583314633963,-0.8535831071244682,0.0683214254801594,0.3914968086627235
0.05,0.5952753681451375,4.838133276179922e-05,0.0002175081918972,0.3107384654126323,0.3110043549372913,0.0447152231896085,0.2010264453469952,0.7542583314633963,-0.8535831071244682,0.0683214254801594,0.3914968086627235
0.05,0.5993492081821157,4.655106653886737e-05,0.000209279855179,0.3063999502358802,0.3066557811575982,0.0447152231896085,0.2010264453469952,0.7542583314633963,-0.8535831071244682,0.0683214254801594,0.3914968086627235
0.05,0.6034230482190943,4.4785189663330606e-05,0.0002013409939615,0.3020892969502528,0.3023354231338777,0.0447152231896085,0.2010264453469952,0.7542583314633963,-0.8535831071244682,0.0683214254801594,0.3914968086627235
0.05,0.607496888256073,4.3081634725051506e-05,0.0001936823137791,0.2978070404799095,0.2980438044284137,0.0447152231896085,0.2010264453469952,0.7542583314633963,-0.8535831071244682,0.0683214254801594,0.3914968086627235
0.05,0.6115707282930516,4.143839298844093e-05,0.0001862947839494,0.2935536990363402,0.2937814322132781,0.0447152231896085,0.2010264453469952,0.7542583314633963,-0.8535831071244682,0.0683214254801594,0.3914968086627235
0.05,0.6156445683300298,3.9853513013961274e-05,0.0001791696313762,0.2893297741324303,0.2895487972768205,0.0447152231896085,0.2010264453469952,0.7542583314633963,-0.8535831071244682,0.0683214254801594,0.3914968086627235
0.05,0.6197184083670084,3.832509930171143e-05,0.0001722983344514,0.2851357506052984,0.2853463740390515,0.0447152231896085,0.2010264453469952,0.7542583314633963,-0.8535831071244682,0.0683214254801594,0.3914968086627235
0.05,0.6237922484039871,3.6851310957117325e-05,0.0001656726170564,0.2809720966477749,0.2811746205757885,0.0447152231896085,0.2010264453469952,0.7542583314633963,-0.8535831071244682,0.0683214254801594,0.3914968086627235
0.05,0.6278660884409657,3.5430360378730544e-05,0.0001592844426627,0.2768392638483652,0.2770339786514067,0.0447152231896085,0.2010264453469952,0.7542583314633963,-0.8535831071244682,0.0683214254801594,0.3914968086627235
0.05,0.6319399284779439,3.4060511968125035e-05,0.0001531260085321,0.2727376872395577,0.272924873760058,0.0447152231896085,0.2010264453469952,0.7542583314633963,-0.8535831071244682,0.0683214254801594,0.3914968086627235
0.05,0.6360137685149225,3.2740080861862557e-05,0.0001471897400159,0.2686677853543189,0.2688477151751968,0.0447152231896085,0.2010264453469952,0.7542583314633963,-0.8535831071244682,0.0683214254801594,0.3914968086627235
0.05,0.6400876085519012,3.146743168548565e-05,0.0001414682849531,0.2646299602906241,0.2648028960072627,0.0447152231896085,0.2010264453469952,0.7542583314633963,-0.8535831071244682,0.0683214254801594,0.3914968086627235
0.05,0.6441614485888794,3.0240977329477796e-05,0.0001359545081679,0.260624597783855,0.2607907932693525,0.0447152231896085,0.2010264453469952,0.7542583314633963,-0.8535831071244682,0.0683214254801594,0.3914968086627235
0.05,0.648235288625858,2.905917774712001e-05,0.0001306414860648,0.2566520672869058,0.2568117679507178,0.0447152231896085,0.2010264453469952,0.7542583314633963,-0.8535831071244682,0.0683214254801594,0.3914968086627235
0.05,0.6523091286628366,2.7920538774159656e-05,0.0001255225013222,0.2527127220578321,0.2528661650979285,0.0447152231896085,0.2010264453469952,0.7542583314633963,-0.8535831071244682,0.0683214254801594,0.3914968086627235
0.05,0.6563829686998153,2.6823610970190663e-05,0.000120591037684,0.2488068992548643,0.2489543139035185,0.0447152231896085,0.2010264453469952,0.7542583314633963,-0.8535831071244682,0.0683214254801594,0.3914968086627235
0.05,0.6604568087367935,2.5766988481636144e-05,0.0001158407748474,0.2449349200386203,0.2450765278019494,0.0447152231896085,0.2010264453469952,0.7542583314633963,-0.8535831071244682,0.0683214254801594,0.3914968086627235
0.05,0.6645306487737721,2.4749307926210236e-05,0.0001112655834481,0.2410970896813338,0.2412331045727081,0.0447152231896085,0.2010264453469952,0.7542583314633963,-0.8535831071244682,0.0683214254801594,0.3914968086627235
0.05,0.6686044888107507,2.3769247298727383e-05,0.0001068595201409,0.2372936976829276,0.2374243264503673,0.0447152231896085,0.2010264453469952,0.7542583314633963,-0.8535831071244682,0.0683214254801594,0.3914968086627235
0.05,0.6726783288477294,2.282552489811229e-05,0.0001026168227762,0.2335250178937421,0.2336504602414164,0.0447152231896085,0.2010264453469952,0.7542583314633963,-0.8535831071244682,0.0683214254801594,0.3914968086627235
0.05,0.6767521688847076,2.191689827545836e-05,9.853190567034849e-05,0.2297913086437409,0.2299117574476867,0.0447152231896085,0.2010264453469952,0.7542583314633963,-0.8535831071244682,0.0683214254801594,0.3914968086627235
0.05,0.6808260089216862,2.1042163202970015e-05,9.459935497062298e-05,0.2260928128780056,0.2262084543961792,0.0447152231896085,0.2010264453469952,0.7542583314633963,-0.8535831071244682,0.0683214254801594,0.3914968086627235
0.05,0.6848998489586648,2.02001526636171e-05,9.08139241129244e-05,0.2224297582983366,0.2225407723751132,0.0447152231896085,0.2010264453469952,0.7542583314633963,-0.8535831071244682,0.0683214254801594,0.3914968086627235
0.05,0.6889736889956435,1.9389735861318586e-05,8.717052937183746e-05,0.2188023575107645,0.2189089177759977,0.0447152231896085,0.2010264453469952,0.7542583314633963,-0.8535831071244682,0.0683214254801594,0.3914968086627235
0.05,0.6930475290326217,1.860981725146787e-05,8.366424550217099e-05,0.2152108081787878,0.2153130822415415,0.0447152231896085,0.2010264453469952,0.7542583314633963,-0.8535831071244682,0.0683214254801594,0.3914968086627235
0.05,0.6971213690696003,1.785933559160159e-05,8.029030147104533e-05,0.211655293182141,0.2117534428192037,0.0447152231896085,0.2010264453469952,0.7542583314633963,-0.8535831071244682,0.0683214254801594,0.3914968086627235
0.05,0.701195209106579,1.713726301200935e-05,7.704407627962784e-05,0.2081359807809058,0.2082301621201974,0.0447152231896085,0.2010264453469952,0.7542583314633963,-0.8535831071244682,0.0683214254801594,0.3914968086627235
0.05,0.7052690491435576,1.6442604106072562e-05,7.392109487356483e-05,0.204653024784766,0.2047433884837456,0.0447152231896085,0.2010264453469952,0.7542583314633963,-0.8535831071244682,0.0683214254801594,0.3914968086627235
0.05,0.7093428891805358,1.577439504011661e-05,7.091702414113969e-05,0.2012065647272166,0.2012932561463979,0.0447152231896085,0.2010264453469952,0.7542583314633963,-0.8535831071244682,0.0683214254801594,0.3914968086627235
0.05,0.7134167292175144,1.5131702682553386e-05,6.802766899815473e-05,0.1977967260445289,0.1978798854162096,0.0447152231896085,0.2010264453469952,0.7542583314633963,-0.8535831071244682,0.0683214254801594,0.3914968086627235
0.05,0.7174905692544931,1.451362375208714e-05,6.524896855851617e-05,0.1944236202592823,0.1945033828515929,0.0447152231896085,0.2010264453469952,0.7542583314633963,-0.8535831071244682,0.0683214254801594,0.3914968086627235
0.05,0.7215644092914717,1.3919283984750236e-05,6.257699238947259e-05,0.1910873451682604,0.1911638414446346,0.0447152231896085,0.2010264453469952,0.7542583314633963,-0.8535831071244682,0.0683214254801594,0.3914968086627235
0.05,0.7256382493284499,1.3347837319532175e-05,6.000793685044362e-05,0.1877879850345224,0.1878613408086923,0.0447152231896085,0.2010264453469952,0.7542583314633963,-0.8535831071244682,0.0683214254801594,0.3914968086627235
0.05,0.7297120893654285,1.2798465102360036e-05,5.7538121514350696e-05,0.1845256107834502,0.1845959473700669,0.0447152231896085,0.2010264453469952,0.7542583314633963,-0.8535831071244682,0.0683214254801594,0.3914968086627235
0.05,0.7337859294024072,1.2270375308186551e-05,5.516398567035489e-05,0.181300280202583,0.1813677145635615,0.0447152231896085,0.2010264453469952,0.7542583314633963,-0.8535831071244682,0.0683214254801594,0.3914968086627235
0.05,0.7378597694393858,1.1762801780935564e-05,5.288208490687587e-05,0.1781120381450378,0.1781766830317256,0.0447152231896085,0.2010264453469952,0.7542583314633963,-0.8535831071244682,0.0683214254801594,0.3914968086627235
0.05,0.741933609476364,1.1275003491055062e-05,5.068908777376956e-05,0.1749609167363278,0.1750228808275926,0.0447152231896085,0.2010264453469952,0.7542583314633963,-0.8535831071244682,0.0683214254801594,0.3914968086627235
0.05,0.7460074495133426,1.0806263810422427e-05,4.85817725225161e-05,0.1718469355843835,0.1719063236207165,0.0447152231896085,0.2010264453469952,0.7542583314633963,-0.8535831071244682,0.0683214254801594,0.3914968086627235
0.05,0.7500812895503213,1.0355889804346302e-05,4.655702392326926e-05,0.1687701019925882,0.1688270149063158,0.0447152231896085,0.2010264453469952,0.7542583314633963,-0.8535831071244682,0.0683214254801594,0.3914968086627235
0.05,0.7541551295872999,9.92321154040565e-06,4.461183015760084e-05,0.1657304111756324,0.1657849462173304,0.0447152231896085,0.2010264453469952,0.7542583314633963,-0.8535831071244682,0.0683214254801594,0.3914968086627235
0.05,0.7582289696242781,9.507581413866102e-06,4.274327978577167e-05,0.1627278464780023,0.1627800973392019,0.0447152231896085,0.2010264453469952,0.7542583314633963,-0.8535831071244682,0.0683214254801594,0.3914968086627235
0.05,0.7623028096612567,9.108373489411578e-06,4.0948558787351285e-05,0.1597623795949118,0.1598124365271886,0.0447152231896085,0.2010264453469952,0.7542583314633963,-0.8535831071244682,0.0683214254801594,0.3914968086627235
0.05,0.7663766496982354,8.724982858928366e-06,3.922494767400467e-05,0.1568339707954957,0.1568819207260286,0.0447152231896085,0.2010264453469952,0.7542583314633963,-0.8535831071244682,0.0683214254801594,0.3914968086627235
0.05,0.770450489735214,8.35682501507749e-06,3.756981867325857e-05,0.1539425691480727,0.153988495791761,0.0447152231896085,0.2010264453469952,0.7542583314633963,-0.8535831071244682,0.0683214254801594,0.3914968086627235
0.05,0.7745243297721922,8.003335240390985e-06,3.598063298205861e-05,0.1510881127473037,0.1511320967155262,0.0447152231896085,0.2010264453469952,0.7542583314633963,-0.8535831071244682,0.0683214254801594,0.3914968086627235
0.05,0.7785981698091708,7.663968011626863e-06,3.445493808892507e-05,0.1482705289430558,0.1483126478491564,0.0447152231896085,0.2010264453469952,0.7542583314633963,-0.8535831071244682,0.0683214254801594,0.3914968086627235
0.05,0.7826720098461495,7.3381964191181875e-06,3.299036516351769e-05,0.1454897345708024,0.1455300631323851,0.0447152231896085,0.2010264453469952,0.7542583314633963,-0.8535831071244682,0.0683214254801594,0.3914968086627235
0.05,0.7867458498831277,7.025511600850576e-06,3.158462651241515e-05,0.142745636183375,0.1427842463214883,0.0447152231896085,0.2010264453469952,0.7542583314633963,-0.8535831071244682,0.0683214254801594,0.3914968086627235
0.05,0.7908196899201063,6.7254221910037716e-06,3.023551309992077e-05,0.1400381302838948,0.1400750912191857,0.0447152231896085,0.2010264453469952,0.7542583314633963,-0.8535831071244682,0.0683214254801594,0.3914968086627235
0.05,0.794893529957085,6.437453782693144e-06,2.8940892132706845e-05,0.1373671035597161,0.1374024819056315,0.0447152231896085,0.2010264453469952,0.7542583314633963,-0.8535831071244682,0.0683214254801594,0.3914968086627235
0.05,0.7989673699940636,6.16114840464722e-06,2.7698704707111297e-05,0.1347324331172046,0.1347662929703164,0.0447152231896085,0.2010264453469952,0.7542583314633963,-0.8535831071244682,0.0683214254801594,0.3914968086627235
0.05,0.8030412100310418,5.896064011559084e-06,2.650696351790803e-05,0.1321339867171899,0.1321663897447194,0.0447152231896085,0.2010264453469952,0.7542583314633963,-0.8535831071244682,0.0683214254801594,0.3914968086627235
0.05,0.8071150500680204,5.641773987849659e-06,2.536375062737306e-05,0.1295716230109234,0.1296026285355386,0.0447152231896085,0.2010264453469952,0.7542583314633963,-0.8535831071244682,0.0683214254801594,0.3914968086627235
0.05,0.8111888901049991,5.397866664583285e-06,2.4267215293479564e-05,0.1270451917763849,0.127074856858343,0.0447152231896085,0.2010264453469952,0.7542583314633963,-0.8535831071244682,0.0683214254801594,0.3914968086627235
0.05,0.8152627301419777,5.163944849275957e-06,2.3215571856054505e-05,0.1245545341547741,0.1245829136714795,0.0447152231896085,0.2010264453469952,0.7542583314633963,-0.8535831071244682,0.0683214254801594,0.3914968086627235
0.05,0.8193365701789559,4.93962536833972e-06,2.2207097679743687e-05,0.1220994828870347,0.1221266296100828,0.0447152231896085,0.2010264453469952,0.7542583314633963,-0.8535831071244682,0.0683214254801594,0.3914968086627235
0.05,0.8234104102159345,4.724538621907203e-06,2.1240131152634244e-05,0.1196798625502559,0.1197058272200305,0.0447152231896085,0.2010264453469952,0.7542583314633963,-0.8535831071244682,0.0683214254801594,0.3914968086627235
0.05,0.8274842502529132,4.518328150783156e-06,2.0313069739396573e-05,0.1172954897938054,0.1173203211916956,0.0447152231896085,0.2010264453469952,0.7542583314633963,-0.8535831071244682,0.0683214254801594,0.3914968086627235
0.05,0.8315580902898918,4.320650215270921e-06,1.942436808781246e-05,0.1149461735750422,0.1149699185933453,0.0447152231896085,0.2010264453469952,0.7542583314633963,-0.8535831071244682,0.0683214254801594,0.3914968086627235
0.05,0.83563193032687,4.1311733856247265e-06,1.857253618756949e-05,0.1126317153944708,0.112654419104044,0.0447152231896085,0.2010264453469952,0.7542583314633963,-0.8535831071244682,0.0683214254801594,0.3914968086627235
0.05,0.8397057703638486,3.949578143880426e-06,1.7756137580209558e-05,0.110351909530192,0.1103736152459161,0.0447152231896085,0.2010264453469952,0.7542583314633963,-0.8535831071244682,0.0683214254801594,0.3914968086627235
0.05,0.8437796104008273,3.775556496819974e-06,1.6973787619131385e-05,0.1081065432715193,0.1081272926156353,0.0447152231896085,0.2010264453469952,0.7542583314633963,-0.8535831071244682,0.0683214254801594,0.3914968086627235
0.05,0.8478534504378059,3.60881159982719e-06,1.622415177855707e-05,0.1058953971516215,0.1059152301149999,0.0447152231896085,0.2010264453469952,0.7542583314633963,-0.8535831071244682,0.0683214254801594,0.3914968086627235
0.05,0.8519272904747841,3.4490573913949984e-06,1.5505944010384516e-05,0.103718245179066,0.1037372001804678,0.0447152231896085,0.2010264453469952,0.7542583314633963,-0.8535831071244682,0.0683214254801594,0.3914968086627235
0.05,0.8560011305117627,3.296018238047031e-06,1.4817925147859746e-05,0.101574855068133,0.1015929690115189,0.0447152231896085,0.2010264453469952,0.7542583314633963,-0.8535831071244682,0.0683214254801594,0.3914968086627235
0.05,0.8600749705487414,3.149428589439449e-06,1.4158901355016516e-05,0.0994649884677823,0.0994822967977267,0.0447152231896085,0.2010264453469952,0.7542583314633963,-0.8535831071244682,0.0683214254801594,0.3914968086627235
0.05,0.86414881058572,3.009032643410893e-06,1.352772262083974e-05,0.0973884011891472,0.0974049379444114,0.0447152231896085,0.2010264453469952,0.7542583314633963,-0.8535831071244682,0.0683214254801594,0.3914968086627235
0.05,0.8682226506226982,2.874584020752372e-06,1.29232812971269e-05,0.0953448434314443,0.0953606412967622,0.0447152231896085,0.2010264453469952,0.7542583314633963,-0.8535831071244682,0.0683214254801594,0.3914968086627235
0.05,0.8722964906596768,2.745845449471073e-06,1.2344510679031347e-05,0.0933340600061847,0.0933491503623132,0.0447152231896085,0.2010264453469952,0.7542583314633963,-0.8535831071244682,0.0683214254801594,0.3914968086627235
0.05,0.8763703306966555,2.6225884583256714e-06,1.1790383627287491e-05,0.0913557905595795,0.0913702035316651,0.0447152231896085,0.2010264453469952,0.7542583314633963,-0.8535831071244682,0.0683214254801594,0.3914968086627235
0.05,0.8804441707336341,2.504593079413083e-06,1.1259911231128642e-05,0.0894097697930323,0.0894235342973428,0.0447152231896085,0.2010264453469952,0.7542583314633963,-0.8535831071244682,0.0683214254801594,0.3914968086627235
0.05,0.8845180107706123,2.391647559590637e-06,1.0752141510926253e-05,0.0874957276816195,0.08750887147069,0.0447152231896085,0.2010264453469952,0.7542583314633963,-0.8535831071244682,0.0683214254801594,0.3914968086627235
0.05,0.888591850807591,2.283548080519769e-06,1.0266158159589015e-05,0.0856133896904591,0.0856259393966992,0.0447152231896085,0.2010264453469952,0.7542583314633963,-0.8535831071244682,0.0683214254801594,0.3914968086627235
0.05,0.8926656908445696,2.1800984871217256e-06,9.801079321779849e-06,0.0837624769888754,0.0837744581666843,0.0447152231896085,0.2010264453469952,0.7542583314633963,-0.8535831071244682,0.0683214254801594,0.3914968086627235
0.05,0.8967395308815482,2.0811100242377475e-06,9.356056410017807e-06,0.0819427066622673,0.0819541438287015,0.0447152231896085,0.2010264453469952,0.7542583314633963,-0.8535831071244682,0.0683214254801594,0.3914968086627235
0.05,0.9008133709185264,1.9864010812904677e-06,8.9302729567511e-06,0.0801537919215957,0.0801647085956337,0.0447152231896085,0.2010264453469952,0.7542583314633963,-0.8535831071244682,0.0683214254801594,0.3914968086627235
0.05,0.9048872109555052,1.8957969447459991e-06,8.522943501499694e-06,0.0783954423104035,0.0784058610508497,0.0447152231896085,0.2010264453469952,0.7542583314633963,-0.8535831071244682,0.0683214254801594,0.3914968086627235
0.05,0.9089610509924836,1.8091295581797512e-06,8.133312512182043e-06,0.0766673639092938,0.0766773063513642,0.0447152231896085,0.2010264453469952,0.7542583314633963,-0.8535831071244682,0.0683214254801594,0.3914968086627235
0.05,0.913034891029462,1.7262372897521466e-06,7.760653339754546e-06,0.074969259537786,0.0749787464284155,0.0447152231896085,0.2010264453469952,0.7542583314633963,-0.8535831071244682,0.0683214254801594,0.3914968086627235
0.05,0.9171087310664404,1.646964706903898e-06,7.404267205308012e-06,0.0733008289534773,0.0733098801853895,0.0447152231896085,0.2010264453469952,0.7542583314633963,-0.8535831071244682,0.0683214254801594,0.3914968086627235
0.05,0.9211825711034192,1.5711623580838788e-06,7.063482218780588e-06,0.071661769048447,0.0716704036930238,0.0447152231896085,0.2010264453469952,0.7542583314633963,-0.8535831071244682,0.0683214254801594,0.3914968086627235
0.05,0.9252564111403978,1.4986865613257509e-06,6.737652428460686e-06,0.0700517740428311,0.0700600103818209,0.0447152231896085,0.2010264453469952,0.7542583314633963,-0.8535831071244682,0.0683214254801594,0.3914968086627235
0.05,0.929330251177376,1.4293991994931373e-06,6.426156900469712e-06,0.0684705356755108,0.0684783912316107,0.0447152231896085,0.2010264453469952,0.7542583314633963,-0.8535831071244682,0.0683214254801594,0.3914968086627235
0.05,0.9334040912143546,1.363167522016279e-06,6.128398827428591e-06,0.0669177433918535,0.066925234958203,0.0447152231896085,0.2010264453469952,0.7542583314633963,-0.8535831071244682,0.0683214254801594,0.3914968086627235
0.05,0.9374779312513332,1.2998639529466694e-06,5.843804665528064e-06,0.0653930845284568,0.0654002281970752,0.0447152231896085,0.2010264453469952,0.7542583314633963,-0.8535831071244682,0.0683214254801594,0.3914968086627235
0.05,0.941551771288312,1.2393659051591912e-06,5.5718232992363346e-06,0.0638962444948379,0.0639030556840423,0.0447152231896085,0.2010264453469952,0.7542583314633963,-0.8535831071244682,0.0683214254801594,0.3914968086627235
0.05,0.94562561132529,1.1815556005349772e-06,5.311925232894279e-06,0.0624269069520272,0.0624334004328607,0.0447152231896085,0.2010264453469952,0.7542583314633963,-0.8535831071244682,0.0683214254801594,0.3914968086627235
0.05,0.9496994513622689,1.126319895961216e-06,5.063601808461937e-06,0.0609847539880175,0.0609909439097219,0.0447152231896085,0.2010264453469952,0.7542583314633963,-0.8535831071244682,0.0683214254801594,0.3914968086627235
0.05,0.9537732913992474,1.073550114987688e-06,4.82636444869599e-06,0.0595694662900308,0.0595753662045945,0.0447152231896085,0.2010264453469952,0.7542583314633963,-0.8535831071244682,0.0683214254801594,0.3914968086627235
0.05,0.957847131436226,1.023141884982858e-06,4.5997439250516014e-06,0.0581807233135643,0.0581863461993744,0.0447152231896085,0.2010264453469952,0.7542583314633963,-0.8535831071244682,0.0683214254801594,0.3914968086627235
0.05,0.9619209714732042,9.749949796358152e-07,4.383289649617648e-06,0.0568182034481809,0.0568235617328101,0.0447152231896085,0.2010264453469952,0.7542583314633963,-0.8535831071244682,0.0683214254801594,0.3914968086627235
0.05,0.9659948115101828,9.29013166653464e-07,4.1765689904082245e-06,0.0554815841800138,0.0554866897621708,0.0447152231896085,0.2010264453469952,0.7542583314633963,-0.8535831071244682,0.0683214254801594,0.3914968086627235
0.05,0.9700686515471616,8.851040605056892e-07,3.97916660934838e-06,0.0541705422509587,0.0541754065216286,0.0447152231896085,0.2010264453469952,0.7542583314633963,-0.8535831071244682,0.0683214254801594,0.3914968086627235
0.05,0.97414249158414,8.431789800742674e-07,3.790683822305639e-06,0.0528847538145267,0.052889387677329,0.0447152231896085,0.2010264453469952,0.7542583314633963,-0.8535831071244682,0.0683214254801594,0.3914968086627235
0.05,0.9782163316211184,8.031528110646275e-07,3.610737980533885e-06,0.0516238945883377,0.0516283084791293,0.0447152231896085,0.2010264453469952,0.7542583314633963,-0.8535831071244682,0.0683214254801594,0.3914968086627235
0.05,0.982290171658097,7.64943873042533e-07,3.438961872909529e-06,0.0503876400032357,0.0503918439089816,0.0447152231896085,0.2010264453469952,0.7542583314633963,-0.8535831071244682,0.0683214254801594,0.3914968086627235
0.05,0.9863640116950756,7.28473790961036e-07,3.2750031483546154e-06,0.0491756653490107,0.04917966882595,0.0447152231896085,0.2010264453469952,0.7542583314633963,-0.8535831071244682,0.0683214254801594,0.3914968086627235
0.05,0.9904378517320542,6.936673710459022e-07,3.1185237578543297e-06,0.0479876459167142,0.0479914581078431,0.0447152231896085,0.2010264453469952,0.7542583314633963,-0.8535831071244682,0.0683214254801594,0.3914968086627235
0.05,0.9945116917690324,6.604524809109643e-07,2.9691994154910055e-06,0.0468232571375579,0.0468268867894543,0.0447152231896085,0.2010264453469952,0.7542583314633963,-0.8535831071244682,0.0683214254801594,0.3914968086627235
0.05,0.9985855318060112,6.287599337776768e-07,2.8267190779294235e-06,0.0456821747183895,0.0456856301974012,0.0447152231896085,0.2010264453469952,0.7542583314633963,-0.8535831071244682,0.0683214254801594,0.3914968086627235
0.05,1.0026593718429897,5.985233766762468e-07,2.6907844418020906e-06,0.0445640747737424,0.0445673640815609,0.0447152231896085,0.2010264453469952,0.7542583314633963,-0.8535831071244682,0.0683214254801594,0.3914968086627235
0.05,1.0067332118799683,5.69679182508523e-07,2.5611094584558466e-06,0.043468633954455,0.043471764743096,0.0447152231896085,0.2010264453469952,0.7542583314633963,-0.8535831071244682,0.0683214254801594,0.3914968086627235
0.05,1.0108070519169463,5.42166345855789e-07,2.4374198655344597e-06,0.0423955295728625,0.0423985091590739,0.0447152231896085,0.2010264453469952,0.7542583314633963,-0.8535831071244682,0.0683214254801594,0.3914968086627235
0.05,1.0148808919539252,5.159263824174122e-07,2.3194527348844695e-06,0.0413444397245648,0.0413472751036821,0.0447152231896085,0.2010264453469952,0.7542583314633963,-0.8535831071244682,0.0683214254801594,0.3914968086627235
0.05,1.0189547319909038,4.909032319691431e-07,2.206956036284347e-06,0.0403150434067755,0.0403177412660438,0.0447152231896085,0.2010264453469952,0.7542583314633963,-0.8535831071244682,0.0683214254801594,0.3914968086627235
0.05,1.0230285720278824,4.670431647325521e-07,2.099688216509115e-06,0.0393070206332622,0.0393095873646434,0.0447152231896085,0.2010264453469952,0.7542583314633963,-0.8535831071244682,0.0683214254801594,0.3914968086627235
0.05,1.0271024120648606,4.44294691049902e-07,1.9974177932552383e-06,0.0383200525458861,0.0383224942583704,0.0447152231896085,0.2010264453469952,0.7542583314633963,-0.8535831071244682,0.0683214254801594,0.3914968086627235
0.05,1.0311762521018393,4.2260847426134034e-07,1.8999229634621937e-06,0.0373538215227568,0.0373561440541946,0.0447152231896085,0.2010264453469952,0.7542583314633963,-0.8535831071244682,0.0683214254801594,0.3914968086627235
0.05,1.035250092138818,4.0193724668405113e-07,1.806991225579536e-06,0.0364080112830168,0.0364102202114891,0.0447152231896085,0.2010264453469952,0.7542583314633963,-0.8535831071244682,0.0683214254801594,0.3914968086627235
0.05,1.039323932175796,3.822357285954569e-07,1.718419015339288e-06,0.0354823069882716,0.0354844076430155,0.0447152231896085,0.2010264453469952,0.7542583314633963,-0.8535831071244682,0.0683214254801594,0.3914968086627235
0.05,1.0433977722127747,3.6346055012519225e-07,1.6340113546053063e-06,0.0345763953406861,0.0345783928125909,0.0447152231896085,0.2010264453469952,0.7542583314633963,-0.8535831071244682,0.0683214254801594,0.3914968086627235
0.05,1.0474716122497534,3.455701759631433e-07,1.5535815128828522e-06,0.0336899646777705,0.0336918638294593,0.0447152231896085,0.2010264453469952,0.7542583314633963,-0.8535831071244682,0.0683214254801594,0.3914968086627235
0.05,1.051545452286732,3.28524832793115e-07,1.4769506810817757e-06,0.0328227050638749,0.0328245105393888,0.0447152231896085,0.2010264453469952,0.7542583314633963,-0.8535831071244682,0.0683214254801594,0.3914968086627235
0.05,1.0556192923237102,3.122864393643131e-07,1.4039476571385415e-06,0.0319743083784223,0.0319760246125188,0.0447152231896085,0.2010264453469952,0.7542583314633963,-0.8535831071244682,0.0683214254801594,0.3914968086627235
0.05,1.0596931323606888,2.9681853911505617e-07,1.3344085431123226e-06,0.0311444684009035,0.0311460996279857,0.0447152231896085,0.2010264453469952,0.7542583314633963,-0.8535831071244682,0.0683214254801594,0.3914968086627235
0.05,1.0637669723976677,2.820862352655539e-07,1.2681764533812898e-06,0.0303328808926663,0.0303344311553549,0.0447152231896085,0.2010264453469952,0.7542583314633963,-0.8535831071244682,0.0683214254801594,0.3914968086627235
0.05,1.067840812434646,2.6805612829878745e-07,1.205101233575105e-06,0.0295392436755256,0.0295407168328874,0.0447152231896085,0.2010264453469952,0.7542583314633963,-0.8535831071244682,0.0683214254801594,0.3914968086627235
0.05,1.0719146524716243,2.546962557508496e-07,1.145039189890059e-06,0.0287632567072294,0.028764656442675,0.0447152231896085,0.2010264453469952,0.7542583314633963,-0.8535831071244682,0.0683214254801594,0.3914968086627235
0.05,1.075988492508603,2.4197603423422845e-07,1.0878528284428692e-06,0.028004622153813,0.0280059519826756,0.0447152231896085,0.2010264453469952,0.7542583314633963,-0.8535831071244682,0.0683214254801594,0.3914968086627235
0.05,1.0800623325455816,2.298662036197234e-07,1.0334106043290486e-06,0.0272630444588766,0.0272643077356846,0.0447152231896085,0.2010264453469952,0.7542583314633963,-0.8535831071244682,0.0683214254801594,0.3914968086627235
0.05,1.0841361725825602,2.183387733047372e-07,9.815866800610063e-07,0.0265382304098233,0.0265394303352767,0.0447152231896085,0.2010264453469952,0.7542583314633963,-0.8535831071244682,0.0683214254801594,0.3914968086627235
0.05,1.0882100126195384,2.0736697049779465e-07,9.322606930705084e-07,0.0258298892010934,0.025831028828757,0.0447152231896085,0.2010264453469952,0.7542583314633963,-0.8535831071244682,0.0683214254801594,0.3914968086627235
0.05,1.092283852656517,1.969251904511245e-07,8.853175319690542e-07,0.0251377324944366,0.025138814737159,0.0447152231896085,0.2010264453469952,0.7542583314633963,-0.8535831071244682,0.0683214254801594,0.3914968086627235
0.05,1.0963576926934957,1.869889485751439e-07,8.406471212687328e-07,0.0244614744762603,0.0244625021123301,0.0447152231896085,0.2010264453469952,0.7542583314633963,-0.8535831071244682,0.0683214254801594,0.3914968086627235
0.05,1.1004315327304743,1.7753483437058153e-07,7.981442142746473e-07,0.023800831912096,0.0238018075911447,0.0447152231896085,0.2010264453469952,0.7542583314633963,-0.8535831071244682,0.0683214254801594,0.3914968086627235
0.05,1.1045053727674523,1.6854046711590306e-07,7.577081938686568e-07,0.0231555241982259,0.0231564504468869,0.0447152231896085,0.2010264453469952,0.7542583314633963,-0.8535831071244682,0.0683214254801594,0.3914968086627235
0.05,1.1085792128044312,1.5998445324951376e-07,7.192428809123402e-07,0.0225252734105129,0.022526152637847,0.0447152231896085,0.2010264453469952,0.7542583314633963,-0.8535831071244682,0.0683214254801594,0.3914968086627235
0.05,1.1126530528414098,1.518463453880532e-07,6.826563500053437e-07,0.0219098043504789,0.0219106388531743,0.0447152231896085,0.2010264453469952,0.7542583314633963,-0.8535831071244682,0.0683214254801594,0.3914968086627235
0.05,1.1167268928783884,1.441066029238199e-07,6.478607523430336e-07,0.0213088445886759,0.0213096365560312,0.0447152231896085,0.2010264453469952,0.7542583314633963,-0.8535831071244682,0.0683214254801594,0.3914968086627235
0.05,1.1208007329153666,1.367465541461193e-07,6.14772145425256e-07,0.0207221245053958,0.0207228760240953,0.0447152231896085,0.2010264453469952,0.7542583314633963,-0.8535831071244682,0.0683214254801594,0.3914968086627235
0.05,1.1248745729523453,1.297483598329869e-07,5.833103293754705e-07,0.0201493773287649,0.0201500903874541,0.0447152231896085,0.2010264453469952,0.7542583314633963,-0.8535831071244682,0.0683214254801594,0.3914968086627235
0.05,1.128948412989324,1.230949782613993e-07,5.533986896369869e-07,0.0195903391702732,0.0195910156639411,0.0447152231896085,0.2010264453469952,0.7542583314633963,-0.8535831071244682,0.0683214254801594,0.3914968086627235
0.05,1.1330222530263026,1.1677013158565723e-07,5.249640458200984e-07,0.0190447490577818,0.0190453907919592,0.0447152231896085,0.2010264453469952,0.7542583314633963,-0.8535831071244682,0.0683214254801594,0.3914968086627235
0.05,1.1370960930632807,1.1075827353521674e-07,4.979365064810657e-07,0.0185123489660615,0.0185129576608415,0.0447152231896085,0.2010264453469952,0.7542583314633963,-0.8535831071244682,0.0683214254801594,0.3914968086627235
0.05,1.1411699331002594,1.050445583847451e-07,4.7224932962064683e-07,0.017992883844908,0.017993461138796,0.0447152231896085,0.2010264453469952,0.7542583314633963,-0.8535831071244682,0.0683214254801594,0.3914968086627235
0.05,1.145243773137238,9.961481115067862e-08,4.47838788696617e-07,0.0174861016448862,0.017486649098486,0.0447152231896085,0.2010264453469952,0.7542583314633963,-0.8535831071244682,0.0683214254801594,0.3914968086627235
0.05,1.1493176131742169,9.445549896998661e-08,4.2464404395114073e-07,0.0169917533407503,0.0169922724402932,0.0447152231896085,0.2010264453469952,0.7542583314633963,-0.8535831071244682,0.0683214254801594,0.3914968086627235
0.05,1.1533914532111949,8.955370361827978e-08,4.026070188602977e-07,0.0165095929525929,0.0165100851133154,0.0447152231896085,0.2010264453469952,0.7542583314633963,-0.8535831071244682,0.0683214254801594,0.3914968086627235
0.05,1.1574652932481737,8.48970951257416e-08,3.816722815190979e-07,0.016039377564771,0.0160398441341477,0.0447152231896085,0.2010264453469952,0.7542583314633963,-0.8535831071244682,0.0683214254801594,0.3914968086627235
0.05,1.161539133285152,8.047390645074756e-08,3.617869307815493e-07,0.0155808673426616,0.0155813096034988,0.0447152231896085,0.2010264453469952,0.7542583314633963,-0.8535831071244682,0.0683214254801594,0.3914968086627235
0.05,1.1656129733221308,7.62729091722749e-08,3.4290048698090597e-07,0.0151338255472961,0.0151342447206922,0.0447152231896085,0.2010264453469952,0.7542583314633963,-0.8535831071244682,0.0683214254801594,0.3914968086627235
0.05,1.169686813359109,7.228339016352982e-08,3.2496478706118216e-07,0.0146980185479262,0.0146984157961034,0.0447152231896085,0.2010264453469952,0.7542583314633963,-0.8535831071244682,0.0683214254801594,0.3914968086627235
0.05,1.1737606533960876,6.84951292104177e-08,3.079338839563996e-07,0.0142732158325705,0.0142735922615837,0.0447152231896085,0.2010264453469952,0.7542583314633963,-0.8535831071244682,0.0683214254801594,0.3914968086627235
0.05,1.1778344934330662,6.489837753969495e-08,2.917639500594959e-07,0.0138591900165952,0.0138595466789228,0.0447152231896085,0.2010264453469952,0.7542583314633963,-0.8535831071244682,0.0683214254801594,0.3914968086627235
0.05,1.1819083334700444,6.148383722280147e-08,2.7641318462803505e-07,0.0134557168493775,0.0134560547463993,0.0447152231896085,0.2010264453469952,0.7542583314633963,-0.8535831071244682,0.0683214254801594,0.3914968086627235
0.05,1.185982173507023,5.8242641422508586e-08,2.6184172497896624e-07,0.0130625752191052,0.0130628953034716,0.0447152231896085,0.2010264453469952,0.7542583314633963,-0.8535831071244682,0.0683214254801594,0.3914968086627235
0.05,1.1900560135440017,5.5166335450625555e-08,2.480115613296636e-07,0.012679547155762,0.0126798503336588,0.0447152231896085,0.2010264453469952,0.7542583314633963,-0.8535831071244682,0.0683214254801594,0.3914968086627235
0.05,1.1941298535809803,5.2246858606061754e-08,2.348864551472145e-07,0.0123064178323499,0.0123067049656636,0.0447152231896085,0.2010264453469952,0.7542583314633963,-0.8535831071244682,0.0683214254801594,0.3914968086627235
0.05,1.1982036936179583,4.947652676360402e-08,2.224318608727015e-07,0.0119429755643993,0.011943247472787,0.0447152231896085,0.2010264453469952,0.7542583314633963,-0.8535831071244682,0.0683214254801594,0.3914968086627235
0.05,1.2022775336549372,4.6848015684762774e-08,2.106148508916924e-07,0.0115890118078175,0.0115892692706841,0.0447152231896085,0.2010264453469952,0.7542583314633963,-0.8535831071244682,0.0683214254801594,0.3914968086627235
0.05,1.2063513736919158,4.435434502302937e-08,1.9940404362659858e-07,0.0112443211551257,0.0112445649135143,0.0447152231896085,0.2010264453469952,0.7542583314633963,-0.8535831071244682,0.0683214254801594,0.3914968086627235
0.05,1.2104252137288944,4.198886299683961e-08,1.8876953463084242e-07,0.0109087013301348,0.0109089320885324,0.0447152231896085,0.2010264453469952,0.7542583314633963,-0.8535831071244682,0.0683214254801594,0.3914968086627235
0.05,1.2144990537658726,3.9745231704461176e-08,1.7868283056892604e-07,0.0105819531811088,0.0105821716091711,0.0447152231896085,0.2010264453469952,0.7542583314633963,-0.8535831071244682,0.0683214254801594,0.3914968086627235
0.05,1.2185728938028513,3.761741305591925e-08,1.6911678597052099e-07,0.0102638806724667,0.0102640874066657,0.0447152231896085,0.2010264453469952,0.7542583314633963,-0.8535831071244682,0.0683214254801594,0.3914968086627235
0.05,1.22264673383983,3.5599655297953865e-08,1.6004554265065385e-07,0.00995429087507,0.009954486520268,0.0447152231896085,0.2010264453469952,0.7542583314633963,-0.8535831071244682,0.0683214254801594,0.3914968086627235
0.05,1.2267205738768086,3.368648010883138e-08,1.5144447169178772e-07,0.0096529939551462,0.009653179086098,0.0447152231896085,0.2010264453469952,0.7542583314633963,-0.8535831071244682,0.0683214254801594,0.3914968086627235
0.05,1.2307944139137867,3.1872670240667356e-08,1.4329011788735337e-07,0.0093598031618946,0.0093599783246827,0.0447152231896085,0.2010264453469952,0.7542583314633963,-0.8535831071244682,0.0683214254801594,0.3914968086627235
0.05,1.2348682539507654,3.0153257687701495e-08,1.355601465498055e-07,0.0090745348138234,0.0090747005272276,0.0447152231896085,0.2010264453469952,0.7542583314633963,-0.8535831071244682,0.0683214254801594,0.3914968086627235
0.05,1.238942093987744,2.8523512359739665e-08,1.2823329258976136e-07,0.0087970082838651,0.00879716504067,0.0447152231896085,0.2010264453469952,0.7542583314633963,-0.8535831071244682,0.0683214254801594,0.3914968086627235
0.05,1.2430159340247229,2.6978931240721523e-08,1.212893117761207e-07,0.0085270459833159,0.0085271942515589,0.0447152231896085,0.2010264453469952,0.7542583314633963,-0.8535831071244682,0.0683214254801594,0.3914968086627235
0.05,1.2470897740617009,2.551522801309632e-08,1.147089340903218e-07,0.0082644733446463,0.0082646135688084,0.0447152231896085,0.2010264453469952,0.7542583314633963,-0.8535831071244682,0.0683214254801594,0.3914968086627235
0.05,1.2511636140986797,2.412832312938513e-08,1.0847381909101566e-07,0.0080091188032276,0.0080092514053698,0.0447152231896085,0.2010264453469952,0.7542583314633963,-0.8535831071244682,0.0683214254801594,0.3914968086627235
0.05,1.255237454135658,2.2814334312995422e-08,1.0256651320853237e-07,0.0077608137780197,0.0077609391588673,0.0447152231896085,0.2010264453469952,0.7542583314633963,-0.8535831071244682,0.0683214254801594,0.3914968086627235
0.05,1.2593112941726368,2.15695674709928e-08,9.697040889138465e-08,0.0075193926512651,0.0075195111912415,0.0447152231896085,0.2010264453469952,0.7542583314633963,-0.8535831071244682,0.0683214254801594,0.3914968086627235
0.05,1.263385134209615,2.0390508002188292e-08,9.166970552999409e-08,0.0072846927472308,0.0072848048074443,0.0447152231896085,0.2010264453469952,0.7542583314633963,-0.8535831071244682,0.0683214254801594,0.3914968086627235
0.05,1.2674589742465936,1.9273812484501076e-08,8.66493720855274e-08,0.0070565543100435,0.0070566602332281,0.0447152231896085,0.2010264453469952,0.7542583314633963,-0.8535831071244682,0.0683214254801594,0.3914968086627235
0.05,1.2715328142835722,1.8216300726156656e-08,8.18951113544296e-08,0.0068348204806597,0.0068349205920718,0.0447152231896085,0.2010264453469952,0.7542583314633963,-0.8535831071244682,0.0683214254801594,0.3914968086627235
0.05,1.2756066543205509,1.721494816585396e-08,7.739332580181843e-08,0.0066193372730115,0.0066194318812855,0.0447152231896085,0.2010264453469952,0.7542583314633963,-0.8535831071244682,0.0683214254801594,0.3914968086627235
0.05,1.279680494357529,1.6266878607592072e-08,7.313108489940974e-08,0.0064099535493702,0.0064100429473337,0.0447152231896085,0.2010264453469952,0.7542583314633963,-0.8535831071244682,0.0683214254801594,0.3914968086627235
0.05,1.2837543343945077,1.5369357276382332e-08,6.909609390604873e-08,0.0062065209949678,0.006206605460419,0.0447152231896085,0.2010264453469952,0.7542583314633963,-0.8535831071244682,0.0683214254801594,0.3914968086627235
0.05,1.2878281744314863,1.451978418159773e-08,6.527666403128779e-08,0.0060088940919163,0.0060089738883645,0.0447152231896085,0.2010264453469952,0.7542583314633963,-0.8535831071244682,0.0683214254801594,0.3914968086627235
0.05,1.291902014468465,1.3715687775204449e-08,6.166168392466718e-08,0.0058169300924625,0.0058170054698342,0.0447152231896085,0.2010264453469952,0.7542583314633963,-0.8535831071244682,0.0683214254801594,0.3914968086627235
0.05,1.2959758545054432,1.2954718892614734e-08,5.8240592435578184e-08,0.0056304889916184,0.0056305601869297,0.0447152231896085,0.2010264453469952,0.7542583314633963,-0.8535831071244682,0.0683214254801594,0.3914968086627235
0.05,1.3000496945424218,1.2234644964364589e-08,5.500335259067422e-08,0.005449433499202,0.0054495007371996,0.0447152231896085,0.2010264453469952,0.7542583314633963,-0.8535831071244682,0.0683214254801594,0.3914968086627235
0.05,1.3041235345794004,1.1553344487274324e-08,5.1940426737840816e-08,0.0052736290113287,0.0052736925051,0.0447152231896085,0.2010264453469952,0.7542583314633963,-0.8535831071244682,0.0683214254801594,0.3914968086627235
0.05,1.3081973746163786,1.0908801744186628e-08,4.904275280769631e-08,0.0051029435813854,0.0051030035329399,0.0447152231896085,0.2010264453469952,0.7542583314633963,-0.8535831071244682,0.0683214254801594,0.3914968086627235
0.05,1.3122712146533573,1.0299101761799844e-08,4.6301721645498643e-08,0.0049372478905249,0.0049373044913483,0.0447152231896085,0.2010264453469952,0.7542583314633963,-0.8535831071244682,0.0683214254801594,0.3914968086627235
0.05,1.316345054690336,9.722425496523842e-09,4.370915536817419e-08,0.0047764152177145,0.0047764686492954,0.0447152231896085,0.2010264453469952,0.7542583314633963,-0.8535831071244682,0.0683214254801594,0.3914968086627235
0.05,1.3204188947273146,9.177045238673956e-09,4.125728670293025e-08,0.0046203214093717,0.0046203718437036,0.0447152231896085,0.2010264453469952,0.7542583314633963,-0.8535831071244682,0.0683214254801594,0.3914968086627235
0.05,1.3244927347642927,8.66132022570474e-09,3.8938739265648804e-08,0.0044688448486204,0.0044688924486799,0.0447152231896085,0.2010264453469952,0.7542583314633963,-0.8535831071244682,0.0683214254801594,0.3914968086627235
0.05,1.3285665748012714,8.17369245554725e-09,3.674650873888667e-08,0.0043218664241994,0.0043219113444006,0.0447152231896085,0.2010264453469952,0.7542583314633963,-0.8535831071244682,0.0683214254801594,0.3914968086627235
0.05,1.33264041483825,7.71268269146845e-09,3.4673944910902585e-08,0.0041792694990546,0.0041793118856822,0.0447152231896085,0.2010264453469952,0.7542583314633963,-0.8535831071244682,0.0683214254801594,0.3914968086627235
0.05,1.3367142548752289,7.276886650212216e-09,3.2714734538664243e-08,0.0040409398786449,0.0040409798702661,0.0447152231896085,0.2010264453469952,0.7542583314633963,-0.8535831071244682,0.0683214254801594,0.3914968086627235
0.05,1.3407880949122069,6.864971365509454e-09,3.086288499926319e-08,0.003906765778992,0.0039068035068484,0.0447152231896085,0.2010264453469952,0.7542583314633963,-0.8535831071244682,0.0683214254801594,0.3914968086627235
0.05,1.3448619349491855,6.475671719361459e-09,2.9112708695588572e-08,0.0037766377945028,0.0037766733828832,0.0447152231896085,0.2010264453469952,0.7542583314633963,-0.8535831071244682,0.0683214254801594,0.3914968086627235
0.05,1.348935774986164,6.107787133807321e-09,2.745880818348988e-08,0.0036504488655921,0.0036504824321874,0.0447152231896085,0.2010264453469952,0.7542583314633963,-0.8535831071244682,0.0683214254801594,0.3914968086627235
0.05,1.3530096150231428,5.760178416177655e-09,2.5896061988968847e-08,0.0035280942461335,0.0035281259023739,0.0447152231896085,0.2010264453469952,0.7542583314633963,-0.8535831071244682,0.0683214254801594,0.3914968086627235
0.05,1.357083455060121,5.431764751123018e-09,2.4419611085227083e-08,0.0034094714707645,0.0034095013221403,0.0447152231896085,0.2010264453469952,0.7542583314633963,-0.8535831071244682,0.0683214254801594,0.3914968086627235
0.05,1.3611572950970996,5.121520832976569e-09,2.3024846000614946e-08,0.0032944803220721,0.0032945084684389,0.0447152231896085,0.2010264453469952,0.7542583314633963,-0.8535831071244682,0.0683214254801594,0.3914968086627235
0.05,1.3652311351340782,4.828474132274119e-09,2.170739452971256e-08,0.0031830227976831,0.0031830493335518,0.0447152231896085,0.2010264453469952,0.7542583314633963,-0.8535831071244682,0.0683214254801594,0.3914968086627235
0.05,1.3693049751710569,4.551702290507602e-09,2.0463110020910333e-08,0.0030750030772842,0.0030750280920965,0.0447152231896085,0.2010264453469952,0.7542583314633963,-0.8535831071244682,0.0683214254801594,0.3914968086627235
0.05,1.373378815208035,4.290330637431738e-09,1.9288060214952537e-08,0.0029703274895946,0.0029703510679855,0.0447152231896085,0.2010264453469952,0.7542583314633963,-0.8535831071244682,0.0683214254801594,0.3914968086627235
0.05,1.3774526552450137,4.043529825477834e-09,1.8178516609959964e-08,0.0028689044793142,0.0028689267013606,0.0447152231896085,0.2010264453469952,0.7542583314633963,-0.8535831071244682,0.0683214254801594,0.3914968086627235
0.05,1.3815264952819923,3.8105135760552535e-09,1.7130944329466553e-08,0.0027706445740692,0.0027706655155271,0.0447152231896085,0.2010264453469952,0.7542583314633963,-0.8535831071244682,0.0683214254801594,0.3914968086627235
0.05,1.385600335318971,3.5905365327368192e-09,1.6141992470974576e-08,0.0026754603513765,0.0026754800839055,0.0447152231896085,0.2010264453469952,0.7542583314633963,-0.8535831071244682,0.0683214254801594,0.3914968086627235
0.05,1.3896741753559492,3.3828922165345844e-09,1.5208484913478065e-08,0.0025832664056467,0.0025832849970239,0.0447152231896085,0.2010264453469952,0.7542583314633963,-0.8535831071244682,0.0683214254801594,0.3914968086627235
0.05,1.3937480153929278,3.186911078672506e-09,1.4327411563303473e-08,0.0024939793152465,0.0024939968295692,0.0447152231896085,0.2010264453469952,0.7542583314633963,-0.8535831071244682,0.0683214254801594,0.3914968086627235
0.05,1.3978218554299064,3.001958646456141e-09,1.3495920018487085e-08,0.0024075176096384,0.0024075341075171,0.0447152231896085,0.2010264453469952,0.7542583314633963,-0.8535831071244682,0.0683214254801594,0.3914968086627235
0.05,1.401895695466885,2.82743375802491e-09,1.2711307632742256e-08,0.0023238017366168,0.0023238172753582,0.0447152231896085,0.2010264453469952,0.7542583314633963,-0.8535831071244682,0.0683214254801594,0.3914968086627235
0.05,1.4059695355038633,2.662766881951203e-09,1.1971013960872936e-08,0.0022427540296577,0.0022427686634385,0.0447152231896085,0.2010264453469952,0.7542583314633963,-0.8535831071244682,0.0683214254801594,0.3914968086627235
0.05,1.410043375540842,2.507418517822017e-09,1.1272613568260816e-08,0.0021642986753989,0.002164312455431,0.0447152231896085,0.2010264453469952,0.7542583314633963,-0.8535831071244682,0.0683214254801594,0.3914968086627235
0.05,1.4141172155778206,2.360877674104067e-09,1.0613809187796158e-08,0.0020883616812674,0.0020883746559543,0.0447152231896085,0.2010264453469952,0.7542583314633963,-0.8535831071244682,0.0683214254801594,0.3914968086627235
0.05,1.4181910556147992,2.222660419751039e-09,9.992425208331468e-09,0.0020148708432685,0.0020148830583541,0.0447152231896085,0.2010264453469952,0.7542583314633963,-0.8535831071244682,0.0683214254801594,0.3914968086627235
0.05,1.4222648956517774,2.092308506164379e-09,9.40640147942398e-09,0.0019437557139525,0.0019437672126625,0.0447152231896085,0.2010264453469952,0.7542583314633963,-0.8535831071244682,0.0683214254801594,0.3914968086627235
0.05,1.426338735688756,1.969388056264958e-09,8.853787417788783e-09,0.0018749475705732,0.0018749583937487,0.0447152231896085,0.2010264453469952,0.7542583314633963,-0.8535831071244682,0.0683214254801594,0.3914968086627235
0.05,1.4304125757257349,1.8534883175732007e-09,8.332736401515107e-09,0.0018083793834508,0.0018083895696755,0.0447152231896085,0.2010264453469952,0.7542583314633963,-0.8535831071244682,0.0683214254801594,0.3914968086627235
0.05,1.4344864157627129,1.7442204763299984e-09,7.841500438704004e-09,0.0017439857845527,0.0017439953702737,0.0447152231896085,0.2010264453469952,0.7542583314633963,-0.8535831071244682,0.0683214254801594,0.3914968086627235
0.05,1.438560255799692,1.641216529819866e-09,7.378425097766064e-09,0.0016817030363059,0.0016817120559475,0.0447152231896085,0.2010264453469952,0.7542583314633963,-0.8535831071244682,0.0683214254801594,0.3914968086627235
1.0,-2.2238219374440007,0.0007826844284361,0.0007868093029989,1.0866825632451986e-08,0.0015695045982607,0.351040723784041,0.3528907656392461,0.2960685105767129,-0.8535831071244682,0.0683214254801594,0.3914968086627235
1.0,-2.219748097407022,0.0008116715540823,0.0008159491955239,1.154883553537597e-08,0.0016276322984418,0.351040723784041,0.3528907656392461,0.2960685105767129,-0.8535831071244682,0.0683214254801594,0.3914968086627235
1.0,-2.215674257370044,0.0008416410945187,0.0008460766803252,1.2272319948584291e-08,0.0016877300471638,0.351040723784041,0.3528907656392461,0.2960685105767129,-0.8535831071244682,0.0683214254801594,0.3914968086627235
1.0,-2.2116004173330652,0.0008726227139635,0.0008772215779563,1.3039715492271817e-08,0.0017498573316353,0.351040723784041,0.3528907656392461,0.2960685105767129,-0.8535831071244682,0.0683214254801594,0.3914968086627235
1.0,-2.2075265772960866,0.00090464683547,0.000909414471805,1.385359658075083e-08,0.0018140751608717,0.351040723784041,0.3528907656392461,0.2960685105767129,-0.8535831071244682,0.0683214254801594,0.3914968086627235
1.0,-2.203452737259108,0.0009377446554419,0.0009426867226851,1.4716682889026212e-08,0.00188044609481,0.351040723784041,0.3528907656392461,0.2960685105767129,-0.8535831071244682,0.0683214254801594,0.3914968086627235
1.0,-2.1993788972221298,0.0009719481582558,0.0009770704835361,1.5631847204739803e-08,0.0019490342736392,0.351040723784041,0.3528907656392461,0.2960685105767129,-0.8535831071244682,0.0683214254801594,0.3914968086627235
1.0,-2.195305057185151,0.0010072901309858,0.0010125987142253,1.6602123684279108e-08,0.0020199054473347,0.351040723784041,0.3528907656392461,0.2960685105767129,-0.8535831071244682,0.0683214254801594,0.3914968086627235
1.0,-2.1912312171481725,0.0010438041782225,0.0010493051964449,1.7630716532697353e-08,0.0020931270053839,0.351040723784041,0.3528907656392461,0.2960685105767129,-0.8535831071244682,0.0683214254801594,0.3914968086627235
1.0,-2.187157377111194,0.0010815247369822,0.0010872245487,1.8721009127989612e-08,0.0021687680066913,0.351040723784041,0.3528907656392461,0.2960685105767129,-0.8535831071244682,0.0683214254801594,0.3914968086627235
1.0,-2.1830835370742157,0.0011204870916978,0.0011263922413782,1.9876573611192425e-08,0.0022468992096497,0.351040723784041,0.3528907656392461,0.2960685105767129,-0.8535831071244682,0.0683214254801594,0.3914968086627235
1.0,-2.179009697037237,0.0011607273892858,0.001166844611896,2.1101180964747243e-08,0.0023275931023628,0.351040723784041,0.3528907656392461,0.2960685105767129,-0.8535831071244682,0.0683214254801594,0.3914968086627235
1.0,-2.1749358570002584,0.0012022826542808,0.0012086188799136,2.2398811602570805e-08,0.002410923933006,0.351040723784041,0.3528907656392461,0.2960685105767129,-0.8535831071244682,0.0683214254801594,0.3914968086627235
1.0,-2.1708620169632797,0.0012451908040319,0.0012517531626106,2.3773666496328833e-08,0.002496967740309,0.351040723784041,0.3528907656392461,0.2960685105767129,-0.8535831071244682,0.0683214254801594,0.3914968086627235
1.0,-2.1667881769263015,0.0012894906639513,0.0012962864900153,2.5230178863496997e-08,0.0025858023841455,0.351040723784041,0.3528907656392461,0.2960685105767129,-0.8535831071244682,0.0683214254801594,0.3914968086627235
1.0,-2.162714336889323,0.0013352219828076,0.0013422588203789,2.6773026443932353e-08,0.002677507576213,0.351040723784041,0.3528907656392461,0.2960685105767129,-0.8535831071244682,0.0683214254801594,0.3914968086627235
1.0,-2.1586404968523443,0.0013824254480555,0.0013897110555857,2.8407144392857104e-08,0.0027721649107857,0.351040723784041,0.3528907656392461,0.2960685105767129,-0.8535831071244682,0.0683214254801594,0.3914968086627235
1.0,-2.1545666568153656,0.0014311427011932,0.0014386850565913,3.0137738819391044e-08,0.0028698578955233,0.351040723784041,0.3528907656392461,0.2960685105767129,-0.8535831071244682,0.0683214254801594,0.3914968086627235
1.0,-2.150492816778387,0.0014814163531371,0.0014892236588785,3.1970301001042394e-08,0.0029706719823167,0.351040723784041,0.3528907656392461,0.2960685105767129,-0.8535831071244682,0.0683214254801594,0.3914968086627235
1.0,-2.146418976741409,0.0015332899996061,0.0015413706879231,3.3910622305903114e-08,0.0030746945981516,0.351040723784041,0.3528907656392461,0.2960685105767129,-0.8535831071244682,0.0683214254801594,0.3914968086627235
1.0,-2.14234513670443,0.0015868082365044,0.0015951709746565,3.596480985566912e-08,0.0031820151759708,0.351040723784041,0.3528907656392461,0.2960685105767129,-0.8535831071244682,0.0683214254801594,0.3914968086627235
1.0,-2.1382712966674515,0.0016420166752922,0.001650670370919,3.8139302964055504e-08,0.0032927251855142,0.351040723784041,0.3528907656392461,0.2960685105767129,-0.8535831071244682,0.0683214254801594,0.3914968086627235
1.0,-2.1341974566304733,0.0016989619583357,0.0017079157648896,4.044089038665822e-08,0.0034069181641157,0.351040723784041,0.3528907656392461,0.2960685105767129,-0.8535831071244682,0.0683214254801594,0.3914968086627235
1.0,-2.1301236165934947,0.001757691774223,0.0017669550964832,4.2876728419877944e-08,0.0035246897474347,0.351040723784041,0.3528907656392461,0.2960685105767129,-0.8535831071244682,0.0683214254801594,0.3914968086627235
1.0,-2.126049776556516,0.001818254873037,0.0018278373727034,4.545435988812169e-08,0.0036461377001003,0.351040723784041,0.3528907656392461,0.2960685105767129,-0.8535831071244682,0.0683214254801594,0.3914968086627235
1.0,-2.1219759365195374,0.0018807010815712,0.001890612682939,4.8181734060193115e-08,0.0037713619462443,0.351040723784041,0.3528907656392461,0.2960685105767129,-0.8535831071244682,0.0683214254801594,0.3914968086627235
1.0,-2.1179020964825592,0.0019450813184791,0.0019553322141934,5.10672275375e-08,0.0039004645999,0.351040723784041,0.3528907656392461,0.2960685105767129,-0.8535831071244682,0.0683214254801594,0.3914968086627235
1.0,-2.1138282564455806,0.0020114476093427,0.0020220482662316,5.411966615853432e-08,0.0040335499952405,0.351040723784041,0.3528907656392461,0.2960685105767129,-0.8535831071244682,0.0683214254801594,0.3914968086627235
1.0,-2.109754416408602,0.0020798531016484,0.0020908142666359,5.734834796594003e-08,0.0041707247166322,0.351040723784041,0.3528907656392461,0.2960685105767129,-0.8535831071244682,0.0683214254801594,0.3914968086627235
1.0,-2.1056805763716233,0.0021503520796567,0.0021616847857539,6.076306728444817e-08,0.004312097628478,0.351040723784041,0.3528907656392461,0.2960685105767129,-0.8535831071244682,0.0683214254801594,0.3914968086627235
1.0,-2.101606736334645,0.0022229999791536,0.0022347155515272,6.437413995996268e-08,0.0044577799048208,0.351040723784041,0.3528907656392461,0.2960685105767129,-0.8535831071244682,0.0683214254801594,0.3914968086627235
1.0,-2.0975328962976665,0.0022978534020677,0.0023099634641856,6.819242981219555e-08,0.0046078850586832,0.351040723784041,0.3528907656392461,0.2960685105767129,-0.8535831071244682,0.0683214254801594,0.3914968086627235
1.0,-2.093459056260688,0.0023749701309406,0.0023874866107943,7.222937635539977e-08,0.0047625289711113,0.351040723784041,0.3528907656392461,0.2960685105767129,-0.8535831071244682,0.0683214254801594,0.3914968086627235
1.0,-2.089385216223709,0.0024544091432355,0.0024673442796375,7.649702384403853e-08,0.0049218299198969,0.351040723784041,0.3528907656392461,0.2960685105767129,-0.8535831071244682,0.0683214254801594,0.3914968086627235
1.0,-2.085311376186731,0.0025362306254693,0.0025495969744245,8.100805170253698e-08,0.0050859086079455,0.351040723784041,0.3528907656392461,0.2960685105767129,-0.8535831071244682,0.0683214254801594,0.3914968086627235
1.0,-2.0812375361497524,0.002620495987152,0.0026343064283035,8.57758064007104e-08,0.0052548881912619,0.351040723784041,0.3528907656392461,0.2960685105767129,-0.8535831071244682,0.0683214254801594,0.3914968086627235
1.0,-2.0771636961127737,0.0027072678745191,0.0027215356176661,9.081433483896088e-08,0.0054288943065201,0.351040723784041,0.3528907656392461,0.2960685105767129,-0.8535831071244682,0.0683214254801594,0.3914968086627235
1.0,-2.0730898560757955,0.0027966101840405,0.0028113487757269,9.613841930995705e-08,0.0056080550981868,0.351040723784041,0.3528907656392461,0.2960685105767129,-0.8535831071244682,0.0683214254801594,0.3914968086627235
1.0,-2.069016016038817,0.0028885880756891,0.0029038114058625,1.0176361410619743e-07,0.0057925012451657,0.351040723784041,0.3528907656392461,0.2960685105767129,-0.8535831071244682,0.0683214254801594,0.3914968086627235
1.0,-2.0649421760018383,0.0029832679859528,0.0029989902946919,1.0770628384565777e-07,0.0059823659869286,0.351040723784041,0.3528907656392461,0.2960685105767129,-0.8535831071244682,0.0683214254801594,0.3914968086627235
1.0,-2.0608683359648596,0.0030807176405732,0.0030969535248823,1.1398364359062755e-07,0.0061777851490992,0.351040723784041,0.3528907656392461,0.2960685105767129,-0.8535831071244682,0.0683214254801594,0.3914968086627235
1.0,-2.0567944959278814,0.0031810060669926,0.0031977704876619,1.2061380083783246e-07,0.0063788971684554,0.351040723784041,0.3528907656392461,0.2960685105767129,-0.8535831071244682,0.0683214254801594,0.3914968086627235
1.0,-2.052720655890903,0.0032842036064924,0.0033015118950224,1.276157994610475e-07,0.0065858431173143,0.351040723784041,0.3528907656392461,0.2960685105767129,-0.8535831071244682,0.0683214254801594,0.3914968086627235
1.0,-2.048646815853924,0.003390381926005,0.0034082497915923,1.3500966569061777e-07,0.0067987667272631,0.351040723784041,0.3528907656392461,0.2960685105767129,-0.8535831071244682,0.0683214254801594,0.3914968086627235
1.0,-2.0445729758169455,0.0034996140295794,0.003518057566164,1.4281645621764018e-07,0.0070178144121997,0.351040723784041,0.3528907656392461,0.2960685105767129,-0.8535831071244682,0.0683214254801594,0.3914968086627235
1.0,-2.0404991357799673,0.0036119742694833,0.0036310099628537,1.5105830851398754e-07,0.0072431352906455,0.351040723784041,0.3528907656392461,0.2960685105767129,-0.8535831071244682,0.0683214254801594,0.3914968086627235
1.0,-2.0364252957429887,0.0037275383569214,0.0037471830918765,1.5975849346293268e-07,0.0074748812072914,0.351040723784041,0.3528907656392461,0.2960685105767129,-0.8535831071244682,0.0683214254801594,0.3914968086627235
1.0,-2.03235145570601,0.0038463833723517,0.003866654439917,1.6894147039878998e-07,0.0077132067537391,0.351040723784041,0.3528907656392461,0.2960685105767129,-0.8535831071244682,0.0683214254801594,0.3914968086627235
1.0,-2.0282776156690314,0.0039685877753785,0.0039895028800745,1.786329446578327e-07,0.0079582692883976,0.351040723784041,0.3528907656392461,0.2960685105767129,-0.8535831071244682,0.0683214254801594,0.3914968086627235
1.0,-2.0242037756320532,0.0040942314142035,0.0041158086813636,1.8885992774664441e-07,0.008210228955495,0.351040723784041,0.3528907656392461,0.2960685105767129,-0.8535831071244682,0.0683214254801594,0.3914968086627235
1.0,-2.0201299355950746,0.0042233955346141,0.0042456535177504,1.9965080023816646e-07,0.0084692487031648,0.351040723784041,0.3528907656392461,0.2960685105767129,-0.8535831071244682,0.0683214254801594,0.3914968086627235
1.0,-2.016056095558096,0.0043561627884876,0.0043791204767009,2.110353775098689e-07,0.008735494300566,0.351040723784041,0.3528907656392461,0.2960685105767129,-0.8535831071244682,0.0683214254801594,0.3914968086627235
1.0,-2.0119822555211173,0.0044926172417917,0.0045162940672242,2.2304497844285643e-07,0.0090091343539944,0.351040723784041,0.3528907656392461,0.2960685105767129,-0.8535831071244682,0.0683214254801594,0.3914968086627235
1.0,-2.007908415484139,0.0046328443820591,0.0046572602273863,2.3571249720517779e-07,0.0092903403219426,0.351040723784041,0.3528907656392461,0.2960685105767129,-0.8535831071244682,0.0683214254801594,0.3914968086627235
1.0,-2.0038345754471605,0.0047769311253151,0.0048021063312741,2.490724782472549e-07,0.0095792865290674,0.351040723784041,0.3528907656392461,0.2960685105767129,-0.8535831071244682,0.0683214254801594,0.3914968086627235
1.0,-1.9997607354101816,0.0049249658224365,0.004950921195388,2.6316119464211257e-07,0.0098761501790192,0.351040723784041,0.3528907656392461,0.2960685105767129,-0.8535831071244682,0.0683214254801594,0.3914968086627235
1.0,-1.9956868953732032,0.00507703826492,0.0051037950844404,2.7801672990805896e-07,0.0101811113660904,0.351040723784041,0.3528907656392461,0.2960685105767129,-0.8535831071244682,0.0683214254801594,0.3914968086627235
1.0,-1.9916130553362248,0.0052332396900372,0.0052608197165382,2.936790634565303e-07,0.010494353085639,0.351040723784041,0.3528907656392461,0.2960685105767129,-0.8535831071244682,0.0683214254801594,0.3914968086627235
1.0,-1.9875392152992464,0.0053936627853549,0.0054220882677269,3.101901598130785e-07,0.0108160612432417,0.351040723784041,0.3528907656392461,0.2960685105767129,-0.8535831071244682,0.0683214254801594,0.3914968086627235
1.0,-1.9834653752622675,0.0055584016925974,0.0055876953758729,3.275940617649262e-07,0.0111464246625321,0.351040723784041,0.3528907656392461,0.2960685105767129,-0.8535831071244682,0.0683214254801594,0.3914968086627235
1.0,-1.979391535225289,0.0057275520108279,0.0057577371438623,3.459369875940493e-07,0.0114856350916779,0.351040723784041,0.3528907656392461,0.2960685105767129,-0.8535831071244682,0.0683214254801594,0.3914968086627235
1.0,-1.975317695188311,0.0059012107989271,0.0059323111420916,3.652674325605861e-07,0.0118338872084513,0.351040723784041,0.3528907656392461,0.2960685105767129,-0.8535831071244682,0.0683214254801594,0.3914968086627235
1.0,-1.9712438551513325,0.0060794765773438,0.0061115164102287,3.856362748072533e-07,0.0121913786238473,0.351040723784041,0.3528907656392461,0.2960685105767129,-0.8535831071244682,0.0683214254801594,0.3914968086627235
1.0,-1.9671700151143536,0.0062624493290967,0.0062954534582189,4.0709688586159346e-07,0.0125583098842016,0.351040723784041,0.3528907656392461,0.2960685105767129,-0.8535831071244682,0.0683214254801594,0.3914968086627235
1.0,-1.9630961750773752,0.0064502305000024,0.006484224266515,4.29705245919201e-07,0.0129348844717633,0.351040723784041,0.3528907656392461,0.2960685105767129,-0.8535831071244682,0.0683214254801594,0.3914968086627235
1.0,-1.9590223350403968,0.0066429229981061,0.0066779322855043,4.535200640975543e-07,0.0133213088036745,0.351040723784041,0.3528907656392461,0.2960685105767129,-0.8535831071244682,0.0683214254801594,0.3914968086627235
1.0,-1.9549484950034184,0.0068406311922928,0.0068766824341127,4.78602903856799e-07,0.0137177922293094,0.351040723784041,0.3528907656392461,0.2960685105767129,-0.8535831071244682,0.0683214254801594,0.3914968086627235
1.0,-1.9508746549664395,0.007043460910053,0.007080581097559,5.050183137906402e-07,0.0141245470259258,0.351040723784041,0.3528907656392461,0.2960685105767129,-0.8535831071244682,0.0683214254801594,0.3914968086627235
1.0,-1.946800814929461,0.0072515194343815,0.0072897361242369,5.328339639977327e-07,0.0145417883925825,0.351040723784041,0.3528907656392461,0.2960685105767129,-0.8535831071244682,0.0683214254801594,0.3914968086627235
1.0,-1.9427269748924827,0.0074649154997845,0.0075042568217009,5.621207882511197e-07,0.0149697344422737,0.351040723784041,0.3528907656392461,0.2960685105767129,-0.8535831071244682,0.0683214254801594,0.3914968086627235
1.0,-1.938653134855504,0.00768375928737,0.0077242539517318,5.929531321908682e-07,0.015408606192234,0.351040723784041,0.3528907656392461,0.2960685105767129,-0.8535831071244682,0.0683214254801594,0.3914968086627235
1.0,-1.9345792948185256,0.0079081624190005,0.0079498397244573,6.254089077726692e-07,0.0158586275523656,0.351040723784041,0.3528907656392461,0.2960685105767129,-0.8535831071244682,0.0683214254801594,0.3914968086627235
1.0,-1.930505454781547,0.0081382379504813,0.0081811277915052,6.595697542132758e-07,0.0163200253117407,0.351040723784041,0.3528907656392461,0.2960685105767129,-0.8535831071244682,0.0683214254801594,0.3914968086627235
1.0,-1.9264316147445688,0.0083741003637627,0.0084182332381644,6.955212056816357e-07,0.0167930291231328,0.351040723784041,0.3528907656392461,0.2960685105767129,-0.8535831071244682,0.0683214254801594,0.3914968086627235
1.0,-1.92235777470759,0.0086158655581311,0.0086612725745295,7.333528659930809e-07,0.0172778714855267,0.351040723784041,0.3528907656392461,0.2960685105767129,-0.8535831071244682,0.0683214254801594,0.3914968086627235
1.0,-1.9182839346706115,0.0088636508403667,0.0089103637256065,7.731585905724937e-07,0.0177747877245638,0.351040723784041,0.3528907656392461,0.2960685105767129,-0.8535831071244682,0.0683214254801594,0.3914968086627235
1.0,-1.914210094633633,0.0091175749138427,0.0091656260203547,8.15036675961279e-07,0.0182840159708734,0.351040723784041,0.3528907656392461,0.2960685105767129,-0.8535831071244682,0.0683214254801594,0.3914968086627235
1.0,-1.9101362545966545,0.0093777578665442,0.0094271801796424,8.590900571519663e-07,0.0188057971362438,0.351040723784041,0.3528907656392461,0.2960685105767129,-0.8535831071244682,0.0683214254801594,0.3914968086627235
1.0,-1.906062414559676,0.0096443211579826,0.0096951483030927,9.054265130437252e-07,0.0193403748875884,0.351040723784041,0.3528907656392461,0.2960685105767129,-0.8535831071244682,0.0683214254801594,0.3914968086627235
1.0,-1.9019885745226977,0.0099173876049832,0.0099696538547953,9.541588803215488e-07,0.0198879956186589,0.351040723784041,0.3528907656392461,0.2960685105767129,-0.8535831071244682,0.0683214254801594,0.3914968086627235
1.0,-1.8979147344857188,0.0101970813663224,0.0102508216478637,1.0054052760717418e-06,0.0204489084194622,0.351040723784041,0.3528907656392461,0.2960685105767129,-0.8535831071244682,0.0683214254801594,0.3914968086627235
1.0,-1.8938408944487404,0.0104835279261924,0.0105387778278124,1.0592893294563863e-06,0.0210233650433343,0.351040723784041,0.3528907656392461,0.2960685105767129,-0.8535831071244682,0.0683214254801594,0.3914968086627235
1.0,-1.8897670544117615,0.0107768540764717,0.0108336498547336,1.1159404227798847e-06,0.0216116198716281,0.351040723784041,0.3528907656392461,0.2960685105767129,-0.8535831071244682,0.0683214254801594,0.3914968086627235
1.0,-1.885693214374783,0.0110771878977779,0.0111355664842506,1.1754939422911448e-06,0.0222139298759708,0.351040723784041,0.3528907656392461,0.2960685105767129,-0.8535831071244682,0.0683214254801594,0.3914968086627235
1.0,-1.881619374337805,0.0113846587392823,0.011444657747226,1.2380915390759754e-06,0.0228305545780475,0.351040723784041,0.3528907656392461,0.2960685105767129,-0.8535831071244682,0.0683214254801594,0.3914968086627235
1.0,-1.8775455343008265,0.0116993971972649,0.0117610549282036,1.303881400405244e-06,0.023461756006869,0.351040723784041,0.3528907656392461,0.2960685105767129,-0.8535831071244682,0.0683214254801594,0.3914968086627235
1.0,-1.8734716942638476,0.0120215350923882,0.0120848905425621,1.3730185319158764e-06,0.0241077986534823,0.351040723784041,0.3528907656392461,0.2960685105767129,-0.8535831071244682,0.0683214254801594,0.3914968086627235
1.0,-1.8693978542268692,0.0123512054456691,0.0124162983123611,1.4456650510133765e-06,0.0247689494230812,0.351040723784041,0.3528907656392461,0.2960685105767129,-0.8535831071244682,0.0683214254801594,0.3914968086627235
1.0,-1.8653240141898908,0.0126885424531303,0.0127554131408579,1.5219904918965066e-06,0.0254454775844801,0.351040723784041,0.3528907656392461,0.2960685105767129,-0.8535831071244682,0.0683214254801594,0.3914968086627235
1.0,-1.861250174152912,0.0130336814591091,0.0131023710856768,1.6021721226169891e-06,0.0261376547169085,0.351040723784041,0.3528907656392461,0.2960685105767129,-0.8535831071244682,0.0683214254801594,0.3914968086627235
1.0,-1.8571763341159335,0.0133867589282067,0.0134573093306095,1.6863952745995355e-06,0.0268457546540909,0.351040723784041,0.3528907656392461,0.2960685105767129,-0.8535831071244682,0.0683214254801594,0.3914968086627235
1.0,-1.853102494078955,0.0137479124158575,0.0138203661560301,1.7748536850605554e-06,0.0275700534255727,0.351040723784041,0.3528907656392461,0.2960685105767129,-0.8535831071244682,0.0683214254801594,0.3914968086627235
1.0,-1.8490286540419767,0.0141172805375016,0.0141916809079045,1.867749852776599e-06,0.028310829195259,0.351040723784041,0.3528907656392461,0.2960685105767129,-0.8535831071244682,0.0683214254801594,0.3914968086627235
1.0,-1.844954814004998,0.0144950029363419,0.0145713939653784,1.965295407667164e-06,0.029068362197128,0.351040723784041,0.3528907656392461,0.2960685105767129,-0.8535831071244682,0.0683214254801594,0.3914968086627235
1.0,-1.8408809739680192,0.01488122024967,0.0149596467069244,2.067711494670193e-06,0.0298429346680892,0.351040723784041,0.3528907656392461,0.2960685105767129,-0.8535831071244682,0.0683214254801594,0.3914968086627235
1.0,-1.836807133931041,0.0152760740737431,0.0153565814750354,2.1752291724024036e-06,0.030634830777951,0.351040723784041,0.3528907656392461,0.2960685105767129,-0.8535831071244682,0.0683214254801594,0.3914968086627235
1.0,-1.8327332938940624,0.0156797069271978,0.0157623415394444,2.2880898271109658e-06,0.0314443365564694,0.351040723784041,0.3528907656392461,0.2960685105767129,-0.8535831071244682,0.0683214254801594,0.3914968086627235
1.0,-1.828659453857084,0.016092262212985,0.0161770710588592,2.4065456024373652e-06,0.0322717398174467,0.351040723784041,0.3528907656392461,0.2960685105767129,-0.8535831071244682,0.0683214254801594,0.3914968086627235
1.0,-1.824585613820105,0.0165138841788117,0.0166009150411957,2.530859845529297e-06,0.033117330079853,0.351040723784041,0.3528907656392461,0.2960685105767129,-0.8535831071244682,0.0683214254801594,0.3914968086627235
1.0,-1.820511773783127,0.0169447178760769,0.0170340193022973,2.6613075700515983e-06,0.0339813984859443,0.351040723784041,0.3528907656392461,0.2960685105767129,-0.8535831071244682,0.0683214254801594,0.3914968086627235
1.0,-1.8164379337461485,0.0173849091172879,0.0174765304231274,2.7981759366624006e-06,0.034864237716352,0.351040723784041,0.3528907656392461,0.2960685105767129,-0.8535831071244682,0.0683214254801594,0.3914968086627235
1.0,-1.8123640937091696,0.0178346044319473,0.0179285957054225,2.941764751536642e-06,0.0357661419021214,0.351040723784041,0.3528907656392461,0.2960685105767129,-0.8535831071244682,0.0683214254801594,0.3914968086627235
1.0,-1.8082902536721912,0.0182939510208966,0.0183903631257969,3.0923869835348523e-06,0.036687406533677,0.351040723784041,0.3528907656392461,0.2960685105767129,-0.8535831071244682,0.0683214254801594,0.3914968086627235
1.0,-1.8042164136352128,0.0187630967091098,0.018861981288286,3.250369300631715e-06,0.0376283283666965,0.351040723784041,0.3528907656392461,0.2960685105767129,-0.8535831071244682,0.0683214254801594,0.3914968086627235
1.0,-1.8001425735982344,0.0192421898969254,0.0193435993753226,3.4160526262351733e-06,0.0385892053248744,0.351040723784041,0.3528907656392461,0.2960685105767129,-0.8535831071244682,0.0683214254801594,0.3914968086627235
1.0,-1.7960687335612555,0.0197313795097105,0.0198353670971346,3.5897927160440734e-06,0.0395703363995612,0.351040723784041,0.3528907656392461,0.2960685105767129,-0.8535831071244682,0.0683214254801594,0.3914968086627235
1.0,-1.791994893524277,0.0202308149459479,0.0203374346395591,3.771960756108988e-06,0.0405720215462631,0.351040723784041,0.3528907656392461,0.2960685105767129,-0.8535831071244682,0.0683214254801594,0.3914968086627235
1.0,-1.787921053487299,0.0207406460237421,0.0208499526102665,3.962943982779052e-06,0.0415945615779914,0.351040723784041,0.3528907656392461,0.2960685105767129,-0.8535831071244682,0.0683214254801594,0.3914968086627235
1.0,-1.7838472134503205,0.0212610229257383,0.0213730719833892,4.163146325234709e-06,0.0426382580554528,0.351040723784041,0.3528907656392461,0.2960685105767129,-0.8535831071244682,0.0683214254801594,0.3914968086627235
1.0,-1.7797733734133416,0.0217920961424504,0.0219069440425504,4.372989071324715e-06,0.0437034131740721,0.351040723784041,0.3528907656392461,0.2960685105767129,-0.8535831071244682,0.0683214254801594,0.3914968086627235
1.0,-1.7756995333763632,0.0223340164139945,0.0224517203222913,4.592911557443632e-06,0.0447903296478433,0.351040723784041,0.3528907656392461,0.2960685105767129,-0.8535831071244682,0.0683214254801594,0.3914968086627235
1.0,-1.7716256933393846,0.0228869346702287,0.023007552547895,4.823371883205264e-06,0.045899310590007,0.351040723784041,0.3528907656392461,0.2960685105767129,-0.8535831071244682,0.0683214254801594,0.3914968086627235
1.0,-1.7675518533024062,0.0234510019692952,0.0235745925736047,5.064847651685556e-06,0.0470306593905517,0.351040723784041,0.3528907656392461,0.2960685105767129,-0.8535831071244682,0.0683214254801594,0.3914968086627235
1.0,-1.7634780132654275,0.0240263694345688,0.0241529923192399,5.317836736028267e-06,0.0481846795905448,0.351040723784041,0.3528907656392461,0.2960685105767129,-0.8535831071244682,0.0683214254801594,0.3914968086627235
1.0,-1.759404173228449,0.0246131881900109,0.0247429037052102,5.582858073225355e-06,0.0493616747532943,0.351040723784041,0.3528907656392461,0.2960685105767129,-0.8535831071244682,0.0683214254801594,0.3914968086627235
1.0,-1.7553303331914705,0.025211609293935,0.0253444785859307,5.860452485904571e-06,0.0505619483323517,0.351040723784041,0.3528907656392461,0.2960685105767129,-0.8535831071244682,0.0683214254801594,0.3914968086627235
1.0,-1.751256493154492,0.0258217836711855,0.0259578686816447,6.151183532975539e-06,0.0517858035363632,0.351040723784041,0.3528907656392461,0.2960685105767129,-0.8535831071244682,0.0683214254801594,0.3914968086627235
1.0,-1.7471826531175134,0.0264438620437382,0.0265832255086571,6.45563839000653e-06,0.0530335431907854,0.351040723784041,0.3528907656392461,0.2960685105767129,-0.8535831071244682,0.0683214254801594,0.3914968086627235
1.0,-1.743108813080535,0.0270779948597276,0.0272207003079888,6.774428760224117e-06,0.0543054695964767,0.351040723784041,0.3528907656392461,0.2960685105767129,-0.8535831071244682,0.0683214254801594,0.3914968086627235
1.0,-1.7390349730435564,0.0277243322209112,0.0278704439724579,7.1081918170482794e-06,0.0556018843851863,0.351040723784041,0.3528907656392461,0.2960685105767129,-0.8535831071244682,0.0683214254801594,0.3914968086627235
1.0,-1.734961133006578,0.0283830238085798,0.0285326069722,7.457591179096471e-06,0.056923088371959,0.351040723784041,0.3528907656392461,0.2960685105767129,-0.8535831071244682,0.0683214254801594,0.3914968086627235
1.0,-1.730887292969599,0.0290542188079258,0.029207339278638,7.823317918611199e-06,0.0582693814044824,0.351040723784041,0.3528907656392461,0.2960685105767129,-0.8535831071244682,0.0683214254801594,0.3914968086627235
1.0,-1.726813452932621,0.0297380658308822,0.0298947902869138,8.20609160428643e-06,0.0596410622094004,0.351040723784041,0.3528907656392461,0.2960685105767129,-0.8535831071244682,0.0683214254801594,0.3914968086627235
1.0,-1.7227396128956425,0.030434712837447,0.0305951087367987,8.606661379489963e-06,0.0610384282356252,0.351040723784041,0.3528907656392461,0.2960685105767129,-0.8535831071244682,0.0683214254801594,0.3914968086627235
1.0,-1.7186657728586638,0.0311443070555077,0.0313084426320954,9.025807076899451e-06,0.06246177549468,0.351040723784041,0.3528907656392461,0.2960685105767129,-0.8535831071244682,0.0683214254801594,0.3914968086627235
1.0,-1.7145919328216852,0.0318669948991855,0.0320349391585512,9.464340370592743e-06,0.0639113983981073,0.351040723784041,0.3528907656392461,0.2960685105767129,-0.8535831071244682,0.0683214254801594,0.3914968086627235
1.0,-1.7105180927847068,0.0326029218857158,0.0327747446003011,9.923105966653542e-06,0.0653875895919837,0.351040723784041,0.3528907656392461,0.2960685105767129,-0.8535831071244682,0.0683214254801594,0.3914968086627235
1.0,-1.7064442527477284,0.0333522325508874,0.0335280042548611,1.0402982833376333e-05,0.066890639788582,0.351040723784041,0.3528907656392461,0.2960685105767129,-0.8535831071244682,0.0683214254801594,0.3914968086627235
1.0,-1.7023704127107495,0.034115070363061,0.0342948623466935,1.0904885472175508e-05,0.0684208375952268,0.351040723784041,0.3528907656392461,0.2960685105767129,-0.8535831071244682,0.0683214254801594,0.3914968086627235
1.0,-1.698296572673771,0.0348915776357919,0.0350754619393693,1.1429765230326955e-05,0.0699784693403916,0.351040723784041,0.3528907656392461,0.2960685105767129,-0.8535831071244682,0.0683214254801594,0.3914968086627235
1.0,-1.694222732636793,0.0356818954390814,0.0358699448463518,1.1978611656690994e-05,0.07156381889709,0.351040723784041,0.3528907656392461,0.2960685105767129,-0.8535831071244682,0.0683214254801594,0.3914968086627235
1.0,-1.6901488925998145,0.036486163509285,0.0366784515404296,1.2552453901589066e-05,0.0731771675036162,0.351040723784041,0.3528907656392461,0.2960685105767129,-0.8535831071244682,0.0683214254801594,0.3914968086627235
1.0,-1.6860750525628356,0.0373045201577037,0.0375011210618272,1.3152362162027888e-05,0.0748187935816929,0.351040723784041,0.3528907656392461,0.2960685105767129,-0.8535831071244682,0.0683214254801594,0.3914968086627235
1.0,-1.682001212525857,0.0381371021778917,0.0383380909250227,1.3779449173486986e-05,0.076488972552088,0.351040723784041,0.3528907656392461,0.2960685105767129,-0.8535831071244682,0.0683214254801594,0.3914968086627235
1.0,-1.6779273724888786,0.0389840447517095,0.0391894970243075,1.4434871749509062e-05,0.0781879766477666,0.351040723784041,0.3528907656392461,0.2960685105767129,-0.8535831071244682,0.0683214254801594,0.3914968086627235
1.0,-1.6738535324519002,0.039845481354159,0.0400554735381181,1.5119832370352848e-05,0.0799160747246474,0.351040723784041,0.3528907656392461,0.2960685105767129,-0.8535831071244682,0.0683214254801594,0.3914968086627235
1.0,-1.6697796924149215,0.0407215436570322,0.0409361528321786,1.5835580821991306e-05,0.0816735320700328,0.351040723784041,0.3528907656392461,0.2960685105767129,-0.8535831071244682,0.0683214254801594,0.3914968086627235
1.0,-1.6657058523779429,0.0416123614314145,0.041831665361489,1.6583415886760038e-05,0.0834606102087903,0.351040723784041,0.3528907656392461,0.2960685105767129,-0.8535831071244682,0.0683214254801594,0.3914968086627235
1.0,-1.6616320123409645,0.0425180624490779,0.0427421395711995,1.736468708698295e-05,0.0852775667073644,0.351040723784041,0.3528907656392461,0.2960685105767129,-0.8535831071244682,0.0683214254801594,0.3914968086627235
1.0,-1.657558172303986,0.0434387723828068,0.0436677017964105,1.8180796482922743e-05,0.0871246549757003,0.351040723784041,0.3528907656392461,0.2960685105767129,-0.8535831071244682,0.0683214254801594,0.3914968086627235
1.0,-1.6534843322670074,0.0443746147056971,0.0446084761609413,1.90332005264272e-05,0.0890021240671649,0.351040723784041,0.3528907656392461,0.2960685105767129,-0.8535831071244682,0.0683214254801594,0.3914968086627235
1.0,-1.6494104922300288,0.045325710589473,0.045564584475111,1.9923411971661736e-05,0.0909102184765557,0.351040723784041,0.3528907656392461,0.2960685105767129,-0.8535831071244682,0.0683214254801594,0.3914968086627235
1.0,-1.6453366521930504,0.0462921788018671,0.0465361461325771,2.085300184434167e-05,0.0928491779362886,0.351040723784041,0.3528907656392461,0.2960685105767129,-0.8535831071244682,0.0683214254801594,0.3914968086627235
1.0,-1.641262812156072,0.0472741356031104,0.0475232780062812,2.182360147089778e-05,0.0948192372108625,0.351040723784041,0.3528907656392461,0.2960685105767129,-0.8535831071244682,0.0683214254801594,0.3914968086627235
1.0,-1.6371889721190933,0.0482716946415815,0.0485260943435475,2.28369045690288e-05,0.0968206258896981,0.351040723784041,0.3528907656392461,0.2960685105767129,-0.8535831071244682,0.0683214254801594,0.3914968086627235
1.0,-1.633115132082115,0.049284966848666,0.049544706660388,2.3894669401115775e-05,0.0988535681784552,0.351040723784041,0.3528907656392461,0.2960685105767129,-0.8535831071244682,0.0683214254801594,0.3914968086627235
1.0,-1.6290412920451365,0.0503140603328774,0.0505792236350657,2.4998720991992987e-05,0.1009182826889351,0.351040723784041,0.3528907656392461,0.2960685105767129,-0.8535831071244682,0.0683214254801594,0.3914968086627235
1.0,-1.6249674520081578,0.0513590802732942,0.0516297510009699,2.6150953412589863e-05,0.1030149822276767,0.351040723784041,0.3528907656392461,0.2960685105767129,-0.8535831071244682,0.0683214254801594,0.3914968086627235
1.0,-1.6208936119711792,0.052420128812368,0.0526963914388597,2.7353332130975636e-05,0.1051438735833587,0.351040723784041,0.3528907656392461,0.2960685105767129,-0.8535831071244682,0.0683214254801594,0.3914968086627235
1.0,-1.6168197719342008,0.0534973049481614,0.0537792444685336,2.860789643236075e-05,0.1073051573131275,0.351040723784041,0.3528907656392461,0.2960685105767129,-0.8535831071244682,0.0683214254801594,0.3914968086627235
1.0,-1.6127459318972224,0.0545907044260725,0.0548784063399835,2.9916761909623615e-05,0.1094990275279657,0.351040723784041,0.3528907656392461,0.2960685105767129,-0.8535831071244682,0.0683214254801594,0.3914968086627235
1.0,-1.6086720918602435,0.055700419630108,0.0559939699240949,3.1282123025951585e-05,0.1117256716772289,0.351040723784041,0.3528907656392461,0.2960685105767129,-0.8535831071244682,0.0683214254801594,0.3914968086627235
1.0,-1.604598251823265,0.0568265394737661,0.0571260246029548,3.270625575119901e-05,0.1139852703324722,0.351040723784041,0.3528907656392461,0.2960685105767129,-0.8535831071244682,0.0683214254801594,0.3914968086627235
1.0,-1.600524411786287,0.0579691492905939,0.0582746561598317,3.4191520273585856e-05,0.1162779969706993,0.351040723784041,0.3528907656392461,0.2960685105767129,-0.8535831071244682,0.0683214254801594,0.3914968086627235
1.0,-1.5964505717493085,0.0591283307244828,0.0594399466688939,3.574036378837203e-05,0.1186040177571652,0.351040723784041,0.3528907656392461,0.2960685105767129,-0.8535831071244682,0.0683214254801594,0.3914968086627235
1.0,-1.5923767317123296,0.0603041616197708,0.0606219743847316,3.735532336515906e-05,0.1209634913278676,0.351040723784041,0.3528907656392461,0.2960685105767129,-0.8535831071244682,0.0683214254801594,0.3914968086627235
1.0,-1.588302891675351,0.0614967159112171,0.0618208136317522,3.903902889548637e-05,0.1233565685718648,0.351040723784041,0.3528907656392461,0.2960685105767129,-0.8535831071244682,0.0683214254801594,0.3914968086627235
1.0,-1.5842290516383726,0.0627060635139217,0.0630365346935198,4.0794206122399486e-05,0.1257833924135639,0.351040723784041,0.3528907656392461,0.2960685105767129,-0.8535831071244682,0.0683214254801594,0.3914968086627235
1.0,-1.5801552116013942,0.0639322702132592,0.0642692037021088,4.262367975368404e-05,0.1282440975951217,0.351040723784041,0.3528907656392461,0.2960685105767129,-0.8535831071244682,0.0683214254801594,0.3914968086627235
1.0,-1.5760813715644155,0.0651753975548996,0.0655188825275445,4.453037666046562e-05,0.1307388104591047,0.351040723784041,0.3528907656392461,0.2960685105767129,-0.8535831071244682,0.0683214254801594,0.3914968086627235
1.0,-1.5720075315274369,0.0664355027349896,0.0667856286674069,4.6517329162892915e-05,0.1332676487315595,0.351040723784041,0.3528907656392461,0.2960685105767129,-0.8535831071244682,0.0683214254801594,0.3914968086627235
1.0,-1.5679336914904585,0.0677126384905712,0.0680694951366708,4.858767840462399e-05,0.1358307213056467,0.351040723784041,0.3528907656392461,0.2960685105767129,-0.8535831071244682,0.0683214254801594,0.3914968086627235
1.0,-1.56385985145348,0.0690068529903122,0.0693705303578606,5.074467781784981e-05,0.1384281280259907,0.351040723784041,0.3528907656392461,0.2960685105767129,-0.8535831071244682,0.0683214254801594,0.3914968086627235
1.0,-1.5597860114165014,0.0703181897256273,0.0706887780515979,5.2991696680591155e-05,0.1410599594739058,0.351040723784041,0.3528907656392461,0.2960685105767129,-0.8535831071244682,0.0683214254801594,0.3914968086627235
1.0,-1.5557121713795228,0.071646687402268,0.07202427712762,5.533222376801631e-05,0.1437262967536561,0.351040723784041,0.3528907656392461,0.2960685105767129,-0.8535831071244682,0.0683214254801594,0.3914968086627235
1.0,-1.5516383313425444,0.0729923798324628,0.0733770615763512,5.776987109952689e-05,0.1464272112799135,0.351040723784041,0.3528907656392461,0.2960685105767129,-0.8535831071244682,0.0683214254801594,0.3914968086627235
1.0,-1.547564491305566,0.0743552958276869,0.0747471603611079,6.030837778336726e-05,0.1491627645665782,0.351040723784041,0.3528907656392461,0.2960685105767129,-0.8535831071244682,0.0683214254801594,0.3914968086627235
1.0,-1.5434906512685873,0.0757354590921456,0.0761345973110203,6.295161396050746e-05,0.1519330080171265,0.351040723784041,0.3528907656392461,0.2960685105767129,-0.8535831071244682,0.0683214254801594,0.3914968086627235
1.0,-1.539416811231609,0.0771328881170523,0.0775393910147536,6.570358484956212e-05,0.1547379827166555,0.351040723784041,0.3528907656392461,0.2960685105767129,-0.8535831071244682,0.0683214254801594,0.3914968086627235
1.0,-1.5353429711946305,0.0785475960757878,0.0789615547151146,6.856843489449238e-05,0.1575777192257969,0.351040723784041,0.3528907656392461,0.2960685105767129,-0.8535831071244682,0.0683214254801594,0.3914968086627235
1.0,-1.5312691311576518,0.0799795907200249,0.0804010962046286,7.155045201684934e-05,0.1604522373766704,0.351040723784041,0.3528907656392461,0.2960685105767129,-0.8535831071244682,0.0683214254801594,0.3914968086627235
1.0,-1.5271952911206732,0.0814288742769032,0.0818580177221725,7.46540719742995e-05,0.16336154607105,0.351040723784041,0.3528907656392461,0.2960685105767129,-0.8535831071244682,0.0683214254801594,0.3914968086627235
1.0,-1.5231214510836946,0.082895443347342,0.083332315850752,7.788388282718064e-05,0.1663056430809212,0.351040723784041,0.3528907656392461,0.2960685105767129,-0.8535831071244682,0.0683214254801594,0.3914968086627235
1.0,-1.5190476110467162,0.084379288805579,0.0848239814165104,8.124462951481607e-05,0.1692845148516042,0.351040723784041,0.3528907656392461,0.2960685105767129,-0.8535831071244682,0.0683214254801594,0.3914968086627235
1.0,-1.5149737710097375,0.0858803957000215,0.0863329993890577,8.47412185433156e-05,0.1722981363076226,0.351040723784041,0.3528907656392461,0.2960685105767129,-0.8535831071244682,0.0683214254801594,0.3914968086627235
1.0,-1.510899930972759,0.0873987431554998,0.0878593487832089,8.837872278657282e-05,0.1753464706614954,0.351040723784041,0.3528907656392461,0.2960685105767129,-0.8535831071244682,0.0683214254801594,0.3914968086627235
1.0,-1.506826090935781,0.0889343042770118,0.0894030025622205,9.21623864021546e-05,0.1784294692256345,0.351040723784041,0.3528907656392461,0.2960685105767129,-0.8535831071244682,0.0683214254801594,0.3914968086627235
1.0,-1.5027522508988025,0.0904870460550477,0.0909639275426175,9.609762986377785e-05,0.1815470712275291,0.351040723784041,0.3528907656392461,0.2960685105767129,-0.8535831071244682,0.0683214254801594,0.3914968086627235
1.0,-1.4986784108618236,0.0920569292725864,0.0925420843006985,0.000100190055112,0.184699203628397,0.351040723784041,0.3528907656392461,0.2960685105767129,-0.8535831071244682,0.0683214254801594,0.3914968086627235
1.0,-1.494604570824845,0.0936439084138511,0.0941374270808112,0.0001044454508249,0.1878857809454872,0.351040723784041,0.3528907656392461,0.2960685105767129,-0.8535831071244682,0.0683214254801594,0.3914968086627235
1.0,-1.4905307307878666,0.095247931574918,0.0957499037054897,0.0001088697978101,0.1911067050782179,0.351040723784041,0.3528907656392461,0.2960685105767129,-0.8535831071244682,0.0683214254801594,0.3914968086627235
1.0,-1.4864568907508882,0.0968689403762668,0.0973794554875441,0.00011346927452,0.1943618651383311,0.351040723784041,0.3528907656392461,0.2960685105767129,-0.8535831071244682,0.0683214254801594,0.3914968086627235
1.0,-1.4823830507139095,0.0985068698773634,0.099026017144193,0.0001182502626918,0.1976511372842482,0.351040723784041,0.3528907656392461,0.2960685105767129,-0.8535831071244682,0.0683214254801594,0.3914968086627235
1.0,-1.4783092106769309,0.1001616484933666,0.1006895167133315,0.0001232193531134,0.2009743845598116,0.351040723784041,0.3528907656392461,0.2960685105767129,-0.8535831071244682,0.0683214254801594,0.3914968086627235
1.0,-1.4742353706399525,0.10183319791405,0.1023698754720255,0.0001283833515175,0.2043314567375931,0.351040723784041,0.3528907656392461,0.2960685105767129,-0.8535831071244682,0.0683214254801594,0.3914968086627235
1.0,-1.470161530602974,0.1035214330250278,0.1040670078573225,0.0001337492846044,0.2077221901669548,0.351040723784041,0.3528907656392461,0.2960685105767129,-0.8535831071244682,0.0683214254801594,0.3914968086627235
1.0,-1.4660876905659954,0.1052262618313767,0.1057808213894711,0.000139324406196,0.2111464076270439,0.351040723784041,0.3528907656392461,0.2960685105767129,-0.8535831071244682,0.0683214254801594,0.3914968086627235
1.0,-1.4620138505290168,0.1069475853837423,0.1075112165976375,0.0001451162035211,0.214603918184901,0.351040723784041,0.3528907656392461,0.2960685105767129,-0.8535831071244682,0.0683214254801594,0.3914968086627235
1.0,-1.4579400104920384,0.1086852977070211,0.1092580869482122,0.0001511324036348,0.2180945170588682,0.351040723784041,0.3528907656392461,0.2960685105767129,-0.8535831071244682,0.0683214254801594,0.3914968086627235
1.0,-1.45386617045506,0.1104392857317064,0.1110213187757937,0.0001573809799723,0.2216179854874725,0.351040723784041,0.3528907656392461,0.2960685105767129,-0.8535831071244682,0.0683214254801594,0.3914968086627235
1.0,-1.4497923304180813,0.1122094292279864,0.1128007912169394,0.0001638701590383,0.2251740906039642,0.351040723784041,0.3528907656392461,0.2960685105767129,-0.8535831071244682,0.0683214254801594,0.3914968086627235
1.0,-1.445718490381103,0.1139956007426826,0.114596376146772,0.0001706084272341,0.2287625853166888,0.351040723784041,0.3528907656392461,0.2960685105767129,-0.8535831071244682,0.0683214254801594,0.3914968086627235
1.0,-1.4416446503441245,0.1157976655391165,0.1164079381185286,0.0001776045378227,0.2323832081954679,0.351040723784041,0.3528907656392461,0.2960685105767129,-0.8535831071244682,0.0683214254801594,0.3914968086627235
1.0,-1.4375708103071458,0.1176154815399895,0.1182353343061402,0.0001848675180332,0.236035683364163,0.351040723784041,0.3528907656392461,0.2960685105767129,-0.8535831071244682,0.0683214254801594,0.3914968086627235
1.0,-1.4334969702701672,0.1194488992733624,0.1200784144499259,0.0001924066763055,0.2397197203995939,0.351040723784041,0.3528907656392461,0.2960685105767129,-0.8535831071244682,0.0683214254801594,0.3914968086627235
1.0,-1.4294231302331886,0.1212977618218179,0.1219370208054882,0.000200231609677,0.2434350142369831,0.351040723784041,0.3528907656392461,0.2960685105767129,-0.8535831071244682,0.0683214254801594,0.3914968086627235
1.0,-1.4253492901962102,0.1231619047748905,0.1238109880958915,0.0002083522113104,0.2471812450820925,0.351040723784041,0.3528907656392461,0.2960685105767129,-0.8535831071244682,0.0683214254801594,0.3914968086627235
1.0,-1.4212754501592315,0.1250411561848452,0.1257001434672082,0.0002167786781658,0.2509580783302193,0.351040723784041,0.3528907656392461,0.2960685105767129,-0.8535831071244682,0.0683214254801594,0.3914968086627235
1.0,-1.417201610122253,0.1269353365258861,0.1276043064475123,0.0002255215188152,0.2547651644922137,0.351040723784041,0.3528907656392461,0.2960685105767129,-0.8535831071244682,0.0683214254801594,0.3914968086627235
1.0,-1.4131277700852745,0.1288442586568728,0.1295232889093991,0.0002345915614028,0.2586021391276748,0.351040723784041,0.3528907656392461,0.2960685105767129,-0.8535831071244682,0.0683214254801594,0.3914968086627235
1.0,-1.409053930048296,0.1307677277876259,0.131456895036113,0.0002439999617492,0.2624686227854882,0.351040723784041,0.3528907656392461,0.2960685105767129,-0.8535831071244682,0.0683214254801594,0.3914968086627235
1.0,-1.4049800900113176,0.1327055414488943,0.1334049212913571,0.0002537582116016,0.266364220951853,0.351040723784041,0.3528907656392461,0.2960685105767129,-0.8535831071244682,0.0683214254801594,0.3914968086627235
1.0,-1.400906249974339,0.1346574894660612,0.13536715639286,0.0002638781470296,0.270288524005951,0.351040723784041,0.3528907656392461,0.2960685105767129,-0.8535831071244682,0.0683214254801594,0.3914968086627235
1.0,-1.3968324099373604,0.1366233539366615,0.1373433812897752,0.0002743719569676,0.2742411071834045,0.351040723784041,0.3528907656392461,0.2960685105767129,-0.8535831071244682,0.0683214254801594,0.3914968086627235
1.0,-1.392758569900382,0.1386029092117809,0.1393333691439817,0.0002852521919027,0.2782215305476654,0.351040723784041,0.3528907656392461,0.2960685105767129,-0.8535831071244682,0.0683214254801594,0.3914968086627235
1.0,-1.3886847298634035,0.1405959218814077,0.1413368853153589,0.0002965317727095,0.2822293389694763,0.351040723784041,0.3528907656392461,0.2960685105767129,-0.8535831071244682,0.0683214254801594,0.3914968086627235
1.0,-1.3846108898264249,0.1426021507638024,0.1433536873511005,0.0003082239996315,0.2862640621145346,0.351040723784041,0.3528907656392461,0.2960685105767129,-0.8535831071244682,0.0683214254801594,0.3914968086627235
1.0,-1.3805370497894462,0.144621346898952,0.1453835249791333,0.0003203425614082,0.2903252144394936,0.351040723784041,0.3528907656392461,0.2960685105767129,-0.8535831071244682,0.0683214254801594,0.3914968086627235
1.0,-1.3764632097524678,0.146653253546171,0.1474261401057069,0.0003329015445483,0.2944122951964263,0.351040723784041,0.3528907656392461,0.2960685105767129,-0.8535831071244682,0.0683214254801594,0.3914968086627235
1.0,-1.3723893697154894,0.1486976061859111,0.1494812668172115,0.0003459154427487,0.2985247884458714,0.351040723784041,0.3528907656392461,0.2960685105767129,-0.8535831071244682,0.0683214254801594,0.3914968086627235
1.0,-1.3683155296785108,0.1507541325258362,0.1515486313862861,0.0003593991664581,0.3026621630785805,0.351040723784041,0.3528907656392461,0.2960685105767129,-0.8535831071244682,0.0683214254801594,0.3914968086627235
1.0,-1.3642416896415324,0.1528225525112197,0.1536279522822701,0.0003733680525855,0.3068238728460753,0.351040723784041,0.3528907656392461,0.2960685105767129,-0.8535831071244682,0.0683214254801594,0.3914968086627235
1.0,-1.360167849604554,0.1549025783397179,0.1557189401860545,0.000387837874352,0.3110093564001245,0.351040723784041,0.3528907656392461,0.2960685105767129,-0.8535831071244682,0.0683214254801594,0.3914968086627235
1.0,-1.3560940095675753,0.15699391448057,0.1578212980093831,0.0004028248512854,0.3152180373412386,0.351040723784041,0.3528907656392461,0.2960685105767129,-0.8535831071244682,0.0683214254801594,0.3914968086627235
1.0,-1.352020169530597,0.1590962576982716,0.159934720918651,0.0004183456593563,0.319449324276279,0.351040723784041,0.3528907656392461,0.2960685105767129,-0.8535831071244682,0.0683214254801594,0.3914968086627235
1.0,-1.3479463294936185,0.1612092970807697,0.1620588963632481,0.0004344174412545,0.3237026108852724,0.351040723784041,0.3528907656392461,0.2960685105767129,-0.8535831071244682,0.0683214254801594,0.3914968086627235
1.0,-1.3438724894566398,0.1633327140722199,0.1641935041084885,0.0004510578168051,0.3279772759975136,0.351040723784041,0.3528907656392461,0.2960685105767129,-0.8535831071244682,0.0683214254801594,0.3914968086627235
1.0,-1.3397986494196612,0.1654661825103455,0.1663382162731675,0.000468284893521,0.3322726836770341,0.351040723784041,0.3528907656392461,0.2960685105767129,-0.8535831071244682,0.0683214254801594,0.3914968086627235
1.0,-1.3357248093826826,0.1676093686684359,0.1684926973717799,0.0004861172772922,0.336588183317508,0.351040723784041,0.3528907656392461,0.2960685105767129,-0.8535831071244682,0.0683214254801594,0.3914968086627235
1.0,-1.331650969345704,0.1697619313020178,0.1706566043614387,0.0005045740832079,0.3409231097466645,0.351040723784041,0.3528907656392461,0.2960685105767129,-0.8535831071244682,0.0683214254801594,0.3914968086627235
1.0,-1.3275771293087255,0.1719235217002298,0.1728295866935192,0.0005236749465117,0.3452767833402609,0.351040723784041,0.3528907656392461,0.2960685105767129,-0.8535831071244682,0.0683214254801594,0.3914968086627235
1.0,-1.323503289271747,0.174093783741927,0.1750112863700601,0.0005434400336856,0.3496485101456728,0.351040723784041,0.3528907656392461,0.2960685105767129,-0.8535831071244682,0.0683214254801594,0.3914968086627235
1.0,-1.3194294492347685,0.1762723539565401,0.1772013380049429,0.0005638900536609,0.3540375820151439,0.351040723784041,0.3528907656392461,0.2960685105767129,-0.8535831071244682,0.0683214254801594,0.3914968086627235
1.0,-1.31535560919779,0.1784588615897106,0.1793993688898731,0.0005850462691548,0.3584432767487385,0.351040723784041,0.3528907656392461,0.2960685105767129,-0.8535831071244682,0.0683214254801594,0.3914968086627235
1.0,-1.3112817691608116,0.180652928673718,0.1816049990651788,0.0006069305081277,0.3628648582470247,0.351040723784041,0.3528907656392461,0.2960685105767129,-0.8535831071244682,0.0683214254801594,0.3914968086627235
1.0,-1.307207929123833,0.1828541701027144,0.1838178413954415,0.0006295651753601,0.3673015766735161,0.351040723784041,0.3528907656392461,0.2960685105767129,-0.8535831071244682,0.0683214254801594,0.3914968086627235
1.0,-1.3031340890868544,0.1850621937127747,0.1860375016499681,0.0006529732641442,0.3717526686268871,0.351040723784041,0.3528907656392461,0.2960685105767129,-0.8535831071244682,0.0683214254801594,0.3914968086627235
1.0,-1.299060249049876,0.1872766003667725,0.1882635785881146,0.0006771783680889,0.3762173573229762,0.351040723784041,0.3528907656392461,0.2960685105767129,-0.8535831071244682,0.0683214254801594,0.3914968086627235
1.0,-1.2949864090128975,0.1894969840440825,0.1904956640494609,0.000702204693032,0.3806948527865756,0.351040723784041,0.3528907656392461,0.2960685105767129,-0.8535831071244682,0.0683214254801594,0.3914968086627235
1.0,-1.2909125689759189,0.19172293193511,0.1927333430488382,0.0007280770690582,0.3851843520530064,0.351040723784041,0.3528907656392461,0.2960685105767129,-0.8535831071244682,0.0683214254801594,0.3914968086627235
1.0,-1.2868387289389402,0.1939540245406427,0.194976193876205,0.0007548209626168,0.3896850393794646,0.351040723784041,0.3528907656392461,0.2960685105767129,-0.8535831071244682,0.0683214254801594,0.3914968086627235
1.0,-1.2827648889019618,0.1961898357760184,0.1972237882013637,0.0007824624887368,0.394196086466119,0.351040723784041,0.3528907656392461,0.2960685105767129,-0.8535831071244682,0.0683214254801594,0.3914968086627235
1.0,-1.2786910488649834,0.1984299330800973,0.1994756911835063,0.0008110284233329,0.3987166526869366,0.351040723784041,0.3528907656392461,0.2960685105767129,-0.8535831071244682,0.0683214254801594,0.3914968086627235
1.0,-1.2746172088280048,0.2006738775290202,0.2017314615855736,0.0008405462155988,0.4032458853301927,0.351040723784041,0.3528907656392461,0.2960685105767129,-0.8535831071244682,0.0683214254801594,0.3914968086627235
1.0,-1.270543368791026,0.202921223954738,0.2039906518934083,0.0008710440004826,0.407782919848629,0.351040723784041,0.3528907656392461,0.2960685105767129,-0.8535831071244682,0.0683214254801594,0.3914968086627235
1.0,-1.2664695287540475,0.2051715210682867,0.20625280843968,0.0009025506112392,0.412326880119206,0.351040723784041,0.3528907656392461,0.2960685105767129,-0.8535831071244682,0.0683214254801594,0.3914968086627235
1.0,-1.2623956887170693,0.2074243115877826,0.2085174715325546,0.0009350955920533,0.4168768787123906,0.351040723784041,0.3528907656392461,0.2960685105767129,-0.8535831071244682,0.0683214254801594,0.3914968086627235
1.0,-1.258321848680091,0.2096791323711047,0.210784175589077,0.0009687092107288,0.4214320171709106,0.351040723784041,0.3528907656392461,0.2960685105767129,-0.8535831071244682,0.0683214254801594,0.3914968086627235
1.0,-1.254248008643112,0.2119355145532323,0.2130524492732311,0.0010034224714367,0.4259913862979001,0.351040723784041,0.3528907656392461,0.2960685105767129,-0.8535831071244682,0.0683214254801594,0.3914968086627235
1.0,-1.2501741686061336,0.2141929836881974,0.2153218156386414,0.0010392671275168,0.4305540664543557,0.351040723784041,0.3528907656392461,0.2960685105767129,-0.8535831071244682,0.0683214254801594,0.3914968086627235
1.0,-1.2461003285691552,0.2164510598956104,0.2175917922758704,0.0010762756943261,0.435119127865807,0.351040723784041,0.3528907656392461,0.2960685105767129,-0.8535831071244682,0.0683214254801594,0.3914968086627235
1.0,-1.2420264885321766,0.2187092580117118,0.2198618914642665,0.0011144814621269,0.4396856309381052,0.351040723784041,0.3528907656392461,0.2960685105767129,-0.8535831071244682,0.0683214254801594,0.3914968086627235
1.0,-1.237952648495198,0.220967087744899,0.2221316203283105,0.0011539185090069,0.4442526265822165,0.351040723784041,0.3528907656392461,0.2960685105767129,-0.8535831071244682,0.0683214254801594,0.3914968086627235
1.0,-1.2338788084582195,0.2232240538356769,0.2244004809984086,0.0011946217138261,0.4488191565479117,0.351040723784041,0.3528907656392461,0.2960685105767129,-0.8535831071244682,0.0683214254801594,0.3914968086627235
1.0,-1.229804968421241,0.2254796562209691,0.2266679707760709,0.00123662676918,0.4533842537662201,0.351040723784041,0.3528907656392461,0.2960685105767129,-0.8535831071244682,0.0683214254801594,0.3914968086627235
1.0,-1.2257311283842625,0.2277333902027315,0.2289335823034121,0.0012799701943734,0.4579469427005171,0.351040723784041,0.3528907656392461,0.2960685105767129,-0.8535831071244682,0.0683214254801594,0.3914968086627235
1.0,-1.221657288347284,0.2299847466208002,0.2311968037369112,0.0013246893483951,0.4625062397061066,0.351040723784041,0.3528907656392461,0.2960685105767129,-0.8535831071244682,0.0683214254801594,0.3914968086627235
1.0,-1.2175834483103054,0.2322332120299052,0.2334571189253581,0.001370822442886,0.4670611533981494,0.351040723784041,0.3528907656392461,0.2960685105767129,-0.8535831071244682,0.0683214254801594,0.3914968086627235
1.0,-1.213509608273327,0.2344782688807727,0.2357140075919096,0.0014184085550916,0.471610685027774,0.351040723784041,0.3528907656392461,0.2960685105767129,-0.8535831071244682,0.0683214254801594,0.3914968086627235
1.0,-1.2094357682363484,0.2367193957052428,0.2379669455201839,0.0014674876407885,0.4761538288662152,0.351040723784041,0.3528907656392461,0.2960685105767129,-0.8535831071244682,0.0683214254801594,0.3914968086627235
1.0,-1.20536192819937,0.2389560673053166,0.2402154047443027,0.0015181005471777,0.4806895725967972,0.351040723784041,0.3528907656392461,0.2960685105767129,-0.8535831071244682,0.0683214254801594,0.3914968086627235
1.0,-1.2012880881623913,0.2411877549460511,0.2424588537428039,0.0015702890257334,0.4852168977145885,0.351040723784041,0.3528907656392461,0.2960685105767129,-0.8535831071244682,0.0683214254801594,0.3914968086627235
1.0,-1.1972142481254129,0.2434139265522089,0.2446967576363268,0.0016240957449973,0.4897347799335332,0.351040723784041,0.3528907656392461,0.2960685105767129,-0.8535831071244682,0.0683214254801594,0.3914968086627235
1.0,-1.1931404080884342,0.2456340469085746,0.2469285783889844,0.0016795643033092,0.4942421896008683,0.351040723784041,0.3528907656392461,0.2960685105767129,-0.8535831071244682,0.0683214254801594,0.3914968086627235
1.0,-1.1890665680514558,0.2478475778638354,0.2491537750133187,0.001736739241462,0.4987380921186162,0.351040723784041,0.3528907656392461,0.2960685105767129,-0.8535831071244682,0.0683214254801594,0.3914968086627235
1.0,-1.1849927280144772,0.2500539785379319,0.2513718037787445,0.001795666055271,0.5032214483719475,0.351040723784041,0.3528907656392461,0.2960685105767129,-0.8535831071244682,0.0683214254801594,0.3914968086627235
1.0,-1.1809188879774988,0.252252705532771,0.2535821184233719,0.0018563912080461,0.5076912151641891,0.351040723784041,0.3528907656392461,0.2960685105767129,-0.8535831071244682,0.0683214254801594,0.3914968086627235
1.0,-1.1768450479405204,0.2544432131461962,0.255784170369105,0.0019189621429548,0.5121463456582561,0.351040723784041,0.3528907656392461,0.2960685105767129,-0.8535831071244682,0.0683214254801594,0.3914968086627235
1.0,-1.1727712079035415,0.2566249535891026,0.2579774089399011,0.0019834272952653,0.5165857898242691,0.351040723784041,0.3528907656392461,0.2960685105767129,-0.8535831071244682,0.0683214254801594,0.3914968086627235
1.0,-1.1686973678665633,0.2587973772055846,0.2601612815830784,0.0020498361044559,0.5210084948931191,0.351040723784041,0.3528907656392461,0.2960685105767129,-0.8535831071244682,0.0683214254801594,0.3914968086627235
1.0,-1.164623527829585,0.2609599326959987,0.2623352340935543,0.0021182390261801,0.5254134058157333,0.351040723784041,0.3528907656392461,0.2960685105767129,-0.8535831071244682,0.0683214254801594,0.3914968086627235
1.0,-1.1605496877926065,0.2631120673428183,0.2644987108408906,0.0021886875440731,0.529799465727782,0.351040723784041,0.3528907656392461,0.2960685105767129,-0.8535831071244682,0.0683214254801594,0.3914968086627235
1.0,-1.1564758477556276,0.2652532272391614,0.266651154999026,0.0022612341813871,0.5341656164195745,0.351040723784041,0.3528907656392461,0.2960685105767129,-0.8535831071244682,0.0683214254801594,0.3914968086627235
1.0,-1.1524020077186492,0.2673828575198596,0.268792008778562,0.0023359325124425,0.5385107988108642,0.351040723784041,0.3528907656392461,0.2960685105767129,-0.8535831071244682,0.0683214254801594,0.3914968086627235
1.0,-1.1483281676816706,0.269500402594943,0.270920713661479,0.0024128371738808,0.5428339534303029,0.351040723784041,0.3528907656392461,0.2960685105767129,-0.8535831071244682,0.0683214254801594,0.3914968086627235
1.0,-1.144254327644692,0.2716053063854041,0.2730367106381424,0.002492003875705,0.5471340208992514,0.351040723784041,0.3528907656392461,0.2960685105767129,-0.8535831071244682,0.0683214254801594,0.3914968086627235
1.0,-1.1401804876077135,0.2736970125611092,0.275139440446468,0.0025734894120935,0.5514099424196709,0.351040723784041,0.3528907656392461,0.2960685105767129,-0.8535831071244682,0.0683214254801594,0.3914968086627235
1.0,-1.136106647570735,0.2757749647807163,0.2772283438131043,0.0026573516719736,0.5556606602657943,0.351040723784041,0.3528907656392461,0.2960685105767129,-0.8535831071244682,0.0683214254801594,0.3914968086627235
1.0,-1.1320328075337565,0.2778386069334606,0.279302861696492,0.0027436496493378,0.5598851182792906,0.351040723784041,0.3528907656392461,0.2960685105767129,-0.8535831071244682,0.0683214254801594,0.3914968086627235
1.0,-1.127958967496778,0.2798873833826626,0.2813624355316558,0.0028324434532901,0.5640822623676086,0.351040723784041,0.3528907656392461,0.2960685105767129,-0.8535831071244682,0.0683214254801594,0.3914968086627235
1.0,-1.1238851274597994,0.2819207392108148,0.2834065074765823,0.0029237943178051,0.5682510410052022,0.351040723784041,0.3528907656392461,0.2960685105767129,-0.8535831071244682,0.0683214254801594,0.3914968086627235
1.0,-1.119811287422821,0.2839381204660973,0.2854345206600352,0.0030177646111842,0.5723904057373168,0.351040723784041,0.3528907656392461,0.2960685105767129,-0.8535831071244682,0.0683214254801594,0.3914968086627235
1.0,-1.1157374473858424,0.2859389744101738,0.2874459194306572,0.0031144178451948,0.5764993116860259,0.351040723784041,0.3528907656392461,0.2960685105767129,-0.8535831071244682,0.0683214254801594,0.3914968086627235
1.0,-1.111663607348864,0.2879227497671148,0.2894401496072045,0.003213818683873,0.5805767180581924,0.351040723784041,0.3528907656392461,0.2960685105767129,-0.8535831071244682,0.0683214254801594,0.3914968086627235
1.0,-1.1075897673118853,0.2898888969732932,0.2914166587297604,0.0033160329519765,0.5846215886550301,0.351040723784041,0.3528907656392461,0.2960685105767129,-0.8535831071244682,0.0683214254801594,0.3914968086627235
1.0,-1.1035159272749069,0.2918368684280979,0.293374896311769,0.0034211276430687,0.5886328923829357,0.351040723784041,0.3528907656392461,0.2960685105767129,-0.8535831071244682,0.0683214254801594,0.3914968086627235
1.0,-1.0994420872379282,0.2937661187453063,0.2953143140927337,0.0035291709272174,0.5926096037652574,0.351040723784041,0.3528907656392461,0.2960685105767129,-0.8535831071244682,0.0683214254801594,0.3914968086627235
1.0,-1.0953682472009498,0.2956761050049565,0.2972343662914154,0.0036402321582913,0.5965507034546633,0.351040723784041,0.3528907656392461,0.2960685105767129,-0.8535831071244682,0.0683214254801594,0.3914968086627235
1.0,-1.0912944071639712,0.2975662870055593,0.2991345098593753,0.0037543818808367,0.6004551787457715,0.351040723784041,0.3528907656392461,0.2960685105767129,-0.8535831071244682,0.0683214254801594,0.3914968086627235
1.0,-1.0872205671269928,0.2994361275164864,0.3010142047346921,0.0038716918365154,0.604322024087694,0.351040723784041,0.3528907656392461,0.2960685105767129,-0.8535831071244682,0.0683214254801594,0.3914968086627235
1.0,-1.083146727090014,0.3012850925303734,0.3028729140956954,0.0039922349700874,0.6081502415961563,0.351040723784041,0.3528907656392461,0.2960685105767129,-0.8535831071244682,0.0683214254801594,0.3914968086627235
1.0,-1.0790728870530355,0.3031126515153703,0.3047101046145459,0.0041160854349194,0.6119388415648357,0.351040723784041,0.3528907656392461,0.2960685105767129,-0.8535831071244682,0.0683214254801594,0.3914968086627235
1.0,-1.074999047016057,0.3049182776670786,0.3065252467104998,0.004243318598,0.6156868429755785,0.351040723784041,0.3528907656392461,0.2960685105767129,-0.8535831071244682,0.0683214254801594,0.3914968086627235
1.0,-1.070925206979079,0.3067014481600028,0.3083178148026864,0.0043740110444445,0.6193932740071337,0.351040723784041,0.3528907656392461,0.2960685105767129,-0.8535831071244682,0.0683214254801594,0.3914968086627235
1.0,-1.0668513669421,0.3084616443983569,0.3100872875622349,0.0045082405814688,0.6230571725420608,0.351040723784041,0.3528907656392461,0.2960685105767129,-0.8535831071244682,0.0683214254801594,0.3914968086627235
1.0,-1.0627775269051216,0.3101983522660508,0.31183314816358,0.0046460862418151,0.6266775866714459,0.351040723784041,0.3528907656392461,0.2960685105767129,-0.8535831071244682,0.0683214254801594,0.3914968086627235
1.0,-1.058703686868143,0.3119110623756962,0.3135548845347786,0.0047876282866079,0.6302535751970828,0.351040723784041,0.3528907656392461,0.2960685105767129,-0.8535831071244682,0.0683214254801594,0.3914968086627235
1.0,-1.0546298468311646,0.3135992703164584,0.3152519896066685,0.0049329482076241,0.6337842081307512,0.351040723784041,0.3528907656392461,0.2960685105767129,-0.8535831071244682,0.0683214254801594,0.3914968086627235
1.0,-1.050556006794186,0.3152624769005896,0.3169239615607014,0.0050821287289549,0.6372685671902462,0.351040723784041,0.3528907656392461,0.2960685105767129,-0.8535831071244682,0.0683214254801594,0.3914968086627235
1.0,-1.0464821667572075,0.3169001884084747,0.3185703040752791,0.0052352538080408,0.6407057462917947,0.351040723784041,0.3528907656392461,0.2960685105767129,-0.8535831071244682,0.0683214254801594,0.3914968086627235
1.0,-1.042408326720229,0.3185119168320213,0.3201905265704269,0.0053924086360617,0.64409485203851,0.351040723784041,0.3528907656392461,0.2960685105767129,-0.8535831071244682,0.0683214254801594,0.3914968086627235
1.0,-1.0383344866832505,0.3200971801162276,0.3217841444506347,0.0055536796376591,0.6474350042045216,0.351040723784041,0.3528907656392461,0.2960685105767129,-0.8535831071244682,0.0683214254801594,0.3914968086627235
1.0,-1.034260646646272,0.321655502398761,0.3233506793456978,0.0057191544699733,0.6507253362144322,0.351040723784041,0.3528907656392461,0.2960685105767129,-0.8535831071244682,0.0683214254801594,0.3914968086627235
1.0,-1.0301868066092934,0.3231864142473813,0.3248896593493915,0.0058889220209744,0.6539649956177473,0.351040723784041,0.3528907656392461,0.2960685105767129,-0.8535831071244682,0.0683214254801594,0.3914968086627235
1.0,-1.026112966572315,0.3246894528950427,0.3264006192558123,0.0060630724070671,0.6571531445579222,0.351040723784041,0.3528907656392461,0.2960685105767129,-0.8535831071244682,0.0683214254801594,0.3914968086627235
1.0,-1.0220391265353364,0.3261641624725113,0.3278831007932211,0.0062416969699492,0.6602889602356816,0.351040723784041,0.3528907656392461,0.2960685105767129,-0.8535831071244682,0.0683214254801594,0.3914968086627235
1.0,-1.017965286498358,0.3276100942383334,0.3293366528552233,0.006424888272705,0.6633716353662618,0.351040723784041,0.3528907656392461,0.2960685105767129,-0.8535831071244682,0.0683214254801594,0.3914968086627235
1.0,-1.0138914464613793,0.3290268068059939,0.3307608317291251,0.0066127400951109,0.6664003786302299,0.351040723784041,0.3528907656392461,0.2960685105767129,-0.8535831071244682,0.0683214254801594,0.3914968086627235
1.0,-1.0098176064244009,0.3304138663681027,0.3321552013213009,0.0068053474281358,0.6693744151175396,0.351040723784041,0.3528907656392461,0.2960685105767129,-0.8535831071244682,0.0683214254801594,0.3914968086627235
1.0,-1.0057437663874222,0.3317708469174524,0.3335193333794156,0.0070028064676152,0.6722929867644833,0.351040723784041,0.3528907656392461,0.2960685105767129,-0.8535831071244682,0.0683214254801594,0.3914968086627235
1.0,-1.0016699263504438,0.3330973304647859,0.3348528077113405,0.0072052146070782,0.6751553527832046,0.351040723784041,0.3528907656392461,0.2960685105767129,-0.8535831071244682,0.0683214254801594,0.3914968086627235
1.0,-0.9975960863134652,0.3343929072531225,0.3361552124006089,0.0074126704297087,0.6779607900834401,0.351040723784041,0.3528907656392461,0.2960685105767129,-0.8535831071244682,0.0683214254801594,0.3914968086627235
1.0,-0.9935222462764868,0.335657175968486,0.3374261440182546,0.0076252736994206,0.6807085936861613,0.351040723784041,0.3528907656392461,0.2960685105767129,-0.8535831071244682,0.0683214254801594,0.3914968086627235
1.0,-0.989448406239508,0.336889743946885,0.3386652078308829,0.0078431253510274,0.6833980771287953,0.351040723784041,0.3528907656392461,0.2960685105767129,-0.8535831071244682,0.0683214254801594,0.3914968086627235
1.0,-0.9853745662025296,0.3380902273773943,0.3398720180048225,0.0080663274794852,0.686028572861702,0.351040723784041,0.3528907656392461,0.2960685105767129,-0.8535831071244682,0.0683214254801594,0.3914968086627235
1.0,-0.9813007261655512,0.3392582515011924,0.3410461978062115,0.0082949833281925,0.6885994326355964,0.351040723784041,0.3528907656392461,0.2960685105767129,-0.8535831071244682,0.0683214254801594,0.3914968086627235
1.0,-0.9772268861285728,0.340393450806409,0.3421873797968727,0.0085291972763247,0.6911100278796065,0.351040723784041,0.3528907656392461,0.2960685105767129,-0.8535831071244682,0.0683214254801594,0.3914968086627235
1.0,-0.973153046091594,0.3414954692186427,0.3432952060258346,0.0087690748251854,0.6935597500696629,0.351040723784041,0.3528907656392461,0.2960685105767129,-0.8535831071244682,0.0683214254801594,0.3914968086627235
1.0,-0.9690792060546156,0.3425639602870077,0.3443693282163584,0.0090147225835564,0.6959480110869225,0.351040723784041,0.3528907656392461,0.2960685105767129,-0.8535831071244682,0.0683214254801594,0.3914968086627235
1.0,-0.965005366017637,0.343598587365575,0.3454094079483366,0.0092662482520257,0.6982742435659375,0.351040723784041,0.3528907656392461,0.2960685105767129,-0.8535831071244682,0.0683214254801594,0.3914968086627235
1.0,-0.9609315259806586,0.3445990237900755,0.3464151168359258,0.0095237606062775,0.700537901232279,0.351040723784041,0.3528907656392461,0.2960685105767129,-0.8535831071244682,0.0683214254801594,0.3914968086627235
1.0,-0.95685768594368,0.3455649530497336,0.3473861367002872,0.0097873694793241,0.7027384592293451,0.351040723784041,0.3528907656392461,0.2960685105767129,-0.8535831071244682,0.0683214254801594,0.3914968086627235
1.0,-0.9527838459067016,0.3464960689541058,0.3483221597373035,0.0100571857426634,0.7048754144340728,0.351040723784041,0.3528907656392461,0.2960685105767129,-0.8535831071244682,0.0683214254801594,0.3914968086627235
1.0,-0.9487100058697228,0.3473920757948014,0.349222888680153,0.0103333212863433,0.7069482857612979,0.351040723784041,0.3528907656392461,0.2960685105767129,-0.8535831071244682,0.0683214254801594,0.3914968086627235
1.0,-0.9446361658327443,0.3482526885019655,0.3500880369566158,0.0106158889979166,0.7089566144564979,0.351040723784041,0.3528907656392461,0.2960685105767129,-0.8535831071244682,0.0683214254801594,0.3914968086627235
1.0,-0.9405623257957658,0.349077632795408,0.3509173288410005,0.0109050027402702,0.7108999643766787,0.351040723784041,0.3528907656392461,0.2960685105767129,-0.8535831071244682,0.0683214254801594,0.3914968086627235
1.0,-0.9364884857587874,0.3498666453302669,0.3517104996005749,0.0112007773283103,0.7127779222591523,0.351040723784041,0.3528907656392461,0.2960685105767129,-0.8535831071244682,0.0683214254801594,0.3914968086627235
1.0,-0.9324146457218088,0.3506194738370981,0.3524672956363936,0.0115033285044907,0.7145900979779825,0.351040723784041,0.3528907656392461,0.2960685105767129,-0.8535831071244682,0.0683214254801594,0.3914968086627235
1.0,-0.9283408056848304,0.3513358772562854,0.3531874746184171,0.0118127729131654,0.7163361247878681,0.351040723784041,0.3528907656392461,0.2960685105767129,-0.8535831071244682,0.0683214254801594,0.3914968086627235
1.0,-0.9242669656478516,0.3520156258666739,0.3538708056148225,0.0121292280737535,0.7180156595552499,0.351040723784041,0.3528907656392461,0.2960685105767129,-0.8535831071244682,0.0683214254801594,0.3914968086627235
1.0,-0.9201931256108732,0.3526585014083268,0.3545170692154075,0.0124528123526997,0.7196283829764341,0.351040723784041,0.3528907656392461,0.2960685105767129,-0.8535831071244682,0.0683214254801594,0.3914968086627235
1.0,-0.9161192855738948,0.3532642971993167,0.3551260576489972,0.0127836449342185,0.7211739997825325,0.351040723784041,0.3528907656392461,0.2960685105767129,-0.8535831071244682,0.0683214254801594,0.3914968086627235
1.0,-0.9120454455369162,0.3538328182464624,0.3556975748947647,0.013121845789807,0.7226522389310343,0.351040723784041,0.3528907656392461,0.2960685105767129,-0.8535831071244682,0.0683214254801594,0.3914968086627235
1.0,-0.9079716054999378,0.3543638813499293,0.3562314367873822,0.0134675356465142,0.7240628537838257,0.351040723784041,0.3528907656392461,0.2960685105767129,-0.8535831071244682,0.0683214254801594,0.3914968086627235
1.0,-0.9038977654629592,0.3548573152016128,0.3567274711159237,0.013820835953955,0.7254056222714917,0.351040723784041,0.3528907656392461,0.2960685105767129,-0.8535831071244682,0.0683214254801594,0.3914968086627235
1.0,-0.8998239254259808,0.3553129604772341,0.3571855177164452,0.0141818688500573,0.7266803470437367,0.351040723784041,0.3528907656392461,0.2960685105767129,-0.8535831071244682,0.0683214254801594,0.3914968086627235
1.0,-0.8957500853890021,0.3557306699220747,0.3576054285581721,0.0145507571255305,0.7278868556057774,0.351040723784041,0.3528907656392461,0.2960685105767129,-0.8535831071244682,0.0683214254801594,0.3914968086627235
1.0,-0.8916762453520237,0.3561103084302897,0.3579870678232293,0.0149276241870467,0.7290250004405658,0.351040723784041,0.3528907656392461,0.2960685105767129,-0.8535831071244682,0.0683214254801594,0.3914968086627235
1.0,-0.8876024053150451,0.356451753117736,0.3583303119798546,0.0153125940191236,0.7300946591167143,0.351040723784041,0.3528907656392461,0.2960685105767129,-0.8535831071244682,0.0683214254801594,0.3914968086627235
1.0,-0.8835285652780667,0.3567548933882634,0.3586350498490379,0.0157057911447021,0.7310957343820034,0.351040723784041,0.3528907656392461,0.2960685105767129,-0.8535831071244682,0.0683214254801594,0.3914968086627235
1.0,-0.879454725241088,0.3570196309934166,0.3589011826645385,0.0161073405844091,0.7320281542423643,0.351040723784041,0.3528907656392461,0.2960685105767129,-0.8535831071244682,0.0683214254801594,0.3914968086627235
1.0,-0.8753808852041096,0.3572458800855046,0.3591286241262341,0.0165173678144995,0.7328918720262383,0.351040723784041,0.3528907656392461,0.2960685105767129,-0.8535831071244682,0.0683214254801594,0.3914968086627235
1.0,-0.871307045167131,0.3574335672639955,0.3593173004467599,0.0169359987234711,0.7336868664342266,0.351040723784041,0.3528907656392461,0.2960685105767129,-0.8535831071244682,0.0683214254801594,0.3914968086627235
1.0,-0.8672332051301526,0.3575826316152034,0.3594671503914052,0.0173633595673459,0.7344131415739547,0.351040723784041,0.3528907656392461,0.2960685105767129,-0.8535831071244682,0.0683214254801594,0.3914968086627235
1.0,-0.8631593650931739,0.3576930247452363,0.3595781253112342,0.0177995769236152,0.7350707269800858,0.351040723784041,0.3528907656392461,0.2960685105767129,-0.8535831071244682,0.0683214254801594,0.3914968086627235
1.0,-0.8590855250561955,0.3577647108061804,0.3596501891694085,0.0182447776438429,0.7356596776194319,0.351040723784041,0.3528907656392461,0.2960685105767129,-0.8535831071244682,0.0683214254801594,0.3914968086627235
1.0,-0.8550116850192169,0.3577976665155006,0.3596833185606908,0.0186990888049257,0.7361800738811172,0.351040723784041,0.3528907656392461,0.2960685105767129,-0.8535831071244682,0.0683214254801594,0.3914968086627235
1.0,-0.8509378449822385,0.3577918811686438,0.3596775027241127,0.019162637659008,0.7366320215517647,0.351040723784041,0.3528907656392461,0.2960685105767129,-0.8535831071244682,0.0683214254801594,0.3914968086627235
1.0,-0.8468640049452598,0.3577473566448327,0.3596327435488009,0.019635551582051,0.7370156517756847,0.351040723784041,0.3528907656392461,0.2960685105767129,-0.8535831071244682,0.0683214254801594,0.3914968086627235
1.0,-0.8427901649082814,0.3576641074060491,0.3595490555729542,0.0201179580210556,0.737331121000059,0.351040723784041,0.3528907656392461,0.2960685105767129,-0.8535831071244682,0.0683214254801594,0.3914968086627235
1.0,-0.8387163248713028,0.3575421604892052,0.3594264659759738,0.0206099844399422,0.7375786109051211,0.351040723784041,0.3528907656392461,0.2960685105767129,-0.8535831071244682,0.0683214254801594,0.3914968086627235
1.0,-0.8346424848343243,0.3573815554915091,0.3592650145637515,0.021111758264087,0.7377583283193476,0.351040723784041,0.3528907656392461,0.2960685105767129,-0.8535831071244682,0.0683214254801594,0.3914968086627235
1.0,-0.8305686447973457,0.3571823445490366,0.3590647537471287,0.0216234068235216,0.7378705051196871,0.351040723784041,0.3528907656392461,0.2960685105767129,-0.8535831071244682,0.0683214254801594,0.3914968086627235
1.0,-0.8264948047603673,0.356944592308525,0.3588257485135416,0.0221450572947978,0.7379153981168645,0.351040723784041,0.3528907656392461,0.2960685105767129,-0.8535831071244682,0.0683214254801594,0.3914968086627235
1.0,-0.8224209647233887,0.3566683758924087,0.3585480763918724,0.0226768366415247,0.7378932889258059,0.351040723784041,0.3528907656392461,0.2960685105767129,-0.8535831071244682,0.0683214254801594,0.3914968086627235
1.0,-0.8183471246864102,0.3563537848571265,0.358231827410537,0.0232188715535848,0.7378044838212484,0.351040723784041,0.3528907656392461,0.2960685105767129,-0.8535831071244682,0.0683214254801594,0.3914968086627235
1.0,-0.8142732846494316,0.3560009211447291,0.3578771040488371,0.0237712883850373,0.7376493135786034,0.351040723784041,0.3528907656392461,0.2960685105767129,-0.8535831071244682,0.0683214254801594,0.3914968086627235
1.0,-0.8101994446124532,0.3556098990278243,0.357484021181616,0.0243342130907169,0.7374281333001572,0.351040723784041,0.3528907656392461,0.2960685105767129,-0.8535831071244682,0.0683214254801594,0.3914968086627235
1.0,-0.8061256045754746,0.3551808450479022,0.3570527060172579,0.024907771161541,0.7371413222267014,0.351040723784041,0.3528907656392461,0.2960685105767129,-0.8535831071244682,0.0683214254801594,0.3914968086627235
1.0,-0.8020517645384961,0.3547138979470866,0.3565832980290805,0.0254920875585337,0.7367892835347009,0.351040723784041,0.3528907656392461,0.2960685105767129,-0.8535831071244682,0.0683214254801594,0.3914968086627235
1.0,-0.7979779245015175,0.3542092085933634,0.3560759488801683,0.0260872866455825,0.7363724441191144,0.351040723784041,0.3528907656392461,0.2960685105767129,-0.8535831071244682,0.0683214254801594,0.3914968086627235
1.0,-0.7939040844645391,0.353666939899344,0.3555308223417088,0.0266934921209407,0.7358912543619935,0.351040723784041,0.3528907656392461,0.2960685105767129,-0.8535831071244682,0.0683214254801594,0.3914968086627235
1.0,-0.7898302444275607,0.3530872667346226,0.3549480942048875,0.0273108269474914,0.7353461878870018,0.351040723784041,0.3528907656392461,0.2960685105767129,-0.8535831071244682,0.0683214254801594,0.3914968086627235
1.0,-0.785756404390582,0.3524703758317965,0.354327952186413,0.0279394132817896,0.7347377412999991,0.351040723784041,0.3528907656392461,0.2960685105767129,-0.8535831071244682,0.0683214254801594,0.3914968086627235
1.0,-0.7816825643536036,0.351816465686217,0.3536705958277393,0.0285793724019008,0.7340664339158572,0.351040723784041,0.3528907656392461,0.2960685105767129,-0.8535831071244682,0.0683214254801594,0.3914968086627235
1.0,-0.777608724316625,0.3511257464495484,0.3529762363880646,0.0292308246340572,0.7333328074716705,0.351040723784041,0.3528907656392461,0.2960685105767129,-0.8535831071244682,0.0683214254801594,0.3914968086627235
1.0,-0.7735348842796466,0.3503984398172141,0.3522450967311829,0.029893889278149,0.7325374258265461,0.351040723784041,0.3528907656392461,0.2960685105767129,-0.8535831071244682,0.0683214254801594,0.3914968086627235
1.0,-0.7694610442426679,0.3496347789098138,0.3514774112062777,0.0305686845320771,0.7316808746481687,0.351040723784041,0.3528907656392461,0.2960685105767129,-0.8535831071244682,0.0683214254801594,0.3914968086627235
1.0,-0.7653872042056895,0.3488350081486022,0.3506734255227435,0.0312553274149879,0.7307637610863337,0.351040723784041,0.3528907656392461,0.2960685105767129,-0.8535831071244682,0.0683214254801594,0.3914968086627235
1.0,-0.7613133641687109,0.3479993831251202,0.3498333966191304,0.0319539336894167,0.7297867134336674,0.351040723784041,0.3528907656392461,0.2960685105767129,-0.8535831071244682,0.0683214254801594,0.3914968086627235
1.0,-0.7572395241317325,0.3471281704650776,0.348957592526309,0.0326646177823664,0.7287503807737532,0.351040723784041,0.3528907656392461,0.2960685105767129,-0.8535831071244682,0.0683214254801594,0.3914968086627235
1.0,-0.7531656840947538,0.3462216476865878,0.3480462922249585,0.0333874927053484,0.7276554326168948,0.351040723784041,0.3528907656392461,0.2960685105767129,-0.8535831071244682,0.0683214254801594,0.3914968086627235
1.0,-0.7490918440577754,0.3452801030528605,0.3470997854974828,0.0341226699734155,0.726502558523759,0.351040723784041,0.3528907656392461,0.2960685105767129,-0.8535831071244682,0.0683214254801594,0.3914968086627235
1.0,-0.7450180040207968,0.3443038354194619,0.3461183727744655,0.0348702595232183,0.7252924677171458,0.351040723784041,0.3528907656392461,0.2960685105767129,-0.8535831071244682,0.0683214254801594,0.3914968086627235
1.0,-0.7409441639838183,0.343293154076255,0.3451023649757778,0.0356303696301157,0.7240258886821486,0.351040723784041,0.3528907656392461,0.2960685105767129,-0.8535831071244682,0.0683214254801594,0.3914968086627235
1.0,-0.7368703239468397,0.3422483785841378,0.3440520833464555,0.0364031068243754,0.7227035687549688,0.351040723784041,0.3528907656392461,0.2960685105767129,-0.8535831071244682,0.0683214254801594,0.3914968086627235
1.0,-0.7327964839098613,0.3411698386067,0.3429678592874694,0.0371885758064966,0.7213262737006662,0.351040723784041,0.3528907656392461,0.2960685105767129,-0.8535831071244682,0.0683214254801594,0.3914968086627235
1.0,-0.7287226438728827,0.340057873736921,0.3418500341815091,0.0379868793616942,0.7198947872801242,0.351040723784041,0.3528907656392461,0.2960685105767129,-0.8535831071244682,0.0683214254801594,0.3914968086627235
1.0,-0.7246488038359042,0.3389128333190389,0.340698959213914,0.0387981182735802,0.7184099108065333,0.351040723784041,0.3528907656392461,0.2960685105767129,-0.8535831071244682,0.0683214254801594,0.3914968086627235
1.0,-0.7205749637989256,0.3377350762657194,0.3395149951888779,0.0396223912370839,0.7168724626916813,0.351040723784041,0.3528907656392461,0.2960685105767129,-0.8535831071244682,0.0683214254801594,0.3914968086627235
1.0,-0.7165011237619472,0.3365249708706592,0.3382985123410654,0.0404597947706489,0.7152832779823737,0.351040723784041,0.3528907656392461,0.2960685105767129,-0.8535831071244682,0.0683214254801594,0.3914968086627235
1.0,-0.7124272837249686,0.3352828946167608,0.3370498901427754,0.041310423127752,0.7136432078872882,0.351040723784041,0.3528907656392461,0.2960685105767129,-0.8535831071244682,0.0683214254801594,0.3914968086627235
1.0,-0.7083534436879901,0.3340092339800183,0.3357695171067936,0.0421743682077857,0.7119531192945978,0.351040723784041,0.3528907656392461,0.2960685105767129,-0.8535831071244682,0.0683214254801594,0.3914968086627235
1.0,-0.7042796036510115,0.3327043842292576,0.3344577905850769,0.0430517194663503,0.7102138942806849,0.351040723784041,0.3528907656392461,0.2960685105767129,-0.8535831071244682,0.0683214254801594,0.3914968086627235
1.0,-0.7002057636140331,0.3313687492218741,0.3331151165634152,0.0439425638250017,0.7084264296102911,0.351040723784041,0.3528907656392461,0.2960685105767129,-0.8535831071244682,0.0683214254801594,0.3914968086627235
1.0,-0.6961319235770544,0.330002741195718,0.3317419094522194,0.0448469855805026,0.70659163622844,0.351040723784041,0.3528907656392461,0.2960685105767129,-0.8535831071244682,0.0683214254801594,0.3914968086627235
1.0,-0.692058083540076,0.3286067805572757,0.3303385918735865,0.045765066313627,0.7047104387444894,0.351040723784041,0.3528907656392461,0.2960685105767129,-0.8535831071244682,0.0683214254801594,0.3914968086627235
1.0,-0.6879842435030974,0.3271812956662996,0.3289055944447948,0.0466968847975682,0.7027837749086626,0.351040723784041,0.3528907656392461,0.2960685105767129,-0.8535831071244682,0.0683214254801594,0.3914968086627235
1.0,-0.683910403466119,0.3257267226170412,0.3274433555583834,0.0476425169060015,0.7008125950814261,0.351040723784041,0.3528907656392461,0.2960685105767129,-0.8535831071244682,0.0683214254801594,0.3914968086627235
1.0,-0.6798365634291403,0.3242435050162424,0.3259523211589743,0.0486020355208567,0.6987978616960735,0.351040723784041,0.3528907656392461,0.2960685105767129,-0.8535831071244682,0.0683214254801594,0.3914968086627235
1.0,-0.6757627233921619,0.3227320937580457,0.3244329445169954,0.049575510439853,0.6967405487148941,0.351040723784041,0.3528907656392461,0.2960685105767129,-0.8535831071244682,0.0683214254801594,0.3914968086627235
1.0,-0.6716888833551833,0.3211929467959781,0.3228856859994637,0.0505630082838536,0.6946416410792955,0.351040723784041,0.3528907656392461,0.2960685105767129,-0.8535831071244682,0.0683214254801594,0.3914968086627235
1.0,-0.6676150433182049,0.3196265289121762,0.3213110128379934,0.0515645924040965,0.6925021341542662,0.351040723784041,0.3528907656392461,0.2960685105767129,-0.8535831071244682,0.0683214254801594,0.3914968086627235
1.0,-0.6635412032812262,0.3180333114840085,0.3197093988941885,0.0525803227893598,0.6903230331675568,0.351040723784041,0.3528907656392461,0.2960685105767129,-0.8535831071244682,0.0683214254801594,0.3914968086627235
1.0,-0.6594673632442478,0.316413772248263,0.3180813244225878,0.0536102559731217,0.6881053526439727,0.351040723784041,0.3528907656392461,0.2960685105767129,-0.8535831071244682,0.0683214254801594,0.3914968086627235
1.0,-0.6553935232072694,0.3147683950630634,0.3164272758313262,0.0546544449407751,0.6858501158351649,0.351040723784041,0.3528907656392461,0.2960685105767129,-0.8535831071244682,0.0683214254801594,0.3914968086627235
1.0,-0.6513196831702908,0.3130976696676784,0.3147477454406783,0.0557129390369602,0.683558354145317,0.351040723784041,0.3528907656392461,0.2960685105767129,-0.8535831071244682,0.0683214254801594,0.3914968086627235
1.0,-0.6472458431333123,0.3114020914403926,0.3130432312396529,0.0567857838730758,0.6812311065531214,0.351040723784041,0.3528907656392461,0.2960685105767129,-0.8535831071244682,0.0683214254801594,0.3914968086627235
1.0,-0.6431720030963337,0.309682161154604,0.3113142366408056,0.0578730212350365,0.6788694190304462,0.351040723784041,0.3528907656392461,0.2960685105767129,-0.8535831071244682,0.0683214254801594,0.3914968086627235
1.0,-0.6390981630593553,0.3079383847333167,0.3095612702334371,0.0589746889913381,0.676474343958092,0.351040723784041,0.3528907656392461,0.2960685105767129,-0.8535831071244682,0.0683214254801594,0.3914968086627235
1.0,-0.6350243230223767,0.3061712730021961,0.3077848455353474,0.0600908210014997,0.6740469395390433,0.351040723784041,0.3528907656392461,0.2960685105767129,-0.8535831071244682,0.0683214254801594,0.3914968086627235
1.0,-0.6309504829853982,0.3043813414413548,0.3059854807433134,0.0612214470249485,0.6715882692096169,0.351040723784041,0.3528907656392461,0.2960685105767129,-0.8535831071244682,0.0683214254801594,0.3914968086627235
1.0,-0.6268766429484196,0.3025691099360363,0.3041636984824586,0.0623665926304159,0.669099401048911,0.351040723784041,0.3528907656392461,0.2960685105767129,-0.8535831071244682,0.0683214254801594,0.3914968086627235
1.0,-0.6228028029114412,0.3007351025263664,0.3023200255546856,0.0635262791059134,0.6665814071869656,0.351040723784041,0.3528907656392461,0.2960685105767129,-0.8535831071244682,0.0683214254801594,0.3914968086627235
1.0,-0.6187289628744626,0.2988798471563358,0.3004549926863362,0.0647005233693602,0.6640353632120324,0.351040723784041,0.3528907656392461,0.2960685105767129,-0.8535831071244682,0.0683214254801594,0.3914968086627235
1.0,-0.6146551228374841,0.2970038754221875,0.298569134275252,0.0658893378799297,0.6614623475773693,0.351040723784041,0.3528907656392461,0.2960685105767129,-0.8535831071244682,0.0683214254801594,0.3914968086627235
1.0,-0.6105812828005055,0.2951077223203668,0.2966629881373972,0.0670927305501906,0.6588634410079547,0.351040723784041,0.3528907656392461,0.2960685105767129,-0.8535831071244682,0.0683214254801594,0.3914968086627235
1.0,-0.6065074427635271,0.2931919259952104,0.2947370952532165,0.0683107046591114,0.6562397259075383,0.351040723784041,0.3528907656392461,0.2960685105767129,-0.8535831071244682,0.0683214254801594,0.3914968086627235
1.0,-0.6024336027265484,0.291257027486528,0.2927919995138879,0.0695432587660033,0.6535922857664194,0.351040723784041,0.3528907656392461,0.2960685105767129,-0.8535831071244682,0.0683214254801594,0.3914968086627235
1.0,-0.59835976268957,0.2893035704772519,0.2908282474676414,0.0707903866254742,0.6509222045703675,0.351040723784041,0.3528907656392461,0.2960685105767129,-0.8535831071244682,0.0683214254801594,0.3914968086627235
1.0,-0.5942859226525914,0.2873321010413083,0.2888463880663017,0.0720520771034679,0.648230566211078,0.351040723784041,0.3528907656392461,0.2960685105767129,-0.8535831071244682,0.0683214254801594,0.3914968086627235
1.0,-0.590212082615613,0.2853431673918782,0.2868469724122226,0.0733283140944635,0.6455184538985644,0.351040723784041,0.3528907656392461,0.2960685105767129,-0.8535831071244682,0.0683214254801594,0.3914968086627235
1.0,-0.5861382425786343,0.2833373196302042,0.2848305535057701,0.07461907643991,0.6427869495758842,0.351040723784041,0.3528907656392461,0.2960685105767129,-0.8535831071244682,0.0683214254801594,0.3914968086627235
1.0,-0.5820644025416559,0.2813151094951061,0.2827976859935174,0.0759243378479702,0.6400371333365938,0.351040723784041,0.3528907656392461,0.2960685105767129,-0.8535831071244682,0.0683214254801594,0.3914968086627235
1.0,-0.5779905625046773,0.2792770901133579,0.2807489259173071,0.0772440668146536,0.6372700828453185,0.351040723784041,0.3528907656392461,0.2960685105767129,-0.8535831071244682,0.0683214254801594,0.3914968086627235
1.0,-0.5739167224676989,0.2772238157510867,0.2786848304643388,0.078578226546408,0.6344868727618336,0.351040723784041,0.3528907656392461,0.2960685105767129,-0.8535831071244682,0.0683214254801594,0.3914968086627235
1.0,-0.5698428824307202,0.275155841566342,0.2766059577184357,0.0799267748842536,0.6316885741690313,0.351040723784041,0.3528907656392461,0.2960685105767129,-0.8535831071244682,0.0683214254801594,0.3914968086627235
1.0,-0.5657690423937418,0.2730737233629922,0.2745128664126431,0.0812896642295291,0.6288762540051646,0.351040723784041,0.3528907656392461,0.2960685105767129,-0.8535831071244682,0.0683214254801594,0.3914968086627235
1.0,-0.5616952023567632,0.270978017346093,0.2724061156833081,0.0826668414713317,0.6260509745007329,0.351040723784041,0.3528907656392461,0.2960685105767129,-0.8535831071244682,0.0683214254801594,0.3914968086627235
1.0,-0.5576213623197848,0.2688692798788795,0.2702862648257906,0.084058247915724,0.6232137926203941,0.351040723784041,0.3528907656392461,0.2960685105767129,-0.8535831071244682,0.0683214254801594,0.3914968086627235
1.0,-0.5535475222828061,0.2667480672415229,0.2681538730519492,0.0854638192167867,0.6203657595102589,0.351040723784041,0.3528907656392461,0.2960685105767129,-0.8535831071244682,0.0683214254801594,0.3914968086627235
1.0,-0.5494736822458277,0.2646149353917979,0.2660094992495467,0.0868834853095917,0.6175079199509365,0.351040723784041,0.3528907656392461,0.2960685105767129,-0.8535831071244682,0.0683214254801594,0.3914968086627235
1.0,-0.5453998422088491,0.2624704397277976,0.2638537017437148,0.0883171703451733,0.6146413118166859,0.351040723784041,0.3528907656392461,0.2960685105767129,-0.8535831071244682,0.0683214254801594,0.3914968086627235
1.0,-0.5413260021718707,0.2603151348528371,0.2616870380606181,0.0897647926275724,0.6117669655410276,0.351040723784041,0.3528907656392461,0.2960685105767129,-0.8535831071244682,0.0683214254801594,0.3914968086627235
1.0,-0.537252162134892,0.2581495743426747,0.2595100646934499,0.0912262645530305,0.6088859035891553,0.351040723784041,0.3528907656392461,0.2960685105767129,-0.8535831071244682,0.0683214254801594,0.3914968086627235
1.0,-0.5331783220979136,0.2559743105151906,0.2573233368708955,0.0927014925514066,0.6059991399374929,0.351040723784041,0.3528907656392461,0.2960685105767129,-0.8535831071244682,0.0683214254801594,0.3914968086627235
1.0,-0.529104482060935,0.2537898942026427,0.2551274083281885,0.0941903770298961,0.6031076795607273,0.351040723784041,0.3528907656392461,0.2960685105767129,-0.8535831071244682,0.0683214254801594,0.3914968086627235
1.0,-0.5250306420239566,0.2515968745266336,0.252922831080892,0.0956928123191196,0.6002125179266453,0.351040723784041,0.3528907656392461,0.2960685105767129,-0.8535831071244682,0.0683214254801594,0.3914968086627235
1.0,-0.5209568019869781,0.2493957986759057,0.2507101552015223,0.0972086866216626,0.5973146404990908,0.351040723784041,0.3528907656392461,0.2960685105767129,-0.8535831071244682,0.0683214254801594,0.3914968086627235
1.0,-0.5168829619499995,0.247187211687087,0.2484899285991393,0.0987378819631328,0.5944150222493593,0.351040723784041,0.3528907656392461,0.2960685105767129,-0.8535831071244682,0.0683214254801594,0.3914968086627235
1.0,-0.5128091219130211,0.2449716562285041,0.2462626968020202,0.1002802741458109,0.5915146271763353,0.351040723784041,0.3528907656392461,0.2960685105767129,-0.8535831071244682,0.0683214254801594,0.3914968086627235
1.0,-0.5087352818760424,0.2427496723871721,0.2440290027435266,0.1018357327049652,0.5886144078356641,0.351040723784041,0.3528907656392461,0.2960685105767129,-0.8535831071244682,0.0683214254801594,0.3914968086627235
1.0,-0.504661441839064,0.2405217974590762,0.2417893865512813,0.1034041208679007,0.5857153048782584,0.351040723784041,0.3528907656392461,0.2960685105767129,-0.8535831071244682,0.0683214254801594,0.3914968086627235
1.0,-0.5005876018020854,0.2382885657428456,0.2395443853397544,0.1049852955158119,0.5828182465984121,0.351040723784041,0.3528907656392461,0.2960685105767129,-0.8535831071244682,0.0683214254801594,0.3914968086627235
1.0,-0.496513761765107,0.2360505083369276,0.2372945330063685,0.1065791071485077,0.5799241484918038,0.351040723784041,0.3528907656392461,0.2960685105767129,-0.8535831071244682,0.0683214254801594,0.3914968086627235
1.0,-0.4924399217281283,0.2338081529403556,0.2350403600312171,0.108185399852077,0.5770339128236498,0.351040723784041,0.3528907656392461,0.2960685105767129,-0.8535831071244682,0.0683214254801594,0.3914968086627235
1.0,-0.4883660816911499,0.2315620236572123,0.2327823932804968,0.1098040112695586,0.5741484282072679,0.351040723784041,0.3528907656392461,0.2960685105767129,-0.8535831071244682,0.0683214254801594,0.3914968086627235
1.0,-0.4842922416541713,0.229312640804874,0.2305211558137412,0.1114347725746833,0.5712685691932987,0.351040723784041,0.3528907656392461,0.2960685105767129,-0.8535831071244682,0.0683214254801594,0.3914968086627235
1.0,-0.4802184016171928,0.2270605207261287,0.2282571666949492,0.1130775084487489,0.568395195869827,0.351040723784041,0.3528907656392461,0.2960685105767129,-0.8535831071244682,0.0683214254801594,0.3914968086627235
1.0,-0.4761445615802142,0.224806175605249,0.2259909408076879,0.1147320370606919,0.5655291534736289,0.351040723784041,0.3528907656392461,0.2960685105767129,-0.8535831071244682,0.0683214254801594,0.3914968086627235
1.0,-0.4720707215432358,0.2225501132881029,0.2237229886742559,0.1163981700504158,0.5626712720127748,0.351040723784041,0.3528907656392461,0.2960685105767129,-0.8535831071244682,0.0683214254801594,0.3914968086627235
1.0,-0.4679968815062572,0.2202928371063768,0.2214538162789796,0.1180757125154349,0.5598223659007913,0.351040723784041,0.3528907656392461,0.2960685105767129,-0.8535831071244682,0.0683214254801594,0.3914968086627235
1.0,-0.4639230414692787,0.2180348457059854,0.2191839248957189,0.1197644630008904,0.5569832336025948,0.351040723784041,0.3528907656392461,0.2960685105767129,-0.8535831071244682,0.0683214254801594,0.3914968086627235
1.0,-0.4598492014323001,0.2157766328797355,0.2169138109196495,0.1214642134929961,0.5541546572923812,0.351040723784041,0.3528907656392461,0.2960685105767129,-0.8535831071244682,0.0683214254801594,0.3914968086627235
1.0,-0.4557753613953217,0.2135186874043114,0.2146439657033883,0.1231747494159641,0.5513374025236639,0.351040723784041,0.3528907656392461,0.2960685105767129,-0.8535831071244682,0.0683214254801594,0.3914968086627235
1.0,-0.451701521358343,0.2112614928816394,0.2123748753975226,0.1248958496324666,0.5485322179116288,0.351040723784041,0.3528907656392461,0.2960685105767129,-0.8535831071244682,0.0683214254801594,0.3914968086627235
1.0,-0.4476276813213646,0.2090055275846922,0.2101070207956018,0.1266272864476793,0.5457398348279734,0.351040723784041,0.3528907656392461,0.2960685105767129,-0.8535831071244682,0.0683214254801594,0.3914968086627235
1.0,-0.443553841284386,0.2067512643077831,0.2078408771836421,0.1283688256169577,0.542960967108383,0.351040723784041,0.3528907656392461,0.2960685105767129,-0.8535831071244682,0.0683214254801594,0.3914968086627235
1.0,-0.4394800012474076,0.2044991702214025,0.2055769141941988,0.1301202263571898,0.5401963107727912,0.351040723784041,0.3528907656392461,0.2960685105767129,-0.8535831071244682,0.0683214254801594,0.3914968086627235
1.0,-0.4354061612104289,0.2022497067316384,0.2033155956650451,0.13188124136187,0.5374465437585536,0.351040723784041,0.3528907656392461,0.2960685105767129,-0.8535831071244682,0.0683214254801594,0.3914968086627235
1.0,-0.4313323211734505,0.2000033293442268,0.2010573795025065,0.1336516168199344,0.5347123256666677,0.351040723784041,0.3528907656392461,0.2960685105767129,-0.8535831071244682,0.0683214254801594,0.3914968086627235
1.0,-0.4272584811364719,0.1977604875332634,0.1988027175494805,0.1354310924383983,0.5319942975211422,0.351040723784041,0.3528907656392461,0.2960685105767129,-0.8535831071244682,0.0683214254801594,0.3914968086627235
1.0,-0.4231846410994935,0.1955216246146173,0.1965520554581831,0.1372194014688299,0.5292930815416305,0.351040723784041,0.3528907656392461,0.2960685105767129,-0.8535831071244682,0.0683214254801594,0.3914968086627235
1.0,-0.4191108010625148,0.1932871776240695,0.1943058325676451,0.1390162707376976,0.5266092809294123,0.351040723784041,0.3528907656392461,0.2960685105767129,-0.8535831071244682,0.0683214254801594,0.3914968086627235
1.0,-0.4150369610255364,0.1910575772002066,0.1920644817859888,0.140821420680619,0.5239434796668145,0.351040723784041,0.3528907656392461,0.2960685105767129,-0.8535831071244682,0.0683214254801594,0.3914968086627235
1.0,-0.4109631209885578,0.1888332474720893,0.189828429477504,0.1426345653805444,0.5212962423301378,0.351040723784041,0.3528907656392461,0.2960685105767129,-0.8535831071244682,0.0683214254801594,0.3914968086627235
1.0,-0.4068892809515794,0.1866146059517148,0.1875980953545445,0.1444554126098979,0.5186681139161574,0.351040723784041,0.3528907656392461,0.2960685105767129,-0.8535831071244682,0.0683214254801594,0.3914968086627235
1.0,-0.4028154409146007,0.1844020634312856,0.1853738923742545,0.146283663876704,0.5160596196822441,0.351040723784041,0.3528907656392461,0.2960685105767129,-0.8535831071244682,0.0683214254801594,0.3914968086627235
1.0,-0.3987416008776223,0.1821960238852976,0.1831562266401413,0.1481190144747151,0.513471265000154,0.351040723784041,0.3528907656392461,0.2960685105767129,-0.8535831071244682,0.0683214254801594,0.3914968086627235
1.0,-0.3946677608406439,0.1799968843774516,0.1809454973084962,0.1499611535375651,0.510903535223513,0.351040723784041,0.3528907656392461,0.2960685105767129,-0.8535831071244682,0.0683214254801594,0.3914968086627235
1.0,-0.3905939208036653,0.1778050349723925,0.1787420964996685,0.1518097640969584,0.5083568955690196,0.351040723784041,0.3528907656392461,0.2960685105767129,-0.8535831071244682,0.0683214254801594,0.3914968086627235
1.0,-0.3865200807666868,0.1756208586522764,0.1765464092141926,0.1536645231449114,0.5058317910113804,0.351040723784041,0.3528907656392461,0.2960685105767129,-0.8535831071244682,0.0683214254801594,0.3914968086627235
1.0,-0.3824462407297082,0.1734447312381576,0.174358813253761,0.1555251017000531,0.5033286461919718,0.351040723784041,0.3528907656392461,0.2960685105767129,-0.8535831071244682,0.0683214254801594,0.3914968086627235
1.0,-0.3783724006927298,0.1712770213161922,0.1721796791470391,0.1573911648779939,0.5008478653412253,0.351040723784041,0.3528907656392461,0.2960685105767129,-0.8535831071244682,0.0683214254801594,0.3914968086627235
1.0,-0.3742985606557512,0.1691180901686432,0.1700093700803062,0.1592623719657649,0.4983898322147144,0.351040723784041,0.3528907656392461,0.2960685105767129,-0.8535831071244682,0.0683214254801594,0.3914968086627235
1.0,-0.3702247206187727,0.1669682917096746,0.1678482418329117,0.1611383765003279,0.4959549100429143,0.351040723784041,0.3528907656392461,0.2960685105767129,-0.8535831071244682,0.0683214254801594,0.3914968086627235
1.0,-0.3661508805817941,0.1648279724259132,0.1656966427175234,0.1630188263511561,0.4935434414945929,0.351040723784041,0.3528907656392461,0.2960685105767129,-0.8535831071244682,0.0683214254801594,0.3914968086627235
1.0,-0.3620770405448157,0.1626974713217603,0.1635549135251511,0.1649033638068762,0.4911557486537877,0.351040723784041,0.3528907656392461,0.2960685105767129,-0.8535831071244682,0.0683214254801594,0.3914968086627235
1.0,-0.358003200507837,0.1605771198694243,0.1614233874749158,0.1667916256659669,0.4887921330103071,0.351040723784041,0.3528907656392461,0.2960685105767129,-0.8535831071244682,0.0683214254801594,0.3914968086627235
1.0,-0.3539293604708586,0.158467241963649,0.1593023901685394,0.168683243331499,0.4864528754636875,0.351040723784041,0.3528907656392461,0.2960685105767129,-0.8535831071244682,0.0683214254801594,0.3914968086627235
1.0,-0.34985552043388,0.1563681538811039,0.157192239549521,0.1705778429099039,0.484138236340529,0.351040723784041,0.3528907656392461,0.2960685105767129,-0.8535831071244682,0.0683214254801594,0.3914968086627235
1.0,-0.3457816803969016,0.1542801642444037,0.1550932458669668,0.1724750453137505,0.481848455425121,0.351040723784041,0.3528907656392461,0.2960685105767129,-0.8535831071244682,0.0683214254801594,0.3914968086627235
1.0,-0.3417078403599229,0.1522035739907175,0.1530057116440339,0.1743744663685098,0.4795837520032612,0.351040723784041,0.3528907656392461,0.2960685105767129,-0.8535831071244682,0.0683214254801594,0.3914968086627235
1.0,-0.3376340003229445,0.1501386763449297,0.1509299316509497,0.1762757169232826,0.477344324919162,0.351040723784041,0.3528907656392461,0.2960685105767129,-0.8535831071244682,0.0683214254801594,0.3914968086627235
1.0,-0.3335601602859659,0.1480857567973065,0.1488661928825605,0.1781784029654605,0.4751303526453276,0.351040723784041,0.3528907656392461,0.2960685105767129,-0.8535831071244682,0.0683214254801594,0.3914968086627235
1.0,-0.3294863202489875,0.1460450930856237,0.1468147745403655,0.1800821257392903,0.4729419933652796,0.351040723784041,0.3528907656392461,0.2960685105767129,-0.8535831071244682,0.0683214254801594,0.3914968086627235
1.0,-0.3254124802120088,0.1440169551817052,0.1447759480189842,0.181986481868306,0.4707793850689956,0.351040723784041,0.3528907656392461,0.2960685105767129,-0.8535831071244682,0.0683214254801594,0.3914968086627235
1.0,-0.3213386401750304,0.142001605282323,0.1427499768970084,0.1838910634815901,0.4686426456609216,0.351040723784041,0.3528907656392461,0.2960685105767129,-0.8535831071244682,0.0683214254801594,0.3914968086627235
1.0,-0.3172648001380518,0.1399992978044009,0.1407371169321806,0.1857954583438233,0.4665318730804049,0.351040723784041,0.3528907656392461,0.2960685105767129,-0.8535831071244682,0.0683214254801594,0.3914968086627235
1.0,-0.3131909601010734,0.1380102793844695,0.1387376160608459,0.1876992499890771,0.4644471454343926,0.351040723784041,0.3528907656392461,0.2960685105767129,-0.8535831071244682,0.0683214254801594,0.3914968086627235
1.0,-0.3091171200640947,0.1360347888823088,0.1367517144016143,0.189602017858302,0.4623885211422252,0.351040723784041,0.3528907656392461,0.2960685105767129,-0.8535831071244682,0.0683214254801594,0.3914968086627235
1.0,-0.3050432800271163,0.1340730573887214,0.1347796442631748,0.1915033374404577,0.460356039092354,0.351040723784041,0.3528907656392461,0.2960685105767129,-0.8535831071244682,0.0683214254801594,0.3914968086627235
1.0,-0.3009694399901377,0.1321253082373688,0.1328216301561938,0.193402780417234,0.4583497188107968,0.351040723784041,0.3528907656392461,0.2960685105767129,-0.8535831071244682,0.0683214254801594,0.3914968086627235
1.0,-0.2968955999531593,0.1301917570206087,0.1308778888092356,0.1952999148113001,0.4563695606411444,0.351040723784041,0.3528907656392461,0.2960685105767129,-0.8535831071244682,0.0683214254801594,0.3914968086627235
1.0,-0.2928217599161806,0.1282726116092609,0.1289486291886332,0.197194305138025,0.4544155459359192,0.351040723784041,0.3528907656392461,0.2960685105767129,-0.8535831071244682,0.0683214254801594,0.3914968086627235
1.0,-0.2887479198792022,0.1263680721762372,0.1270340525222424,0.1990855125606006,0.4524876372590801,0.351040723784041,0.3528907656392461,0.2960685105767129,-0.8535831071244682,0.0683214254801594,0.3914968086627235
1.0,-0.2846740798422236,0.1244783312239583,0.125134352327003,0.2009730950485031,0.4505857785994645,0.351040723784041,0.3528907656392461,0.2960685105767129,-0.8535831071244682,0.0683214254801594,0.3914968086627235
1.0,-0.2806002398052452,0.1226035736154896,0.1232497144402388,0.2028566075392186,0.4487098955949471,0.351040723784041,0.3528907656392461,0.2960685105767129,-0.8535831071244682,0.0683214254801594,0.3914968086627235
1.0,-0.2765263997682665,0.1207439766093144,0.1213803170546143,0.2047356021031609,0.4468598957670896,0.351040723784041,0.3528907656392461,0.2960685105767129,-0.8535831071244682,0.0683214254801594,0.3914968086627235
1.0,-0.2724525597312881,0.1188997098976739,0.1195263307566765,0.2066096281117027,0.4450356687660532,0.351040723784041,0.3528907656392461,0.2960685105767129,-0.8535831071244682,0.0683214254801594,0.3914968086627235
1.0,-0.2683787196943097,0.1170709356483913,0.1176879185688994,0.2084782324082409,0.4432370866255318,0.351040723784041,0.3528907656392461,0.2960685105767129,-0.8535831071244682,0.0683214254801594,0.3914968086627235
1.0,-0.264304879657331,0.1152578085501017,0.1158652359951525,0.2103409594822112,0.4414640040274655,0.351040723784041,0.3528907656392461,0.2960685105767129,-0.8535831071244682,0.0683214254801594,0.3914968086627235
1.0,-0.2602310396203526,0.113460475860807,0.1140584310695112,0.2121973516459657,0.439716258576284,0.351040723784041,0.3528907656392461,0.2960685105767129,-0.8535831071244682,0.0683214254801594,0.3914968086627235
1.0,-0.256157199583374,0.1116790774596721,0.1122676444083267,0.2140469492144259,0.4379936710824248,0.351040723784041,0.3528907656392461,0.2960685105767129,-0.8535831071244682,0.0683214254801594,0.3914968086627235
1.0,-0.2520833595463956,0.1099137459019809,0.1104930092654707,0.2158892906874152,0.4362960458548668,0.351040723784041,0.3528907656392461,0.2960685105767129,-0.8535831071244682,0.0683214254801594,0.3914968086627235
1.0,-0.2480095195094169,0.1081646064771641,0.1087346515906697,0.2177239129345788,0.4346231710024127,0.351040723784041,0.3528907656392461,0.2960685105767129,-0.8535831071244682,0.0683214254801594,0.3914968086627235
1.0,-0.2439356794724385,0.106431777269818,0.1069926900908449,0.2195503513827912,0.4329748187434541,0.351040723784041,0.3528907656392461,0.2960685105767129,-0.8535831071244682,0.0683214254801594,0.3914968086627235
1.0,-0.2398618394354599,0.1047153692236213,0.1052672362943665,0.2213681402059504,0.4313507457239384,0.351040723784041,0.3528907656392461,0.2960685105767129,-0.8535831071244682,0.0683214254801594,0.3914968086627235
1.0,-0.2357879993984815,0.1030154862080701,0.1035583946181396,0.2231768125170563,0.429750693343266,0.351040723784041,0.3528907656392461,0.2960685105767129,-0.8535831071244682,0.0683214254801594,0.3914968086627235
1.0,-0.2317141593615028,0.1013322250879355,0.1018662624374285,0.224975900562466,0.42817438808783,0.351040723784041,0.3528907656392461,0.2960685105767129,-0.8535831071244682,0.0683214254801594,0.3914968086627235
1.0,-0.2276403193245244,0.0996656757953613,0.1001909301583342,0.2267649359182186,0.4266215418719142,0.351040723784041,0.3528907656392461,0.2960685105767129,-0.8535831071244682,0.0683214254801594,0.3914968086627235
1.0,-0.223566479287546,0.0980159214045083,0.0985324812928317,0.228543449688317,0.425091852385657,0.351040723784041,0.3528907656392461,0.2960685105767129,-0.8535831071244682,0.0683214254801594,0.3914968086627235
1.0,-0.2194926392505674,0.0963830382086575,0.09689099253628,0.2303109727048537,0.4235850034497913,0.351040723784041,0.3528907656392461,0.2960685105767129,-0.8535831071244682,0.0683214254801594,0.3914968086627235
1.0,-0.2154187992135887,0.0947670957996821,0.095266533847313,0.2320670357298653,0.4221006653768605,0.351040723784041,0.3528907656392461,0.2960685105767129,-0.8535831071244682,0.0683214254801594,0.3914968086627235
1.0,-0.2113449591766101,0.0931681571497968,0.0936591685300191,0.2338111696587969,0.4206384953386128,0.351040723784041,0.3528907656392461,0.2960685105767129,-0.8535831071244682,0.0683214254801594,0.3914968086627235
1.0,-0.2072711191396319,0.0915862786954948,0.0920689533183211,0.235542905725456,0.419198137739272,0.351040723784041,0.3528907656392461,0.2960685105767129,-0.8535831071244682,0.0683214254801594,0.3914968086627235
1.0,-0.2031972791026532,0.0900215104235808,0.0904959384624623,0.2372617757083354,0.4177792245943786,0.351040723784041,0.3528907656392461,0.2960685105767129,-0.8535831071244682,0.0683214254801594,0.3914968086627235
1.0,-0.1991234390656746,0.0884738959592112,0.0889401678175107,0.2389673121381771,0.4163813759148991,0.351040723784041,0.3528907656392461,0.2960685105767129,-0.8535831071244682,0.0683214254801594,0.3914968086627235
1.0,-0.195049599028696,0.0869434726558478,0.0874016789337871,0.2406590485066556,0.4150042000962906,0.351040723784041,0.3528907656392461,0.2960685105767129,-0.8535831071244682,0.0683214254801594,0.3914968086627235
1.0,-0.1909757589917178,0.085430271687037,0.0858805031491274,0.2423365194760492,0.4136472943122138,0.351040723784041,0.3528907656392461,0.2960685105767129,-0.8535831071244682,0.0683214254801594,0.3914968086627235
1.0,-0.1869019189547391,0.0839343181399218,0.084376665682888,0.2439992610897727,0.4123102449125826,0.351040723784041,0.3528907656392461,0.2960685105767129,-0.8535831071244682,0.0683214254801594,0.3914968086627235
1.0,-0.1828280789177605,0.082455631110399,0.0828901857316042,0.2456468109836358,0.4109926278256391,0.351040723784041,0.3528907656392461,0.2960685105767129,-0.8535831071244682,0.0683214254801594,0.3914968086627235
1.0,-0.1787542388807819,0.0809942237998291,0.0814210765662099,0.2472787085977005,0.4096940089637395,0.351040723784041,0.3528907656392461,0.2960685105767129,-0.8535831071244682,0.0683214254801594,0.3914968086627235
1.0,-0.1746803988438037,0.0795501036132111,0.0799693456307295,0.2488944953885981,0.4084139446325389,0.351040723784041,0.3528907656392461,0.2960685105767129,-0.8535831071244682,0.0683214254801594,0.3914968086627235
1.0,-0.170606558806825,0.0781232722587319,0.0785349946423524,0.2504937150421754,0.4071519819432599,0.351040723784041,0.3528907656392461,0.2960685105767129,-0.8535831071244682,0.0683214254801594,0.3914968086627235
1.0,-0.1665327187698464,0.0767137258486041,0.0771180196928019,0.2520759136863277,0.4059076592277338,0.351040723784041,0.3528907656392461,0.2960685105767129,-0.8535831071244682,0.0683214254801594,0.3914968086627235
1.0,-0.1624588787328678,0.075321455001101,0.0757184113509082,0.2536406401038881,0.4046805064558974,0.351040723784041,0.3528907656392461,0.2960685105767129,-0.8535831071244682,0.0683214254801594,0.3914968086627235
1.0,-0.1583850386958896,0.0739464449437051,0.0743361547663001,0.2551874459454282,0.4034700456554335,0.351040723784041,0.3528907656392461,0.2960685105767129,-0.8535831071244682,0.0683214254801594,0.3914968086627235
1.0,-0.1543111986589109,0.0725886756172802,0.0729712297741264,0.256715885941837,0.4022757913332436,0.351040723784041,0.3528907656392461,0.2960685105767129,-0.8535831071244682,0.0683214254801594,0.3914968086627235
1.0,-0.1502373586219323,0.0712481217811852,0.0716236110007238,0.2582255181165319,0.4010972508984409,0.351040723784041,0.3528907656392461,0.2960685105767129,-0.8535831071244682,0.0683214254801594,0.3914968086627235
1.0,-0.1461635185849537,0.0699247531192411,0.0702932679701422,0.2597159039971665,0.3999339250865498,0.351040723784041,0.3528907656392461,0.2960685105767129,-0.8535831071244682,0.0683214254801594,0.3914968086627235
1.0,-0.1420896785479755,0.0686185343464702,0.0689801652114461,0.261186608826692,0.3987853083846084,0.351040723784041,0.3528907656392461,0.2960685105767129,-0.8535831071244682,0.0683214254801594,0.3914968086627235
1.0,-0.1380158385109968,0.0673294253165221,0.0676842623667074,0.2626372017736302,0.3976508894568598,0.351040723784041,0.3528907656392461,0.2960685105767129,-0.8535831071244682,0.0683214254801594,0.3914968086627235
1.0,-0.1339419984740182,0.0660573811297073,0.066405514299608,0.2640672561414182,0.3965301515707335,0.351040723784041,0.3528907656392461,0.2960685105767129,-0.8535831071244682,0.0683214254801594,0.3914968086627235
1.0,-0.12986815843704,0.0648023522415553,0.0651438712045699,0.2654763495766818,0.395422573022807,0.351040723784041,0.3528907656392461,0.2960685105767129,-0.8535831071244682,0.0683214254801594,0.3914968086627235
1.0,-0.1257943184000614,0.0635642845718176,0.0638992787163328,0.2668640642762979,0.3943276275644484,0.351040723784041,0.3528907656392461,0.2960685105767129,-0.8535831071244682,0.0683214254801594,0.3914968086627235
1.0,-0.1217204783630827,0.0623431196138398,0.0626716780199027,0.2682299871931009,0.3932447848268435,0.351040723784041,0.3528907656392461,0.2960685105767129,-0.8535831071244682,0.0683214254801594,0.3914968086627235
1.0,-0.1176466383261041,0.0611387945442208,0.0614610059607891,0.2695737102400961,0.392173510745106,0.351040723784041,0.3528907656392461,0.2960685105767129,-0.8535831071244682,0.0683214254801594,0.3914968086627235
1.0,-0.1135727982891259,0.0599512423326879,0.0602671951554585,0.2708948304930363,0.3911132679811828,0.351040723784041,0.3528907656392461,0.2960685105767129,-0.8535831071244682,0.0683214254801594,0.3914968086627235
1.0,-0.1094989582521472,0.0587803918521085,0.059090174101927,0.2721929503912234,0.390063516345259,0.351040723784041,0.3528907656392461,0.2960685105767129,-0.8535831071244682,0.0683214254801594,0.3914968086627235
1.0,-0.1054251182151686,0.0576261679885695,0.0579298672904189,0.2734676779363913,0.3890237132153799,0.351040723784041,0.3528907656392461,0.2960685105767129,-0.8535831071244682,0.0683214254801594,0.3914968086627235
1.0,-0.10135127817819,0.0564884917514482,0.056786195314018,0.2747186268895384,0.3879933139550047,0.351040723784041,0.3528907656392461,0.2960685105767129,-0.8535831071244682,0.0683214254801594,0.3914968086627235
1.0,-0.0972774381412118,0.0553672803834063,0.0556590749792413,0.2759454169655636,0.3869717723282113,0.351040723784041,0.3528907656392461,0.2960685105767129,-0.8535831071244682,0.0683214254801594,0.3914968086627235
1.0,-0.0932035981042331,0.0542624474702374,0.0545484194164654,0.277147674025575,0.3859585409122779,0.351040723784041,0.3528907656392461,0.2960685105767129,-0.8535831071244682,0.0683214254801594,0.3914968086627235
1.0,-0.0891297580672545,0.0531739030505001,0.0534541381901375,0.2783250302667318,0.3849530715073695,0.351040723784041,0.3528907656392461,0.2960685105767129,-0.8535831071244682,0.0683214254801594,0.3914968086627235
1.0,-0.0850559180302759,0.0521015537248706,0.0523761374087042,0.2794771244094863,0.3839548155430612,0.351040723784041,0.3528907656392461,0.2960685105767129,-0.8535831071244682,0.0683214254801594,0.3914968086627235
1.0,-0.0809820779932977,0.0510453027651494,0.0513143198341925,0.2806036018820926,0.3829632244814346,0.351040723784041,0.3528907656392461,0.2960685105767129,-0.8535831071244682,0.0683214254801594,0.3914968086627235
1.0,-0.076908237956319,0.0500050502228596,0.0502685849913808,0.2817041150022507,0.3819777502164911,0.351040723784041,0.3528907656392461,0.2960685105767129,-0.8535831071244682,0.0683214254801594,0.3914968086627235
1.0,-0.0728343979193404,0.0489806930373759,0.0492388292764974,0.2827783231557541,0.3809978454696275,0.351040723784041,0.3528907656392461,0.2960685105767129,-0.8535831071244682,0.0683214254801594,0.3914968086627235
1.0,-0.0687605578823618,0.0479721251435224,0.0482249460653858,0.2838258929720146,0.3800229641809229,0.351040723784041,0.3528907656392461,0.2960685105767129,-0.8535831071244682,0.0683214254801594,0.3914968086627235
1.0,-0.0646867178453836,0.0469792375785824,0.0472268258210777,0.2848464984963375,0.3790525618959977,0.351040723784041,0.3528907656392461,0.2960685105767129,-0.8535831071244682,0.0683214254801594,0.3914968086627235
1.0,-0.0606128778084049,0.0460019185886623,0.0462443562007188,0.2858398213588212,0.3780860961482024,0.351040723784041,0.3528907656392461,0.2960685105767129,-0.8535831071244682,0.0683214254801594,0.3914968086627235
1.0,-0.0565390377714263,0.045040053734357,0.0452774221617891,0.2868055509397603,0.3771230268359065,0.351040723784041,0.3528907656392461,0.2960685105767129,-0.8535831071244682,0.0683214254801594,0.3914968086627235
1.0,-0.0524651977344476,0.0440935259956588,0.0443259060675667,0.287743384531431,0.3761628165946566,0.351040723784041,0.3528907656392461,0.2960685105767129,-0.8535831071244682,0.0683214254801594,0.3914968086627235
1.0,-0.0483913576974694,0.0431622158760631,0.0433896877917809,0.2886530274961427,0.3752049311639868,0.351040723784041,0.3528907656392461,0.2960685105767129,-0.8535831071244682,0.0683214254801594,0.3914968086627235
1.0,-0.0443175176604908,0.0422460015058169,0.0424686448224051,0.2895341934204373,0.3742488397486593,0.351040723784041,0.3528907656392461,0.2960685105767129,-0.8535831071244682,0.0683214254801594,0.3914968086627235
1.0,-0.0402436776235122,0.0413447587442645,0.0415626523645423,0.2903866042653256,0.3732940153741325,0.351040723784041,0.3528907656392461,0.2960685105767129,-0.8535831071244682,0.0683214254801594,0.3914968086627235
1.0,-0.0361698375865335,0.0404583612812417,0.040671583442353,0.2912099905124505,0.3723399352360453,0.351040723784041,0.3528907656392461,0.2960685105767129,-0.8535831071244682,0.0683214254801594,0.3914968086627235
1.0,-0.0320959975495553,0.0395866807374746,0.0397953089999836,0.2920040913060684,0.3713860810435266,0.351040723784041,0.3528907656392461,0.2960685105767129,-0.8535831071244682,0.0683214254801594,0.3914968086627235
1.0,-0.0280221575125767,0.038729586763939,0.0389336980014494,0.2927686545907444,0.3704319393561329,0.351040723784041,0.3528907656392461,0.2960685105767129,-0.8535831071244682,0.0683214254801594,0.3914968086627235
1.0,-0.0239483174755981,0.0378869471401407,0.0380866175294324,0.2935034372446598,0.369477001914233,0.351040723784041,0.3528907656392461,0.2960685105767129,-0.8535831071244682,0.0683214254801594,0.3914968086627235
1.0,-0.0198744774386194,0.0370586278712733,0.0372539328829519,0.2942082052084335,0.3685207659626588,0.351040723784041,0.3528907656392461,0.2960685105767129,-0.8535831071244682,0.0683214254801594,0.3914968086627235
1.0,-0.0158006374016412,0.0362444932842191,0.0364355076738708,0.2948827336093617,0.3675627345674517,0.351040723784041,0.3528907656392461,0.2960685105767129,-0.8535831071244682,0.0683214254801594,0.3914968086627235
1.0,-0.0117267973646626,0.035444406122354,0.0356312039222001,0.2955268068809824,0.3666024169255365,0.351040723784041,0.3528907656392461,0.2960685105767129,-0.8535831071244682,0.0683214254801594,0.3914968086627235
1.0,-0.007652957327684,0.0346582276391231,0.034840882150168,0.2961402188778773,0.3656393286671684,0.351040723784041,0.3528907656392461,0.2960685105767129,-0.8535831071244682,0.0683214254801594,0.3914968086627235
1.0,-0.0035791172907058,0.0338858176903534,0.0340644014750187,0.296722772985625,0.3646729921509972,0.351040723784041,0.3528907656392461,0.2960685105767129,-0.8535831071244682,0.0683214254801594,0.3914968086627235
1.0,0.0004947227462728,0.033127034825271,0.0333016197005099,0.2972742822258231,0.363702936751604,0.351040723784041,0.3528907656392461,0.2960685105767129,-0.8535831071244682,0.0683214254801594,0.3914968086627235
1.0,0.0045685627832514,0.032381736376196,0.0325523934070795,0.2977945693561004,0.362728699139376,0.351040723784041,0.3528907656392461,0.2960685105767129,-0.8535831071244682,0.0683214254801594,0.3914968086627235
1.0,0.0086424028202301,0.0316497785468837,0.0318165780406533,0.2982834669650454,0.3617498235525824,0.351040723784041,0.3528907656392461,0.2960685105767129,-0.8535831071244682,0.0683214254801594,0.3914968086627235
1.0,0.0127162428572082,0.0309310164994877,0.0310940280000659,0.2987408175619793,0.3607658620615329,0.351040723784041,0.3528907656392461,0.2960685105767129,-0.8535831071244682,0.0683214254801594,0.3914968086627235
1.0,0.0167900828941869,0.0302253044401193,0.0303845967230709,0.2991664736615054,0.3597763748246957,0.351040723784041,0.3528907656392461,0.2960685105767129,-0.8535831071244682,0.0683214254801594,0.3914968086627235
1.0,0.0208639229311655,0.0295324957029806,0.0296881367709178,0.2995602978627728,0.3587809303366713,0.351040723784041,0.3528907656392461,0.2960685105767129,-0.8535831071244682,0.0683214254801594,0.3914968086627235
1.0,0.0249377629681442,0.0288524428330483,0.0290044999114712,0.2999221629233938,0.3577791056679135,0.351040723784041,0.3528907656392461,0.2960685105767129,-0.8535831071244682,0.0683214254801594,0.3914968086627235
1.0,0.0290116030051224,0.02818499766729,0.0283335372008554,0.3002519518279591,0.3567704866961046,0.351040723784041,0.3528907656392461,0.2960685105767129,-0.8535831071244682,0.0683214254801594,0.3914968086627235
1.0,0.033085443042101,0.0275300114143926,0.0276750990636029,0.3005495578511005,0.3557546683290961,0.351040723784041,0.3528907656392461,0.2960685105767129,-0.8535831071244682,0.0683214254801594,0.3914968086627235
1.0,0.0371592830790796,0.0268873347329881,0.0270290353712923,0.3008148846150519,0.3547312547193324,0.351040723784041,0.3528907656392461,0.2960685105767129,-0.8535831071244682,0.0683214254801594,0.3914968086627235
1.0,0.0412331231160583,0.0262568178083588,0.0263951955196577,0.3010478461416658,0.3536998594696825,0.351040723784041,0.3528907656392461,0.2960685105767129,-0.8535831071244682,0.0683214254801594,0.3914968086627235
1.0,0.0453069631530365,0.0256383104276098,0.025773428504158,0.301248366898847,0.3526601058306149,0.351040723784041,0.3528907656392461,0.2960685105767129,-0.8535831071244682,0.0683214254801594,0.3914968086627235
1.0,0.0493808031900151,0.0250316620532955,0.0251635829939908,0.3014163818413659,0.3516116268886523,0.351040723784041,0.3528907656392461,0.2960685105767129,-0.8535831071244682,0.0683214254801594,0.3914968086627235
1.0,0.0534546432269937,0.0244367218954902,0.0245655074045427,0.301551836446024,0.3505540657460569,0.351040723784041,0.3528907656392461,0.2960685105767129,-0.8535831071244682,0.0683214254801594,0.3914968086627235
1.0,0.0575284832639724,0.023853338982291,0.0239790499682642,0.3016546867411415,0.3494870756916967,0.351040723784041,0.3528907656392461,0.2960685105767129,-0.8535831071244682,0.0683214254801594,0.3914968086627235
1.0,0.0616023233009506,0.023281362228747,0.0234040588039622,0.3017248993303466,0.3484103203630559,0.351040723784041,0.3528907656392461,0.2960685105767129,-0.8535831071244682,0.0683214254801594,0.3914968086627235
1.0,0.0656761633379292,0.0227206405042071,0.0228403819845024,0.3017624514106488,0.3473234738993584,0.351040723784041,0.3528907656392461,0.2960685105767129,-0.8535831071244682,0.0683214254801594,0.3914968086627235
1.0,0.0697500033749078,0.0221710226980805,0.0222878676029166,0.3017673307847812,0.3462262210857785,0.351040723784041,0.3528907656392461,0.2960685105767129,-0.8535831071244682,0.0683214254801594,0.3914968086627235
1.0,0.0738238434118865,0.021632357784007,0.021746363836911,0.3017395358678033,0.3451182574887214,0.351040723784041,0.3528907656392461,0.2960685105767129,-0.8535831071244682,0.0683214254801594,0.3914968086627235
1.0,0.0778976834488647,0.0211044948824324,0.0212157190117716,0.3016790756879585,0.3439992895821626,0.351040723784041,0.3528907656392461,0.2960685105767129,-0.8535831071244682,0.0683214254801594,0.3914968086627235
1.0,0.0819715234858433,0.0205872833215891,0.0206957816616658,0.3015859698817876,0.3428690348650426,0.351040723784041,0.3528907656392461,0.2960685105767129,-0.8535831071244682,0.0683214254801594,0.3914968086627235
1.0,0.086045363522822,0.0200805726968808,0.0201864005893409,0.301460248683499,0.3417272219697208,0.351040723784041,0.3528907656392461,0.2960685105767129,-0.8535831071244682,0.0683214254801594,0.3914968086627235
1.0,0.0901192035598006,0.0195842129286721,0.0196874249242171,0.3013019529086067,0.340573590761496,0.351040723784041,0.3528907656392461,0.2960685105767129,-0.8535831071244682,0.0683214254801594,0.3914968086627235
1.0,0.0941930435967788,0.0190980543184851,0.0191987041788812,0.301111133931846,0.3394078924292124,0.351040723784041,0.3528907656392461,0.2960685105767129,-0.8535831071244682,0.0683214254801594,0.3914968086627235
1.0,0.0982668836337574,0.0186219476036061,0.0187200883039805,0.3008878536593851,0.3382298895669718,0.351040723784041,0.3528907656392461,0.2960685105767129,-0.8535831071244682,0.0683214254801594,0.3914968086627235
1.0,0.1023407236707361,0.0181557440101066,0.018251427741524,0.3006321844953537,0.3370393562469844,0.351040723784041,0.3528907656392461,0.2960685105767129,-0.8535831071244682,0.0683214254801594,0.3914968086627235
1.0,0.1064145637077147,0.0176992953042849,0.0177925734765938,0.3003442093027127,0.3358360780835915,0.351040723784041,0.3528907656392461,0.2960685105767129,-0.8535831071244682,0.0683214254801594,0.3914968086627235
1.0,0.1104884037446929,0.0172524538425324,0.0173433770874756,0.3000240213584959,0.334619852288504,0.351040723784041,0.3528907656392461,0.2960685105767129,-0.8535831071244682,0.0683214254801594,0.3914968086627235
1.0,0.1145622437816715,0.0168150726196346,0.0169036907942136,0.2996717243034571,0.3333904877173054,0.351040723784041,0.3528907656392461,0.2960685105767129,-0.8535831071244682,0.0683214254801594,0.3914968086627235
1.0,0.1186360838186502,0.0163870053155139,0.0164733675055994,0.2992874320861602,0.3321478049072736,0.351040723784041,0.3528907656392461,0.2960685105767129,-0.8535831071244682,0.0683214254801594,0.3914968086627235
1.0,0.1227099238556288,0.0159681063404234,0.0160522608646043,0.2988712689015549,0.3308916361065828,0.351040723784041,0.3528907656392461,0.2960685105767129,-0.8535831071244682,0.0683214254801594,0.3914968086627235
1.0,0.126783763892607,0.0155582308786024,0.015640225292265,0.2984233691240853,0.3296218252949529,0.351040723784041,0.3528907656392461,0.2960685105767129,-0.8535831071244682,0.0683214254801594,0.3914968086627235
1.0,0.1308576039295856,0.0151572349304048,0.0152371160300338,0.2979438772353792,0.3283382281958179,0.351040723784041,0.3528907656392461,0.2960685105767129,-0.8535831071244682,0.0683214254801594,0.3914968086627235
1.0,0.1349314439665643,0.0147649753529121,0.0148427891806056,0.2974329477465762,0.327040712280094,0.351040723784041,0.3528907656392461,0.2960685105767129,-0.8535831071244682,0.0683214254801594,0.3914968086627235
1.0,0.1390052840035425,0.0143813098990442,0.0144571017472352,0.2968907451153497,0.3257291567616291,0.351040723784041,0.3528907656392461,0.2960685105767129,-0.8535831071244682,0.0683214254801594,0.3914968086627235
1.0,0.1430791240405211,0.0140060972551814,0.0140799116715569,0.2963174436576872,0.3244034525844255,0.351040723784041,0.3528907656392461,0.2960685105767129,-0.8535831071244682,0.0683214254801594,0.3914968086627235
1.0,0.1471529640774997,0.013639197077312,0.0137110778699233,0.2957132274544943,0.3230635024017296,0.351040723784041,0.3528907656392461,0.2960685105767129,-0.8535831071244682,0.0683214254801594,0.3914968086627235
1.0,0.1512268041144784,0.0132804700257212,0.0133504602682763,0.2950782902530934,0.321709220547091,0.351040723784041,0.3528907656392461,0.2960685105767129,-0.8535831071244682,0.0683214254801594,0.3914968086627235
1.0,0.1553006441514566,0.0129297777982354,0.0129979198355676,0.2944128353636894,0.3203405329974925,0.351040723784041,0.3528907656392461,0.2960685105767129,-0.8535831071244682,0.0683214254801594,0.3914968086627235
1.0,0.1593744841884352,0.0125869831620412,0.0126533186157445,0.2937170755508805,0.3189573773286662,0.351040723784041,0.3528907656392461,0.2960685105767129,-0.8535831071244682,0.0683214254801594,0.3914968086627235
1.0,0.1634483242254139,0.0122519499840937,0.0123165197583185,0.2929912329202966,0.3175597026627089,0.351040723784041,0.3528907656392461,0.2960685105767129,-0.8535831071244682,0.0683214254801594,0.3914968086627235
1.0,0.1675221642623925,0.0119245432601329,0.0119873875475353,0.2922355388004471,0.3161474696081154,0.351040723784041,0.3528907656392461,0.2960685105767129,-0.8535831071244682,0.0683214254801594,0.3914968086627235
1.0,0.1715960042993707,0.0116046291423267,0.011665787430163,0.2914502336198683,0.3147206501923582,0.351040723784041,0.3528907656392461,0.2960685105767129,-0.8535831071244682,0.0683214254801594,0.3914968086627235
1.0,0.1756698443363493,0.0112920749655589,0.0113515860419183,0.2906355667796604,0.3132792277871377,0.351040723784041,0.3528907656392461,0.2960685105767129,-0.8535831071244682,0.0683214254801594,0.3914968086627235
1.0,0.179743684373328,0.0109867492723813,0.0110446512325512,0.28979179652151,0.3118231970264425,0.351040723784041,0.3528907656392461,0.2960685105767129,-0.8535831071244682,0.0683214254801594,0.3914968086627235
1.0,0.1838175244103066,0.0106885218366512,0.0107448520896057,0.2889191897912942,0.3103525637175511,0.351040723784041,0.3528907656392461,0.2960685105767129,-0.8535831071244682,0.0683214254801594,0.3914968086627235
1.0,0.1878913644472848,0.0103972636858722,0.0104520589608794,0.2880180220983689,0.3088673447451205,0.351040723784041,0.3528907656392461,0.2960685105767129,-0.8535831071244682,0.0683214254801594,0.3914968086627235
1.0,0.1919652044842634,0.0101128471222613,0.0101661434756011,0.287088577370643,0.3073675679685055,0.351040723784041,0.3528907656392461,0.2960685105767129,-0.8535831071244682,0.0683214254801594,0.3914968086627235
1.0,0.1960390445212421,0.0098351457425621,0.0098869785643488,0.2861311478055479,0.3058532721124589,0.351040723784041,0.3528907656392461,0.2960685105767129,-0.8535831071244682,0.0683214254801594,0.3914968086627235
1.0,0.2001128845582207,0.0095640344566259,0.0096144384777282,0.285146033717009,0.304324506651363,0.351040723784041,0.3528907656392461,0.2960685105767129,-0.8535831071244682,0.0683214254801594,0.3914968086627235
1.0,0.2041867245951989,0.0092993895047823,0.0093483988038353,0.2841335433785331,0.3027813316871508,0.351040723784041,0.3528907656392461,0.2960685105767129,-0.8535831071244682,0.0683214254801594,0.3914968086627235
1.0,0.2082605646321775,0.0090410884740222,0.0090887364845244,0.2830939928625262,0.3012238178210729,0.351040723784041,0.3528907656392461,0.2960685105767129,-0.8535831071244682,0.0683214254801594,0.3914968086627235
1.0,0.2123344046691562,0.0087890103130142,0.0088353298305039,0.2820277058759579,0.2996520460194762,0.351040723784041,0.3528907656392461,0.2960685105767129,-0.8535831071244682,0.0683214254801594,0.3914968086627235
1.0,0.2164082447061348,0.0085430353459785,0.0085880585352832,0.2809350135924936,0.2980661074737554,0.351040723784041,0.3528907656392461,0.2960685105767129,-0.8535831071244682,0.0683214254801594,0.3914968086627235
1.0,0.220482084743113,0.00830304528544,0.0083468036879927,0.2798162544812143,0.2964661034546471,0.351040723784041,0.3528907656392461,0.2960685105767129,-0.8535831071244682,0.0683214254801594,0.3914968086627235
1.0,0.2245559247800916,0.0080689232438844,0.008111447785102,0.2786717741320491,0.2948521451610356,0.351040723784041,0.3528907656392461,0.2960685105767129,-0.8535831071244682,0.0683214254801594,0.3914968086627235
1.0,0.2286297648170703,0.0078405537443402,0.0078818747410572,0.2775019250780475,0.293224353563445,0.351040723784041,0.3528907656392461,0.2960685105767129,-0.8535831071244682,0.0683214254801594,0.3914968086627235
1.0,0.2327036048540489,0.0076178227299103,0.0076579698978626,0.2763070666146158,0.2915828592423888,0.351040723784041,0.3528907656392461,0.2960685105767129,-0.8535831071244682,0.0683214254801594,0.3914968086627235
1.0,0.2367774448910271,0.0074006175722762,0.0074396200336302,0.275087564615851,0.2899278022217574,0.351040723784041,0.3528907656392461,0.2960685105767129,-0.8535831071244682,0.0683214254801594,0.3914968086627235
1.0,0.2408512849280057,0.0071888270791986,0.0072267133701195,0.2738437913481006,0.2882593317974189,0.351040723784041,0.3528907656392461,0.2960685105767129,-0.8535831071244682,0.0683214254801594,0.3914968086627235
1.0,0.2449251249649844,0.0069823415010392,0.0070191395792935,0.2725761252808835,0.2865776063612164,0.351040723784041,0.3528907656392461,0.2960685105767129,-0.8535831071244682,0.0683214254801594,0.3914968086627235
1.0,0.248998965001963,0.006781052536325,0.006816789788913,0.2712849508953039,0.284882793220542,0.351040723784041,0.3528907656392461,0.2960685105767129,-0.8535831071244682,0.0683214254801594,0.3914968086627235
1.0,0.2530728050389412,0.0065848533363815,0.0066195565871934,0.2699706584900958,0.2831750684136708,0.351040723784041,0.3528907656392461,0.2960685105767129,-0.8535831071244682,0.0683214254801594,0.3914968086627235
1.0,0.2571466450759199,0.006393638509057,0.0064273340265494,0.2686336439854321,0.2814546165210386,0.351040723784041,0.3528907656392461,0.2960685105767129,-0.8535831071244682,0.0683214254801594,0.3914968086627235
1.0,0.2612204851128985,0.0062073041215629,0.0062400176264494,0.2672743087246401,0.2797216304726524,0.351040723784041,0.3528907656392461,0.2960685105767129,-0.8535831071244682,0.0683214254801594,0.3914968086627235
1.0,0.2652943251498767,0.0060257477024519,0.0060575043754051,0.2658930592739577,0.2779763113518148,0.351040723784041,0.3528907656392461,0.2960685105767129,-0.8535831071244682,0.0683214254801594,0.3914968086627235
1.0,0.2693681651868553,0.0058488682427606,0.0058796927321191,0.2644903072204721,0.276218868195352,0.351040723784041,0.3528907656392461,0.2960685105767129,-0.8535831071244682,0.0683214254801594,0.3914968086627235
1.0,0.273442005223834,0.0056765661963376,0.0057064826258158,0.2630664689683816,0.2744495177905351,0.351040723784041,0.3528907656392461,0.2960685105767129,-0.8535831071244682,0.0683214254801594,0.3914968086627235
1.0,0.2775158452608126,0.0055087434793821,0.0055377754557767,0.2616219655337192,0.2726684844688781,0.351040723784041,0.3528907656392461,0.2960685105767129,-0.8535831071244682,0.0683214254801594,0.3914968086627235
1.0,0.2815896852977908,0.0053453034692163,0.0053734740901068,0.2601572223376811,0.2708759998970043,0.351040723784041,0.3528907656392461,0.2960685105767129,-0.8535831071244682,0.0683214254801594,0.3914968086627235
1.0,0.2856635253347694,0.0051861510023145,0.0052134828637529,0.2586726689986992,0.2690723028647667,0.351040723784041,0.3528907656392461,0.2960685105767129,-0.8535831071244682,0.0683214254801594,0.3914968086627235
1.0,0.2897373653717481,0.0050311923716124,0.0050577075757994,0.2571687391234029,0.2672576390708148,0.351040723784041,0.3528907656392461,0.2960685105767129,-0.8535831071244682,0.0683214254801594,0.3914968086627235
1.0,0.2938112054087267,0.00488033532312,0.0049060554860626,0.2556458700966074,0.26543226090579,0.351040723784041,0.3528907656392461,0.2960685105767129,-0.8535831071244682,0.0683214254801594,0.3914968086627235
1.0,0.2978850454457049,0.0047334890518603,0.0047584353110085,0.2541045028704733,0.2635964272333422,0.351040723784041,0.3528907656392461,0.2960685105767129,-0.8535831071244682,0.0683214254801594,0.3914968086627235
1.0,0.3019588854826835,0.0045905641971572,0.0046147572190158,0.2525450817529772,0.2617504031691502,0.351040723784041,0.3528907656392461,0.2960685105767129,-0.8535831071244682,0.0683214254801594,0.3914968086627235
1.0,0.3060327255196622,0.0044514728372949,0.0044749328250067,0.250968054195836,0.2598944598581377,0.351040723784041,0.3528907656392461,0.2960685105767129,-0.8535831071244682,0.0683214254801594,0.3914968086627235
1.0,0.3101065655566408,0.0043161284835708,0.0043388751844691,0.2493738705820234,0.2580288742500634,0.351040723784041,0.3528907656392461,0.2960685105767129,-0.8535831071244682,0.0683214254801594,0.3914968086627235
1.0,0.314180405593619,0.0041844460737644,0.0042064987868908,0.2477629840130211,0.2561539288736764,0.351040723784041,0.3528907656392461,0.2960685105767129,-0.8535831071244682,0.0683214254801594,0.3914968086627235
1.0,0.3182542456305977,0.0040563419650441,0.0040777195486289,0.2461358500959405,0.2542699116096137,0.351040723784041,0.3528907656392461,0.2960685105767129,-0.8535831071244682,0.0683214254801594,0.3914968086627235
1.0,0.3223280856675763,0.0039317339263338,0.0039524548052359,0.2444929267306593,0.2523771154622291,0.351040723784041,0.3528907656392461,0.2960685105767129,-0.8535831071244682,0.0683214254801594,0.3914968086627235
1.0,0.3264019257045549,0.0038105411301589,0.0038306233032634,0.2428346738971051,0.2504758383305275,0.351040723784041,0.3528907656392461,0.2960685105767129,-0.8535831071244682,0.0683214254801594,0.3914968086627235
1.0,0.3304757657415331,0.0036926841439959,0.0037121451915655,0.2411615534428253,0.2485663827783869,0.351040723784041,0.3528907656392461,0.2960685105767129,-0.8535831071244682,0.0683214254801594,0.3914968086627235
1.0,0.3345496057785118,0.0035780849211436,0.0035969420121222,0.239474028870979,0.2466490558042449,0.351040723784041,0.3528907656392461,0.2960685105767129,-0.8535831071244682,0.0683214254801594,0.3914968086627235
1.0,0.3386234458154904,0.0034666667911379,0.0034849366904035,0.2377725651288853,0.2447241686104269,0.351040723784041,0.3528907656392461,0.2960685105767129,-0.8535831071244682,0.0683214254801594,0.3914968086627235
1.0,0.342697285852469,0.0033583544497304,0.0033760535252953,0.2360576283972602,0.242792036372286,0.351040723784041,0.3528907656392461,0.2960685105767129,-0.8535831071244682,0.0683214254801594,0.3914968086627235
1.0,0.3467711258894472,0.0032530739484496,0.0032702181786057,0.2343296858802745,0.2408529780073299,0.351040723784041,0.3528907656392461,0.2960685105767129,-0.8535831071244682,0.0683214254801594,0.3914968086627235
1.0,0.3508449659264259,0.0031507526837666,0.0031673576641732,0.2325892055965619,0.2389073159445018,0.351040723784041,0.3528907656392461,0.2960685105767129,-0.8535831071244682,0.0683214254801594,0.3914968086627235
1.0,0.3549188059634045,0.0030513193858818,0.003067400336595,0.2308366561713073,0.2369553758937843,0.351040723784041,0.3528907656392461,0.2960685105767129,-0.8535831071244682,0.0683214254801594,0.3914968086627235
1.0,0.3589926460003831,0.0029547041071545,0.0029702758795946,0.2290725066295405,0.2349974866162897,0.351040723784041,0.3528907656392461,0.2960685105767129,-0.8535831071244682,0.0683214254801594,0.3914968086627235
1.0,0.3630664860373613,0.0028608382101909,0.0028759152940482,0.2272972261907603,0.2330339796949996,0.351040723784041,0.3528907656392461,0.2960685105767129,-0.8535831071244682,0.0683214254801594,0.3914968086627235
1.0,0.36714032607434,0.0027696543556125,0.0027842508856877,0.2255112840650122,0.2310651893063126,0.351040723784041,0.3528907656392461,0.2960685105767129,-0.8535831071244682,0.0683214254801594,0.3914968086627235
1.0,0.3712141661113186,0.0026810864895193,0.0026952162524983,0.2237151492505417,0.2290914519925594,0.351040723784041,0.3528907656392461,0.2960685105767129,-0.8535831071244682,0.0683214254801594,0.3914968086627235
1.0,0.3752880061482972,0.0025950698306683,0.0026087462718292,0.2219092903331391,0.2271131064356367,0.351040723784041,0.3528907656392461,0.2960685105767129,-0.8535831071244682,0.0683214254801594,0.3914968086627235
1.0,0.3793618461852754,0.0025115408573828,0.0025247770872342,0.2200941752872951,0.2251304932319122,0.351040723784041,0.3528907656392461,0.2960685105767129,-0.8535831071244682,0.0683214254801594,0.3914968086627235
1.0,0.3834356862222541,0.00243043729421,0.0024432460950587,0.2182702712792796,0.2231439546685485,0.351040723784041,0.3528907656392461,0.2960685105767129,-0.8535831071244682,0.0683214254801594,0.3914968086627235
1.0,0.3875095262592327,0.0023516980983445,0.0023640919307917,0.2164380444722576,0.2211538345013939,0.351040723784041,0.3528907656392461,0.2960685105767129,-0.8535831071244682,0.0683214254801594,0.3914968086627235
1.0,0.3915833662962109,0.0022752634458317,0.0022872544551967,0.2145979598335488,0.2191604777345774,0.351040723784041,0.3528907656392461,0.2960685105767129,-0.8535831071244682,0.0683214254801594,0.3914968086627235
1.0,0.3956572063331895,0.0022010747175694,0.0022126747402392,0.2127504809441401,0.2171642304019488,0.351040723784041,0.3528907656392461,0.2960685105767129,-0.8535831071244682,0.0683214254801594,0.3914968086627235
1.0,0.3997310463701682,0.0021290744851214,0.0021402950548258,0.2108960698105551,0.2151654393505024,0.351040723784041,0.3528907656392461,0.2960685105767129,-0.8535831071244682,0.0683214254801594,0.3914968086627235
1.0,0.4038048864071468,0.0020592064963592,0.0020700588503702,0.2090351866791806,0.2131644520259101,0.351040723784041,0.3528907656392461,0.2960685105767129,-0.8535831071244682,0.0683214254801594,0.3914968086627235
1.0,0.407878726444125,0.0019914156609463,0.0020019107462006,0.2071682898531513,0.2111616162602983,0.351040723784041,0.3528907656392461,0.2960685105767129,-0.8535831071244682,0.0683214254801594,0.3914968086627235
1.0,0.4119525664811037,0.001925648035679,0.0019357965148241,0.2052958355118863,0.2091572800623894,0.351040723784041,0.3528907656392461,0.2960685105767129,-0.8535831071244682,0.0683214254801594,0.3914968086627235
1.0,0.4160264065180823,0.0018618508096989,0.0018716630670602,0.2034182775333743,0.2071517914101335,0.351040723784041,0.3528907656392461,0.2960685105767129,-0.8535831071244682,0.0683214254801594,0.3914968086627235
1.0,0.4201002465550609,0.0017999722895898,0.0018094584370603,0.2015360673192932,0.2051454980459434,0.351040723784041,0.3528907656392461,0.2960685105767129,-0.8535831071244682,0.0683214254801594,0.3914968086627235
1.0,0.4241740865920391,0.0017399618843728,0.0017491317672225,0.1996496536230566,0.203138747274652,0.351040723784041,0.3528907656392461,0.2960685105767129,-0.8535831071244682,0.0683214254801594,0.3914968086627235
1.0,0.4282479266290178,0.0016817700904123,0.001690633293019,0.197759482380866,0.2011318857642973,0.351040723784041,0.3528907656392461,0.2960685105767129,-0.8535831071244682,0.0683214254801594,0.3914968086627235
1.0,0.4323217666659964,0.0016253484762455,0.0016339143277453,0.1958659965458568,0.1991252593498478,0.351040723784041,0.3528907656392461,0.2960685105767129,-0.8535831071244682,0.0683214254801594,0.3914968086627235
1.0,0.436395606702975,0.0015706496673483,0.0015789272472061,0.1939696359254107,0.1971192128399652,0.351040723784041,0.3528907656392461,0.2960685105767129,-0.8535831071244682,0.0683214254801594,0.3914968086627235
1.0,0.4404694467399532,0.0015176273308486,0.0015256254743471,0.1920708370217115,0.1951140898269073,0.351040723784041,0.3528907656392461,0.2960685105767129,-0.8535831071244682,0.0683214254801594,0.3914968086627235
1.0,0.4445432867769319,0.0014662361601985,0.0014739634638479,0.1901700328756176,0.1931102324996641,0.351040723784041,0.3528907656392461,0.2960685105767129,-0.8535831071244682,0.0683214254801594,0.3914968086627235
1.0,0.4486171268139105,0.0014164318598178,0.0014238966866831,0.1882676529139196,0.1911079814604205,0.351040723784041,0.3528907656392461,0.2960685105767129,-0.8535831071244682,0.0683214254801594,0.3914968086627235
1.0,0.4526909668508891,0.0013681711297177,0.001375381614666,0.1863641228000463,0.1891076755444301,0.351040723784041,0.3528907656392461,0.2960685105767129,-0.8535831071244682,0.0683214254801594,0.3914968086627235
1.0,0.4567648068878673,0.0013214116501172,0.0013283757049833,0.1844598642882852,0.1871096516433858,0.351040723784041,0.3528907656392461,0.2960685105767129,-0.8535831071244682,0.0683214254801594,0.3914968086627235
1.0,0.460838646924846,0.0012761120660602,0.0012828373847318,0.1825552950815724,0.1851142445323645,0.351040723784041,0.3528907656392461,0.2960685105767129,-0.8535831071244682,0.0683214254801594,0.3914968086627235
1.0,0.4649124869618246,0.0012322319720453,0.0012387260354663,0.1806508286929125,0.1831217867004242,0.351040723784041,0.3528907656392461,0.2960685105767129,-0.8535831071244682,0.0683214254801594,0.3914968086627235
1.0,0.4689863269988032,0.0011897318966754,0.0011960019777691,0.1787468743104767,0.1811326081849214,0.351040723784041,0.3528907656392461,0.2960685105767129,-0.8535831071244682,0.0683214254801594,0.3914968086627235
1.0,0.4730601670357814,0.0011485732873385,0.0011546264558497,0.1768438366664305,0.1791470364096188,0.351040723784041,0.3528907656392461,0.2960685105767129,-0.8535831071244682,0.0683214254801594,0.3914968086627235
1.0,0.4771340070727601,0.0011087184949263,0.0011145616221827,0.1749421159095354,0.1771653960266444,0.351040723784041,0.3528907656392461,0.2960685105767129,-0.8535831071244682,0.0683214254801594,0.3914968086627235
1.0,0.4812078471097387,0.0010701307586003,0.0010757705221942,0.1730421074815707,0.1751880087623653,0.351040723784041,0.3528907656392461,0.2960685105767129,-0.8535831071244682,0.0683214254801594,0.3914968086627235
1.0,0.4852816871467174,0.001032774190614,0.0010382170790032,0.1711442019976093,0.1732151932672266,0.351040723784041,0.3528907656392461,0.2960685105767129,-0.8535831071244682,0.0683214254801594,0.3914968086627235
1.0,0.4893555271836955,0.0009966137611966,0.0010018660782264,0.1692487851301879,0.171247264969611,0.351040723784041,0.3528907656392461,0.2960685105767129,-0.8535831071244682,0.0683214254801594,0.3914968086627235
1.0,0.4934293672206742,0.0009616152835087,0.0009666831528542,0.1673562374974005,0.1692845359337634,0.351040723784041,0.3528907656392461,0.2960685105767129,-0.8535831071244682,0.0683214254801594,0.3914968086627235
1.0,0.4975032072576528,0.0009277453986748,0.0009326347682044,0.1654669345549488,0.167327314721828,0.351040723784041,0.3528907656392461,0.2960685105767129,-0.8535831071244682,0.0683214254801594,0.3914968086627235
1.0,0.5015770472946315,0.0008949715609006,0.000899688206961,0.163581246492171,0.1653759062600328,0.351040723784041,0.3528907656392461,0.2960685105767129,-0.8535831071244682,0.0683214254801594,0.3914968086627235
1.0,0.5056508873316097,0.0008632620226815,0.0008678115543049,0.1616995381320747,0.1634306117090611,0.351040723784041,0.3528907656392461,0.2960685105767129,-0.8535831071244682,0.0683214254801594,0.3914968086627235
1.0,0.5097247273685883,0.0008325858201075,0.0008369736831413,0.1598221688353907,0.1614917283386396,0.351040723784041,0.3528907656392461,0.2960685105767129,-0.8535831071244682,0.0683214254801594,0.3914968086627235
1.0,0.513798567405567,0.0008029127582727,0.0008071442394321,0.1579494924086679,0.1595595494063728,0.351040723784041,0.3528907656392461,0.2960685105767129,-0.8535831071244682,0.0683214254801594,0.3914968086627235
1.0,0.5178724074425451,0.0007742133967923,0.0007782936276369,0.1560818570164175,0.1576343640408468,0.351040723784041,0.3528907656392461,0.2960685105767129,-0.8535831071244682,0.0683214254801594,0.3914968086627235
1.0,0.5219462474795238,0.0007464590354345,0.0007503929962692,0.1542196050973185,0.1557164571290223,0.351040723784041,0.3528907656392461,0.2960685105767129,-0.8535831071244682,0.0683214254801594,0.3914968086627235
1.0,0.5260200875165024,0.0007196216998719,0.0007234142235721,0.152363073284492,0.1538061092079361,0.351040723784041,0.3528907656392461,0.2960685105767129,-0.8535831071244682,0.0683214254801594,0.3914968086627235
1.0,0.5300939275534811,0.0006936741275565,0.0006973299033195,0.150512592329846,0.1519035963607221,0.351040723784041,0.3528907656392461,0.2960685105767129,-0.8535831071244682,0.0683214254801594,0.3914968086627235
1.0,0.5341677675904593,0.0006685897537234,0.0006721133307461,0.1486684870324914,0.1500091901169609,0.351040723784041,0.3528907656392461,0.2960685105767129,-0.8535831071244682,0.0683214254801594,0.3914968086627235
1.0,0.5382416076274379,0.0006443426975284,0.0006477384886112,0.1468310761712259,0.1481231573573656,0.351040723784041,0.3528907656392461,0.2960685105767129,-0.8535831071244682,0.0683214254801594,0.3914968086627235
1.0,0.5423154476644165,0.0006209077483214,0.0006241800334005,0.1450006724410827,0.1462457602228047,0.351040723784041,0.3528907656392461,0.2960685105767129,-0.8535831071244682,0.0683214254801594,0.3914968086627235
1.0,0.5463892877013952,0.0005982603520616,0.0006014132816695,0.1431775823939311,0.1443772560276623,0.351040723784041,0.3528907656392461,0.2960685105767129,-0.8535831071244682,0.0683214254801594,0.3914968086627235
1.0,0.5504631277383734,0.0005763765978765,0.0005794141965316,0.1413621063831201,0.1425178971775282,0.351040723784041,0.3528907656392461,0.2960685105767129,-0.8535831071244682,0.0683214254801594,0.3914968086627235
1.0,0.554536967775352,0.0005552332047692,0.0005581593742949,0.139554538512149,0.1406679310912133,0.351040723784041,0.3528907656392461,0.2960685105767129,-0.8535831071244682,0.0683214254801594,0.3914968086627235
1.0,0.5586108078123306,0.0005348075084759,0.0005376260312516,0.1377551665873496,0.1388276001270772,0.351040723784041,0.3528907656392461,0.2960685105767129,-0.8535831071244682,0.0683214254801594,0.3914968086627235
1.0,0.5626846478493093,0.0005150774484775,0.0005177919906198,0.1359642720745559,0.1369971415136533,0.351040723784041,0.3528907656392461,0.2960685105767129,-0.8535831071244682,0.0683214254801594,0.3914968086627235
1.0,0.5667584878862875,0.0004960215551673,0.0004986356696446,0.1341821300597423,0.1351767872845543,0.351040723784041,0.3528907656392461,0.2960685105767129,-0.8535831071244682,0.0683214254801594,0.3914968086627235
1.0,0.5708323279232661,0.0004776189371777,0.0004801360668574,0.1324090092136011,0.1333667642176363,0.351040723784041,0.3528907656392461,0.2960685105767129,-0.8535831071244682,0.0683214254801594,0.3914968086627235
1.0,0.5749061679602447,0.0004598492688676,0.0004622727494977,0.1306451717600348,0.1315672937784001,0.351040723784041,0.3528907656392461,0.2960685105767129,-0.8535831071244682,0.0683214254801594,0.3914968086627235
1.0,0.5789800079972234,0.0004426927779727,0.0004450258410983,0.1288908734485276,0.1297785920675988,0.351040723784041,0.3528907656392461,0.2960685105767129,-0.8535831071244682,0.0683214254801594,0.3914968086627235
1.0,0.5830538480342016,0.0004261302334216,0.0004283760092367,0.127146363530367,0.1280008697730253,0.351040723784041,0.3528907656392461,0.2960685105767129,-0.8535831071244682,0.0683214254801594,0.3914968086627235
1.0,0.5871276880711802,0.0004101429333165,0.0004123044534532,0.1254118847386756,0.1262343321254454,0.351040723784041,0.3528907656392461,0.2960685105767129,-0.8535831071244682,0.0683214254801594,0.3914968086627235
1.0,0.5912015281081588,0.0003947126930839,0.0003967928933385,0.1236876732722195,0.1244791788586421,0.351040723784041,0.3528907656392461,0.2960685105767129,-0.8535831071244682,0.0683214254801594,0.3914968086627235
1.0,0.5952753681451375,0.0003798218337929,0.0003818235567909,0.121973958782948,0.1227356041735319,0.351040723784041,0.3528907656392461,0.2960685105767129,-0.8535831071244682,0.0683214254801594,0.3914968086627235
1.0,0.5993492081821157,0.0003654531706445,0.0003673791684448,0.1202709643672241,0.1210037967063135,0.351040723784041,0.3528907656392461,0.2960685105767129,-0.8535831071244682,0.0683214254801594,0.3914968086627235
1.0,0.6034230482190943,0.0003515900016322,0.0003534429382712,0.1185789065607001,0.1192839395006037,0.351040723784041,0.3528907656392461,0.2960685105767129,-0.8535831071244682,0.0683214254801594,0.3914968086627235
1.0,0.607496888256073,0.000338216096374,0.0003399985503515,0.1168979953367934,0.1175762099835189,0.351040723784041,0.3528907656392461,0.2960685105767129,-0.8535831071244682,0.0683214254801594,0.3914968086627235
1.0,0.6115707282930516,0.0003253156851175,0.0003270301518242,0.1152284341087079,0.1158807799456496,0.351040723784041,0.3528907656392461,0.2960685105767129,-0.8535831071244682,0.0683214254801594,0.3914968086627235
1.0,0.6156445683300298,0.000312873447918,0.0003145223420058,0.1135704197349559,0.1141978155248798,0.351040723784041,0.3528907656392461,0.2960685105767129,-0.8535831071244682,0.0683214254801594,0.3914968086627235
1.0,0.6197184083670084,0.0003008745039898,0.0003024601616865,0.1119241425283223,0.1125274771939987,0.351040723784041,0.3528907656392461,0.2960685105767129,-0.8535831071244682,0.0683214254801594,0.3914968086627235
1.0,0.6237922484039871,0.0002893044012309,0.0002908290825995,0.110289786268221,0.1108699197520514,0.351040723784041,0.3528907656392461,0.2960685105767129,-0.8535831071244682,0.0683214254801594,0.3914968086627235
1.0,0.6278660884409657,0.0002781491059217,0.000279614997065,0.1086675282163811,0.1092252923193678,0.351040723784041,0.3528907656392461,0.2960685105767129,-0.8535831071244682,0.0683214254801594,0.3914968086627235
1.0,0.6319399284779439,0.0002673949925967,0.0002688042078092,0.1070575391358099,0.1075937383362158,0.351040723784041,0.3528907656392461,0.2960685105767129,-0.8535831071244682,0.0683214254801594,0.3914968086627235
1.0,0.6360137685149225,0.0002570288340899,0.0002583834179568,0.1054599833129684,0.1059753955650152,0.351040723784041,0.3528907656392461,0.2960685105767129,-0.8535831071244682,0.0683214254801594,0.3914968086627235
1.0,0.6400876085519012,0.0002470377917528,0.0002483397211975,0.1038750185831019,0.1043703960960523,0.351040723784041,0.3528907656392461,0.2960685105767129,-0.8535831071244682,0.0683214254801594,0.3914968086627235
1.0,0.6441614485888794,0.0002374094058451,0.000238660592126,0.1023027963586578,0.1027788663566289,0.351040723784041,0.3528907656392461,0.2960685105767129,-0.8535831071244682,0.0683214254801594,0.3914968086627235
1.0,0.648235288625858,0.0002281315860968,0.0002293338767547,0.1007434616607296,0.1012009271235811,0.351040723784041,0.3528907656392461,0.2960685105767129,-0.8535831071244682,0.0683214254801594,0.3914968086627235
1.0,0.6523091286628366,0.0002191926024423,0.0002203477831988,0.0991971531534619,0.0996366935391031,0.351040723784041,0.3528907656392461,0.2960685105767129,-0.8535831071244682,0.0683214254801594,0.3914968086627235
1.0,0.6563829686998153,0.0002105810759246,0.0002116908725321,0.0976640031813461,0.0980862751298029,0.351040723784041,0.3528907656392461,0.2960685105767129,-0.8535831071244682,0.0683214254801594,0.3914968086627235
1.0,0.6604568087367935,0.0002022859697685,0.0002033520498141,0.0961441378093413,0.096549775828924,0.351040723784041,0.3528907656392461,0.2960685105767129,-0.8535831071244682,0.0683214254801594,0.3914968086627235
1.0,0.6645306487737721,0.0001942965806237,0.0001953205552857,0.09463767686575,0.0950272940016596,0.351040723784041,0.3528907656392461,0.2960685105767129,-0.8535831071244682,0.0683214254801594,0.3914968086627235
1.0,0.6686044888107507,0.0001866025299743,0.0001875859557347,0.0931447339877804,0.0935189224734895,0.351040723784041,0.3528907656392461,0.2960685105767129,-0.8535831071244682,0.0683214254801594,0.3914968086627235
1.0,0.6726783288477294,0.000179193755715,0.0001801381360271,0.0916654166697206,0.0920247485614628,0.351040723784041,0.3528907656392461,0.2960685105767129,-0.8535831071244682,0.0683214254801594,0.3914968086627235
1.0,0.6767521688847076,0.0001720605038935,0.0001729672908053,0.0901998263136557,0.0905448541083547,0.351040723784041,0.3528907656392461,0.2960685105767129,-0.8535831071244682,0.0683214254801594,0.3914968086627235
1.0,0.6808260089216862,0.0001651933206154,0.0001660639163515,0.0887480582826536,0.0890793155196207,0.351040723784041,0.3528907656392461,0.2960685105767129,-0.8535831071244682,0.0683214254801594,0.3914968086627235
1.0,0.6848998489586648,0.0001585830441126,0.0001594188026137,0.0873102019563474,0.0876282038030738,0.351040723784041,0.3528907656392461,0.2960685105767129,-0.8535831071244682,0.0683214254801594,0.3914968086627235
1.0,0.6889736889956435,0.0001522207969727,0.000153023025394,0.0858863407888379,0.0861915846112047,0.351040723784041,0.3528907656392461,0.2960685105767129,-0.8535831071244682,0.0683214254801594,0.3914968086627235
1.0,0.6930475290326217,0.0001460979785283,0.0001468679386979,0.0844765523688438,0.0847695182860701,0.351040723784041,0.3528907656392461,0.2960685105767129,-0.8535831071244682,0.0683214254801594,0.3914968086627235
1.0,0.6971213690696003,0.0001402062574035,0.0001409451672421,0.0830809084820232,0.0833620599066689,0.351040723784041,0.3528907656392461,0.2960685105767129,-0.8535831071244682,0.0683214254801594,0.3914968086627235
1.0,0.701195209106579,0.0001345375642184,0.0001352465991196,0.0816994751753917,0.0819692593387297,0.351040723784041,0.3528907656392461,0.2960685105767129,-0.8535831071244682,0.0683214254801594,0.3914968086627235
1.0,0.7052690491435576,0.0001290840844473,0.0001297643786209,0.08033231282376,0.0805911612868282,0.351040723784041,0.3528907656392461,0.2960685105767129,-0.8535831071244682,0.0683214254801594,0.3914968086627235
1.0,0.7093428891805358,0.0001238382514307,0.0001244908992089,0.078979476198116,0.0792278053487557,0.351040723784041,0.3528907656392461,0.2960685105767129,-0.8535831071244682,0.0683214254801594,0.3914968086627235
1.0,0.7134167292175144,0.0001187927395384,0.0001194187966462,0.0776410145358742,0.077879226072059,0.351040723784041,0.3528907656392461,0.2960685105767129,-0.8535831071244682,0.0683214254801594,0.3914968086627235
1.0,0.7174905692544931,0.0001139404574826,0.0001145409422727,0.0763169716129169,0.0765454530126723,0.351040723784041,0.3528907656392461,0.2960685105767129,-0.8535831071244682,0.0683214254801594,0.3914968086627235
1.0,0.7215644092914717,0.0001092745417783,0.0001098504364319,0.0750073858173493,0.0752265107955596,0.351040723784041,0.3528907656392461,0.2960685105767129,-0.8535831071244682,0.0683214254801594,0.3914968086627235
1.0,0.7256382493284499,0.0001047883503506,0.0001053406020438,0.0737122902248926,0.073922419177287,0.351040723784041,0.3528907656392461,0.2960685105767129,-0.8535831071244682,0.0683214254801594,0.3914968086627235
1.0,0.7297120893654285,0.0001004754562849,0.0001010049783231,0.0724317126758388,0.0726331931104468,0.351040723784041,0.3528907656392461,0.2960685105767129,-0.8535831071244682,0.0683214254801594,0.3914968086627235
1.0,0.7337859294024072,9.632964172006284e-05,9.683731463948362e-05,0.0711656758534916,0.0713588428098511,0.351040723784041,0.3528907656392461,0.2960685105767129,-0.8535831071244682,0.0683214254801594,0.3914968086627235
1.0,0.7378597694393858,9.23448918816406e-05,9.283156451965776e-05,0.0699141973640143,0.0700993738204156,0.351040723784041,0.3528907656392461,0.2960685105767129,-0.8535831071244682,0.0683214254801594,0.3914968086627235
1.0,0.741933609476364,8.851538925310263e-05,8.89818797878269e-05,0.068677289817613,0.0688547870866539,0.351040723784041,0.3528907656392461,0.2960685105767129,-0.8535831071244682,0.0683214254801594,0.3914968086627235
1.0,0.7460074495133426,8.483550788344373e-05,8.528260484330673e-05,0.0674549609109752,0.0676250790237019,0.351040723784041,0.3528907656392461,0.2960685105767129,-0.8535831071244682,0.0683214254801594,0.3914968086627235
1.0,0.7500812895503213,8.129980782898839e-05,8.172827107303152e-05,0.066247213510893,0.066410241589795,0.351040723784041,0.3528907656392461,0.2960685105767129,-0.8535831071244682,0.0683214254801594,0.3914968086627235
1.0,0.7541551295872999,7.790302972737206e-05,7.831359139693946e-05,0.0650540457389921,0.0652102623601165,0.351040723784041,0.3528907656392461,0.2960685105767129,-0.8535831071244682,0.0683214254801594,0.3914968086627235
1.0,0.7582289696242781,7.464008950166383e-05,7.50334549441852e-05,0.0638754510574951,0.064025124601941,0.351040723784041,0.3528907656392461,0.2960685105767129,-0.8535831071244682,0.0683214254801594,0.3914968086627235
1.0,0.7623028096612567,7.150607319257364e-05,7.188292185811196e-05,0.0627114183559435,0.0628548073509942,0.351040723784041,0.3528907656392461,0.2960685105767129,-0.8535831071244682,0.0683214254801594,0.3914968086627235
1.0,0.7663766496982354,6.849623191668075e-05,6.885721822790899e-05,0.0615619320388077,0.0616992854889523,0.351040723784041,0.3528907656392461,0.2960685105767129,-0.8535831071244682,0.0683214254801594,0.3914968086627235
1.0,0.770450489735214,6.560597694860943e-05,6.595173114486963e-05,0.0604269721139094,0.0605585298220029,0.351040723784041,0.3528907656392461,0.2960685105767129,-0.8535831071244682,0.0683214254801594,0.3914968086627235
1.0,0.7745243297721922,6.283087492507653e-05,6.316200388116328e-05,0.059306514281588,0.0594325071603943,0.351040723784041,0.3528907656392461,0.2960685105767129,-0.8535831071244682,0.0683214254801594,0.3914968086627235
1.0,0.7785981698091708,6.016664316872856e-05,6.04837311890285e-05,0.0582005300245361,0.0583211803988939,0.351040723784041,0.3528907656392461,0.2960685105767129,-0.8535831071244682,0.0683214254801594,0.3914968086627235
1.0,0.7826720098461495,5.760914512969157e-05,5.791275471829897e-05,0.0571089866982386,0.0572245085980866,0.351040723784041,0.3528907656392461,0.2960685105767129,-0.8535831071244682,0.0683214254801594,0.3914968086627235
1.0,0.7867458498831277,5.515438594274755e-05,5.544505855016558e-05,0.0560318476219419,0.0561424470664348,0.351040723784041,0.3528907656392461,0.2960685105767129,-0.8535831071244682,0.0683214254801594,0.3914968086627235
1.0,0.7908196899201063,5.279850809806246e-05,5.3076764845088466e-05,0.0549690721700864,0.0550749474430296,0.351040723784041,0.3528907656392461,0.2960685105767129,-0.8535831071244682,0.0683214254801594,0.3914968086627235
1.0,0.794893529957085,5.05377872233919e-05,5.08041296027742e-05,0.0539206158641363,0.0540219577809625,0.351040723784041,0.3528907656392461,0.2960685105767129,-0.8535831071244682,0.0683214254801594,0.3914968086627235
1.0,0.7989673699940636,4.836862797569289e-05,4.86235385321357e-05,0.0528864304647368,0.0529834226312447,0.351040723784041,0.3528907656392461,0.2960685105767129,-0.8535831071244682,0.0683214254801594,0.3914968086627235
1.0,0.8030412100310418,4.6287560040083494e-05,4.653150302916574e-05,0.0518664640641362,0.0519592831272054,0.351040723784041,0.3528907656392461,0.2960685105767129,-0.8535831071244682,0.0683214254801594,0.3914968086627235
1.0,0.8071150500680204,4.4291234234093506e-05,4.452465626065637e-05,0.0508606611788061,0.0509494770693008,0.351040723784041,0.3528907656392461,0.2960685105767129,-0.8535831071244682,0.0683214254801594,0.3914968086627235
1.0,0.8111888901049991,4.237641871516853e-05,4.259974935171595e-05,0.049868962842199,0.0499539390102659,0.351040723784041,0.3528907656392461,0.2960685105767129,-0.8535831071244682,0.0683214254801594,0.3914968086627235
1.0,0.8152627301419777,4.053999528938891e-05,4.075364767503442e-05,0.0488913066975779,0.0489726003405423,0.351040723784041,0.3528907656392461,0.2960685105767129,-0.8535831071244682,0.0683214254801594,0.3914968086627235
1.0,0.8193365701789559,3.877895581938987e-05,3.898332723987257e-05,0.047927627090859,0.0480053893739183,0.351040723784041,0.3528907656392461,0.2960685105767129,-0.8535831071244682,0.0683214254801594,0.3914968086627235
1.0,0.8234104102159345,3.709039872947307e-05,3.7285871178755017e-05,0.0469778551634064,0.0470522314333146,0.351040723784041,0.3528907656392461,0.2960685105767129,-0.8535831071244682,0.0683214254801594,0.3914968086627235
1.0,0.8274842502529132,3.547152560592226e-05,3.565846632986888e-05,0.0460419189447207,0.0461130489366565,0.351040723784041,0.3528907656392461,0.2960685105767129,-0.8535831071244682,0.0683214254801594,0.3914968086627235
1.0,0.8315580902898918,3.391963789054401e-05,3.409839991317906e-05,0.045119743444964,0.0451877614827677,0.351040723784041,0.3528907656392461,0.2960685105767129,-0.8535831071244682,0.0683214254801594,0.3914968086627235
1.0,0.83563193032687,3.2432133665478145e-05,3.260305629829397e-05,0.044211250747264,0.0442762859372278,0.351040723784041,0.3528907656392461,0.2960685105767129,-0.8535831071244682,0.0683214254801594,0.3914968086627235
1.0,0.8397057703638486,3.100650452733551e-05,3.116991386212958e-05,0.0433163600997434,0.0433785365181329,0.351040723784041,0.3528907656392461,0.2960685105767129,-0.8535831071244682,0.0683214254801594,0.3914968086627235
1.0,0.8437796104008273,2.9640332548742135e-05,2.9796541934440375e-05,0.0424349880072209,0.0424944248817041,0.351040723784041,0.3528907656392461,0.2960685105767129,-0.8535831071244682,0.0683214254801594,0.3914968086627235
1.0,0.8478534504378059,2.8331287325386408e-05,2.848059782930404e-05,0.0415670483225303,0.041623860207685,0.351040723784041,0.3528907656392461,0.2960685105767129,-0.8535831071244682,0.0683214254801594,0.3914968086627235
1.0,0.8519272904747841,2.7077123106686597e-05,2.7219823960667085e-05,0.040712452337408,0.0407667492844753,0.351040723784041,0.3528907656392461,0.2960685105767129,-0.8535831071244682,0.0683214254801594,0.3914968086627235
1.0,0.8560011305117627,2.5875676008217183e-05,2.6012045040080217e-05,0.0398711088728982,0.0399229965939465,0.351040723784041,0.3528907656392461,0.2960685105767129,-0.8535831071244682,0.0683214254801594,0.3914968086627235
1.0,0.8600749705487414,2.4724861304055925e-05,2.485516535477565e-05,0.039042924369229,0.0390925043958878,0.351040723784041,0.3528907656392461,0.2960685105767129,-0.8535831071244682,0.0683214254801594,0.3914968086627235
1.0,0.86414881058572,2.3622670797229542e-05,2.3747166124254596e-05,0.0382278029751103,0.0382751728120318,0.351040723784041,0.3528907656392461,0.2960685105767129,-0.8535831071244682,0.0683214254801594,0.3914968086627235
1.0,0.8682226506226982,2.2567170266466612e-05,2.268610293358414e-05,0.0374256466364104,0.0374708999096105,0.351040723784041,0.3528907656392461,0.2960685105767129,-0.8535831071244682,0.0683214254801594,0.3914968086627235
1.0,0.8722964906596768,2.155649698748334e-05,2.1670103241619773e-05,0.036636355184165,0.0366795817843941,0.351040723784041,0.3528907656392461,0.2960685105767129,-0.8535831071244682,0.0683214254801594,0.3914968086627235
1.0,0.8763703306966555,2.0588857327056017e-05,2.069736396239822e-05,0.0358598264218781,0.0359011126431676,0.351040723784041,0.3528907656392461,0.2960685105767129,-0.8535831071244682,0.0683214254801594,0.3914968086627235
1.0,0.8804441707336341,1.966252440815261e-05,1.976614911796392e-05,0.035095956212072,0.0351353848855981,0.351040723784041,0.3528907656392461,0.2960685105767129,-0.8535831071244682,0.0683214254801594,0.3914968086627235
1.0,0.8845180107706123,1.8775835844427623e-05,1.8874787560924258e-05,0.0343446385620467,0.034382289185452,0.351040723784041,0.3528907656392461,0.2960685105767129,-0.8535831071244682,0.0683214254801594,0.3914968086627235
1.0,0.888591850807591,1.792719154240088e-05,1.80216707650455e-05,0.0336057657088114,0.0336417145711189,0.351040723784041,0.3528907656392461,0.2960685105767129,-0.8535831071244682,0.0683214254801594,0.3914968086627235
1.0,0.8926656908445696,1.711505156967559e-05,1.7205250682236026e-05,0.0328792282031505,0.0329135485054024,0.351040723784041,0.3528907656392461,0.2960685105767129,-0.8535831071244682,0.0683214254801594,0.3914968086627235
1.0,0.8967395308815482,1.633793408756635e-05,1.6424037664278933e-05,0.0321649149927876,0.0321976769645394,0.351040723784041,0.3528907656392461,0.2960685105767129,-0.8535831071244682,0.0683214254801594,0.3914968086627235
1.0,0.9008133709185264,1.559441334654138e-05,1.5676598447709926e-05,0.0314627135046161,0.0314939845164103,0.351040723784041,0.3528907656392461,0.2960685105767129,-0.8535831071244682,0.0683214254801594,0.3914968086627235
1.0,0.9048872109555052,1.488311774290477e-05,1.496155420025796e-05,0.03077250972596,0.0308023543979032,0.351040723784041,0.3528907656392461,0.2960685105767129,-0.8535831071244682,0.0683214254801594,0.3914968086627235
1.0,0.9089610509924836,1.4202727935172418e-05,1.427757862729418e-05,0.0300941882848383,0.0301226685914008,0.351040723784041,0.3528907656392461,0.2960685105767129,-0.8535831071244682,0.0683214254801594,0.3914968086627235
1.0,0.913034891029462,1.355197501862006e-05,1.362339613675952e-05,0.0294276325291986,0.029454807900354,0.351040723784041,0.3528907656392461,0.2960685105767129,-0.8535831071244682,0.0683214254801594,0.3914968086627235
1.0,0.9171087310664404,1.2929638756509074e-05,1.2997780061068768e-05,0.0287727246050945,0.0287986520239121,0.351040723784041,0.3528907656392461,0.2960685105767129,-0.8535831071244682,0.0683214254801594,0.3914968086627235
1.0,0.9211825711034192,1.233454586652225e-05,1.2399550934515591e-05,0.0281293455337798,0.0281540796305808,0.351040723784041,0.3528907656392461,0.2960685105767129,-0.8535831071244682,0.0683214254801594,0.3914968086627235
1.0,0.9252564111403978,1.176556836096636e-05,1.1827574824727684e-05,0.027497375287692,0.0275209684308777,0.351040723784041,0.3528907656392461,0.2960685105767129,-0.8535831071244682,0.0683214254801594,0.3914968086627235
1.0,0.929330251177376,1.1221621939326676e-05,1.1280761716749806e-05,0.0268766928653037,0.0268991952489598,0.351040723784041,0.3528907656392461,0.2960685105767129,-0.8535831071244682,0.0683214254801594,0.3914968086627235
1.0,0.9334040912143546,1.070166443178346e-05,1.0758063948357322e-05,0.0262671763648158,0.026288636093196,0.351040723784041,0.3528907656392461,0.2960685105767129,-0.8535831071244682,0.0683214254801594,0.3914968086627235
1.0,0.9374779312513332,1.0204694292328288e-05,1.0258474695231042e-05,0.0256687030566753,0.0256891662256628,0.351040723784041,0.3528907656392461,0.2960685105767129,-0.8535831071244682,0.0683214254801594,0.3914968086627235
1.0,0.941551771288312,9.72974914014188e-06,9.781026504647837e-06,0.0250811494548936,0.0251006602305384,0.351040723784041,0.3528907656392461,0.2960685105767129,-0.8535831071244682,0.0683214254801594,0.3914968086627235
1.0,0.94562561132529,9.275904347924092e-06,9.324789876370917e-06,0.0245043913871499,0.0245229920813742,0.351040723784041,0.3528907656392461,0.2960685105767129,-0.8535831071244682,0.0683214254801594,0.3914968086627235
1.0,0.9496994513622689,8.842271675890358e-06,8.88887188944722e-06,0.0239383040636599,0.0239560352072253,0.351040723784041,0.3528907656392461,0.2960685105767129,-0.8535831071244682,0.0683214254801594,0.3914968086627235
1.0,0.9537732913992474,8.427997950176798e-06,8.472414873647483e-06,0.0233827621447958,0.0233996625576196,0.351040723784041,0.3528907656392461,0.2960685105767129,-0.8535831071244682,0.0683214254801594,0.3914968086627235
1.0,0.957847131436226,8.032263784420017e-06,8.074595124308568e-06,0.0228376398074414,0.0228537466663502,0.351040723784041,0.3528907656392461,0.2960685105767129,-0.8535831071244682,0.0683214254801594,0.3914968086627235
1.0,0.9619209714732042,7.654282343305006e-06,7.69462165936505e-06,0.0223028108100705,0.0223181597140731,0.351040723784041,0.3528907656392461,0.2960685105767129,-0.8535831071244682,0.0683214254801594,0.3914968086627235
1.0,0.9659948115101828,7.293298146898755e-06,7.331735017381489e-06,0.0217781485565338,0.0217927735896981,0.351040723784041,0.3528907656392461,0.2960685105767129,-0.8535831071244682,0.0683214254801594,0.3914968086627235
1.0,0.9700686515471616,6.94858591461346e-06,6.9852060954231135e-06,0.0212635261585474,0.0212774599505574,0.351040723784041,0.3528907656392461,0.2960685105767129,-0.8535831071244682,0.0683214254801594,0.3914968086627235
1.0,0.97414249158414,6.619449447666993e-06,6.6543350256266946e-06,0.0207588164968687,0.020772090281342,0.351040723784041,0.3528907656392461,0.2960685105767129,-0.8535831071244682,0.0683214254801594,0.3914968086627235
1.0,0.9782163316211184,6.305220548934544e-06,6.3384500893596155e-06,0.0202638922811555,0.0202765359517938,0.351040723784041,0.3528907656392461,0.2960685105767129,-0.8535831071244682,0.0683214254801594,0.3914968086627235
1.0,0.982290171658097,6.0052579791086e-06,6.036906667878653e-06,0.0197786261084973,0.0197906682731443,0.351040723784041,0.3528907656392461,0.2960685105767129,-0.8535831071244682,0.0683214254801594,0.3914968086627235
1.0,0.9863640116950756,5.718946448110197e-06,5.749086228425798e-06,0.019302890520616,0.0193143585532926,0.351040723784041,0.3528907656392461,0.2960685105767129,-0.8535831071244682,0.0683214254801594,0.3914968086627235
1.0,0.9904378517320542,5.445695640716726e-06,5.474395344720959e-06,0.0188365580597285,0.018847478150714,0.351040723784041,0.3528907656392461,0.2960685105767129,-0.8535831071244682,0.0683214254801594,0.3914968086627235
1.0,0.9945116917690324,5.184939275397148e-06,5.212264750837093e-06,0.0183795013230688,0.0183898985270951,0.351040723784041,0.3528907656392461,0.2960685105767129,-0.8535831071244682,0.0683214254801594,0.3914968086627235
1.0,0.9985855318060112,4.936134195367612e-06,4.962148427465531e-06,0.0179315930160661,0.017941491298689,0.351040723784041,0.3528907656392461,0.2960685105767129,-0.8535831071244682,0.0683214254801594,0.3914968086627235
1.0,1.0026593718429897,4.698759490904768e-06,4.723522719603738e-06,0.0174927060041782,0.0175021282863887,0.351040723784041,0.3528907656392461,0.2960685105767129,-0.8535831071244682,0.0683214254801594,0.3914968086627235
1.0,1.0067332118799683,4.472315651976143e-06,4.495885484719922e-06,0.0170627133633782,0.0170716815645149,0.351040723784041,0.3528907656392461,0.2960685105767129,-0.8535831071244682,0.0683214254801594,0.3914968086627235
1.0,1.0108070519169463,4.256323750270232e-06,4.27875527047228e-06,0.0166414884292962,0.016650023508317,0.351040723784041,0.3528907656392461,0.2960685105767129,-0.8535831071244682,0.0683214254801594,0.3914968086627235
1.0,1.0148808919539252,4.050324649730905e-06,4.071670521082802e-06,0.0162289048450167,0.0162370268401875,0.351040723784041,0.3528907656392461,0.2960685105767129,-0.8535831071244682,0.0683214254801594,0.3914968086627235
1.0,1.0189547319909038,3.8538782447231645e-06,3.874188811488029e-06,0.0158248366075341,0.0158325646745903,0.351040723784041,0.3528907656392461,0.2960685105767129,-0.8535831071244682,0.0683214254801594,0.3914968086627235
1.0,1.0230285720278824,3.666562724978308e-06,3.685886108410362e-06,0.0154291581128697,0.0154365105617031,0.351040723784041,0.3528907656392461,0.2960685105767129,-0.8535831071244682,0.0683214254801594,0.3914968086627235
1.0,1.0271024120648606,3.487973866488712e-06,3.5063560575157437e-06,0.015041744199855,0.015048738529779,0.351040723784041,0.3528907656392461,0.2960685105767129,-0.8535831071244682,0.0683214254801594,0.3914968086627235
1.0,1.0311762521018393,3.317724347542702e-06,3.335209295843923e-06,0.014662470192585,0.0146691231262284,0.351040723784041,0.3528907656392461,0.2960685105767129,-0.8535831071244682,0.0683214254801594,0.3914968086627235
1.0,1.035250092138818,3.1554430891116235e-06,3.172072788719255e-06,0.0142912119415496,0.0142975394574274,0.351040723784041,0.3528907656392461,0.2960685105767129,-0.8535831071244682,0.0683214254801594,0.3914968086627235
1.0,1.039323932175796,3.0007746188204647e-06,3.016589190369349e-06,0.0139278458634474,0.0139338632272566,0.351040723784041,0.3528907656392461,0.2960685105767129,-0.8535831071244682,0.0683214254801594,0.3914968086627235
1.0,1.0433977722127747,2.8533784577540492e-06,2.8684162274996275e-06,0.0135722489796923,0.0135779707743776,0.351040723784041,0.3528907656392461,0.2960685105767129,-0.8535831071244682,0.0683214254801594,0.3914968086627235
1.0,1.0474716122497534,2.712928529370991e-06,2.72722610509216e-06,0.0132242989536187,0.0132297391082531,0.351040723784041,0.3528907656392461,0.2960685105767129,-0.8535831071244682,0.0683214254801594,0.3914968086627235
1.0,1.051545452286732,2.579112589815429e-06,2.592704933715051e-06,0.0128838741263964,0.0128890459439199,0.351040723784041,0.3528907656392461,0.2960685105767129,-0.8535831071244682,0.0683214254801594,0.3914968086627235
1.0,1.0556192923237102,2.451631678937155e-06,2.464552177649352e-06,0.0125508535516646,0.0125557697355212,0.351040723784041,0.3528907656392461,0.2960685105767129,-0.8535831071244682,0.0683214254801594,0.3914968086627235
1.0,1.0596931323606888,2.3301995913482386e-06,2.3424801231580695e-06,0.0122251170288948,0.0122297897086093,0.351040723784041,0.3528907656392461,0.2960685105767129,-0.8535831071244682,0.0683214254801594,0.3914968086627235
1.0,1.0637669723976677,2.2145423668632772e-06,2.2262133662409516e-06,0.0119065451354956,0.0119109858912287,0.351040723784041,0.3528907656392461,0.2960685105767129,-0.8535831071244682,0.0683214254801594,0.3914968086627235
1.0,1.067840812434646,2.104397799687645e-06,2.11548831923608e-06,0.0115950192576691,0.011599239143788,0.351040723784041,0.3528907656392461,0.2960685105767129,-0.8535831071244682,0.0683214254801594,0.3914968086627235
1.0,1.0719146524716243,1.999514965736354e-06,2.010052735647622e-06,0.0112904216200339,0.0112944311877353,0.351040723784041,0.3528907656392461,0.2960685105767129,-0.8535831071244682,0.0683214254801594,0.3914968086627235
1.0,1.075988492508603,1.8996537674828311e-06,1.9096652525958896e-06,0.0109926353140262,0.0109964446330463,0.351040723784041,0.3528907656392461,0.2960685105767129,-0.8535831071244682,0.0683214254801594,0.3914968086627235
1.0,1.0800623325455816,1.8045844957542284e-06,1.814094950303238e-06,0.0107015443250931,0.0107051630045391,0.351040723784041,0.3528907656392461,0.2960685105767129,-0.8535831071244682,0.0683214254801594,0.3914968086627235
1.0,1.0841361725825602,1.7140874079060063e-06,1.723120928045559e-06,0.010417033558693,0.010420470767029,0.351040723784041,0.3528907656392461,0.2960685105767129,-0.8535831071244682,0.0683214254801594,0.3914968086627235
1.0,1.0882100126195384,1.6279523218250773e-06,1.636531896015756e-06,0.0101389888651172,0.010142253349335,0.351040723784041,0.3528907656392461,0.2960685105767129,-0.8535831071244682,0.0683214254801594,0.3914968086627235
1.0,1.092283852656517,1.54597822522639e-06,1.5541257825612593e-06,0.009867297063148,0.0098703971671557,0.351040723784041,0.3528907656392461,0.2960685105767129,-0.8535831071244682,0.0683214254801594,0.3914968086627235
1.0,1.0963576926934957,1.4679728997235504e-06,1.4757093562734351e-06,0.0096018459625701,0.0096047896448261,0.351040723784041,0.3528907656392461,0.2960685105767129,-0.8535831071244682,0.0683214254801594,0.3914968086627235
1.0,1.1004315327304743,1.3937525591689755e-06,1.4010978624217348e-06,0.0093425243855499,0.0093453192359715,0.351040723784041,0.3528907656392461,0.2960685105767129,-0.8535831071244682,0.0683214254801594,0.3914968086627235
1.0,1.1045053727674523,1.3231415017741963e-06,1.3301146732406132e-06,0.0090892221869006,0.0090918754430757,0.351040723784041,0.3528907656392461,0.2960685105767129,-0.8535831071244682,0.0683214254801594,0.3914968086627235
1.0,1.1085792128044312,1.2559717755351564e-06,1.2625909515915666e-06,0.0088418302732496,0.0088443488359767,0.351040723784041,0.3528907656392461,0.2960685105767129,-0.8535831071244682,0.0683214254801594,0.3914968086627235
1.0,1.1126530528414098,1.192082856501792e-06,1.1983653275371395e-06,0.008600240621125,0.008602631069309,0.351040723784041,0.3528907656392461,0.2960685105767129,-0.8535831071244682,0.0683214254801594,0.3914968086627235
1.0,1.1167268928783884,1.131321339444712e-06,1.1372835873773678e-06,0.0083643462939807,0.0083666148989075,0.351040723784041,0.3528907656392461,0.2960685105767129,-0.8535831071244682,0.0683214254801594,0.3914968086627235
1.0,1.1208007329153666,1.0735406404855642e-06,1.0791983747129578e-06,0.0081340414581757,0.0081361941971909,0.351040723784041,0.3528907656392461,0.2960685105767129,-0.8535831071244682,0.0683214254801594,0.3914968086627235
1.0,1.1248745729523453,1.0186007112707132e-06,1.023968903112614e-06,0.0079092213979278,0.0079112639675422,0.351040723784041,0.3528907656392461,0.2960685105767129,-0.8535831071244682,0.0683214254801594,0.3914968086627235
1.0,1.128948412989324,9.66367764280877e-07,9.71460679975013e-07,0.0076897825292592,0.0076917203577034,0.351040723784041,0.3528907656392461,0.2960685105767129,-0.8535831071244682,0.0683214254801594,0.3914968086627235
1.0,1.1330222530263026,9.167140088817192e-07,9.215452411883372e-07,0.0074756224129535,0.0074774606722036,0.351040723784041,0.3528907656392461,0.2960685105767129,-0.8535831071244682,0.0683214254801594,0.3914968086627235
1.0,1.1370960930632807,8.69517397732879e-07,8.740998962028413e-07,0.0072666397665428,0.0072683833838368,0.351040723784041,0.3528907656392461,0.2960685105767129,-0.8535831071244682,0.0683214254801594,0.3914968086627235
1.0,1.1411699331002594,8.246613831847169e-07,8.290074831437679e-07,0.0070627344753436,0.00706438814421,0.351040723784041,0.3528907656392461,0.2960685105767129,-0.8535831071244682,0.0683214254801594,0.3914968086627235
1.0,1.145243773137238,7.820346833038126e-07,7.861561336037618e-07,0.0068638076025623,0.0068653757933792,0.351040723784041,0.3528907656392461,0.2960685105767129,-0.8535831071244682,0.0683214254801594,0.3914968086627235
1.0,1.1493176131742169,7.41531057179481e-07,7.454390467652149e-07,0.0066697613984884,0.0066712483685923,0.351040723784041,0.3528907656392461,0.2960685105767129,-0.8535831071244682,0.0683214254801594,0.3914968086627235
1.0,1.1533914532111949,7.03049089174806e-07,7.067542725142677e-07,0.0064804993087957,0.0064819091121574,0.351040723784041,0.3528907656392461,0.2960685105767129,-0.8535831071244682,0.0683214254801594,0.3914968086627235
1.0,1.1574652932481737,6.664919817962299e-07,6.700045032187877e-07,0.006295925981972,0.0062972624784571,0.351040723784041,0.3528907656392461,0.2960685105767129,-0.8535831071244682,0.0683214254801594,0.3914968086627235
1.0,1.161539133285152,6.317673568666127e-07,6.35096873853578e-07,0.0061159472758956,0.0061172141401263,0.351040723784041,0.3528907656392461,0.2960685105767129,-0.8535831071244682,0.0683214254801594,0.3914968086627235
1.0,1.1656129733221308,5.98787064696394e-07,6.019427701658404e-07,0.00594047026358,0.0059416709934148,0.351040723784041,0.3528907656392461,0.2960685105767129,-0.8535831071244682,0.0683214254801594,0.3914968086627235
1.0,1.169686813359109,5.674670009578879e-07,5.704576445843682e-07,0.005769403238106,0.0057705411627516,0.351040723784041,0.3528907656392461,0.2960685105767129,-0.8535831071244682,0.0683214254801594,0.3914968086627235
1.0,1.1737606533960876,5.377269309771493e-07,5.405608395854016e-07,0.0056026557167624,0.005603734004533,0.351040723784041,0.3528907656392461,0.2960685105767129,-0.8535831071244682,0.0683214254801594,0.3914968086627235
1.0,1.1778344934330662,5.094903211673743e-07,5.121754182376544e-07,0.0054401384444132,0.0054411601101526,0.351040723784041,0.3528907656392461,0.2960685105767129,-0.8535831071244682,0.0683214254801594,0.3914968086627235
1.0,1.1819083334700444,4.826841773369074e-07,4.852280016581787e-07,0.0052817633961137,0.0052827313082927,0.351040723784041,0.3528907656392461,0.2960685105767129,-0.8535831071244682,0.0683214254801594,0.3914968086627235
1.0,1.185982173507023,4.572388896138436e-07,4.5964861311969387e-07,0.0051274437789944,0.0051283606664972,0.351040723784041,0.3528907656392461,0.2960685105767129,-0.8535831071244682,0.0683214254801594,0.3914968086627235
1.0,1.1900560135440017,4.330880837379165e-07,4.3537052855875907e-07,0.004977094033433,0.0049779624920453,0.351040723784041,0.3528907656392461,0.2960685105767129,-0.8535831071244682,0.0683214254801594,0.3914968086627235
1.0,1.1941298535809803,4.101684784786367e-07,4.123301332424814e-07,0.0048306298335338,0.0048314523321455,0.351040723784041,0.3528907656392461,0.2960685105767129,-0.8535831071244682,0.0683214254801594,0.3914968086627235
1.0,1.1982036936179583,3.884197489469827e-07,3.904667843598377e-07,0.0046879680869357,0.004688746973469,0.351040723784041,0.3528907656392461,0.2960685105767129,-0.8535831071244682,0.0683214254801594,0.3914968086627235
1.0,1.2022775336549372,3.677843955757569e-07,3.697226793115352e-07,0.0045490269339676,0.0045497644410425,0.351040723784041,0.3528907656392461,0.2960685105767129,-0.8535831071244682,0.0683214254801594,0.3914968086627235
1.0,1.2063513736919158,3.48207618551476e-07,3.50042729480138e-07,0.0044137257461714,0.0044144239965194,0.351040723784041,0.3528907656392461,0.2960685105767129,-0.8535831071244682,0.0683214254801594,0.3914968086627235
1.0,1.2104252137288944,3.296371974881463e-07,3.3137443926970306e-07,0.0042819851242119,0.0042826461358487,0.351040723784041,0.3528907656392461,0.2960685105767129,-0.8535831071244682,0.0683214254801594,0.3914968086627235
1.0,1.2144990537658726,3.120233761405189e-07,3.136677902114558e-07,0.0041537268951936,0.00415435258636,0.351040723784041,0.3528907656392461,0.2960685105767129,-0.8535831071244682,0.0683214254801594,0.3914968086627235
1.0,1.2185728938028513,2.953187519614557e-07,2.968751299391052e-07,0.0040288741094029,0.0040294663032848,0.351040723784041,0.3528907656392461,0.2960685105767129,-0.8535831071244682,0.0683214254801594,0.3914968086627235
1.0,1.22264673383983,2.79478170314943e-07,2.809510658443428e-07,0.0039073510364961,0.0039079114657323,0.351040723784041,0.3528907656392461,0.2960685105767129,-0.8535831071244682,0.0683214254801594,0.3914968086627235
1.0,1.2267205738768086,2.644586231627933e-07,2.658523632296069e-07,0.0037890831611514,0.0037896134721378,0.351040723784041,0.3528907656392461,0.2960685105767129,-0.8535831071244682,0.0683214254801594,0.3914968086627235
1.0,1.2307944139137867,2.502191520496332e-07,2.515378477817857e-07,0.0036739971782039,0.0036744989352037,0.351040723784041,0.3528907656392461,0.2960685105767129,-0.8535831071244682,0.0683214254801594,0.3914968086627235
1.0,1.2348682539507654,2.367207552169239e-07,2.3796831219671318e-07,0.0035620209872824,0.0035624956763498,0.351040723784041,0.3528907656392461,0.2960685105767129,-0.8535831071244682,0.0683214254801594,0.3914968086627235
1.0,1.238942093987744,2.2392629868283835e-07,2.2510642679042297e-07,0.0034530836869666,0.0034535327196921,0.351040723784041,0.3528907656392461,0.2960685105767129,-0.8535831071244682,0.0683214254801594,0.3914968086627235
1.0,1.2430159340247229,2.1180043113065981e-07,2.1291665393899493e-07,0.0033471155684834,0.0033475402855685,0.351040723784041,0.3528907656392461,0.2960685105767129,-0.8535831071244682,0.0683214254801594,0.3914968086627235
1.0,1.2470897740617009,2.003095024540476e-07,2.013651661945408e-07,0.0032440481089589,0.0032444497836276,0.351040723784041,0.3528907656392461,0.2960685105767129,-0.8535831071244682,0.0683214254801594,0.3914968086627235
1.0,1.2511636140986797,1.89421485812978e-07,1.904197679303677e-07,0.003143813964246,0.0031441938054997,0.351040723784041,0.3528907656392461,0.2960685105767129,-0.8535831071244682,0.0683214254801594,0.3914968086627235
1.0,1.255237454135658,1.791059030595686e-07,1.800498203737841e-07,0.0030463469613435,0.0030467061170669,0.351040723784041,0.3528907656392461,0.2960685105767129,-0.8535831071244682,0.0683214254801594,0.3914968086627235
1.0,1.2593112941726368,1.693337533980072e-07,1.7022616989005506e-07,0.0029515820904254,0.0029519216503487,0.351040723784041,0.3528907656392461,0.2960685105767129,-0.8535831071244682,0.0683214254801594,0.3914968086627235
1.0,1.263385134209615,1.600774451479402e-07,1.6092107938617228e-07,0.0028594554964969,0.0028597764950214,0.351040723784041,0.3528907656392461,0.2960685105767129,-0.8535831071244682,0.0683214254801594,0.3914968086627235
1.0,1.2674589742465936,1.5131073048539514e-07,1.521081627078511e-07,0.0027699044706934,0.0027702078895866,0.351040723784041,0.3528907656392461,0.2960685105767129,-0.8535831071244682,0.0683214254801594,0.3914968086627235
1.0,1.2715328142835722,1.430086430400253e-07,1.4376232190790189e-07,0.0026828674412413,0.0026831542122062,0.351040723784041,0.3528907656392461,0.2960685105767129,-0.8535831071244682,0.0683214254801594,0.3914968086627235
1.0,1.2756066543205509,1.3514743823196454e-07,1.3585968726865098e-07,0.0025982839640937,0.0025985549712192,0.351040723784041,0.3528907656392461,0.2960685105767129,-0.8535831071244682,0.0683214254801594,0.3914968086627235
1.0,1.279680494357529,1.277045362359568e-07,1.283775599654812e-07,0.0025160947132607,0.0025163507953569,0.351040723784041,0.3528907656392461,0.2960685105767129,-0.8535831071244682,0.0683214254801594,0.3914968086627235
1.0,1.2837543343945077,1.2065846746462382e-07,1.2129435726278805e-07,0.0024362414708473,0.002436483423672,0.351040723784041,0.3528907656392461,0.2960685105767129,-0.8535831071244682,0.0683214254801594,0.3914968086627235
1.0,1.2878281744314863,1.1398882046686625e-07,1.1458956013779655e-07,0.0023586671168155,0.0023588956951961,0.351040723784041,0.3528907656392461,0.2960685105767129,-0.8535831071244682,0.0683214254801594,0.3914968086627235
1.0,1.291902014468465,1.0767619214126185e-07,1.0824366323157613e-07,0.0022833156184869,0.0022835315383423,0.351040723784041,0.3528907656392461,0.2960685105767129,-0.8535831071244682,0.0683214254801594,0.3914968086627235
1.0,1.2959758545054432,1.0170214016820794e-07,1.0223812703049255e-07,0.0022101320197985,0.0022103359600656,0.351040723784041,0.3528907656392461,0.2960685105767129,-0.8535831071244682,0.0683214254801594,0.3914968086627235
1.0,1.3000496945424218,9.604913756819653e-08,9.655533218499785e-08,0.0021390624303284,0.0021392550347982,0.351040723784041,0.3528907656392461,0.2960685105767129,-0.8535831071244682,0.0683214254801594,0.3914968086627235
1.0,1.3041235345794004,9.070052929718247e-08,9.117853587624901e-08,0.0020700540141054,0.0020702358931705,0.351040723784041,0.3528907656392461,0.2960685105767129,-0.8535831071244682,0.0683214254801594,0.3914968086627235
1.0,1.3081973746163786,8.564049079343108e-08,8.609183014449059e-08,0.0020030549782148,0.0020032267105357,0.351040723784041,0.3528907656392461,0.2960685105767129,-0.8535831071244682,0.0683214254801594,0.3914968086627235
1.0,1.3122712146533573,8.085398839355235e-08,8.128010209647522e-08,0.0019380145612175,0.001938176695308,0.351040723784041,0.3528907656392461,0.2960685105767129,-0.8535831071244682,0.0683214254801594,0.3914968086627235
1.0,1.316345054690336,7.632674153864657e-08,7.672899591242911e-08,0.0018748830213926,0.0018750360771301,0.351040723784041,0.3528907656392461,0.2960685105767129,-0.8535831071244682,0.0683214254801594,0.3914968086627235
1.0,1.3204188947273146,7.204518669453158e-08,7.242487657613331e-08,0.0018136116248187,0.0018137560948819,0.351040723784041,0.3528907656392461,0.2960685105767129,-0.8535831071244682,0.0683214254801594,0.3914968086627235
1.0,1.3244927347642927,6.799644291305539e-08,6.83547952547387e-08,0.0017541526333059,0.0017542889845441,0.351040723784041,0.3528907656392461,0.2960685105767129,-0.8535831071244682,0.0683214254801594,0.3914968086627235
1.0,1.3285665748012714,6.416827896433863e-08,6.450645625779001e-08,0.0016964592921919,0.0016965879669271,0.351040723784041,0.3528907656392461,0.2960685105767129,-0.8535831071244682,0.0683214254801594,0.3914968086627235
1.0,1.33264041483825,6.05490819725781e-08,6.086818550773497e-08,0.0016404858180129,0.0016406072352804,0.351040723784041,0.3528907656392461,0.2960685105767129,-0.8535831071244682,0.0683214254801594,0.3914968086627235
1.0,1.3367142548752289,5.712782749071832e-08,5.7428900456884455e-08,0.0015861873860633,0.0015863019427913,0.351040723784041,0.3528907656392461,0.2960685105767129,-0.8535831071244682,0.0683214254801594,0.3914968086627235
1.0,1.3407880949122069,5.3894050951873486e-08,5.4178081388378794e-08,0.0015335201178541,0.0015336281899865,0.351040723784041,0.3528907656392461,0.2960685105767129,-0.8535831071244682,0.0683214254801594,0.3914968086627235
1.0,1.3448619349491855,5.083782043786763e-08,5.1105744041213777e-08,0.0014824410684821,0.0014825430120466,0.351040723784041,0.3528907656392461,0.2960685105767129,-0.8535831071244682,0.0683214254801594,0.3914968086627235
1.0,1.348935774986164,4.79497107076689e-08,4.8202413501800383e-08,0.001432908213921,0.0014330043660452,0.351040723784041,0.3528907656392461,0.2960685105767129,-0.8535831071244682,0.0683214254801594,0.3914968086627235
1.0,1.3530096150231428,4.522077843078119e-08,4.5459099306832516e-08,0.001384880438245,0.0013849711181228,0.351040723784041,0.3528907656392461,0.2960685105767129,-0.8535831071244682,0.0683214254801594,0.3914968086627235
1.0,1.357083455060121,4.264253857290341e-08,4.2867271704494726e-08,0.0013383175207949,0.0013384030306052,0.351040723784041,0.3528907656392461,0.2960685105767129,-0.8535831071244682,0.0683214254801594,0.3914968086627235
1.0,1.3611572950970996,4.0206941883294674e-08,4.0418839023182224e-08,0.0012931801232977,0.0012932607490786,0.351040723784041,0.3528907656392461,0.2960685105767129,-0.8535831071244682,0.0683214254801594,0.3914968086627235
1.0,1.3652311351340782,3.7906353435353764e-08,3.8106126098985644e-08,0.0012494297769483,0.0012495057894279,0.351040723784041,0.3528907656392461,0.2960685105767129,-0.8535831071244682,0.0683214254801594,0.3914968086627235
1.0,1.3693049751710569,3.5733532173906065e-08,3.5921853715188886e-08,0.0012070288694643,0.0012071005248502,0.351040723784041,0.3528907656392461,0.2960685105767129,-0.8535831071244682,0.0683214254801594,0.3914968086627235
1.0,1.373378815208035,3.3681611424605085e-08,3.385911900895192e-08,0.0011659406321215,0.0011660081728519,0.351040723784041,0.3528907656392461,0.2960685105767129,-0.8535831071244682,0.0683214254801594,0.3914968086627235
1.0,1.3774526552450137,3.174408032269342e-08,3.1911376802198475e-08,0.00112612912678,0.0011261927822371,0.351040723784041,0.3528907656392461,0.2960685105767129,-0.8535831071244682,0.0683214254801594,0.3914968086627235
1.0,1.3815264952819923,2.991476612014787e-08,3.007242181551668e-08,0.0010875592329097,0.0010876192200977,0.351040723784041,0.3528907656392461,0.2960685105767129,-0.8535831071244682,0.0683214254801594,0.3914968086627235
1.0,1.385600335318971,2.8187817331925738e-08,2.8336371725583552e-08,0.0010501966346228,0.0010502531588119,0.351040723784041,0.3528907656392461,0.2960685105767129,-0.8535831071244682,0.0683214254801594,0.3914968086627235
1.0,1.3896741753559492,2.6557687683680706e-08,2.6697651028282572e-08,0.0010140078077212,0.0010140610630599,0.351040723784041,0.3528907656392461,0.2960685105767129,-0.8535831071244682,0.0683214254801594,0.3914968086627235
1.0,1.3937480153929278,2.5019120824886357e-08,2.5150975671262953e-08,0.0009789600067679,0.0009790101768644,0.351040723784041,0.3528907656392461,0.2960685105767129,-0.8535831071244682,0.0683214254801594,0.3914968086627235
1.0,1.3978218554299064,2.3567135772826057e-08,2.3691338421216937e-08,0.0009450212521881,0.0009450685106623,0.351040723784041,0.3528907656392461,0.2960685105767129,-0.8535831071244682,0.0683214254801594,0.3914968086627235
1.0,1.401895695466885,2.2197013054363012e-08,2.2313994932614743e-08,0.0009121603174085,0.0009122048284165,0.351040723784041,0.3528907656392461,0.2960685105767129,-0.8535831071244682,0.0683214254801594,0.3914968086627235
1.0,1.4059695355038633,2.0904281513807837e-08,2.101445048604744e-08,0.0008803467160414,0.0008803886347734,0.351040723784041,0.3528907656392461,0.2960685105767129,-0.8535831071244682,0.0683214254801594,0.3914968086627235
1.0,1.410043375540842,1.96847057565465e-08,1.978844736568075e-08,0.000849550689119,0.0008495901622721,0.351040723784041,0.3528907656392461,0.2960685105767129,-0.8535831071244682,0.0683214254801594,0.3914968086627235
1.0,1.4141172155778206,1.8534274199388853e-08,1.8631952846626982e-08,0.000819743192387,0.0008197803586141,0.351040723784041,0.3528907656392461,0.2960685105767129,-0.8535831071244682,0.0683214254801594,0.3914968086627235
1.0,1.4181910556147992,1.7449187699836157e-08,1.7541147764286933e-08,0.0007908958836603,0.0007909308739958,0.351040723784041,0.3528907656392461,0.2960685105767129,-0.8535831071244682,0.0683214254801594,0.3914968086627235
1.0,1.4222648956517774,1.642584873766522e-08,1.6512415638919228e-08,0.0007629811102495,0.0007630140485139,0.351040723784041,0.3528907656392461,0.2960685105767129,-0.8535831071244682,0.0683214254801594,0.3914968086627235
1.0,1.426338735688756,1.5460851123372192e-08,1.5542332329845913e-08,0.0007359718964615,0.000736002899645,0.351040723784041,0.3528907656392461,0.2960685105767129,-0.8535831071244682,0.0683214254801594,0.3914968086627235
1.0,1.4304125757257349,1.455097020912035e-08,1.4627656194810365e-08,0.0007098419311817,0.0007098711098081,0.351040723784041,0.3528907656392461,0.2960685105767129,-0.8535831071244682,0.0683214254801594,0.3914968086627235
1.0,1.4344864157627129,1.3693153578893908e-08,1.376531873106665e-08,0.0006845655555407,0.000684593014013,0.351040723784041,0.3528907656392461,0.2960685105767129,-0.8535831071244682,0.0683214254801594,0.3914968086627235
1.0,1.438560255799692,1.2884512195573412e-08,1.295241567579862e-08,0.0006601177506722,0.0006601435876001,0.351040723784041,0.3528907656392461,0.2960685105767129,-0.8535831071244682,0.0683214254801594,0.3914968086627235
20.0,-2.2238219374440007,0.00175981851339,0.000395581230471,1.221669949917132e-09,0.002155400965531,0.7892937973779861,0.1774215972807685,0.0332846053412453,-0.8535831071244682,0.0683214254801594,0.3914968086627235
20.0,-2.219748097407022,0.0018249943090349,0.0004102317874699,1.2983428470564718e-09,0.0022352273948477,0.7892937973779861,0.1774215972807685,0.0332846053412453,-0.8535831071244682,0.0683214254801594,0.3914968086627235
20.0,-2.215674257370044,0.0018923790048094,0.000425378872619,1.3796783903645867e-09,0.0023177592571069,0.7892937973779861,0.1774215972807685,0.0332846053412453,-0.8535831071244682,0.0683214254801594,0.3914968086627235
20.0,-2.2116004173330652,0.0019620392989112,0.000441037478689,1.4659505094849735e-09,0.0024030782435507,0.7892937973779861,0.1774215972807685,0.0332846053412453,-0.8535831071244682,0.0683214254801594,0.3914968086627235
20.0,-2.2075265772960866,0.0020340435957322,0.0004572229819775,1.557448625147321e-09,0.0024912681351583,0.7892937973779861,0.1774215972807685,0.0332846053412453,-0.8535831071244682,0.0683214254801594,0.3914968086627235
20.0,-2.203452737259108,0.0021084620384956,0.000473951149646,1.654478488574607e-09,0.00258241484262,0.7892937973779861,0.1774215972807685,0.0332846053412453,-0.8535831071244682,0.0683214254801594,0.3914968086627235
20.0,-2.1993788972221298,0.0021853665421344,0.00049123814711,1.757363064214154e-09,0.0026766064466076,0.7892937973779861,0.1774215972807685,0.0332846053412453,-0.8535831071244682,0.0683214254801594,0.3914968086627235
20.0,-2.195305057185151,0.0022648308263979,0.0005091005454814,1.8664434579056363e-09,0.0027739332383228,0.7892937973779861,0.1774215972807685,0.0332846053412453,-0.8535831071244682,0.0683214254801594,0.3914968086627235
20.0,-2.1912312171481725,0.0023469304491722,0.0005275553290577,1.982079892694798e-09,0.0028744877603099,0.7892937973779861,0.1774215972807685,0.0332846053412453,-0.8535831071244682,0.0683214254801594,0.3914968086627235
20.0,-2.187157377111194,0.0024317428400018,0.000546619902858,2.104652734602557e-09,0.0029783648475126,0.7892937973779861,0.1774215972807685,0.0332846053412453,-0.8535831071244682,0.0683214254801594,0.3914968086627235
20.0,-2.1830835370742157,0.0025193473337962,0.000566312100199,2.234563570762892e-09,0.0030856616685588,0.7892937973779861,0.1774215972807685,0.0332846053412453,-0.8535831071244682,0.0683214254801594,0.3914968086627235
20.0,-2.179009697037237,0.0026098252047065,0.0005866501903104,2.372236342452327e-09,0.0031964777672533,0.7892937973779861,0.1774215972807685,0.0332846053412453,-0.8535831071244682,0.0683214254801594,0.3914968086627235
20.0,-2.1749358570002584,0.002703259700156,0.0006076528859845,2.5181185356465092e-09,0.003310915104259,0.7892937973779861,0.1774215972807685,0.0332846053412453,-0.8535831071244682,0.0683214254801594,0.3914968086627235
20.0,-2.1708620169632797,0.0027997360750064,0.0006293393512559,2.6726824318578172e-09,0.0034290780989448,0.7892937973779861,0.1774215972807685,0.0332846053412453,-0.8535831071244682,0.0683214254801594,0.3914968086627235
20.0,-2.1667881769263015,0.0028993416258444,0.0006517292091091,2.836426422130211e-09,0.00355107367138,0.7892937973779861,0.1774215972807685,0.0332846053412453,-0.8535831071244682,0.0683214254801594,0.3914968086627235
20.0,-2.162714336889323,0.0030021657253679,0.0006748425492076,3.009876387195578e-09,0.003677011284452,0.7892937973779861,0.1774215972807685,0.0332846053412453,-0.8535831071244682,0.0683214254801594,0.3914968086627235
20.0,-2.1586404968523443,0.0031082998568536,0.0006986999356419,3.193587146928375e-09,0.0038070029860827,0.7892937973779861,0.1774215972807685,0.0332846053412453,-0.8535831071244682,0.0683214254801594,0.3914968086627235
20.0,-2.1545666568153656,0.0032178376486869,0.0007233224146911,3.388143982374122e-09,0.003941163451522,0.7892937973779861,0.1774215972807685,0.0332846053412453,-0.8535831071244682,0.0683214254801594,0.3914968086627235
20.0,-2.150492816778387,0.0033308749089315,0.0007487315225943,3.59416423377047e-09,0.0040796100256901,0.7892937973779861,0.1774215972807685,0.0332846053412453,-0.8535831071244682,0.0683214254801594,0.3914968086627235
20.0,-2.146418976741409,0.0034475096599202,0.000774949293325,3.812298978129799e-09,0.0042224627655442,0.7892937973779861,0.1774215972807685,0.0332846053412453,-0.8535831071244682,0.0683214254801594,0.3914968086627235
20.0,-2.14234513670443,0.0035678421728408,0.0008019982663666,4.043234790106825e-09,0.0043698444824422,0.7892937973779861,0.1774215972807685,0.0332846053412453,-0.8535831071244682,0.0683214254801594,0.3914968086627235
20.0,-2.1382712966674515,0.0036919750022983,0.0008299014944808,4.287695590037607e-09,0.0045218807844748,0.7892937973779861,0.1774215972807685,0.0332846053412453,-0.8535831071244682,0.0683214254801594,0.3914968086627235
20.0,-2.1341974566304733,0.0038200130208269,0.0008586825514655,4.546444583203012e-09,0.004678700118737,0.7892937973779861,0.1774215972807685,0.0332846053412453,-0.8535831071244682,0.0683214254801594,0.3914968086627235
20.0,-2.1301236165934947,0.0039520634533276,0.000888365539896,4.820286294545381e-09,0.00484043381351,0.7892937973779861,0.1774215972807685,0.0332846053412453,-0.8535831071244682,0.0683214254801594,0.3914968086627235
20.0,-2.126049776556516,0.0040882359114075,0.0009189750988441,5.110068703247159e-09,0.0050072161203204,0.7892937973779861,0.1774215972807685,0.0332846053412453,-0.8535831071244682,0.0683214254801594,0.3914968086627235
20.0,-2.1219759365195374,0.0042286424275932,0.0009505364115683,5.416685481770729e-09,0.005179184255847,0.7892937973779861,0.1774215972807685,0.0332846053412453,-0.8535831071244682,0.0683214254801594,0.3914968086627235
20.0,-2.1179020964825592,0.0043733974893917,0.0009830752131705,5.741078344151857e-09,0.0053564784436406,0.7892937973779861,0.1774215972807685,0.0332846053412453,-0.8535831071244682,0.0683214254801594,0.3914968086627235
20.0,-2.1138282564455806,0.0045226180731718,0.0010166177982122,6.084239508544507e-09,0.0055392419556236,0.7892937973779861,0.1774215972807685,0.0332846053412453,-0.8535831071244682,0.0683214254801594,0.3914968086627235
20.0,-2.109754416408602,0.0046764236778362,0.0010511910282831,6.447214279223851e-09,0.0057276211533337,0.7892937973779861,0.1774215972807685,0.0332846053412453,-0.8535831071244682,0.0683214254801594,0.3914968086627235
20.0,-2.1056805763716233,0.0048349363582559,0.001086822339517,6.831103753475186e-09,0.0059217655288767,0.7892937973779861,0.1774215972807685,0.0332846053412453,-0.8535831071244682,0.0683214254801594,0.3914968086627235
20.0,-2.101606736334645,0.0049982807584364,0.0011235397500467,7.237067659021677e-09,0.0061218277455508,0.7892937973779861,0.1774215972807685,0.0332846053412453,-0.8535831071244682,0.0683214254801594,0.3914968086627235
20.0,-2.0975328962976665,0.0051665841443847,0.0011613718673925,7.666327327881743e-09,0.0063279636781046,0.7892937973779861,0.1774215972807685,0.0332846053412453,-0.8535831071244682,0.0683214254801594,0.3914968086627235
20.0,-2.093459056260688,0.0053399764366444,0.0012003478957752,8.120168812788466e-09,0.0065403324525885,0.7892937973779861,0.1774215972807685,0.0332846053412453,-0.8535831071244682,0.0683214254801594,0.3914968086627235
20.0,-2.089385216223709,0.0055185902424684,0.0012404976433482,8.599946152560952e-09,0.0067590964857628,0.7892937973779861,0.1774215972807685,0.0332846053412453,-0.8535831071244682,0.0683214254801594,0.3914968086627235
20.0,-2.085311376186731,0.0057025608875925,0.0012818515293399,9.107084793076997e-09,0.0069844215240172,0.7892937973779861,0.1774215972807685,0.0332846053412453,-0.8535831071244682,0.0683214254801594,0.3914968086627235
20.0,-2.0812375361497524,0.0058920264475793,0.0013244405910989,9.643085170771512e-09,0.0072164766817635,0.7892937973779861,0.1774215972807685,0.0332846053412453,-0.8535831071244682,0.0683214254801594,0.3914968086627235
20.0,-2.0771636961127737,0.0060871277786938,0.001368296491035,1.020952646586613e-08,0.0074554344792552,0.7892937973779861,0.1774215972807685,0.0332846053412453,-0.8535831071244682,0.0683214254801594,0.3914968086627235
20.0,-2.0730898560757955,0.0062880085482767,0.0014134515234459,1.0808070532830128e-08,0.0077014708797932,0.7892937973779861,0.1774215972807685,0.0332846053412453,-0.8535831071244682,0.0683214254801594,0.3914968086627235
20.0,-2.069016016038817,0.0064948152645789,0.0014599386212245,1.1440466015874838e-08,0.0079547653262695,0.7892937973779861,0.1774215972807685,0.0332846053412453,-0.8535831071244682,0.0683214254801594,0.3914968086627235
20.0,-2.0649421760018383,0.0067076973060183,0.0015077913624345,1.2108552657598421e-08,0.0082155007770055,0.7892937973779861,0.1774215972807685,0.0332846053412453,-0.8535831071244682,0.0683214254801594,0.3914968086627235
20.0,-2.0608683359648596,0.0069268069498208,0.001557043976749,1.2814265809224525e-08,0.0084838637408356,0.7892937973779861,0.1774215972807685,0.0332846053412453,-0.8535831071244682,0.0683214254801594,0.3914968086627235
20.0,-2.0567944959278814,0.0071522994000081,0.0016077313517415,1.3559641151214611e-08,0.0087600443113908,0.7892937973779861,0.1774215972807685,0.0332846053412453,-0.8535831071244682,0.0683214254801594,0.3914968086627235
20.0,-2.052720655890903,0.0073843328146897,0.001659889039021,1.434681963338308e-08,0.0090442362005304,0.7892937973779861,0.1774215972807685,0.0332846053412453,-0.8535831071244682,0.0683214254801594,0.3914968086627235
20.0,-2.048646815853924,0.0076230683326203,0.0017135532602015,1.5178052644005604e-08,0.0093366367708745,0.7892937973779861,0.1774215972807685,0.0332846053412453,-0.8535831071244682,0.0683214254801594,0.3914968086627235
20.0,-2.0445729758169455,0.0078686700989808,0.0017687609126972,1.6055707417786032e-08,0.0096374470673855,0.7892937973779861,0.1774215972807685,0.0332846053412453,-0.8535831071244682,0.0683214254801594,0.3914968086627235
20.0,-2.0404991357799673,0.0081213052903398,0.0018255495753336,1.6982272692932634e-08,0.0099468718479462,0.7892937973779861,0.1774215972807685,0.0332846053412453,-0.8535831071244682,0.0683214254801594,0.3914968086627235
20.0,-2.0364252957429887,0.0083811441387541,0.0018839575137646,1.7960364627996597e-08,0.0102651196128834,0.7892937973779861,0.1774215972807685,0.0332846053412453,-0.8535831071244682,0.0683214254801594,0.3914968086627235
20.0,-2.03235145570601,0.0086483599549627,0.0019440236856868,1.899273298953693e-08,0.0105924026333825,0.7892937973779861,0.1774215972807685,0.0332846053412453,-0.8535831071244682,0.0683214254801594,0.3914968086627235
20.0,-2.0282776156690314,0.008923129150632,0.0020057877458392,2.0082267622108043e-08,0.010928936978739,0.7892937973779861,0.1774215972807685,0.0332846053412453,-0.8535831071244682,0.0683214254801594,0.3914968086627235
20.0,-2.0242037756320532,0.0092056312596056,0.0020692900507804,2.1232005212504333e-08,0.0112749425423913,0.7892937973779861,0.1774215972807685,0.0332846053412453,-0.8535831071244682,0.0683214254801594,0.3914968086627235
20.0,-2.0201299355950746,0.0094960489581134,0.0021345716634309,2.2445136360657785e-08,0.0116306430666808,0.7892937973779861,0.1774215972807685,0.0332846053412453,-0.8535831071244682,0.0683214254801594,0.3914968086627235
20.0,-2.016056095558096,0.0097945680838936,0.0022016743573717,2.37250129700527e-08,0.0119962661662783,0.7892937973779861,0.1774215972807685,0.0332846053412453,-0.8535831071244682,0.0683214254801594,0.3914968086627235
20.0,-2.0119822555211173,0.0101013776541809,0.0022706406208875,2.5075155971014527e-08,0.0123720433502244,0.7892937973779861,0.1774215972807685,0.0332846053412453,-0.8535831071244682,0.0683214254801594,0.3914968086627235
20.0,-2.007908415484139,0.0104166698825127,0.002341513660745,2.6499263390730947e-08,0.0127582100425211,0.7892937973779861,0.1774215972807685,0.0332846053412453,-0.8535831071244682,0.0683214254801594,0.3914968086627235
20.0,-2.0038345754471605,0.0107406401943057,0.0024143374056937,2.8001218784385812e-08,0.0131550056012183,0.7892937973779861,0.1774215972807685,0.0332846053412453,-0.8535831071244682,0.0683214254801594,0.3914968086627235
20.0,-1.9997607354101816,0.0110734872411532,0.0024891565096801,2.9585100042322112e-08,0.0135626733359334,0.7892937973779861,0.1774215972807685,0.0332846053412453,-0.8535831071244682,0.0683214254801594,0.3914968086627235
20.0,-1.9956868953732032,0.0114154129137945,0.002566016354763,3.125518858870894e-08,0.0139814605237461,0.7892937973779861,0.1774215972807685,0.0332846053412453,-0.8535831071244682,0.0683214254801594,0.3914968086627235
20.0,-1.9916130553362248,0.0117666223537068,0.0026449630537188,3.3015978987756595e-08,0.0144116184234047,0.7892937973779861,0.1774215972807685,0.0332846053412453,-0.8535831071244682,0.0683214254801594,0.3914968086627235
20.0,-1.9875392152992464,0.012127323963268,0.0027260434523267,3.4872188974115765e-08,0.0148534022877836,0.7892937973779861,0.1774215972807685,0.0332846053412453,-0.8535831071244682,0.0683214254801594,0.3914968086627235
20.0,-1.9834653752622675,0.0124977294144409,0.0028093051313199,3.6828769924709244e-08,0.0153070713745307,0.7892937973779861,0.1774215972807685,0.0332846053412453,-0.8535831071244682,0.0683214254801594,0.3914968086627235
20.0,-1.979391535225289,0.012878053655927,0.0028947964079943,3.889091778986663e-08,0.0157728889548391,0.7892937973779861,0.1774215972807685,0.0332846053412453,-0.8535831071244682,0.0683214254801594,0.3914968086627235
20.0,-1.975317695188311,0.0132685149187381,0.0029825663374608,4.10640845022892e-08,0.0162511223202835,0.7892937973779861,0.1774215972807685,0.0332846053412453,-0.8535831071244682,0.0683214254801594,0.3914968086627235
20.0,-1.9712438551513325,0.0136693347201342,0.0030726647135303,4.3353989883032945e-08,0.0167420427876544,0.7892937973779861,0.1774215972807685,0.0332846053412453,-0.8535831071244682,0.0683214254801594,0.3914968086627235
20.0,-1.9671700151143536,0.0140807378658746,0.0031651420692197,4.576663406438907e-08,0.0172459257017285,0.7892937973779861,0.1774215972807685,0.0332846053412453,-0.8535831071244682,0.0683214254801594,0.3914968086627235
20.0,-1.9630961750773752,0.0145029524507312,0.0032600496768676,4.8308310450251326e-08,0.0177630504359093,0.7892937973779861,0.1774215972807685,0.0332846053412453,-0.8535831071244682,0.0683214254801594,0.3914968086627235
20.0,-1.9590223350403968,0.0149362098572084,0.0033574395478463,5.0985619235288824e-08,0.018293700390674,0.7892937973779861,0.1774215972807685,0.0332846053412453,-0.8535831071244682,0.0683214254801594,0.3914968086627235
20.0,-1.9549484950034184,0.01538074475242,0.0034573644318597,5.3805481504997644e-08,0.0188381629897613,0.7892937973779861,0.1774215972807685,0.0332846053412453,-0.8535831071244682,0.0683214254801594,0.3914968086627235
20.0,-1.9508746549664395,0.0158367950830663,0.0035598778158144,5.6775153939470556e-08,0.0193967296740347,0.7892937973779861,0.1774215972807685,0.0332846053412453,-0.8535831071244682,0.0683214254801594,0.3914968086627235
20.0,-1.946800814929461,0.0163046020684609,0.0036650339222523,5.990224414453749e-08,0.0199696958929574,0.7892937973779861,0.1774215972807685,0.0332846053412453,-0.8535831071244682,0.0683214254801594,0.3914968086627235
20.0,-1.9427269748924827,0.0167844101915521,0.003772887707332,6.319472663473404e-08,0.0205573610936108,0.7892937973779861,0.1774215972807685,0.0332846053412453,-0.8535831071244682,0.0683214254801594,0.3914968086627235
20.0,-1.938653134855504,0.0172764671878858,0.0038834948583481,6.666095949340937e-08,0.0211600287071934,0.7892937973779861,0.1774215972807685,0.0332846053412453,-0.8535831071244682,0.0683214254801594,0.3914968086627235
20.0,-1.9345792948185256,0.0177810240324561,0.0039969117907755,7.030970173614229e-08,0.0217780061329334,0.7892937973779861,0.1774215972807685,0.0332846053412453,-0.8535831071244682,0.0683214254801594,0.3914968086627235
20.0,-1.930505454781547,0.0182983349243911,0.0041131956448268,7.415013140454456e-08,0.0224116047193493,0.7892937973779861,0.1774215972807685,0.0332846053412453,-0.8535831071244682,0.0683214254801594,0.3914968086627235
20.0,-1.9264316147445688,0.0188286572694194,0.0042324042815108,7.81918644184283e-08,0.0230611397427947,0.7892937973779861,0.1774215972807685,0.0332846053412453,-0.8535831071244682,0.0683214254801594,0.3914968086627235
20.0,-1.92235777470759,0.0193722516600642,0.0043545962781811,8.24449742152712e-08,0.0237269303832196,0.7892937973779861,0.1774215972807685,0.0332846053412453,-0.8535831071244682,0.0683214254801594,0.3914968086627235
20.0,-1.9182839346706115,0.0199293818535127,0.0044798309235607,8.692001220687409e-08,0.0244092996970857,0.7892937973779861,0.1774215972807685,0.0332846053412453,-0.8535831071244682,0.0683214254801594,0.3914968086627235
20.0,-1.914210094633633,0.0205003147471073,0.0046081682122334,9.162802908410805e-08,0.0251085745873699,0.7892937973779861,0.1774215972807685,0.0332846053412453,-0.8535831071244682,0.0683214254801594,0.3914968086627235
20.0,-1.9101362545966545,0.0210853203514061,0.0047396688385879,9.658059700165949e-08,0.025825085770591,0.7892937973779861,0.1774215972807685,0.0332846053412453,-0.8535831071244682,0.0683214254801594,0.3914968086627235
20.0,-1.906062414559676,0.0216846717607612,0.0048743941902041,1.0178983267574377e-07,0.0265591677407981,0.7892937973779861,0.1774215972807685,0.0332846053412453,-0.8535831071244682,0.0683214254801594,0.3914968086627235
20.0,-1.9019885745226977,0.0222986451213626,0.0050124063406703,1.072684214288246e-07,0.0273111587304543,0.7892937973779861,0.1774215972807685,0.0332846053412453,-0.8535831071244682,0.0683214254801594,0.3914968086627235
20.0,-1.8979147344857188,0.0229275195966959,0.0051537680418181,1.130296422164858e-07,0.0280814006681562,0.7892937973779861,0.1774215972807685,0.0332846053412453,-0.8535831071244682,0.0683214254801594,0.3914968086627235
20.0,-1.8938408944487404,0.0235715773303644,0.0052985427153656,1.1908739367273123e-07,0.0288702391331237,0.7892937973779861,0.1774215972807685,0.0332846053412453,-0.8535831071244682,0.0683214254801594,0.3914968086627235
20.0,-1.8897670544117615,0.024231103406224,0.0054467944439565,1.2545622121116046e-07,0.0296780233064017,0.7892937973779861,0.1774215972807685,0.0332846053412453,-0.8535831071244682,0.0683214254801594,0.3914968086627235
20.0,-1.885693214374783,0.0249063858057829,0.0055985879615836,1.321513452206449e-07,0.0305051059187118,0.7892937973779861,0.1774215972807685,0.0332846053412453,-0.8535831071244682,0.0683214254801594,0.3914968086627235
20.0,-1.881619374337805,0.0255977153628155,0.0057539886433875,1.391886903953646e-07,0.0313518431948935,0.7892937973779861,0.1774215972807685,0.0332846053412453,-0.8535831071244682,0.0683214254801594,0.3914968086627235
20.0,-1.8775455343008265,0.0263053857151443,0.0059130624948172,1.465849162403032e-07,0.0322185947948777,0.7892937973779861,0.1774215972807685,0.0332846053412453,-0.8535831071244682,0.0683214254801594,0.3914968086627235
20.0,-1.8734716942638476,0.0270296932535414,0.0060758761401439,1.543574487945916e-07,0.0331057237511342,0.7892937973779861,0.1774215972807685,0.0332846053412453,-0.8535831071244682,0.0683214254801594,0.3914968086627235
20.0,-1.8693978542268692,0.0277709370677039,0.0062424968103178,1.6252451361639746e-07,0.0340135964025354,0.7892937973779861,0.1774215972807685,0.0332846053412453,-0.8535831071244682,0.0683214254801594,0.3914968086627235
20.0,-1.8653240141898908,0.0285294188892573,0.0064129923301552,1.711051700744009e-07,0.0349425823245827,0.7892937973779861,0.1774215972807685,0.0332846053412453,-0.8535831071244682,0.0683214254801594,0.3914968086627235
20.0,-1.861250174152912,0.0293054430317437,0.0065874311048495,1.801193469922708e-07,0.0358930542559403,0.7892937973779861,0.1774215972807685,0.0332846053412453,-0.8535831071244682,0.0683214254801594,0.3914968086627235
20.0,-1.8571763341159335,0.0300993163275501,0.0067658821057929,1.895878796939558e-07,0.0368653880212227,0.7892937973779861,0.1774215972807685,0.0332846053412453,-0.8535831071244682,0.0683214254801594,0.3914968086627235
20.0,-1.853102494078955,0.0309113480617359,0.0069484148557024,1.9953254849907027e-07,0.0378599624499868,0.7892937973779861,0.1774215972807685,0.0332846053412453,-0.8535831071244682,0.0683214254801594,0.3914968086627235
20.0,-1.8490286540419767,0.0317418499027193,0.0071350994130388,2.0997611871908354e-07,0.0388771592918769,0.7892937973779861,0.1774215972807685,0.0332846053412453,-0.8535831071244682,0.0683214254801594,0.3914968086627235
20.0,-1.844954814004998,0.0325911358297813,0.0073260063557108,2.209423822065475e-07,0.0399173631278743,0.7892937973779861,0.1774215972807685,0.0332846053412453,-0.8535831071244682,0.0683214254801594,0.3914968086627235
20.0,-1.8408809739680192,0.0334595220573501,0.0075212067640552,2.3245620051113617e-07,0.0409809612776058,0.7892937973779861,0.1774215972807685,0.0332846053412453,-0.8535831071244682,0.0683214254801594,0.3914968086627235
20.0,-1.836807133931041,0.0343473269560306,0.0077207722030855,2.445435496978257e-07,0.0420683437026659,0.7892937973779861,0.1774215972807685,0.0332846053412453,-0.8535831071244682,0.0683214254801594,0.3914968086627235
20.0,-1.8327332938940624,0.0352548709703421,0.0079247747040004,2.572315668841577e-07,0.0431799029059095,0.7892937973779861,0.1774215972807685,0.0332846053412453,-0.8535831071244682,0.0683214254801594,0.3914968086627235
20.0,-1.828659453857084,0.0361824765331306,0.0081332867449453,2.705485985551393e-07,0.0443160338266745,0.7892937973779861,0.1774215972807685,0.0332846053412453,-0.8535831071244682,0.0683214254801594,0.3914968086627235
20.0,-1.824585613820105,0.037130467976625,0.0083463812310188,2.845242507160214e-07,0.0454771337318946,0.7892937973779861,0.1774215972807685,0.0332846053412453,-0.8535831071244682,0.0683214254801594,0.3914968086627235
20.0,-1.820511773783127,0.0380991714401068,0.0085641314735183,2.991894409449001e-07,0.0466636021030661,0.7892937973779861,0.1774215972807685,0.0332846053412453,-0.8535831071244682,0.0683214254801594,0.3914968086627235
20.0,-1.8164379337461485,0.0390889147741645,0.0087866111684175,3.145764524087925e-07,0.0478758405190344,0.7892937973779861,0.1774215972807685,0.0332846053412453,-0.8535831071244682,0.0683214254801594,0.3914968086627235
20.0,-1.8123640937091696,0.0401000274415054,0.0090138943740709,3.307189899086321e-07,0.0491142525345663,0.7892937973779861,0.1774215972807685,0.0332846053412453,-0.8535831071244682,0.0683214254801594,0.3914968086627235
20.0,-1.8082902536721912,0.041132840414303,0.0092460554881387,3.47652238020403e-07,0.0503792435546798,0.7892937973779861,0.1774215972807685,0.0332846053412453,-0.8535831071244682,0.0683214254801594,0.3914968086627235
20.0,-1.8042164136352128,0.0421876860680542,0.0094831692237273,3.6541292140149515e-07,0.051671220704703,0.7892937973779861,0.1774215972807685,0.0332846053412453,-0.8535831071244682,0.0683214254801594,0.3914968086627235
20.0,-1.8001425735982344,0.0432648980719287,0.0097253105847418,3.840393673331954e-07,0.052990592696038,0.7892937973779861,0.1774215972807685,0.0332846053412453,-0.8535831071244682,0.0683214254801594,0.3914968086627235
20.0,-1.7960687335612555,0.0443648112755904,0.009972554840445,4.0357157057215946e-07,0.0543377696876061,0.7892937973779861,0.1774215972807685,0.0332846053412453,-0.8535831071244682,0.0683214254801594,0.3914968086627235
20.0,-1.791994893524277,0.0454877615924756,0.0102249774992199,4.24051260585589e-07,0.0557131631429561,0.7892937973779861,0.1774215972807685,0.0332846053412453,-0.8535831071244682,0.0683214254801594,0.3914968086627235
20.0,-1.787921053487299,0.0466340858795149,0.0104826542815333,4.455219712468756e-07,0.0571171856830194,0.7892937973779861,0.1774215972807685,0.0332846053412453,-0.8535831071244682,0.0683214254801594,0.3914968086627235
20.0,-1.7838472134503205,0.0478041218132862,0.0107456610920964,4.6802911307039876e-07,0.0585502509344957,0.7892937973779861,0.1774215972807685,0.0332846053412453,-0.8535831071244682,0.0683214254801594,0.3914968086627235
20.0,-1.7797733734133416,0.0489982077625912,0.0110140739912222,4.916200480662341e-07,0.0600127733738615,0.7892937973779861,0.1774215972807685,0.0332846053412453,-0.8535831071244682,0.0683214254801594,0.3914968086627235
20.0,-1.7756995333763632,0.0502166826574479,0.0112879691653768,5.163441672975394e-07,0.061505168166992,0.7892937973779861,0.1774215972807685,0.0332846053412453,-0.8535831071244682,0.0683214254801594,0.3914968086627235
20.0,-1.7716256933393846,0.0514598858544969,0.0115674228969248,5.42252971225552e-07,0.063027851004393,0.7892937973779861,0.1774215972807685,0.0332846053412453,-0.8535831071244682,0.0683214254801594,0.3914968086627235
20.0,-1.7675518533024062,0.0527281569988182,0.0118525115330678,5.694001529291525e-07,0.064581237932039,0.7892937973779861,0.1774215972807685,0.0332846053412453,-0.8535831071244682,0.0683214254801594,0.3914968086627235
20.0,-1.7634780132654275,0.0540218358821631,0.0121433114539767,5.978416842881869e-07,0.0661657451778242,0.7892937973779861,0.1774215972807685,0.0332846053412453,-0.8535831071244682,0.0683214254801594,0.3914968086627235
20.0,-1.759404173228449,0.0553412622976022,0.0124398990401193,6.276359052218197e-07,0.0677817889736268,0.7892937973779861,0.1774215972807685,0.0332846053412453,-0.8535831071244682,0.0683214254801594,0.3914968086627235
20.0,-1.7553303331914705,0.0566867758906004,0.0127423506387835,6.588436160755155e-07,0.0694297853730001,0.7892937973779861,0.1774215972807685,0.0332846053412453,-0.8535831071244682,0.0683214254801594,0.3914968086627235
20.0,-1.751256493154492,0.0580587160065258,0.0130507425298001,6.91528173252348e-07,0.0711101500644992,0.7892937973779861,0.1774215972807685,0.0332846053412453,-0.8535831071244682,0.0683214254801594,0.3914968086627235
20.0,-1.7471826531175134,0.0594574215346084,0.0133651508904666,7.2575558818669e-07,0.0728232981806633,0.7892937973779861,0.1774215972807685,0.0332846053412453,-0.8535831071244682,0.0683214254801594,0.3914968086627235
20.0,-1.743108813080535,0.0608832307483628,0.0136856517596769,7.615946297605915e-07,0.0745696441026695,0.7892937973779861,0.1774215972807685,0.0332846053412453,-0.8535831071244682,0.0683214254801594,0.3914968086627235
20.0,-1.7390349730435564,0.0623364811424957,0.0140123210012603,7.991169302654316e-07,0.0763496012606863,0.7892937973779861,0.1774215972807685,0.0332846053412453,-0.8535831071244682,0.0683214254801594,0.3914968086627235
20.0,-1.734961133006578,0.0638175092663201,0.0143452342665356,8.383970950137986e-07,0.0781635819299508,0.7892937973779861,0.1774215972807685,0.0332846053412453,-0.8535831071244682,0.0683214254801594,0.3914968086627235
20.0,-1.730887292969599,0.065326650553702,0.0146844669560856,8.795128157089044e-07,0.0800119970226034,0.7892937973779861,0.1774215972807685,0.0332846053412453,-0.8535831071244682,0.0683214254801594,0.3914968086627235
20.0,-1.726813452932621,0.0668642391495681,0.0150300941807585,9.225449876811846e-07,0.0818952558753143,0.7892937973779861,0.1774215972807685,0.0332846053412453,-0.8535831071244682,0.0683214254801594,0.3914968086627235
20.0,-1.7227396128956425,0.0684306077330084,0.015382190721904,9.675778311041817e-07,0.0838137660327436,0.7892937973779861,0.1774215972807685,0.0332846053412453,-0.8535831071244682,0.0683214254801594,0.3914968086627235
20.0,-1.7186657728586638,0.0700260873370078,0.0157408309908518,1.014699016304122e-06,0.0857679330268759,0.7892937973779861,0.1774215972807685,0.0332846053412453,-0.8535831071244682,0.0683214254801594,0.3914968086627235
20.0,-1.7145919328216852,0.071651007164846,0.0161060889876408,1.063999793280185e-06,0.0877581601522801,0.7892937973779861,0.1774215972807685,0.0332846053412453,-0.8535831071244682,0.0683214254801594,0.3914968086627235
20.0,-1.7105180927847068,0.0733056944032099,0.0164780382590095,1.115575125554734e-06,0.089784848237345,0.7892937973779861,0.1774215972807685,0.0332846053412453,-0.8535831071244682,0.0683214254801594,0.3914968086627235
20.0,-1.7064442527477284,0.0749904740320627,0.0168567518556578,1.1695238284753803e-06,0.091848395411549,0.7892937973779861,0.1774215972807685,0.0332846053412453,-0.8535831071244682,0.0683214254801594,0.3914968086627235
20.0,-1.7023704127107495,0.0767056686313207,0.01724230228879,1.225948712093092e-06,0.0939491968688229,0.7892937973779861,0.1774215972807685,0.0332846053412453,-0.8535831071244682,0.0683214254801594,0.3914968086627235
20.0,-1.698296572673771,0.0784515981843899,0.0176347614859537,1.2849567287431862e-06,0.0960876446270725,0.7892937973779861,0.1774215972807685,0.0332846053412453,-0.8535831071244682,0.0683214254801594,0.3914968086627235
20.0,-1.694222732636793,0.080228579878621,0.0180342007461842,1.3466591254583763e-06,0.0982641272839307,0.7892937973779861,0.1774215972807685,0.0332846053412453,-0.8535831071244682,0.0683214254801594,0.3914968086627235
20.0,-1.6901488925998145,0.0820369279027418,0.0184406906944707,1.411171601345668e-06,0.1004790297688139,0.7892937973779861,0.1774215972807685,0.0332846053412453,-0.8535831071244682,0.0683214254801594,0.3914968086627235
20.0,-1.6860750525628356,0.0838769532413327,0.0188543012355574,1.4786144700613043e-06,0.1027327330913602,0.7892937973779861,0.1774215972807685,0.0332846053412453,-0.8535831071244682,0.0683214254801594,0.3914968086627235
20.0,-1.682001212525857,0.0857489634664116,0.0192751015070948,1.5491128275204602e-06,0.1050256140863339,0.7892937973779861,0.1774215972807685,0.0332846053412453,-0.8535831071244682,0.0683214254801594,0.3914968086627235
20.0,-1.6779273724888786,0.0876532625262011,0.0197031598321576,1.622796724981027e-06,0.1073580451550837,0.7892937973779861,0.1774215972807685,0.0332846053412453,-0.8535831071244682,0.0683214254801594,0.3914968086627235
20.0,-1.6738535324519002,0.0895901505311552,0.020138543671147,1.6998013476430932e-06,0.1097303940036499,0.7892937973779861,0.1774215972807685,0.0332846053412453,-0.8535831071244682,0.0683214254801594,0.3914968086627235
20.0,-1.6697796924149215,0.0915599235373205,0.0205813195730929,1.7802671989083551e-06,0.1121430233776124,0.7892937973779861,0.1774215972807685,0.0332846053412453,-0.8535831071244682,0.0683214254801594,0.3914968086627235
20.0,-1.6657058523779429,0.0935628733271191,0.0210315531263779,1.8643402904461409e-06,0.1145962907937875,0.7892937973779861,0.1774215972807685,0.0332846053412453,-0.8535831071244682,0.0683214254801594,0.3914968086627235
20.0,-1.6616320123409645,0.0955992871876386,0.0214893089088993,1.9521723382152425e-06,0.1170905482688762,0.7892937973779861,0.1774215972807685,0.0332846053412453,-0.8535831071244682,0.0683214254801594,0.3914968086627235
20.0,-1.657558172303986,0.0976694476865201,0.0219546504376928,2.043920964593054e-06,0.1196261420451776,0.7892937973779861,0.1774215972807685,0.0332846053412453,-0.8535831071244682,0.0683214254801594,0.3914968086627235
20.0,-1.6534843322670074,0.0997736324455384,0.0224276401180363,2.1397499067661405e-06,0.1222034123134815,0.7892937973779861,0.1774215972807685,0.0332846053412453,-0.8535831071244682,0.0683214254801594,0.3914968086627235
20.0,-1.6494104922300288,0.1019121139119735,0.0229083391920574,2.239829231538553e-06,0.1248226929332624,0.7892937973779861,0.1774215972807685,0.0332846053412453,-0.8535831071244682,0.0683214254801594,0.3914968086627235
20.0,-1.6453366521930504,0.1040851591278753,0.0233968076868681,2.344335556716803e-06,0.1274843111503002,0.7892937973779861,0.1774215972807685,0.0332846053412453,-0.8535831071244682,0.0683214254801594,0.3914968086627235
20.0,-1.641262812156072,0.1062930294973292,0.0238931043622489,2.4534522792326525e-06,0.1301885873118574,0.7892937973779861,0.1774215972807685,0.0332846053412453,-0.8535831071244682,0.0683214254801594,0.3914968086627235
20.0,-1.6371889721190933,0.1085359805518285,0.0243972866579084,2.5673698101671464e-06,0.1329358345795471,0.7892937973779861,0.1774215972807685,0.0332846053412453,-0.8535831071244682,0.0683214254801594,0.3914968086627235
20.0,-1.633115132082115,0.110814261713872,0.0249094106403434,2.6862858168416935e-06,0.1357263586400323,0.7892937973779861,0.1774215972807685,0.0332846053412453,-0.8535831071244682,0.0683214254801594,0.3914968086627235
20.0,-1.6290412920451365,0.113128116058902,0.025429530949326,2.810405472144247e-06,0.1385604574137001,0.7892937973779861,0.1774215972807685,0.0332846053412453,-0.8535831071244682,0.0683214254801594,0.3914968086627235
20.0,-1.6249674520081578,0.1154777800757033,0.0259577007440449,2.939941711260827e-06,0.1414384207614595,0.7892937973779861,0.1774215972807685,0.0332846053412453,-0.8535831071244682,0.0683214254801594,0.3914968086627235
20.0,-1.6208936119711792,0.1178634834253898,0.0264939716489292,3.075115495984593e-06,0.144360530189815,0.7892937973779861,0.1774215972807685,0.0332846053412453,-0.8535831071244682,0.0683214254801594,0.3914968086627235
20.0,-1.6168197719342008,0.1202854486991065,0.0270383936991833,3.216156086777173e-06,0.1473270585543767,0.7892937973779861,0.1774215972807685,0.0332846053412453,-0.8535831071244682,0.0683214254801594,0.3914968086627235
20.0,-1.6127459318972224,0.1227438911745798,0.027591015286063,3.3633013227585828e-06,0.1503382697619656,0.7892937973779861,0.1774215972807685,0.0332846053412453,-0.8535831071244682,0.0683214254801594,0.3914968086627235
20.0,-1.6086720918602435,0.1252390185716509,0.0281518831019232,3.5167979098043826e-06,0.153394418471484,0.7892937973779861,0.1774215972807685,0.0332846053412453,-0.8535831071244682,0.0683214254801594,0.3914968086627235
20.0,-1.604598251823265,0.1277710308069335,0.0287210420850681,3.676901716930235e-06,0.1564957497937186,0.7892937973779861,0.1774215972807685,0.0332846053412453,-0.8535831071244682,0.0683214254801594,0.3914968086627235
20.0,-1.600524411786287,0.1303401197477373,0.0292985353644376,3.843878081146417e-06,0.1596424989902561,0.7892937973779861,0.1774215972807685,0.0332846053412453,-0.8535831071244682,0.0683214254801594,0.3914968086627235
20.0,-1.5964505717493085,0.1329464689654056,0.0298844042041603,4.018002120966069e-06,0.162834891171687,0.7892937973779861,0.1774215972807685,0.0332846053412453,-0.8535831071244682,0.0683214254801594,0.3914968086627235
20.0,-1.5923767317123296,0.1355902534882154,0.03047868794801,4.199559058752917e-06,0.1660731409952842,0.7892937973779861,0.1774215972807685,0.0332846053412453,-0.8535831071244682,0.0683214254801594,0.3914968086627235
20.0,-1.588302891675351,0.1382716395539931,0.0310814239637965,4.388844552095837e-06,0.1693574523623418,0.7892937973779861,0.1774215972807685,0.0332846053412453,-0.8535831071244682,0.0683214254801594,0.3914968086627235
20.0,-1.5842290516383726,0.1409907843626048,0.03169264758773,4.5861650343988935e-06,0.1726880181153693,0.7892937973779861,0.1774215972807685,0.0332846053412453,-0.8535831071244682,0.0683214254801594,0.3914968086627235
20.0,-1.5801552116013942,0.1437478358284794,0.0323123920687911,4.7918380648772335e-06,0.1760650197353355,0.7892937973779861,0.1774215972807685,0.0332846053412453,-0.8535831071244682,0.0683214254801594,0.3914968086627235
20.0,-1.5760813715644155,0.1465429323333265,0.0329406885131459,5.006192688149993e-06,0.1794886270391606,0.7892937973779861,0.1774215972807685,0.0332846053412453,-0.8535831071244682,0.0683214254801594,0.3914968086627235
20.0,-1.5720075315274369,0.1493762024792164,0.0335775658286419,5.229569803623258e-06,0.1829589978776619,0.7892937973779861,0.1774215972807685,0.0332846053412453,-0.8535831071244682,0.0683214254801594,0.3914968086627235
20.0,-1.5679336914904585,0.1522477648421926,0.0342230506694236,5.462322544856475e-06,0.1864762778341612,0.7892937973779861,0.1774215972807685,0.0332846053412453,-0.8535831071244682,0.0683214254801594,0.3914968086627235
20.0,-1.56385985145348,0.1551577277265862,0.0348771673807065,5.7048166691072075e-06,0.1900405999239618,0.7892937973779861,0.1774215972807685,0.0332846053412453,-0.8535831071244682,0.0683214254801594,0.3914968086627235
20.0,-1.5597860114165014,0.1581061889202077,0.0355399379437472,5.957430957249482e-06,0.1936520842949122,0.7892937973779861,0.1774215972807685,0.0332846053412453,-0.8535831071244682,0.0683214254801594,0.3914968086627235
20.0,-1.5557121713795228,0.1610932354505945,0.0362113819210516,6.2205576242621e-06,0.1973108379292704,0.7892937973779861,0.1774215972807685,0.0332846053412453,-0.8535831071244682,0.0683214254801594,0.3914968086627235
20.0,-1.5516383313425444,0.1641189433424934,0.036891516401861,6.4946027404834235e-06,0.2010169543470949,0.7892937973779861,0.1774215972807685,0.0332846053412453,-0.8535831071244682,0.0683214254801594,0.3914968086627235
20.0,-1.547564491305566,0.1671833773767608,0.0375803559479557,6.779986663829934e-06,0.2047705133113804,0.7892937973779861,0.1774215972807685,0.0332846053412453,-0.8535831071244682,0.0683214254801594,0.3914968086627235
20.0,-1.5434906512685873,0.1702865908508657,0.0382779125398204,7.077144483175324e-06,0.2085715805351693,0.7892937973779861,0.1774215972807685,0.0332846053412453,-0.8535831071244682,0.0683214254801594,0.3914968086627235
20.0,-1.539416811231609,0.1734286253411812,0.03898419552321,7.3865264730882525e-06,0.2124202073908644,0.7892937973779861,0.1774215972807685,0.0332846053412453,-0.8535831071244682,0.0683214254801594,0.3914968086627235
20.0,-1.5353429711946305,0.1766095104672561,0.039699211556162,7.708598560125165e-06,0.2163164306219783,0.7892937973779861,0.1774215972807685,0.0332846053412453,-0.8535831071244682,0.0683214254801594,0.3914968086627235
20.0,-1.5312691311576518,0.1798292636582568,0.0404229645564959,8.043842800875888e-06,0.2202602720575536,0.7892937973779861,0.1774215972807685,0.0332846053412453,-0.8535831071244682,0.0683214254801594,0.3914968086627235
20.0,-1.5271952911206732,0.1830878899217717,0.0411554556498434,8.392757871957638e-06,0.2242517383294871,0.7892937973779861,0.1774215972807685,0.0332846053412453,-0.8535831071244682,0.0683214254801594,0.3914968086627235
20.0,-1.5231214510836946,0.1863853816151739,0.0418966831182551,8.755859572154034e-06,0.2282908205930012,0.7892937973779861,0.1774215972807685,0.0332846053412453,-0.8535831071244682,0.0683214254801594,0.3914968086627235
20.0,-1.5190476110467162,0.1897217182197396,0.0426466423494244,9.13368133689338e-06,0.232377494250501,0.7892937973779861,0.1774215972807685,0.0332846053412453,-0.8535831071244682,0.0683214254801594,0.3914968086627235
20.0,-1.5149737710097375,0.1930968661177187,0.0434053257865774,9.526774765260458e-06,0.2365117186790614,0.7892937973779861,0.1774215972807685,0.0332846053412453,-0.8535831071244682,0.0683214254801594,0.3914968086627235
20.0,-1.510899930972759,0.1965107783725572,0.0441727228790695,9.935710159734132e-06,0.2406934369617865,0.7892937973779861,0.1774215972807685,0.0332846053412453,-0.8535831071244682,0.0683214254801594,0.3914968086627235
20.0,-1.506826090935781,0.199963394512472,0.044948820033736,1.0361077078841315e-05,0.2449225756232869,0.7892937973779861,0.1774215972807685,0.0332846053412453,-0.8535831071244682,0.0683214254801594,0.3914968086627235
20.0,-1.5027522508988025,0.203454640317581,0.0457336005670431,1.0803484902917923e-05,0.2491990443695271,0.7892937973779861,0.1774215972807685,0.0332846053412453,-0.8535831071244682,0.0683214254801594,0.3914968086627235
20.0,-1.4986784108618236,0.2069844276107879,0.0465270446580806,1.1263563413162032e-05,0.2535227358322818,0.7892937973779861,0.1774215972807685,0.0332846053412453,-0.8535831071244682,0.0683214254801594,0.3914968086627235
20.0,-1.494604570824845,0.2105526540526267,0.047329129302447,1.1741963384165633e-05,0.2578935253184579,0.7892937973779861,0.1774215972807685,0.0332846053412453,-0.8535831071244682,0.0683214254801594,0.3914968086627235
20.0,-1.4905307307878666,0.2141592029402698,0.0481398282670689,1.2239357190106773e-05,0.2623112705645288,0.7892937973779861,0.1774215972807685,0.0332846053412453,-0.8535831071244682,0.0683214254801594,0.3914968086627235
20.0,-1.4864568907508882,0.217803943010903,0.0489591120460028,1.2756439424782026e-05,0.2667758114963307,0.7892937973779861,0.1774215972807685,0.0332846053412453,-0.8535831071244682,0.0683214254801594,0.3914968086627235
20.0,-1.4823830507139095,0.2214867282496699,0.049786947817264,1.329392753565538e-05,0.2712869699944695,0.7892937973779861,0.1774215972807685,0.0332846053412453,-0.8535831071244682,0.0683214254801594,0.3914968086627235
20.0,-1.4783092106769309,0.2252073977023929,0.0506232994007286,1.385256247209682e-05,0.2758445496655937,0.7892937973779861,0.1774215972807685,0.0332846053412453,-0.8535831071244682,0.0683214254801594,0.3914968086627235
20.0,-1.4742353706399525,0.2289657752932728,0.0514681272171555,1.4433109347980612e-05,0.2804483356197763,0.7892937973779861,0.1774215972807685,0.0332846053412453,-0.8535831071244682,0.0683214254801594,0.3914968086627235
20.0,-1.470161530602974,0.2327616696477701,0.0523213882483726,1.5036358118808338e-05,0.2850980942542615,0.7892937973779861,0.1774215972807685,0.0332846053412453,-0.8535831071244682,0.0683214254801594,0.3914968086627235
20.0,-1.4660876905659954,0.2365948739208742,0.053183035998674,1.56631242735179e-05,0.2897935730438217,0.7892937973779861,0.1774215972807685,0.0332846053412453,-0.8535831071244682,0.0683214254801594,0.3914968086627235
20.0,-1.4620138505290168,0.2404651656309569,0.0540530204574731,1.6314249541135622e-05,0.2945345003379712,0.7892937973779861,0.1774215972807685,0.0332846053412453,-0.8535831071244682,0.0683214254801594,0.3914968086627235
20.0,-1.4579400104920384,0.2443723064994192,0.0549312880632574,1.6990602612422854e-05,0.2993205851652891,0.7892937973779861,0.1774215972807685,0.0332846053412453,-0.8535831071244682,0.0683214254801594,0.3914968086627235
20.0,-1.45386617045506,0.2483160422963266,0.0558177816688895,1.769307987666392e-05,0.3041515170450928,0.7892937973779861,0.1774215972807685,0.0332846053412453,-0.8535831071244682,0.0683214254801594,0.3914968086627235
20.0,-1.4497923304180813,0.2522961026922318,0.0567124405082991,1.842260617373584e-05,0.3090269658067047,0.7892937973779861,0.1774215972807685,0.0332846053412453,-0.8535831071244682,0.0683214254801594,0.3914968086627235
20.0,-1.445718490381103,0.2563122011163857,0.0576152001646111,1.9180135561595016e-05,0.3139465814165584,0.7892937973779861,0.1774215972807685,0.0332846053412453,-0.8535831071244682,0.0683214254801594,0.3914968086627235
20.0,-1.4416446503441245,0.2603640346215306,0.0585259925397529,1.9966652099309577e-05,0.3189099938133828,0.7892937973779861,0.1774215972807685,0.0332846053412453,-0.8535831071244682,0.0683214254801594,0.3914968086627235
20.0,-1.4375708103071458,0.2644512837554693,0.0594447458255849,2.0783170645759097e-05,0.3239168127517,0.7892937973779861,0.1774215972807685,0.0332846053412453,-0.8535831071244682,0.0683214254801594,0.3914968086627235
20.0,-1.4334969702701672,0.2685736124396031,0.060371384476598,2.163073767411627e-05,0.3289666276538753,0.7892937973779861,0.1774215972807685,0.0332846053412453,-0.8535831071244682,0.0683214254801594,0.3914968086627235
20.0,-1.4294231302331886,0.2727306678546271,0.0613058291842194,2.2510432102218077e-05,0.3340590074709487,0.7892937973779861,0.1774215972807685,0.0332846053412453,-0.8535831071244682,0.0683214254801594,0.3914968086627235
20.0,-1.4253492901962102,0.2769220803335714,0.0622479968527697,2.3423366138925804e-05,0.3391935005524801,0.7892937973779861,0.1774215972807685,0.0332846053412453,-0.8535831071244682,0.0683214254801594,0.3914968086627235
20.0,-1.4212754501592315,0.2811474632623725,0.0631978005771131,2.4370686146564905e-05,0.3443696345256323,0.7892937973779861,0.1774215972807685,0.0332846053412453,-0.8535831071244682,0.0683214254801594,0.3914968086627235
20.0,-1.417201610122253,0.285406412988156,0.0641551496220406,2.535357351952705e-05,0.3495869161837162,0.7892937973779861,0.1774215972807685,0.0332846053412453,-0.8535831071244682,0.0683214254801594,0.3914968086627235
20.0,-1.4131277700852745,0.2896985087354071,0.0651199494034262,2.6373245579107342e-05,0.3548448313844125,0.7892937973779861,0.1774215972807685,0.0332846053412453,-0.8535831071244682,0.0683214254801594,0.3914968086627235
20.0,-1.409053930048296,0.2940233125302096,0.0660921014711971,2.743095648464091e-05,0.3601428449578914,0.7892937973779861,0.1774215972807685,0.0332846053412453,-0.8535831071244682,0.0683214254801594,0.3914968086627235
20.0,-1.4049800900113176,0.2983803691327204,0.0670715034941551,2.8527998160991984e-05,0.3654804006250365,0.7892937973779861,0.1774215972807685,0.0332846053412453,-0.8535831071244682,0.0683214254801594,0.3914968086627235
20.0,-1.400906249974339,0.3027692059780488,0.0680580492466868,2.9665701242438416e-05,0.3708569209259781,0.7892937973779861,0.1774215972807685,0.0332846053412453,-0.8535831071244682,0.0683214254801594,0.3914968086627235
20.0,-1.3968324099373604,0.3071893331257046,0.0690516285974005,3.084543603298425e-05,0.3762718071591381,0.7892937973779861,0.1774215972807685,0.0332846053412453,-0.8535831071244682,0.0683214254801594,0.3914968086627235
20.0,-1.392758569900382,0.3116402432177765,0.0700521274997254,3.20686134831206e-05,0.381724439330985,0.7892937973779861,0.1774215972807685,0.0332846053412453,-0.8535831071244682,0.0683214254801594,0.3914968086627235
20.0,-1.3886847298634035,0.3161214114459958,0.0710594279845076,3.3336686183044474e-05,0.3872141761166866,0.7892937973779861,0.1774215972807685,0.0332846053412453,-0.8535831071244682,0.0683214254801594,0.3914968086627235
20.0,-1.3846108898264249,0.320632295527835,0.0720734081546382,3.465114937233098e-05,0.3927403548318456,0.7892937973779861,0.1774215972807685,0.0332846053412453,-0.8535831071244682,0.0683214254801594,0.3914968086627235
20.0,-1.3805370497894462,0.3251723356917893,0.0730939421817438,3.6013541966043084e-05,0.3983022914154991,0.7892937973779861,0.1774215972807685,0.0332846053412453,-0.8535831071244682,0.0683214254801594,0.3914968086627235
20.0,-1.3764632097524678,0.329740954671984,0.074120900304975,3.7425447597249305e-05,0.4038992804245564,0.7892937973779861,0.1774215972807685,0.0332846053412453,-0.8535831071244682,0.0683214254801594,0.3914968086627235
20.0,-1.3723893697154894,0.3343375577122423,0.0751541488319208,3.88884956759062e-05,0.4095305950398391,0.7892937973779861,0.1774215972807685,0.0332846053412453,-0.8535831071244682,0.0683214254801594,0.3914968086627235
20.0,-1.3683155296785108,0.338961532579745,0.0761935501416787,4.04043624640462e-05,0.4151954870838878,0.7892937973779861,0.1774215972807685,0.0332846053412453,-0.8535831071244682,0.0683214254801594,0.3914968086627235
20.0,-1.3642416896415324,0.343612249588408,0.0772389626901099,4.19747721671993e-05,0.4208931870506852,0.7892937973779861,0.1774215972807685,0.0332846053412453,-0.8535831071244682,0.0683214254801594,0.3914968086627235
20.0,-1.360167849604554,0.3482890616321003,0.078290241017306,4.3601498041960705e-05,0.4266229041474483,0.7892937973779861,0.1774215972807685,0.0332846053412453,-0.8535831071244682,0.0683214254801594,0.3914968086627235
20.0,-1.3560940095675753,0.3529913042278125,0.0793472357572931,4.5286363519598815e-05,0.4323838263486252,0.7892937973779861,0.1774215972807685,0.0332846053412453,-0.8535831071244682,0.0683214254801594,0.3914968086627235
20.0,-1.352020169530597,0.3577182955688865,0.0804097936499963,4.703124334558419e-05,0.4381751204622285,0.7892937973779861,0.1774215972807685,0.0332846053412453,-0.8535831071244682,0.0683214254801594,0.3914968086627235
20.0,-1.3479463294936185,0.36246933658841,0.0814777575554907,4.883806473490175e-05,0.4439959322086357,0.7892937973779861,0.1774215972807685,0.0332846053412453,-0.8535831071244682,0.0683214254801594,0.3914968086627235
20.0,-1.3438724894566398,0.3672437110328682,0.0825509664705566,5.070880854299122e-05,0.4498453863119678,0.7892937973779861,0.1774215972807685,0.0332846053412453,-0.8535831071244682,0.0683214254801594,0.3914968086627235
20.0,-1.3397986494196612,0.372040685546145,0.0836292555475619,5.2645510452142064e-05,0.4557225866041591,0.7892937973779861,0.1774215972807685,0.0332846053412453,-0.8535831071244682,0.0683214254801594,0.3914968086627235
20.0,-1.3357248093826826,0.3768595097639522,0.0847124561156885,5.465026217315169e-05,0.4616266161418139,0.7892937973779861,0.1774215972807685,0.0332846053412453,-0.8535831071244682,0.0683214254801594,0.3914968086627235
20.0,-1.331650969345704,0.3816994164187682,0.0858003957045208,5.672521266203685e-05,0.4675565373359511,0.7892937973779861,0.1774215972807685,0.0332846053412453,-0.8535831071244682,0.0683214254801594,0.3914968086627235
20.0,-1.3275771293087255,0.3865596214553501,0.0868928980700112,5.887256935156634e-05,0.473511392094713,0.7892937973779861,0.1774215972807685,0.0332846053412453,-0.8535831071244682,0.0683214254801594,0.3914968086627235
20.0,-1.323503289271747,0.3914393241568814,0.0879897832228364,6.109459939736491e-05,0.4794902019791152,0.7892937973779861,0.1774215972807685,0.0332846053412453,-0.8535831071244682,0.0683214254801594,0.3914968086627235
20.0,-1.3194294492347685,0.3963377072818103,0.0890908674591564,6.339363093831691e-05,0.4854919683719051,0.7892937973779861,0.1774215972807685,0.0332846053412453,-0.8535831071244682,0.0683214254801594,0.3914968086627235
20.0,-1.31535560919779,0.401253937211426,0.0901959633937875,6.577205437097653e-05,0.4915156726595845,0.7892937973779861,0.1774215972807685,0.0332846053412453,-0.8535831071244682,0.0683214254801594,0.3914968086627235
20.0,-1.3112817691608116,0.4061871641082109,0.0913048799957976,6.823232363767043e-05,0.4975602764276463,0.7892937973779861,0.1774215972807685,0.0332846053412453,-0.8535831071244682,0.0683214254801594,0.3914968086627235
20.0,-1.307207929123833,0.4111365220849998,0.0924174226265307,7.077695752795515e-05,0.5036247216690586,0.7892937973779861,0.1774215972807685,0.0332846053412453,-0.8535831071244682,0.0683214254801594,0.3914968086627235
20.0,-1.3031340890868544,0.416101129384969,0.0935333930800657,7.34085409930675e-05,0.5097079310060277,0.7892937973779861,0.1774215972807685,0.0332846053412453,-0.8535831071244682,0.0683214254801594,0.3914968086627235
20.0,-1.299060249049876,0.4210800885724741,0.0946525896261142,7.612972647298843e-05,0.5158088079250613,0.7892937973779861,0.1774215972807685,0.0332846053412453,-0.8535831071244682,0.0683214254801594,0.3914968086627235
20.0,-1.2949864090128975,0.4260724867347407,0.0957748070553571,7.894323523570888e-05,0.5219262370253335,0.7892937973779861,0.1774215972807685,0.0332846053412453,-0.8535831071244682,0.0683214254801594,0.3914968086627235
20.0,-1.2909125689759189,0.4310773956944072,0.0968998367272216,8.185185872826519e-05,0.528059084280357,0.7892937973779861,0.1774215972807685,0.0332846053412453,-0.8535831071244682,0.0683214254801594,0.3914968086627235
20.0,-1.2868387289389402,0.4360938722329133,0.0980274666200953,8.485845993908967e-05,0.5342061973129478,0.7892937973779861,0.1774215972807685,0.0332846053412453,-0.8535831071244682,0.0683214254801594,0.3914968086627235
20.0,-1.2827648889019618,0.4411209583247132,0.0991574813839741,8.796597477118985e-05,0.5403664056834586,0.7892937973779861,0.1774215972807685,0.0332846053412453,-0.8535831071244682,0.0683214254801594,0.3914968086627235
20.0,-1.2786910488649834,0.446157681382293,0.1002896623955382,9.117741342564989e-05,0.546538521191257,0.7892937973779861,0.1774215972807685,0.0332846053412453,-0.8535831071244682,0.0683214254801594,0.3914968086627235
20.0,-1.2746172088280048,0.4512030545119507,0.101423787815648,9.449586179491512e-05,0.5527213381893936,0.7892937973779861,0.1774215972807685,0.0332846053412453,-0.8535831071244682,0.0683214254801594,0.3914968086627235
20.0,-1.270543368791026,0.4562560767803012,0.1025596326492502,9.792448286529868e-05,0.5589136339124168,0.7892937973779861,0.1774215972807685,0.0332846053412453,-0.8535831071244682,0.0683214254801594,0.3914968086627235
20.0,-1.2664695287540475,0.4613157334914533,0.1036969688076833,0.0001014665181281,0.5651141688172648,0.7892937973779861,0.1774215972807685,0.0332846053412453,-0.8535831071244682,0.0683214254801594,0.3914968086627235
20.0,-1.2623956887170693,0.4663809964747984,0.1048355651733683,0.0001051252889988,0.5713216869371657,0.7892937973779861,0.1774215972807685,0.0332846053412453,-0.8535831071244682,0.0683214254801594,0.3914968086627235
20.0,-1.258321848680091,0.4714508243833404,0.1059751876668685,0.0001089041982436,0.5775349162484525,0.7892937973779861,0.1774215972807685,0.0332846053412453,-0.8535831071244682,0.0683214254801594,0.3914968086627235
20.0,-1.254248008643112,0.4765241630024893,0.1071155993163021,0.0001128067314124,0.5837525690502039,0.7892937973779861,0.1774215972807685,0.0332846053412453,-0.8535831071244682,0.0683214254801594,0.3914968086627235
20.0,-1.2501741686061336,0.4815999455692332,0.1082565603290875,0.0001168364582783,0.589973342356599,0.7892937973779861,0.1774215972807685,0.0332846053412453,-0.8535831071244682,0.0683214254801594,0.3914968086627235
20.0,-1.2461003285691552,0.4866770931015928,0.1093978281659991,0.0001209970342818,0.5961959183018738,0.7892937973779861,0.1774215972807685,0.0332846053412453,-0.8535831071244682,0.0683214254801594,0.3914968086627235
20.0,-1.2420264885321766,0.4917545147382517,0.110539157617512,0.0001252922019797,0.6024189645577436,0.7892937973779861,0.1774215972807685,0.0332846053412453,-0.8535831071244682,0.0683214254801594,0.3914968086627235
20.0,-1.237952648495198,0.496831108088249,0.1116803008824073,0.0001297257924979,0.6086411347631543,0.7892937973779861,0.1774215972807685,0.0332846053412453,-0.8535831071244682,0.0683214254801594,0.3914968086627235
20.0,-1.2338788084582195,0.5019057595906181,0.1128210076486133,0.0001343017269865,0.6148610689662181,0.7892937973779861,0.1774215972807685,0.0332846053412453,-0.8535831071244682,0.0683214254801594,0.3914968086627235
20.0,-1.229804968421241,0.5069773448838315,0.1139610251762522,0.0001390240180774,0.6210773940781612,0.7892937973779861,0.1774215972807685,0.0332846053412453,-0.8535831071244682,0.0683214254801594,0.3914968086627235
20.0,-1.2257311283842625,0.5120447291849173,0.1151000983828589,0.0001438967713428,0.6272887243391191,0.7892937973779861,0.1774215972807685,0.0332846053412453,-0.8535831071244682,0.0683214254801594,0.3914968086627235
20.0,-1.221657288347284,0.5171067676780977,0.1162379699307418,0.0001489241867539,0.6334936617955935,0.7892937973779861,0.1774215972807685,0.0332846053412453,-0.8535831071244682,0.0683214254801594,0.3914968086627235
20.0,-1.2175834483103054,0.5221623059127937,0.1173743803164479,0.0001541105601386,0.6396907967893802,0.7892937973779861,0.1774215972807685,0.0332846053412453,-0.8535831071244682,0.0683214254801594,0.3914968086627235
20.0,-1.213509608273327,0.5272101802108218,0.1185090679622952,0.0001594602846378,0.6458787084577549,0.7892937973779861,0.1774215972807685,0.0332846053412453,-0.8535831071244682,0.0683214254801594,0.3914968086627235
20.0,-1.2094357682363484,0.5322492180826213,0.1196417693099339,0.0001649778521587,0.652055965244714,0.7892937973779861,0.1774215972807685,0.0332846053412453,-0.8535831071244682,0.0683214254801594,0.3914968086627235
20.0,-1.20536192819937,0.5372782386523139,0.120772218915894,0.0001706678548242,0.6582211254230322,0.7892937973779861,0.1774215972807685,0.0332846053412453,-0.8535831071244682,0.0683214254801594,0.3914968086627235
20.0,-1.2012880881623913,0.5422960530914173,0.1219001495490774,0.0001765349864172,0.6643727376269118,0.7892937973779861,0.1774215972807685,0.0332846053412453,-0.8535831071244682,0.0683214254801594,0.3914968086627235
20.0,-1.1972142481254129,0.5473014650609993,0.1230252922901475,0.0001825840438192,0.6705093413949661,0.7892937973779861,0.1774215972807685,0.0332846053412453,-0.8535831071244682,0.0683214254801594,0.3914968086627235
20.0,-1.1931404080884342,0.5522932711620774,0.1241473766327729,0.0001888199284415,0.6766294677232919,0.7892937973779861,0.1774215972807685,0.0332846053412453,-0.8535831071244682,0.0683214254801594,0.3914968086627235
20.0,-1.1890665680514558,0.557270261394032,0.1252661305866714,0.0001952476476478,0.6827316396283514,0.7892937973779861,0.1774215972807685,0.0332846053412453,-0.8535831071244682,0.0683214254801594,0.3914968086627235
20.0,-1.1849927280144772,0.5622312196208227,0.1263812807824088,0.0002018723161674,0.6888143727193989,0.7892937973779861,0.1774215972807685,0.0332846053412453,-0.8535831071244682,0.0683214254801594,0.3914968086627235
20.0,-1.1809188879774988,0.5671749240447622,0.1274925525778962,0.000208699157497,0.6948761757801556,0.7892937973779861,0.1774215972807685,0.0332846053412453,-0.8535831071244682,0.0683214254801594,0.3914968086627235
20.0,-1.1768450479405204,0.5721001476876162,0.1285996701665344,0.0002157335052911,0.7009155513594417,0.7892937973779861,0.1774215972807685,0.0332846053412453,-0.8535831071244682,0.0683214254801594,0.3914968086627235
20.0,-1.1727712079035415,0.577005658878774,0.1297023566869468,0.0002229808047379,0.7069309963704588,0.7892937973779861,0.1774215972807685,0.0332846053412453,-0.8535831071244682,0.0683214254801594,0.3914968086627235
20.0,-1.1686973678665633,0.5818902217502361,0.1308003343342463,0.000230446613921,0.7129210026984034,0.7892937973779861,0.1774215972807685,0.0332846053412453,-0.8535831071244682,0.0683214254801594,0.3914968086627235
20.0,-1.164623527829585,0.586752596738158,0.131893324472774,0.0002381366051644,0.7188840578160965,0.7892937973779861,0.1774215972807685,0.0332846053412453,-0.8535831071244682,0.0683214254801594,0.3914968086627235
20.0,-1.1605496877926065,0.5915915410906711,0.1329810477502502,0.0002460565663598,0.7248186454072811,0.7892937973779861,0.1774215972807685,0.0332846053412453,-0.8535831071244682,0.0683214254801594,0.3914968086627235
20.0,-1.1564758477556276,0.5964058093817136,0.1340632242132762,0.0002542124022747,0.7307232459972647,0.7892937973779861,0.1774215972807685,0.0332846053412453,-0.8535831071244682,0.0683214254801594,0.3914968086627235
20.0,-1.1524020077186492,0.6011941540305743,0.13513957342412,0.0002626101358397,0.7365963375905342,0.7892937973779861,0.1774215972807685,0.0332846053412453,-0.8535831071244682,0.0683214254801594,0.3914968086627235
20.0,-1.1483281676816706,0.6059553258268695,0.1362098145787231,0.0002712559094139,0.7424363963150066,0.7892937973779861,0.1774215972807685,0.0332846053412453,-0.8535831071244682,0.0683214254801594,0.3914968086627235
20.0,-1.144254327644692,0.6106880744606445,0.1372736666258596,0.0002801559860254,0.7482418970725295,0.7892937973779861,0.1774215972807685,0.0332846053412453,-0.8535831071244682,0.0683214254801594,0.3914968086627235
20.0,-1.1401804876077135,0.6153911490573029,0.1383308483873807,0.0002893167505877,0.7540113141952713,0.7892937973779861,0.1774215972807685,0.0332846053412453,-0.8535831071244682,0.0683214254801594,0.3914968086627235
20.0,-1.136106647570735,0.6200632987170462,0.1393810786794724,0.0002987447110881,0.7597431221076069,0.7892937973779861,0.1774215972807685,0.0332846053412453,-0.8535831071244682,0.0683214254801594,0.3914968086627235
20.0,-1.1320328075337565,0.6247032730585158,0.1404240764348584,0.0003084464997475,0.7654357959931218,0.7892937973779861,0.1774215972807685,0.0332846053412453,-0.8535831071244682,0.0683214254801594,0.3914968086627235
20.0,-1.127958967496778,0.6293098227663044,0.1414595608258724,0.0003184288741498,0.7710878124663267,0.7892937973779861,0.1774215972807685,0.0332846053412453,-0.8535831071244682,0.0683214254801594,0.3914968086627235
20.0,-1.1238851274597994,0.6338817001420195,0.1424872513883294,0.000328698718339,0.776697650248688,0.7892937973779861,0.1774215972807685,0.0332846053412453,-0.8535831071244682,0.0683214254801594,0.3914968086627235
20.0,-1.119811287422821,0.6384176596585587,0.1435068681461181,0.0003392630438826,0.7822637908485595,0.7892937973779861,0.1774215972807685,0.0332846053412453,-0.8535831071244682,0.0683214254801594,0.3914968086627235
20.0,-1.1157374473858424,0.6429164585172646,0.1445181317364416,0.0003501289908984,0.7877847192446047,0.7892937973779861,0.1774215972807685,0.0332846053412453,-0.8535831071244682,0.0683214254801594,0.3914968086627235
20.0,-1.111663607348864,0.6473768572076115,0.1455207635356263,0.000361303829045,0.7932589245722829,0.7892937973779861,0.1774215972807685,0.0332846053412453,-0.8535831071244682,0.0683214254801594,0.3914968086627235
20.0,-1.1075897673118853,0.6517976200690834,0.146514485785424,0.0003727949584712,0.7986849008129787,0.7892937973779861,0.1774215972807685,0.0332846053412453,-0.8535831071244682,0.0683214254801594,0.3914968086627235
20.0,-1.1035159272749069,0.6561775158548857,0.147499021719726,0.0003846099107255,0.8040611474853374,0.7892937973779861,0.1774215972807685,0.0332846053412453,-0.8535831071244682,0.0683214254801594,0.3914968086627235
20.0,-1.0994420872379282,0.6605153182971428,0.1484740956916112,0.0003967563496212,0.8093861703383755,0.7892937973779861,0.1774215972807685,0.0332846053412453,-0.8535831071244682,0.0683214254801594,0.3914968086627235
20.0,-1.0953682472009498,0.6648098066732165,0.1494394333006458,0.0004092420720569,0.8146584820459193,0.7892937973779861,0.1774215972807685,0.0332846053412453,-0.8535831071244682,0.0683214254801594,0.3914968086627235
20.0,-1.0912944071639712,0.6690597663727901,0.1503947615203557,0.0004220750087895,0.8198766029019354,0.7892937973779861,0.1774215972807685,0.0332846053412453,-0.8535831071244682,0.0683214254801594,0.3914968086627235
20.0,-1.0872205671269928,0.6732639894653473,0.1513398088257877,0.0004352632251579,0.8250390615162929,0.7892937973779861,0.1774215972807685,0.0332846053412453,-0.8535831071244682,0.0683214254801594,0.3914968086627235
20.0,-1.083146727090014,0.6774212752676854,0.1522743053210772,0.0004488149217559,0.8301443955105186,0.7892937973779861,0.1774215972807685,0.0332846053412453,-0.8535831071244682,0.0683214254801594,0.3914968086627235
20.0,-1.0790728870530355,0.6815304309110857,0.1531979828669407,0.0004627384350509,0.8351911522130774,0.7892937973779861,0.1774215972807685,0.0332846053412453,-0.8535831071244682,0.0683214254801594,0.3914968086627235
20.0,-1.074999047016057,0.6855902719077773,0.1541105752080079,0.0004770422379485,0.8401778893537337,0.7892937973779861,0.1774215972807685,0.0332846053412453,-0.8535831071244682,0.0683214254801594,0.3914968086627235
20.0,-1.070925206979079,0.6895996227163131,0.15501181809991,0.000491734940298,0.8451031757565213,0.7892937973779861,0.1774215972807685,0.0332846053412453,-0.8535831071244682,0.0683214254801594,0.3914968086627235
20.0,-1.0668513669421,0.6935573173054902,0.155901449436041,0.0005068252893402,0.8499655920308714,0.7892937973779861,0.1774215972807685,0.0332846053412453,-0.8535831071244682,0.0683214254801594,0.3914968086627235
20.0,-1.0627775269051216,0.6974621997164314,0.1567792093739047,0.0005223221700915,0.8547637312604277,0.7892937973779861,0.1774215972807685,0.0332846053412453,-0.8535831071244682,0.0683214254801594,0.3914968086627235
20.0,-1.058703686868143,0.7013131246224585,0.1576448404609668,0.0005382346056658,0.8594961996890912,0.7892937973779861,0.1774215972807685,0.0332846053412453,-0.8535831071244682,0.0683214254801594,0.3914968086627235
20.0,-1.0546298468311646,0.7051089578863723,0.1584980877599222,0.0005545717575291,0.8641616174038237,0.7892937973779861,0.1774215972807685,0.0332846053412453,-0.8535831071244682,0.0683214254801594,0.3914968086627235
20.0,-1.050556006794186,0.7088485771147689,0.1593386989732981,0.0005713429256869,0.8687586190137541,0.7892937973779861,0.1774215972807685,0.0332846053412453,-0.8535831071244682,0.0683214254801594,0.3914968086627235
20.0,-1.0464821667572075,0.7125308722090082,0.160166424567303,0.0005885575487999,0.8732858543251113,0.7892937973779861,0.1774215972807685,0.0332846053412453,-0.8535831071244682,0.0683214254801594,0.3914968086627235
20.0,-1.042408326720229,0.7161547459124641,0.1609810178948406,0.0006062252042286,0.8777419890115333,0.7892937973779861,0.1774215972807685,0.0332846053412453,-0.8535831071244682,0.0683214254801594,0.3914968086627235
20.0,-1.0383344866832505,0.7197191143536733,0.1617822353176017,0.0006243556080014,0.8821257052792765,0.7892937973779861,0.1774215972807685,0.0332846053412453,-0.8535831071244682,0.0683214254801594,0.3914968086627235
20.0,-1.034260646646272,0.7232229075850143,0.1625698363271512,0.0006429586147067,0.8864357025268723,0.7892937973779861,0.1774215972807685,0.0332846053412453,-0.8535831071244682,0.0683214254801594,0.3914968086627235
20.0,-1.0301868066092934,0.7266650701165381,0.1633435836649255,0.0006620442173052,0.890670697998769,0.7892937973779861,0.1774215972807685,0.0332846053412453,-0.8535831071244682,0.0683214254801594,0.3914968086627235
20.0,-1.026112966572315,0.7300445614445824,0.164103243441057,0.0006816225468609,0.8948294274325003,0.7892937973779861,0.1774215972807685,0.0332846053412453,-0.8535831071244682,0.0683214254801594,0.3914968086627235
20.0,-1.0220391265353364,0.7333603565747964,0.1648485852519424,0.0007017038721873,0.8989106456989261,0.7892937973779861,0.1774215972807685,0.0332846053412453,-0.8535831071244682,0.0683214254801594,0.3914968086627235
20.0,-1.017965286498358,0.7366114465392111,0.1655793822964727,0.0007222985994087,0.9029131274350926,0.7892937973779861,0.1774215972807685,0.0332846053412453,-0.8535831071244682,0.0683214254801594,0.3914968086627235
20.0,-1.0138914464613793,0.7397968389069915,0.1662954114908424,0.0007434172714324,0.9068356676692664,0.7892937973779861,0.1774215972807685,0.0332846053412453,-0.8535831071244682,0.0683214254801594,0.3914968086627235
20.0,-1.0098176064244009,0.7429155582885067,0.1669964535818573,0.0007650705673302,0.9106770824376944,0.7892937973779861,0.1774215972807685,0.0332846053412453,-0.8535831071244682,0.0683214254801594,0.3914968086627235
20.0,-1.0057437663874222,0.7459666468323624,0.1676822932586598,0.0007872693016277,0.91443620939265,0.7892937973779861,0.1774215972807685,0.0332846053412453,-0.8535831071244682,0.0683214254801594,0.3914968086627235
20.0,-1.0016699263504438,0.7489491647150407,0.168352719262793,0.0008100244234971,0.918111908401331,0.7892937973779861,0.1774215972807685,0.0332846053412453,-0.8535831071244682,0.0683214254801594,0.3914968086627235
20.0,-0.9975960863134652,0.7518621906227984,0.1690075244965241,0.0008333470158544,0.9217030621351768,0.7892937973779861,0.1774215972807685,0.0332846053412453,-0.8535831071244682,0.0683214254801594,0.3914968086627235
20.0,-0.9935222462764868,0.7547048222254763,0.16964650612935,0.0008572482943552,0.9252085766491815,0.7892937973779861,0.1774215972807685,0.0332846053412453,-0.8535831071244682,0.0683214254801594,0.3914968086627235
20.0,-0.989448406239508,0.7574761766418818,0.170269465702608,0.0008817396062902,0.9286273819507802,0.7892937973779861,0.1774215972807685,0.0332846053412453,-0.8535831071244682,0.0683214254801594,0.3914968086627235
20.0,-0.9853745662025296,0.7601753908964052,0.1708762092321168,0.0009068324293756,0.9319584325578976,0.7892937973779861,0.1774215972807685,0.0332846053412453,-0.8535831071244682,0.0683214254801594,0.3914968086627235
20.0,-0.9813007261655512,0.7628016223665431,0.1714665473087731,0.0009325383704376,0.935200708045754,0.7892937973779861,0.1774215972807685,0.0332846053412453,-0.8535831071244682,0.0683214254801594,0.3914968086627235
20.0,-0.9772268861285728,0.7653540492210026,0.1720402951970309,0.0009588691639887,0.9383532135820224,0.7892937973779861,0.1774215972807685,0.0332846053412453,-0.8535831071244682,0.0683214254801594,0.3914968086627235
20.0,-0.973153046091594,0.767831870848067,0.1725972729311914,0.0009858366706935,0.941414980449952,0.7892937973779861,0.1774215972807685,0.0332846053412453,-0.8535831071244682,0.0683214254801594,0.3914968086627235
20.0,-0.9690792060546156,0.7702343082739112,0.1731373054094351,0.0010134528757212,0.9443850665590676,0.7892937973779861,0.1774215972807685,0.0332846053412453,-0.8535831071244682,0.0683214254801594,0.3914968086627235
20.0,-0.965005366017637,0.7725606045705621,0.1736602224855242,0.0010417298869842,0.9472625569430706,0.7892937973779861,0.1774215972807685,0.0332846053412453,-0.8535831071244682,0.0683214254801594,0.3914968086627235
20.0,-0.9609315259806586,0.7748100252532037,0.1741658590581115,0.0010706799332592,0.9500465642445746,0.7892937973779861,0.1774215972807685,0.0332846053412453,-0.8535831071244682,0.0683214254801594,0.3914968086627235
20.0,-0.95685768594368,0.7769818586665346,0.174654055157588,0.0011003153621899,0.9527362291863124,0.7892937973779861,0.1774215972807685,0.0332846053412453,-0.8535831071244682,0.0683214254801594,0.3914968086627235
20.0,-0.9527838459067016,0.7790754163598951,0.1751246560304054,0.0011306486381685,0.9553307210284692,0.7892937973779861,0.1774215972807685,0.0332846053412453,-0.8535831071244682,0.0683214254801594,0.3914968086627235
20.0,-0.9487100058697228,0.7810900334508866,0.1755775122208129,0.0011616923400947,0.9578292380117944,0.7892937973779861,0.1774215972807685,0.0332846053412453,-0.8535831071244682,0.0683214254801594,0.3914968086627235
20.0,-0.9446361658327443,0.7830250689772125,0.1760124796499455,0.0011934591590096,0.9602310077861675,0.7892937973779861,0.1774215972807685,0.0332846053412453,-0.8535831071244682,0.0683214254801594,0.3914968086627235
20.0,-0.9405623257957658,0.7848799062364847,0.1764294196922076,0.0012259618956033,0.9625352878242956,0.7892937973779861,0.1774215972807685,0.0332846053412453,-0.8535831071244682,0.0683214254801594,0.3914968086627235
20.0,-0.9364884857587874,0.7866539531137375,0.1768281992488932,0.0012592134575939,0.9647413658202248,0.7892937973779861,0.1774215972807685,0.0332846053412453,-0.8535831071244682,0.0683214254801594,0.3914968086627235
20.0,-0.9324146457218088,0.7883466423964108,0.1772086908189899,0.0012932268569759,0.9668485600723769,0.7892937973779861,0.1774215972807685,0.0332846053412453,-0.8535831071244682,0.0683214254801594,0.3914968086627235
20.0,-0.9283408056848304,0.7899574320765644,0.1775707725671116,0.0013280152071376,0.9688562198508136,0.7892937973779861,0.1774215972807685,0.0332846053412453,-0.8535831071244682,0.0683214254801594,0.3914968086627235
20.0,-0.9242669656478516,0.7914858056401,0.1779143283885117,0.0013635917198436,0.9707637257484552,0.7892937973779861,0.1774215972807685,0.0332846053412453,-0.8535831071244682,0.0683214254801594,0.3914968086627235
20.0,-0.9201931256108732,0.7929312723427746,0.1782392479711267,0.0013999697020828,0.9725704900159844,0.7892937973779861,0.1774215972807685,0.0332846053412453,-0.8535831071244682,0.0683214254801594,0.3914968086627235
20.0,-0.9161192855738948,0.7942933674727977,0.1785454268546044,0.0014371625527795,0.9742759568801816,0.7892937973779861,0.1774215972807685,0.0332846053412453,-0.8535831071244682,0.0683214254801594,0.3914968086627235
20.0,-0.9120454455369162,0.7955716525998162,0.1788327664862717,0.0014751837593658,0.9758796028454538,0.7892937973779861,0.1774215972807685,0.0332846053412453,-0.8535831071244682,0.0683214254801594,0.3914968086627235
20.0,-0.9079716054999378,0.7967657158101021,0.1791011742740016,0.0015140468942144,0.9773809369783184,0.7892937973779861,0.1774215972807685,0.0332846053412453,-0.8535831071244682,0.0683214254801594,0.3914968086627235
20.0,-0.9038977654629592,0.7978751719277627,0.1793505636359377,0.0015537656109304,0.9787795011746308,0.7892937973779861,0.1774215972807685,0.0332846053412453,-0.8535831071244682,0.0683214254801594,0.3914968086627235
20.0,-0.8998239254259808,0.7988996627218099,0.1795808540470408,0.0015943536405002,0.980074870409351,0.7892937973779861,0.1774215972807685,0.0332846053412453,-0.8535831071244682,0.0683214254801594,0.3914968086627235
20.0,-0.8957500853890021,0.7998388570989323,0.1797919710824207,0.0016358247872973,0.9812666529686505,0.7892937973779861,0.1774215972807685,0.0332846053412453,-0.8535831071244682,0.0683214254801594,0.3914968086627235
20.0,-0.8916762453520237,0.8006924512818233,0.179983846457422,0.001678192924943,0.9823544906641885,0.7892937973779861,0.1774215972807685,0.0332846053412453,-0.8535831071244682,0.0683214254801594,0.3914968086627235
20.0,-0.8876024053150451,0.8014601689729333,0.1801564180644331,0.0017214719920212,0.9833380590293876,0.7892937973779861,0.1774215972807685,0.0332846053412453,-0.8535831071244682,0.0683214254801594,0.3914968086627235
20.0,-0.8835285652780667,0.8021417615035192,0.1803096300063905,0.001765675987646,0.984217067497556,0.7892937973779861,0.1774215972807685,0.0332846053412453,-0.8535831071244682,0.0683214254801594,0.3914968086627235
20.0,-0.879454725241088,0.802737007967883,0.1804434326269533,0.0018108189668829,0.9849912595617194,0.7892937973779861,0.1774215972807685,0.0332846053412453,-0.8535831071244682,0.0683214254801594,0.3914968086627235
20.0,-0.8753808852041096,0.8032457153426926,0.1805577825373252,0.0018569150360195,0.9856604129160372,0.7892937973779861,0.1774215972807685,0.0332846053412453,-0.8535831071244682,0.0683214254801594,0.3914968086627235
20.0,-0.871307045167131,0.8036677185912997,0.1806526426397031,0.0019039783476889,0.9862243395786918,0.7892937973779861,0.1774215972807685,0.0332846053412453,-0.8535831071244682,0.0683214254801594,0.3914968086627235
20.0,-0.8672332051301526,0.8040028807529723,0.1807279821473358,0.0019520230958418,0.98668288599615,0.7892937973779861,0.1774215972807685,0.0332846053412453,-0.8535831071244682,0.0683214254801594,0.3914968086627235
20.0,-0.8631593650931739,0.8042510930169765,0.1807837766011762,0.0020010635105693,0.9870359331287222,0.7892937973779861,0.1774215972807685,0.0332846053412453,-0.8535831071244682,0.0683214254801594,0.3914968086627235
20.0,-0.8590855250561955,0.8044122747814502,0.1808200078831151,0.002051113852774,0.9872833965173394,0.7892937973779861,0.1774215972807685,0.0332846053412453,-0.8535831071244682,0.0683214254801594,0.3914968086627235
20.0,-0.8550116850192169,0.8044863736970241,0.180836664225787,0.0021021884086912,0.9874252263315024,0.7892937973779861,0.1774215972807685,0.0332846053412453,-0.8535831071244682,0.0683214254801594,0.3914968086627235
20.0,-0.8509378449822385,0.8044733656951589,0.1808337402189394,0.0021543014842576,0.987461407398356,0.7892937973779861,0.1774215972807685,0.0332846053412453,-0.8535831071244682,0.0683214254801594,0.3914968086627235
20.0,-0.8468640049452598,0.8043732550011731,0.1808112368123614,0.0022074673993298,0.9873919592128644,0.7892937973779861,0.1774215972807685,0.0332846053412453,-0.8535831071244682,0.0683214254801594,0.3914968086627235
20.0,-0.8427901649082814,0.8041860741319564,0.1807691613153701,0.0022617004817507,0.9872169359290772,0.7892937973779861,0.1774215972807685,0.0332846053412453,-0.8535831071244682,0.0683214254801594,0.3914968086627235
20.0,-0.8387163248713028,0.8039118838783677,0.1807075273928534,0.0023170150612654,0.9869364263324863,0.7892937973779861,0.1774215972807685,0.0332846053412453,-0.8535831071244682,0.0683214254801594,0.3914968086627235
20.0,-0.8346424848343243,0.8035507732723303,0.1806263550578737,0.0023734254632859,0.98655055379349,0.7892937973779861,0.1774215972807685,0.0332846053412453,-0.8535831071244682,0.0683214254801594,0.3914968086627235
20.0,-0.8305686447973457,0.8031028595386518,0.1805256706608377,0.0024309460025051,0.9860594762019946,0.7892937973779861,0.1774215972807685,0.0332846053412453,-0.8535831071244682,0.0683214254801594,0.3914968086627235
20.0,-0.8264948047603673,0.8025682880316035,0.1804055068752405,0.0024895909763616,0.9854633858832056,0.7892937973779861,0.1774215972807685,0.0332846053412453,-0.8535831071244682,0.0683214254801594,0.3914968086627235
20.0,-0.8224209647233887,0.8019472321563065,0.1802659026799943,0.0025493746583545,0.9847625094946554,0.7892937973779861,0.1774215972807685,0.0332846053412453,-0.8535831071244682,0.0683214254801594,0.3914968086627235
20.0,-0.8183471246864102,0.8012398932749872,0.1801069033383558,0.00261031129121,0.9839571079045532,0.7892937973779861,0.1774215972807685,0.0332846053412453,-0.8535831071244682,0.0683214254801594,0.3914968086627235
20.0,-0.8142732846494316,0.8004465005981695,0.1799285603734681,0.0026724150799005,0.983047476051538,0.7892937973779861,0.1774215972807685,0.0332846053412453,-0.8535831071244682,0.0683214254801594,0.3914968086627235
20.0,-0.8101994446124532,0.7995673110608883,0.1797309315405352,0.0027357001845166,0.98203394278594,0.7892937973779861,0.1774215972807685,0.0332846053412453,-0.8535831071244682,0.0683214254801594,0.3914968086627235
20.0,-0.8061256045754746,0.7986026091840166,0.1795140807956504,0.0028001807129945,0.9809168706926616,0.7892937973779861,0.1774215972807685,0.0332846053412453,-0.8535831071244682,0.0683214254801594,0.3914968086627235
20.0,-0.8020517645384961,0.7975527069208134,0.1792780782613026,0.0028658707136989,0.979696655895815,0.7892937973779861,0.1774215972807685,0.0332846053412453,-0.8535831071244682,0.0683214254801594,0.3914968086627235
20.0,-0.7979779245015175,0.7964179434888036,0.1790230001885852,0.0029327841678629,0.9783737278452518,0.7892937973779861,0.1774215972807685,0.0332846053412453,-0.8535831071244682,0.0683214254801594,0.3914968086627235
20.0,-0.7939040844645391,0.7951986851871224,0.178748928916138,0.003000934981888,0.9769485490851484,0.7892937973779861,0.1774215972807685,0.0332846053412453,-0.8535831071244682,0.0683214254801594,0.3914968086627235
20.0,-0.7898302444275607,0.7938953251994576,0.1784559528258513,0.0030703369795038,0.9754216150048128,0.7892937973779861,0.1774215972807685,0.0332846053412453,-0.8535831071244682,0.0683214254801594,0.3914968086627235
20.0,-0.785756404390582,0.7925082833827392,0.1781441662953668,0.0031410038937908,0.9737934535718968,0.7892937973779861,0.1774215972807685,0.0332846053412453,-0.8535831071244682,0.0683214254801594,0.3914968086627235
20.0,-0.7816825643536036,0.7910380060417376,0.1778136696474104,0.0032129493590682,0.9720646250482162,0.7892937973779861,0.1774215972807685,0.0332846053412453,-0.8535831071244682,0.0683214254801594,0.3914968086627235
20.0,-0.777608724316625,0.789484965689737,0.1774645690959949,0.0032861869026481,0.97023572168838,0.7892937973779861,0.1774215972807685,0.0332846053412453,-0.8535831071244682,0.0683214254801594,0.3914968086627235
20.0,-0.7735348842796466,0.7878496607954634,0.1770969766895337,0.0033607299364593,0.9683073674214564,0.7892937973779861,0.1774215972807685,0.0332846053412453,-0.8535831071244682,0.0683214254801594,0.3914968086627235
20.0,-0.7694610442426679,0.7861326155164606,0.1767110102509071,0.0034365917485425,0.9662802175159104,0.7892937973779861,0.1774215972807685,0.0332846053412453,-0.8535831071244682,0.0683214254801594,0.3914968086627235
20.0,-0.7653872042056895,0.78433437941911,0.1763067933145271,0.0035137854944209,0.964154958228058,0.7892937973779861,0.1774215972807685,0.0332846053412453,-0.8535831071244682,0.0683214254801594,0.3914968086627235
20.0,-0.7613133641687109,0.7824555271855043,0.175884455060447,0.0035923241883468,0.9619323064342982,0.7892937973779861,0.1774215972807685,0.0332846053412453,-0.8535831071244682,0.0683214254801594,0.3914968086627235
20.0,-0.7572395241317325,0.7804966583073971,0.1754441302455658,0.0036722206944293,0.9596130092473923,0.7892937973779861,0.1774215972807685,0.0332846053412453,-0.8535831071244682,0.0683214254801594,0.3914968086627235
20.0,-0.7531656840947538,0.7784583967674509,0.1749859591319772,0.0037534877176453,0.9571978436170734,0.7892937973779861,0.1774215972807685,0.0332846053412453,-0.8535831071244682,0.0683214254801594,0.3914968086627235
20.0,-0.7490918440577754,0.7763413907080268,0.1745100874125188,0.0038361377947365,0.9546876159152822,0.7892937973779861,0.1774215972807685,0.0332846053412453,-0.8535831071244682,0.0683214254801594,0.3914968086627235
20.0,-0.7450180040207968,0.7741463120877569,0.1740166661335744,0.0039201832849981,0.9520831615063294,0.7892937973779861,0.1774215972807685,0.0332846053412453,-0.8535831071244682,0.0683214254801594,0.3914968086627235
20.0,-0.7409441639838183,0.7718738563261581,0.1735058516151883,0.0040056363609591,0.9493853443023056,0.7892937973779861,0.1774215972807685,0.0332846053412453,-0.8535831071244682,0.0683214254801594,0.3914968086627235
20.0,-0.7368703239468397,0.7695247419365469,0.1729778053685504,0.0040925089989621,0.9465950563040596,0.7892937973779861,0.1774215972807685,0.0332846053412453,-0.8535831071244682,0.0683214254801594,0.3914968086627235
20.0,-0.7327964839098613,0.7670997101475298,0.1724326940109123,0.0041808129696437,0.943713217128086,0.7892937973779861,0.1774215972807685,0.0332846053412453,-0.8535831071244682,0.0683214254801594,0.3914968086627235
20.0,-0.7287226438728827,0.7645995245133446,0.1718706891779982,0.0042705598283201,0.9407407735196628,0.7892937973779861,0.1774215972807685,0.0332846053412453,-0.8535831071244682,0.0683214254801594,0.3914968086627235
20.0,-0.7246488038359042,0.7620249705133437,0.1712919674339744,0.0043617609052836,0.9376786988526018,0.7892937973779861,0.1774215972807685,0.0332846053412453,-0.8535831071244682,0.0683214254801594,0.3914968086627235
20.0,-0.7205749637989256,0.7593768551409087,0.1706967101790435,0.0044544272960127,0.934527992615965,0.7892937973779861,0.1774215972807685,0.0332846053412453,-0.8535831071244682,0.0683214254801594,0.3914968086627235
20.0,-0.7165011237619472,0.7566560064821012,0.1700851035547314,0.004548569851301,0.9312896798881336,0.7892937973779861,0.1774215972807685,0.0332846053412453,-0.8535831071244682,0.0683214254801594,0.3914968086627235
20.0,-0.7124272837249686,0.753863273284355,0.1694573383469353,0.0046441991673099,0.9279648107986004,0.7892937973779861,0.1774215972807685,0.0332846053412453,-0.8535831071244682,0.0683214254801594,0.3914968086627235
20.0,-0.7083534436879901,0.7509995245155262,0.1688136098868051,0.0047413255755504,0.924554459977882,0.7892937973779861,0.1774215972807685,0.0332846053412453,-0.8535831071244682,0.0683214254801594,0.3914968086627235
20.0,-0.7042796036510115,0.7480656489136195,0.1681541179495283,0.0048399591327973,0.9210597259959452,0.7892937973779861,0.1774215972807685,0.0332846053412453,-0.8535831071244682,0.0683214254801594,0.3914968086627235
20.0,-0.7002057636140331,0.7450625545275184,0.1674790666510929,0.0049401096109432,0.9174817307895544,0.7892937973779861,0.1774215972807685,0.0332846053412453,-0.8535831071244682,0.0683214254801594,0.3914968086627235
20.0,-0.6961319235770544,0.741991168249051,0.166788664343103,0.0050417864867962,0.9138216190789502,0.7892937973779861,0.1774215972807685,0.0332846053412453,-0.8535831071244682,0.0683214254801594,0.3914968086627235
20.0,-0.692058083540076,0.7388524353367291,0.1660831235057218,0.0051449989318276,0.9100805577742784,0.7892937973779861,0.1774215972807685,0.0332846053412453,-0.8535831071244682,0.0683214254801594,0.3914968086627235
20.0,-0.6879842435030974,0.7356473189315007,0.1653626606388204,0.0052497558018752,0.9062597353721964,0.7892937973779861,0.1774215972807685,0.0332846053412453,-0.8535831071244682,0.0683214254801594,0.3914968086627235
20.0,-0.683910403466119,0.7323767995648669,0.1646274961514097,0.0053560656268069,0.9023603613430836,0.7892937973779861,0.1774215972807685,0.0332846053412453,-0.8535831071244682,0.0683214254801594,0.3914968086627235
20.0,-0.6798365634291403,0.7290418746597083,0.1638778542494332,0.005463936600153,0.8983836655092946,0.7892937973779861,0.1774215972807685,0.0332846053412453,-0.8535831071244682,0.0683214254801594,0.3914968086627235
20.0,-0.6757627233921619,0.7256435580241835,0.1631139628220033,0.0055733765687105,0.8943308974148975,0.7892937973779861,0.1774215972807685,0.0332846053412453,-0.8535831071244682,0.0683214254801594,0.3914968086627235
20.0,-0.6716888833551833,0.7221828793390505,0.1623360533261584,0.0056843930221283,0.8902033256873373,0.7892937973779861,0.1774215972807685,0.0332846053412453,-0.8535831071244682,0.0683214254801594,0.3914968086627235
20.0,-0.6676150433182049,0.7186608836387813,0.1615443606702253,0.0057969930824771,0.8860022373914838,0.7892937973779861,0.1774215972807685,0.0332846053412453,-0.8535831071244682,0.0683214254801594,0.3914968086627235
20.0,-0.6635412032812262,0.7150786307868275,0.1607391230958663,0.0059111834938138,0.8817289373765078,0.7892937973779861,0.1774215972807685,0.0332846053412453,-0.8535831071244682,0.0683214254801594,0.3914968086627235
20.0,-0.6594673632442478,0.7114371949454106,0.1599205820588965,0.0060269706117434,0.8773847476160505,0.7892937973779861,0.1774215972807685,0.0332846053412453,-0.8535831071244682,0.0683214254801594,0.3914968086627235
20.0,-0.6553935232072694,0.7077376640402034,0.1590889821089515,0.006144360392988,0.872971006542143,0.7892937973779861,0.1774215972807685,0.0332846053412453,-0.8535831071244682,0.0683214254801594,0.3914968086627235
20.0,-0.6513196831702908,0.7039811392202782,0.158244570768092,0.0062633583849694,0.8684890683733397,0.7892937973779861,0.1774215972807685,0.0332846053412453,-0.8535831071244682,0.0683214254801594,0.3914968086627235
20.0,-0.6472458431333123,0.7001687343136921,0.1573875984084276,0.006383969715411,0.8639403024375306,0.7892937973779861,0.1774215972807685,0.0332846053412453,-0.8535831071244682,0.0683214254801594,0.3914968086627235
20.0,-0.6431720030963337,0.6963015752790878,0.1565183181288441,0.0065061990819675,0.8593260924898993,0.7892937973779861,0.1774215972807685,0.0332846053412453,-0.8535831071244682,0.0683214254801594,0.3914968086627235
20.0,-0.6390981630593553,0.6923807996536855,0.1556369856309209,0.0066300507418899,0.8546478360264964,0.7892937973779861,0.1774215972807685,0.0332846053412453,-0.8535831071244682,0.0683214254801594,0.3914968086627235
20.0,-0.6350243230223767,0.6884075559980422,0.1547438590941209,0.006755528501732,0.8499069435938951,0.7892937973779861,0.1774215972807685,0.0332846053412453,-0.8535831071244682,0.0683214254801594,0.3914968086627235
20.0,-0.6309504829853982,0.6843830033379573,0.153839199050339,0.0068826357071073,0.8451048380954037,0.7892937973779861,0.1774215972807685,0.0332846053412453,-0.8535831071244682,0.0683214254801594,0.3914968086627235
20.0,-0.6268766429484196,0.6803083106039008,0.1529232682578936,0.0070113752325029,0.8402429540942974,0.7892937973779861,0.1774215972807685,0.0332846053412453,-0.8535831071244682,0.0683214254801594,0.3914968086627235
20.0,-0.6228028029114412,0.6761846560683423,0.1519963315750471,0.0071417494711591,0.8353227371145486,0.7892937973779861,0.1774215972807685,0.0332846053412453,-0.8535831071244682,0.0683214254801594,0.3914968086627235
20.0,-0.6187289628744626,0.672013226781357,0.1510586558331379,0.0072737603250217,0.8303456429395166,0.7892937973779861,0.1774215972807685,0.0332846053412453,-0.8535831071244682,0.0683214254801594,0.3914968086627235
20.0,-0.6146551228374841,0.6677952180048861,0.1501105097094108,0.0074074091947754,0.8253131369090724,0.7892937973779861,0.1774215972807685,0.0332846053412453,-0.8535831071244682,0.0683214254801594,0.3914968086627235
20.0,-0.6105812828005055,0.6635318326460218,0.1491521635996276,0.0075426969699669,0.8202266932156165,0.7892937973779861,0.1774215972807685,0.0332846053412453,-0.8535831071244682,0.0683214254801594,0.3914968086627235
20.0,-0.6065074427635271,0.6592242806896971,0.1481838894905445,0.0076796240192243,0.8150877941994659,0.7892937973779861,0.1774215972807685,0.0332846053412453,-0.8535831071244682,0.0683214254801594,0.3914968086627235
20.0,-0.6024336027265484,0.6548737786311426,0.1472059608323362,0.0078181901805824,0.8098979296440613,0.7892937973779861,0.1774215972807685,0.0332846053412453,-0.8535831071244682,0.0683214254801594,0.3914968086627235
20.0,-0.59835976268957,0.650481548908489,0.1462186524110537,0.007958394751922,0.8046585960714648,0.7892937973779861,0.1774215972807685,0.0332846053412453,-0.8535831071244682,0.0683214254801594,0.3914968086627235
20.0,-0.5942859226525914,0.6460488193358715,0.1452222402211948,0.0081002364815305,0.799371296038597,0.7892937973779861,0.1774215972807685,0.0332846053412453,-0.8535831071244682,0.0683214254801594,0.3914968086627235
20.0,-0.590212082615613,0.6415768225374108,0.1442170013384706,0.0082437135587936,0.7940375374346752,0.7892937973779861,0.1774215972807685,0.0332846053412453,-0.8535831071244682,0.0683214254801594,0.3914968086627235
20.0,-0.5861382425786343,0.6370667953824194,0.143203213792849,0.0083888236050253,0.7886588327802937,0.7892937973779861,0.1774215972807685,0.0332846053412453,-0.8535831071244682,0.0683214254801594,0.3914968086627235
20.0,-0.5820644025416559,0.6325199784222032,0.1421811564419554,0.0085355636644454,0.7832366985286041,0.7892937973779861,0.1774215972807685,0.0332846053412453,-0.8535831071244682,0.0683214254801594,0.3914968086627235
20.0,-0.5779905625046773,0.6279376153287989,0.1411511088449098,0.0086839301953132,0.7777726543690219,0.7892937973779861,0.1774215972807685,0.0332846053412453,-0.8535831071244682,0.0683214254801594,0.3914968086627235
20.0,-0.5739167224676989,0.6233209523360091,0.140113351136679,0.0088339190612251,0.7722682225339133,0.7892937973779861,0.1774215972807685,0.0332846053412453,-0.8535831071244682,0.0683214254801594,0.3914968086627235
20.0,-0.5698428824307202,0.6186712376830706,0.1390681639030219,0.0089855255225855,0.7667249271086782,0.7892937973779861,0.1774215972807685,0.0332846053412453,-0.8535831071244682,0.0683214254801594,0.3914968086627235
20.0,-0.5657690423937418,0.6139897210613044,0.1380158280561048,0.0091387442282591,0.7611442933456685,0.7892937973779861,0.1774215972807685,0.0332846053412453,-0.8535831071244682,0.0683214254801594,0.3914968086627235
20.0,-0.5616952023567632,0.6092776530640773,0.1369566247108601,0.0092935692074136,0.7555278469823511,0.7892937973779861,0.1774215972807685,0.0332846053412453,-0.8535831071244682,0.0683214254801594,0.3914968086627235
20.0,-0.5576213623197848,0.6045362846404123,0.1358908350621669,0.0094499938615609,0.7498771135641402,0.7892937973779861,0.1774215972807685,0.0332846053412453,-0.8535831071244682,0.0683214254801594,0.3914968086627235
20.0,-0.5535475222828061,0.5997668665525686,0.1348187402629222,0.0096080109568059,0.7441936177722968,0.7892937973779861,0.1774215972807685,0.0332846053412453,-0.8535831071244682,0.0683214254801594,0.3914968086627235
20.0,-0.5494736822458277,0.5949706488379163,0.1337406213030789,0.0097676126163114,0.7384788827573067,0.7892937973779861,0.1774215972807685,0.0332846053412453,-0.8535831071244682,0.0683214254801594,0.3914968086627235
20.0,-0.5453998422088491,0.5901488802754157,0.1326567588897177,0.0099287903129872,0.7327344294781206,0.7892937973779861,0.1774215972807685,0.0332846053412453,-0.8535831071244682,0.0683214254801594,0.3914968086627235
20.0,-0.5413260021718707,0.5853028078570159,0.131567433328226,0.0100915348624126,0.7269617760476546,0.7892937973779861,0.1774215972807685,0.0332846053412453,-0.8535831071244682,0.0683214254801594,0.3914968086627235
20.0,-0.537252162134892,0.5804336762642683,0.1304729244046473,0.0102558364160004,0.721162437084916,0.7892937973779861,0.1774215972807685,0.0332846053412453,-0.8535831071244682,0.0683214254801594,0.3914968086627235
20.0,-0.5331783220979136,0.5755427273504604,0.1293735112692735,0.010421684454411,0.7153379230741449,0.7892937973779861,0.1774215972807685,0.0332846053412453,-0.8535831071244682,0.0683214254801594,0.3914968086627235
20.0,-0.529104482060935,0.5706311996285484,0.1282694723215391,0.0105890677812251,0.7094897397313127,0.7892937973779861,0.1774215972807685,0.0332846053412453,-0.8535831071244682,0.0683214254801594,0.3914968086627235
20.0,-0.5250306420239566,0.5657003277651839,0.1271610850962865,0.0107579745168829,0.7036193873783533,0.7892937973779861,0.1774215972807685,0.0332846053412453,-0.8535831071244682,0.0683214254801594,0.3914968086627235
20.0,-0.5209568019869781,0.560751342081099,0.126048626151459,0.0109283920928986,0.6977283603254567,0.7892937973779861,0.1774215972807685,0.0332846053412453,-0.8535831071244682,0.0683214254801594,0.3914968086627235
20.0,-0.5168829619499995,0.5557854680581275,0.1249323709572873,0.0111003072463587,0.6918181462617735,0.7892937973779861,0.1774215972807685,0.0332846053412453,-0.8535831071244682,0.0683214254801594,0.3914968086627235
20.0,-0.5128091219130211,0.5508039258531203,0.1238125937870244,0.0112737060147109,0.6858902256548558,0.7892937973779861,0.1774215972807685,0.0332846053412453,-0.8535831071244682,0.0683214254801594,0.3914968086627235
20.0,-0.5087352818760424,0.5458079298190067,0.1226895676092876,0.0114485737308529,0.6799460711591473,0.7892937973779861,0.1774215972807685,0.0332846053412453,-0.8535831071244682,0.0683214254801594,0.3914968086627235
20.0,-0.504661441839064,0.5407986880332536,0.1215635639820625,0.0116248950185289,0.673987147033845,0.7892937973779861,0.1774215972807685,0.0332846053412453,-0.8535831071244682,0.0683214254801594,0.3914968086627235
20.0,-0.5005876018020854,0.5357774018339551,0.1204348529484234,0.0118026537880407,0.6680149085704191,0.7892937973779861,0.1774215972807685,0.0332846053412453,-0.8535831071244682,0.0683214254801594,0.3914968086627235
20.0,-0.496513761765107,0.5307452653637894,0.1193037029340213,0.0119818332322822,0.6620308015300931,0.7892937973779861,0.1774215972807685,0.0332846053412453,-0.8535831071244682,0.0683214254801594,0.3914968086627235
20.0,-0.4924399217281283,0.5257034651220598,0.1181703806463892,0.0121624158231045,0.6560362615915535,0.7892937973779861,0.1774215972807685,0.0332846053412453,-0.8535831071244682,0.0683214254801594,0.3914968086627235
20.0,-0.4883660816911499,0.5206531795250398,0.1170351509761144,0.0123443833080179,0.6500327138091722,0.7892937973779861,0.1774215972807685,0.0332846053412453,-0.8535831071244682,0.0683214254801594,0.3914968086627235
20.0,-0.4842922416541713,0.515595578474823,0.1158982768999222,0.0125277167072407,0.6440215720819858,0.7892937973779861,0.1774215972807685,0.0332846053412453,-0.8535831071244682,0.0683214254801594,0.3914968086627235
20.0,-0.4802184016171928,0.5105318229368825,0.1147600193857174,0.0127123963110988,0.6380042386336988,0.7892937973779861,0.1774215972807685,0.0332846053412453,-0.8535831071244682,0.0683214254801594,0.3914968086627235
20.0,-0.4761445615802142,0.5054630645265211,0.1136206372996245,0.0128984016777859,0.6319821035039317,0.7892937973779861,0.1774215972807685,0.0332846053412453,-0.8535831071244682,0.0683214254801594,0.3914968086627235
20.0,-0.4720707215432358,0.5003904451044022,0.1124803873150693,0.0130857116314887,0.6259565440509604,0.7892937973779861,0.1774215972807685,0.0332846053412453,-0.8535831071244682,0.0683214254801594,0.3914968086627235
20.0,-0.4679968815062572,0.4953150963813248,0.1113395238239376,0.0132743042608858,0.6199289244661482,0.7892937973779861,0.1774215972807685,0.0332846053412453,-0.8535831071244682,0.0683214254801594,0.3914968086627235
20.0,-0.4639230414692787,0.4902381395324146,0.1101982988498512,0.013464156918025,0.6139005953002908,0.7892937973779861,0.1774215972807685,0.0332846053412453,-0.8535831071244682,0.0683214254801594,0.3914968086627235
20.0,-0.4598492014323001,0.4851606848208781,0.109056961963594,0.0136552462175865,0.6078728930020587,0.7892937973779861,0.1774215972807685,0.0332846053412453,-0.8535831071244682,0.0683214254801594,0.3914968086627235
20.0,-0.4557753613953217,0.4800838312314743,0.1079157602007208,0.0138475480365375,0.6018471394687327,0.7892937973779861,0.1774215972807685,0.0332846053412453,-0.8535831071244682,0.0683214254801594,0.3914968086627235
20.0,-0.451701521358343,0.4750086661138323,0.1067749379813812,0.0140410375141838,0.5958246416093974,0.7892937973779861,0.1774215972807685,0.0332846053412453,-0.8535831071244682,0.0683214254801594,0.3914968086627235
20.0,-0.4476276813213646,0.469936264835752,0.1056347370323866,0.0142356890526247,0.5898066909207634,0.7892937973779861,0.1774215972807685,0.0332846053412453,-0.8535831071244682,0.0683214254801594,0.3914968086627235
20.0,-0.443553841284386,0.4648676904465995,0.1044953963115457,0.0144314763176156,0.5837945630757609,0.7892937973779861,0.1774215972807685,0.0332846053412453,-0.8535831071244682,0.0683214254801594,0.3914968086627235
20.0,-0.4394800012474076,0.4598039933509161,0.1033571519342978,0.0146283722398447,0.5777895175250587,0.7892937973779861,0.1774215972807685,0.0332846053412453,-0.8535831071244682,0.0683214254801594,0.3914968086627235
20.0,-0.4354061612104289,0.4547462109923335,0.1022202371026607,0.0148263490166273,0.5717927971116215,0.7892937973779861,0.1774215972807685,0.0332846053412453,-0.8535831071244682,0.0683214254801594,0.3914968086627235
20.0,-0.4313323211734505,0.4496953675478989,0.1010848820365198,0.0150253781140234,0.5658056276984422,0.7892937973779861,0.1774215972807685,0.0332846053412453,-0.8535831071244682,0.0683214254801594,0.3914968086627235
20.0,-0.4272584811364719,0.4446524736328828,0.0999513139072733,0.0152254302693829,0.5598292178095391,0.7892937973779861,0.1774215972807685,0.0332846053412453,-0.8535831071244682,0.0683214254801594,0.3914968086627235
20.0,-0.4231846410994935,0.4396185260161554,0.0988197567738529,0.0154264754943214,0.5538647582843298,0.7892937973779861,0.1774215972807685,0.0332846053412453,-0.8535831071244682,0.0683214254801594,0.3914968086627235
20.0,-0.4191108010625148,0.4345945073461896,0.0976904315211336,0.0156284830781322,0.5479134219454554,0.7892937973779861,0.1774215972807685,0.0332846053412453,-0.8535831071244682,0.0683214254801594,0.3914968086627235
20.0,-0.4150369610255364,0.4295813858877547,0.0965635558007457,0.0158314215916366,0.5419763632801371,0.7892937973779861,0.1774215972807685,0.0332846053412453,-0.8535831071244682,0.0683214254801594,0.3914968086627235
20.0,-0.4109631209885578,0.4245801152693447,0.0954393439743011,0.0160352588914766,0.5360547181351225,0.7892937973779861,0.1774215972807685,0.0332846053412453,-0.8535831071244682,0.0683214254801594,0.3914968086627235
20.0,-0.4068892809515794,0.4195916342413883,0.0943180070590422,0.0162399621248521,0.5301496034252826,0.7892937973779861,0.1774215972807685,0.0332846053412453,-0.8535831071244682,0.0683214254801594,0.3914968086627235
20.0,-0.4028154409146007,0.4146168664452617,0.0931997526759192,0.0164454977347072,0.5242621168558882,0.7892937973779861,0.1774215972807685,0.0332846053412453,-0.8535831071244682,0.0683214254801594,0.3914968086627235
20.0,-0.3987416008776223,0.4096567201931417,0.0920847850001047,0.0166518314653651,0.5183933366586115,0.7892937973779861,0.1774215972807685,0.0332846053412453,-0.8535831071244682,0.0683214254801594,0.3914968086627235
20.0,-0.3946677608406439,0.404712088258701,0.0909733047139447,0.0168589283686163,0.5125443213412622,0.7892937973779861,0.1774215972807685,0.0332846053412453,-0.8535831071244682,0.0683214254801594,0.3914968086627235
20.0,-0.3905939208036653,0.3997838476786593,0.0898655089623506,0.0170667528102606,0.5067161094512707,0.7892937973779861,0.1774215972807685,0.0332846053412453,-0.8535831071244682,0.0683214254801594,0.3914968086627235
20.0,-0.3865200807666868,0.3948728595651887,0.0887615913106304,0.017275268477104,0.5009097193529232,0.7892937973779861,0.1774215972807685,0.0332846053412453,-0.8535831071244682,0.0683214254801594,0.3914968086627235
20.0,-0.3824462407297082,0.3899799689291585,0.0876617417047569,0.0174844383844124,0.4951261490183279,0.7892937973779861,0.1774215972807685,0.0332846053412453,-0.8535831071244682,0.0683214254801594,0.3914968086627235
20.0,-0.3783724006927298,0.3851060045142077,0.0865661464340695,0.017694224883823,0.4893663758321003,0.7892937973779861,0.1774215972807685,0.0332846053412453,-0.8535831071244682,0.0683214254801594,0.3914968086627235
20.0,-0.3742985606557512,0.3802517786416139,0.0854749880964033,0.0179045896717124,0.4836313564097297,0.7892937973779861,0.1774215972807685,0.0332846053412453,-0.8535831071244682,0.0683214254801594,0.3914968086627235
20.0,-0.3702247206187727,0.3754180870659307,0.0843884455656382,0.0181154937980232,0.4779220264295921,0.7892937973779861,0.1774215972807685,0.0332846053412453,-0.8535831071244682,0.0683214254801594,0.3914968086627235
20.0,-0.3661508805817941,0.3706057088413443,0.0833066939616579,0.0183268976755477,0.47223930047855,0.7892937973779861,0.1774215972807685,0.0332846053412453,-0.8535831071244682,0.0683214254801594,0.3914968086627235
20.0,-0.3620770405448157,0.3658154061987103,0.0822299046227099,0.0185387610896684,0.4665840719110887,0.7892937973779861,0.1774215972807685,0.0332846053412453,-0.8535831071244682,0.0683214254801594,0.3914968086627235
20.0,-0.358003200507837,0.3610479244332049,0.0811582450801507,0.0187510432085548,0.4609572127219105,0.7892937973779861,0.1774215972807685,0.0332846053412453,-0.8535831071244682,0.0683214254801594,0.3914968086627235
20.0,-0.3539293604708586,0.3563039918025344,0.0800918790355651,0.0189637025938137,0.4553595734319134,0.7892937973779861,0.1774215972807685,0.0332846053412453,-0.8535831071244682,0.0683214254801594,0.3914968086627235
20.0,-0.34985552043388,0.3515843194356266,0.0790309663402412,0.0191766972115935,0.4497919829874613,0.7892937973779861,0.1774215972807685,0.0332846053412453,-0.8535831071244682,0.0683214254801594,0.3914968086627235
20.0,-0.3457816803969016,0.3468896012517304,0.0779756629769854,0.019389984444138,0.4442552486728539,0.7892937973779861,0.1774215972807685,0.0332846053412453,-0.8535831071244682,0.0683214254801594,0.3914968086627235
20.0,-0.3417078403599229,0.3422205138898365,0.076926121044257,0.0196035211017899,0.4387501560358834,0.7892937973779861,0.1774215972807685,0.0332846053412453,-0.8535831071244682,0.0683214254801594,0.3914968086627235
20.0,-0.3376340003229445,0.3375777166483309,0.0758824887426032,0.0198172634354381,0.4332774688263723,0.7892937973779861,0.1774215972807685,0.0332846053412453,-0.8535831071244682,0.0683214254801594,0.3914968086627235
20.0,-0.3335601602859659,0.3329618514347786,0.0748449103633713,0.020031167149409,0.427837928947559,0.7892937973779861,0.1774215972807685,0.0332846053412453,-0.8535831071244682,0.0683214254801594,0.3914968086627235
20.0,-0.3294863202489875,0.3283735427257398,0.0738135262796762,0.020245187414795,0.4224322564202111,0.7892937973779861,0.1774215972807685,0.0332846053412453,-0.8535831071244682,0.0683214254801594,0.3914968086627235
20.0,-0.3254124802120088,0.3238133975365027,0.0727884729395963,0.020459278883219,0.4170611493593181,0.7892937973779861,0.1774215972807685,0.0332846053412453,-0.8535831071244682,0.0683214254801594,0.3914968086627235
20.0,-0.3213386401750304,0.3192820054006225,0.0717698828615745,0.0206733957010287,0.4117252839632259,0.7892937973779861,0.1774215972807685,0.0332846053412453,-0.8535831071244682,0.0683214254801594,0.3914968086627235
20.0,-0.3172648001380518,0.3147799383591368,0.0707578846319939,0.0208874915239174,0.4064253145150481,0.7892937973779861,0.1774215972807685,0.0332846053412453,-0.8535831071244682,0.0683214254801594,0.3914968086627235
20.0,-0.3131909601010734,0.3103077509593404,0.0697526029049023,0.0211015195319645,0.4011618733962073,0.7892937973779861,0.1774215972807685,0.0332846053412453,-0.8535831071244682,0.0683214254801594,0.3914968086627235
20.0,-0.3091171200640947,0.3058659802629757,0.0687541584038535,0.0213154324450933,0.3959355711119226,0.7892937973779861,0.1774215972807685,0.0332846053412453,-0.8535831071244682,0.0683214254801594,0.3914968086627235
20.0,-0.3050432800271163,0.3014551458637104,0.067762667925836,0.021529182538936,0.3907469963284825,0.7892937973779861,0.1774215972807685,0.0332846053412453,-0.8535831071244682,0.0683214254801594,0.3914968086627235
20.0,-0.3009694399901377,0.2970757499137506,0.0667782443472548,0.0217427216611042,0.3855967159221096,0.7892937973779861,0.1774215972807685,0.0332846053412453,-0.8535831071244682,0.0683214254801594,0.3914968086627235
20.0,-0.2968955999531593,0.292728277159449,0.0658009966319361,0.0219560012478552,0.3804852750392404,0.7892937973779861,0.1774215972807685,0.0332846053412453,-0.8535831071244682,0.0683214254801594,0.3914968086627235
20.0,-0.2928217599161806,0.2884131949857491,0.0648310298411177,0.0221689723411487,0.3754131971680156,0.7892937973779861,0.1774215972807685,0.0332846053412453,-0.8535831071244682,0.0683214254801594,0.3914968086627235
20.0,-0.2887479198792022,0.284130953469314,0.0638684451453912,0.0223815856060861,0.3703809842207914,0.7892937973779861,0.1774215972807685,0.0332846053412453,-0.8535831071244682,0.0683214254801594,0.3914968086627235
20.0,-0.2846740798422236,0.2798819854401732,0.0629133398385594,0.0225937913487249,0.3653891166274576,0.7892937973779861,0.1774215972807685,0.0332846053412453,-0.8535831071244682,0.0683214254801594,0.3914968086627235
20.0,-0.2806002398052452,0.2756667065517276,0.0619658073533728,0.0228055395342602,0.3604380534393607,0.7892937973779861,0.1774215972807685,0.0332846053412453,-0.8535831071244682,0.0683214254801594,0.3914968086627235
20.0,-0.2765263997682665,0.2714855153589366,0.0610259372791044,0.0230167798055655,0.3555282324436065,0.7892937973779861,0.1774215972807685,0.0332846053412453,-0.8535831071244682,0.0683214254801594,0.3914968086627235
20.0,-0.2724525597312881,0.2673387934045231,0.0600938153809274,0.0232274615020824,0.3506600702875331,0.7892937973779861,0.1774215972807685,0.0332846053412453,-0.8535831071244682,0.0683214254801594,0.3914968086627235
20.0,-0.2683787196943097,0.2632269053130112,0.0591695236210538,0.0234375336790528,0.3458339626131179,0.7892937973779861,0.1774215972807685,0.0332846053412453,-0.8535831071244682,0.0683214254801594,0.3914968086627235
20.0,-0.264304879657331,0.2591501988924241,0.0582531401815943,0.0236469451270814,0.3410502842010999,0.7892937973779861,0.1774215972807685,0.0332846053412453,-0.8535831071244682,0.0683214254801594,0.3914968086627235
20.0,-0.2602310396203526,0.2551090052434565,0.0573447394890986,0.0238556443920211,0.3363093891245763,0.7892937973779861,0.1774215972807685,0.0332846053412453,-0.8535831071244682,0.0683214254801594,0.3914968086627235
20.0,-0.256157199583374,0.2511036388759355,0.0564443922407343,0.0240635797951695,0.3316116109118395,0.7892937973779861,0.1774215972807685,0.0332846053412453,-0.8535831071244682,0.0683214254801594,0.3914968086627235
20.0,-0.2520833595463956,0.247134397832385,0.0555521654320624,0.0242706994537675,0.3269572627182149,0.7892937973779861,0.1774215972807685,0.0332846053412453,-0.8535831071244682,0.0683214254801594,0.3914968086627235
20.0,-0.2480095195094169,0.2432015638184986,0.0546681223863653,0.024476951301788,0.322346637506652,0.7892937973779861,0.1774215972807685,0.0332846053412453,-0.8535831071244682,0.0683214254801594,0.3914968086627235
20.0,-0.2439356794724385,0.2393054023403359,0.0537923227854869,0.0246822831110047,0.3177800082368277,0.7892937973779861,0.1774215972807685,0.0332846053412453,-0.8535831071244682,0.0683214254801594,0.3914968086627235
20.0,-0.2398618394354599,0.2354461628480367,0.0529248227021373,0.0248866425123295,0.3132576280625037,0.7892937973779861,0.1774215972807685,0.0332846053412453,-0.8535831071244682,0.0683214254801594,0.3914968086627235
20.0,-0.2357879993984815,0.2316240788858688,0.0520656746336212,0.0250899770174058,0.3087797305368959,0.7892937973779861,0.1774215972807685,0.0332846053412453,-0.8535831071244682,0.0683214254801594,0.3914968086627235
20.0,-0.2317141593615028,0.2278393682484013,0.0512149275369435,0.0252922340404474,0.3043465298257924,0.7892937973779861,0.1774215972807685,0.0332846053412453,-0.8535831071244682,0.0683214254801594,0.3914968086627235
20.0,-0.2276403193245244,0.2240922331426103,0.0503726268652484,0.0254933609203097,0.2999582209281685,0.7892937973779861,0.1774215972807685,0.0332846053412453,-0.8535831071244682,0.0683214254801594,0.3914968086627235
20.0,-0.223566479287546,0.2203828603557127,0.0495388146055455,0.0256933049427807,0.295614979904039,0.7892937973779861,0.1774215972807685,0.0332846053412453,-0.8535831071244682,0.0683214254801594,0.3914968086627235
20.0,-0.2194926392505674,0.2167114214285281,0.0487135293176796,0.0258920133630797,0.2913169641092875,0.7892937973779861,0.1774215972807685,0.0332846053412453,-0.8535831071244682,0.0683214254801594,0.3914968086627235
20.0,-0.2154187992135887,0.2130780728341668,0.0478968061744966,0.0260894334285504,0.2870643124372139,0.7892937973779861,0.1774215972807685,0.0332846053412453,-0.8535831071244682,0.0683214254801594,0.3914968086627235
20.0,-0.2113449591766101,0.2094829561618378,0.0470886770031611,0.0262855124015343,0.2828571455665333,0.7892937973779861,0.1774215972807685,0.0332846053412453,-0.8535831071244682,0.0683214254801594,0.3914968086627235
20.0,-0.2072711191396319,0.2059261983055768,0.0462891703275796,0.0264801975824125,0.278695566215569,0.7892937973779861,0.1774215972807685,0.0332846053412453,-0.8535831071244682,0.0683214254801594,0.3914968086627235
20.0,-0.2031972791026532,0.2024079116576852,0.0454983114118828,0.0266734363328004,0.2745796594023685,0.7892937973779861,0.1774215972807685,0.0332846053412453,-0.8535831071244682,0.0683214254801594,0.3914968086627235
20.0,-0.1991234390656746,0.1989281943066839,0.0447161223049227,0.026865176098883,0.2705094927104897,0.7892937973779861,0.1774215972807685,0.0332846053412453,-0.8535831071244682,0.0683214254801594,0.3914968086627235
20.0,-0.195049599028696,0.1954871302395685,0.0439426218857363,0.0270553644348751,0.26648511656018,0.7892937973779861,0.1774215972807685,0.0332846053412453,-0.8535831071244682,0.0683214254801594,0.3914968086627235
20.0,-0.1909757589917178,0.1920847895481692,0.0431778259099328,0.027243949026593,0.2625065644846951,0.7892937973779861,0.1774215972807685,0.0332846053412453,-0.8535831071244682,0.0683214254801594,0.3914968086627235
20.0,-0.1869019189547391,0.1887212286394068,0.0424217470569553,0.0274308777151234,0.2585738534114857,0.7892937973779861,0.1774215972807685,0.0332846053412453,-0.8535831071244682,0.0683214254801594,0.3914968086627235
20.0,-0.1828280789177605,0.1853964904492485,0.0416743949781757,0.0276160985205729,0.2546869839479972,0.7892937973779861,0.1774215972807685,0.0332846053412453,-0.8535831071244682,0.0683214254801594,0.3914968086627235
20.0,-0.1787542388807819,0.1821106046601533,0.0409357763457728,0.0277995596658857,0.250845940671812,0.7892937973779861,0.1774215972807685,0.0332846053412453,-0.8535831071244682,0.0683214254801594,0.3914968086627235
20.0,-0.1746803988438037,0.178863587921813,0.0402058949023515,0.0279812096007128,0.2470506924248774,0.7892937973779861,0.1774215972807685,0.0332846053412453,-0.8535831071244682,0.0683214254801594,0.3914968086627235
20.0,-0.170606558806825,0.175655444074982,0.0394847515112567,0.028160997025318,0.2433011926115569,0.7892937973779861,0.1774215972807685,0.0332846053412453,-0.8535831071244682,0.0683214254801594,0.3914968086627235
20.0,-0.1665327187698464,0.172486164378206,0.0387723442075386,0.028338870914505,0.2395973795002496,0.7892937973779861,0.1774215972807685,0.0332846053412453,-0.8535831071244682,0.0683214254801594,0.3914968086627235
20.0,-0.1624588787328678,0.1693557277372412,0.0380686682495223,0.0285147805415506,0.2359391765283143,0.7892937973779861,0.1774215972807685,0.0332846053412453,-0.8535831071244682,0.0683214254801594,0.3914968086627235
20.0,-0.1583850386958896,0.1662641009369769,0.0373737161709413,0.0286886755021289,0.2323264926100472,0.7892937973779861,0.1774215972807685,0.0332846053412453,-0.8535831071244682,0.0683214254801594,0.3914968086627235
20.0,-0.1543111986589109,0.1632112388756607,0.0366874778335872,0.0288605057382089,0.2287592224474569,0.7892937973779861,0.1774215972807685,0.0332846053412453,-0.8535831071244682,0.0683214254801594,0.3914968086627235
20.0,-0.1502373586219323,0.1601970848012406,0.0360099404804363,0.0290302215619123,0.2252372468435891,0.7892937973779861,0.1774215972807685,0.0332846053412453,-0.8535831071244682,0.0683214254801594,0.3914968086627235
20.0,-0.1461635185849537,0.1572215705496249,0.0353410887892066,0.0291977736793139,0.2217604330181456,0.7892937973779861,0.1774215972807685,0.0332846053412453,-0.8535831071244682,0.0683214254801594,0.3914968086627235
20.0,-0.1420896785479755,0.1542846167846794,0.0346809049263061,0.0293631132141698,0.2183286349251554,0.7892937973779861,0.1774215972807685,0.0332846053412453,-0.8535831071244682,0.0683214254801594,0.3914968086627235
20.0,-0.1380158385109968,0.1513861332397674,0.034029368601127,0.0295261917315561,0.2149416935724507,0.7892937973779861,0.1774215972807685,0.0332846053412453,-0.8535831071244682,0.0683214254801594,0.3914968086627235
20.0,-0.1339419984740182,0.1485260189606581,0.0333864571206481,0.0296869612614046,0.2115994373427108,0.7892937973779861,0.1774215972807685,0.0332846053412453,-0.8535831071244682,0.0683214254801594,0.3914968086627235
20.0,-0.12986815843704,0.1457041625496111,0.0327521454443013,0.0298453743219166,0.2083016823158291,0.7892937973779861,0.1774215972807685,0.0332846053412453,-0.8535831071244682,0.0683214254801594,0.3914968086627235
20.0,-0.1257943184000614,0.1429204424104648,0.0321264062390641,0.0300013839428418,0.2050482325923708,0.7892937973779861,0.1774215972807685,0.0332846053412453,-0.8535831071244682,0.0683214254801594,0.3914968086627235
20.0,-0.1217204783630827,0.1401747269945513,0.0315092099347372,0.030154943688604,0.2018388806178926,0.7892937973779861,0.1774215972807685,0.0332846053412453,-0.8535831071244682,0.0683214254801594,0.3914968086627235
20.0,-0.1176466383261041,0.1374668750472603,0.030900524779369,0.0303060076812591,0.1986734075078885,0.7892937973779861,0.1774215972807685,0.0332846053412453,-0.8535831071244682,0.0683214254801594,0.3914968086627235
20.0,-0.1135727982891259,0.1347967358550846,0.0303003168947872,0.0304545306232693,0.1955515833731413,0.7892937973779861,0.1774215972807685,0.0332846053412453,-0.8535831071244682,0.0683214254801594,0.3914968086627235
20.0,-0.1094989582521472,0.1321641494929768,0.0297085503322013,0.0306004678200776,0.1924731676452558,0.7892937973779861,0.1774215972807685,0.0332846053412453,-0.8535831071244682,0.0683214254801594,0.3914968086627235
20.0,-0.1054251182151686,0.1295689470718542,0.029125187127838,0.0307437752024665,0.1894379094021588,0.7892937973779861,0.1774215972807685,0.0332846053412453,-0.8535831071244682,0.0683214254801594,0.3914968086627235
20.0,-0.10135127817819,0.1270109509860878,0.028550187358573,0.0308844093486864,0.1864455476933473,0.7892937973779861,0.1774215972807685,0.0332846053412453,-0.8535831071244682,0.0683214254801594,0.3914968086627235
20.0,-0.0972774381412118,0.124489975160817,0.0279835091975238,0.0310223275063369,0.1834958118646777,0.7892937973779861,0.1774215972807685,0.0332846053412453,-0.8535831071244682,0.0683214254801594,0.3914968086627235
20.0,-0.0932035981042331,0.1220058252989343,0.0274251089695679,0.0311574876139865,0.1805884218824888,0.7892937973779861,0.1774215972807685,0.0332846053412453,-0.8535831071244682,0.0683214254801594,0.3914968086627235
20.0,-0.0891297580672545,0.1195582991275902,0.0268749412067539,0.0312898483225151,0.1777230886568594,0.7892937973779861,0.1774215972807685,0.0332846053412453,-0.8535831071244682,0.0683214254801594,0.3914968086627235
20.0,-0.0850559180302759,0.1171471866440638,0.0263329587035695,0.0314193690161642,0.1748995143637977,0.7892937973779861,0.1774215972807685,0.0332846053412453,-0.8535831071244682,0.0683214254801594,0.3914968086627235
20.0,-0.0809820779932977,0.1147722703608596,0.0257991125720353,0.0315460098332793,0.1721173927661744,0.7892937973779861,0.1774215972807685,0.0332846053412453,-0.8535831071244682,0.0683214254801594,0.3914968086627235
20.0,-0.076908237956319,0.1124333255498834,0.0252733522965922,0.0316697316867314,0.1693764095332071,0.7892937973779861,0.1774215972807685,0.0332846053412453,-0.8535831071244682,0.0683214254801594,0.3914968086627235
20.0,-0.0728343979193404,0.1101301204855638,0.0247556257887516,0.0317904962839999,0.1666762425583154,0.7892937973779861,0.1774215972807685,0.0332846053412453,-0.8535831071244682,0.0683214254801594,0.3914968086627235
20.0,-0.0687605578823618,0.1078624166867792,0.0242458794414769,0.0319082661469067,0.164016562275163,0.7892937973779861,0.1774215972807685,0.0332846053412453,-0.8535831071244682,0.0683214254801594,0.3914968086627235
20.0,-0.0646867178453836,0.1056299691574634,0.023744058183268,0.0320230046309826,0.1613970319717141,0.7892937973779861,0.1774215972807685,0.0332846053412453,-0.8535831071244682,0.0683214254801594,0.3914968086627235
20.0,-0.0606128778084049,0.1034325266257583,0.0232501055319195,0.032134675944456,0.1588173081021339,0.7892937973779861,0.1774215972807685,0.0332846053412453,-0.8535831071244682,0.0683214254801594,0.3914968086627235
20.0,-0.0565390377714263,0.101269831781595,0.0227639636479252,0.0322432451668475,0.1562770405963678,0.7892937973779861,0.1774215972807685,0.0332846053412453,-0.8535831071244682,0.0683214254801594,0.3914968086627235
20.0,-0.0524651977344476,0.099141621512577,0.0222855733875014,0.0323486782671584,0.1537758731672369,0.7892937973779861,0.1774215972807685,0.0332846053412453,-0.8535831071244682,0.0683214254801594,0.3914968086627235
20.0,-0.0483913576974694,0.0970476271380541,0.0218148743552032,0.0324509421216388,0.1513134436148962,0.7892937973779861,0.1774215972807685,0.0332846053412453,-0.8535831071244682,0.0683214254801594,0.3914968086627235
20.0,-0.0443175176604908,0.0949875746412708,0.0213518049561078,0.0325500045311236,0.1488893841285024,0.7892937973779861,0.1774215972807685,0.0332846053412453,-0.8535831071244682,0.0683214254801594,0.3914968086627235
20.0,-0.0402436776235122,0.0929611848994849,0.0208963024475421,0.0326458342379217,0.1465033215849488,0.7892937973779861,0.1774215972807685,0.0332846053412453,-0.8535831071244682,0.0683214254801594,0.3914968086627235
20.0,-0.0361698375865335,0.0909681739119452,0.0204483029903285,0.0327384009422482,0.1441548778445221,0.7892937973779861,0.1774215972807685,0.0332846053412453,-0.8535831071244682,0.0683214254801594,0.3914968086627235
20.0,-0.0320959975495553,0.0890082530256331,0.0200077416995283,0.0328276753181866,0.1418436700433481,0.7892937973779861,0.1774215972807685,0.0332846053412453,-0.8535831071244682,0.0683214254801594,0.3914968086627235
20.0,-0.0280221575125767,0.0870811291586659,0.0195745526946596,0.0329136290291682,0.1395693108824938,0.7892937973779861,0.1774215972807685,0.0332846053412453,-0.8535831071244682,0.0683214254801594,0.3914968086627235
20.0,-0.0239483174755981,0.0851865050212735,0.0191486691493695,0.032996234742959,0.1373314089136021,0.7892937973779861,0.1774215972807685,0.0332846053412453,-0.8535831071244682,0.0683214254801594,0.3914968086627235
20.0,-0.0198744774386194,0.0833240793342528,0.0187300233405393,0.0330754661461422,0.1351295688209344,0.7892937973779861,0.1774215972807685,0.0332846053412453,-0.8535831071244682,0.0683214254801594,0.3914968086627235
20.0,-0.0158006374016412,0.0814935470448195,0.0183185466968051,0.0331512979580854,0.1329633916997101,0.7892937973779861,0.1774215972807685,0.0332846053412453,-0.8535831071244682,0.0683214254801594,0.3914968086627235
20.0,-0.0117267973646626,0.0796945995397705,0.0179141698464735,0.0332237059443821,0.1308324753306261,0.7892937973779861,0.1774215972807685,0.0332846053412453,-0.8535831071244682,0.0683214254801594,0.3914968086627235
20.0,-0.007652957327684,0.0779269248558842,0.017516822664816,0.0332926669297583,0.1287364144504586,0.7892937973779861,0.1774215972807685,0.0332846053412453,-0.8535831071244682,0.0683214254801594,0.3914968086627235
20.0,-0.0035791172907058,0.0761902078874791,0.0171264343207258,0.0333581588104333,0.1266748010186382,0.7892937973779861,0.1774215972807685,0.0332846053412453,-0.8535831071244682,0.0683214254801594,0.3914968086627235
20.0,0.0004947227462728,0.0744841305910607,0.016742933322719,0.0334201605659266,0.1246472244797064,0.7892937973779861,0.1774215972807685,0.0332846053412453,-0.8535831071244682,0.0683214254801594,0.3914968086627235
20.0,0.0045685627832514,0.0728083721869952,0.016366247564268,0.0334786522703016,0.1226532720215649,0.7892937973779861,0.1774215972807685,0.0332846053412453,-0.8535831071244682,0.0683214254801594,0.3914968086627235
20.0,0.0086424028202301,0.0711626093581392,0.0159963043684505,0.0335336151028376,0.1206925288294274,0.7892937973779861,0.1774215972807685,0.0332846053412453,-0.8535831071244682,0.0683214254801594,0.3914968086627235
20.0,0.0127162428572082,0.0695465164453711,0.015633030531902,0.0335850313581222,0.1187645783353954,0.7892937973779861,0.1774215972807685,0.0332846053412453,-0.8535831071244682,0.0683214254801594,0.3914968086627235
20.0,0.0167900828941869,0.0679597656399661,0.015276352368059,0.0336328844555564,0.1168690024635815,0.7892937973779861,0.1774215972807685,0.0332846053412453,-0.8535831071244682,0.0683214254801594,0.3914968086627235
20.0,0.0208639229311655,0.0664020271727641,0.0149261957496809,0.0336771589482658,0.1150053818707108,0.7892937973779861,0.1774215972807685,0.0332846053412453,-0.8535831071244682,0.0683214254801594,0.3914968086627235
20.0,0.0249377629681442,0.0648729695000797,0.0145824861506402,0.0337178405314105,0.1131732961821305,0.7892937973779861,0.1774215972807685,0.0332846053412453,-0.8535831071244682,0.0683214254801594,0.3914968086627235
20.0,0.0290116030051224,0.063372259486312,0.0142451486869702,0.0337549160498876,0.1113723242231699,0.7892937973779861,0.1774215972807685,0.0332846053412453,-0.8535831071244682,0.0683214254801594,0.3914968086627235
20.0,0.033085443042101,0.0618995625832091,0.0139141081571613,0.0337883735054209,0.1096020442457914,0.7892937973779861,0.1774215972807685,0.0332846053412453,-0.8535831071244682,0.0683214254801594,0.3914968086627235
20.0,0.0371592830790796,0.0604545430057538,0.0135892890816969,0.0338182020630321,0.1078620341504829,0.7892937973779861,0.1774215972807685,0.0332846053412453,-0.8535831071244682,0.0683214254801594,0.3914968086627235
20.0,0.0412331231160583,0.0590368639046307,0.0132706157418222,0.0338443920568884,0.1061518717033413,0.7892937973779861,0.1774215972807685,0.0332846053412453,-0.8535831071244682,0.0683214254801594,0.3914968086627235
20.0,0.0453069631530365,0.0576461875352472,0.0129580122175372,0.0338669349955227,0.1044711347483072,0.7892937973779861,0.1774215972807685,0.0332846053412453,-0.8535831071244682,0.0683214254801594,0.3914968086627235
20.0,0.0493808031900151,0.0562821754232786,0.0126514024248089,0.0338858235664224,0.1028194014145099,0.7892937973779861,0.1774215972807685,0.0332846053412453,-0.8535831071244682,0.0683214254801594,0.3914968086627235
20.0,0.0534546432269937,0.054944488526713,0.0123507101519966,0.0339010516399818,0.1011962503186915,0.7892937973779861,0.1774215972807685,0.0332846053412453,-0.8535831071244682,0.0683214254801594,0.3914968086627235
20.0,0.0575284832639724,0.0536327873943745,0.0120558590954856,0.0339126142728182,0.0996012607626784,0.7892937973779861,0.1774215972807685,0.0332846053412453,-0.8535831071244682,0.0683214254801594,0.3914968086627235
20.0,0.0616023233009506,0.0523467323209056,0.0117667728945249,0.0339205077104456,0.0980340129258762,0.7892937973779861,0.1774215972807685,0.0332846053412453,-0.8535831071244682,0.0683214254801594,0.3914968086627235
20.0,0.0656761633379292,0.0510859834981943,0.0114833751652657,0.0339247293893069,0.096494088052767,0.7892937973779861,0.1774215972807685,0.0332846053412453,-0.8535831071244682,0.0683214254801594,0.3914968086627235
20.0,0.0697500033749078,0.0498502011632335,0.0112055895339982,0.0339252779381614,0.0949810686353931,0.7892937973779861,0.1774215972807685,0.0332846053412453,-0.8535831071244682,0.0683214254801594,0.3914968086627235
20.0,0.0738238434118865,0.0486390457424028,0.0109333396695841,0.0339221531788268,0.0934945385908138,0.7892937973779861,0.1774215972807685,0.0332846053412453,-0.8535831071244682,0.0683214254801594,0.3914968086627235
20.0,0.0778976834488647,0.0474521779921669,0.0106665493150832,0.0339153561262761,0.0920340834335262,0.7892937973779861,0.1774215972807685,0.0332846053412453,-0.8535831071244682,0.0683214254801594,0.3914968086627235
20.0,0.0819715234858433,0.0462892591361854,0.0104051423185737,0.0339048889880879,0.0905992904428471,0.7892937973779861,0.1774215972807685,0.0332846053412453,-0.8535831071244682,0.0683214254801594,0.3914968086627235
20.0,0.086045363522822,0.0451499509988371,0.0101490426631668,0.0338907551632515,0.0891897488252555,0.7892937973779861,0.1774215972807685,0.0332846053412453,-0.8535831071244682,0.0683214254801594,0.3914968086627235
20.0,0.0901192035598006,0.0440339161351553,0.0098981744962139,0.0338729592403274,0.0878050498716968,0.7892937973779861,0.1774215972807685,0.0332846053412453,-0.8535831071244682,0.0683214254801594,0.3914968086627235
20.0,0.0941930435967788,0.0429408179571828,0.0096524621577098,0.0338515069949646,0.0864447871098573,0.7892937973779861,0.1774215972807685,0.0332846053412453,-0.8535831071244682,0.0683214254801594,0.3914968086627235
20.0,0.0982668836337574,0.0418703208567517,0.009411830207891,0.0338264053867764,0.0851085564514192,0.7892937973779861,0.1774215972807685,0.0332846053412453,-0.8535831071244682,0.0683214254801594,0.3914968086627235
20.0,0.1023407236707361,0.0408220903246987,0.0091762034540344,0.0337976625555779,0.0837959563343111,0.7892937973779861,0.1774215972807685,0.0332846053412453,-0.8535831071244682,0.0683214254801594,0.3914968086627235
20.0,0.1064145637077147,0.0397957930665266,0.0089455069764558,0.0337652878169863,0.0825065878599687,0.7892937973779861,0.1774215972807685,0.0332846053412453,-0.8535831071244682,0.0683214254801594,0.3914968086627235
20.0,0.1104884037446929,0.0387910971145277,0.0087196661537136,0.0337292916573895,0.0812400549256309,0.7892937973779861,0.1774215972807685,0.0332846053412453,-0.8535831071244682,0.0683214254801594,0.3914968086627235
20.0,0.1145622437816715,0.0378076719363845,0.0084986066870208,0.0336896857282855,0.0799959643516909,0.7892937973779861,0.1774215972807685,0.0332846053412453,-0.8535831071244682,0.0683214254801594,0.3914968086627235
20.0,0.1186360838186502,0.0368451885402683,0.0082822546238696,0.0336464828399961,0.0787739260041342,0.7892937973779861,0.1774215972807685,0.0332846053412453,-0.8535831071244682,0.0683214254801594,0.3914968086627235
20.0,0.1227099238556288,0.0359033195764545,0.008070536380873,0.0335996969547625,0.07757355291209,0.7892937973779861,0.1774215972807685,0.0332846053412453,-0.8535831071244682,0.0683214254801594,0.3914968086627235
20.0,0.126783763892607,0.0349817394354799,0.0078633787658288,0.0335493431792243,0.0763944613805331,0.7892937973779861,0.1774215972807685,0.0332846053412453,-0.8535831071244682,0.0683214254801594,0.3914968086627235
20.0,0.1308576039295856,0.0340801243428651,0.0076607089990125,0.0334954377562908,0.0752362710981686,0.7892937973779861,0.1774215972807685,0.0332846053412453,-0.8535831071244682,0.0683214254801594,0.3914968086627235
20.0,0.1349314439665643,0.0331981524504313,0.0074624547337032,0.0334379980564089,0.0740986052405436,0.7892937973779861,0.1774215972807685,0.0332846053412453,-0.8535831071244682,0.0683214254801594,0.3914968086627235
20.0,0.1390052840035425,0.032335503924238,0.0072685440759513,0.0333770425682342,0.0729810905684236,0.7892937973779861,0.1774215972807685,0.0332846053412453,-0.8535831071244682,0.0683214254801594,0.3914968086627235
20.0,0.1430791240405211,0.0314918610291735,0.0070789056035926,0.0333125908887135,0.0718833575214798,0.7892937973779861,0.1774215972807685,0.0332846053412453,-0.8535831071244682,0.0683214254801594,0.3914968086627235
20.0,0.1471529640774997,0.0306669082102313,0.0068934683845188,0.033244663712585,0.0708050403073352,0.7892937973779861,0.1774215972807685,0.0332846053412453,-0.8535831071244682,0.0683214254801594,0.3914968086627235
20.0,0.1512268041144784,0.0298603321705051,0.0067121619942089,0.0331732828213043,0.0697457769860184,0.7892937973779861,0.1774215972807685,0.0332846053412453,-0.8535831071244682,0.0683214254801594,0.3914968086627235
20.0,0.1553006441514566,0.0290718219459379,0.006534916532532,0.0330984710714054,0.0687052095498754,0.7892937973779861,0.1774215972807685,0.0332846053412453,-0.8535831071244682,0.0683214254801594,0.3914968086627235
20.0,0.1593744841884352,0.0283010689768637,0.006361662639829,0.0330202523823036,0.0676829839989963,0.7892937973779861,0.1774215972807685,0.0332846053412453,-0.8535831071244682,0.0683214254801594,0.3914968086627235
20.0,0.1634483242254139,0.0275477671763794,0.0061923315122814,0.0329386517235514,0.0666787504122123,0.7892937973779861,0.1774215972807685,0.0332846053412453,-0.8535831071244682,0.0683214254801594,0.3914968086627235
20.0,0.1675221642623925,0.0268116129955867,0.0060268549165764,0.0328536951015557,0.065692163013719,0.7892937973779861,0.1774215972807685,0.0332846053412453,-0.8535831071244682,0.0683214254801594,0.3914968086627235
20.0,0.1715960042993707,0.0260923054857453,0.0058651652038787,0.0327654095457663,0.0647228802353904,0.7892937973779861,0.1774215972807685,0.0332846053412453,-0.8535831071244682,0.0683214254801594,0.3914968086627235
20.0,0.1756698443363493,0.0253895463573792,0.0057071953231163,0.0326738230943463,0.0637705647748419,0.7892937973779861,0.1774215972807685,0.0332846053412453,-0.8535831071244682,0.0683214254801594,0.3914968086627235
20.0,0.179743684373328,0.024703040036382,0.005552878833592,0.032578964779335,0.0628348836493091,0.7892937973779861,0.1774215972807685,0.0332846053412453,-0.8535831071244682,0.0683214254801594,0.3914968086627235
20.0,0.1838175244103066,0.024032493717162,0.00540214991693,0.0324808646113139,0.061915508245406,0.7892937973779861,0.1774215972807685,0.0332846053412453,-0.8535831071244682,0.0683214254801594,0.3914968086627235
20.0,0.1878913644472848,0.0233776174128758,0.0052549433883677,0.0323795535635876,0.0610121143648312,0.7892937973779861,0.1774215972807685,0.0332846053412453,-0.8535831071244682,0.0683214254801594,0.3914968086627235
20.0,0.1919652044842634,0.0227381240027957,0.0051111947074027,0.032275063555891,0.0601243822660896,0.7892937973779861,0.1774215972807685,0.0332846053412453,-0.8535831071244682,0.0683214254801594,0.3914968086627235
20.0,0.1960390445212421,0.0221137292768586,0.0049708399878072,0.0321674274376353,0.0592519967023013,0.7892937973779861,0.1774215972807685,0.0332846053412453,-0.8535831071244682,0.0683214254801594,0.3914968086627235
20.0,0.2001128845582207,0.0215041519774445,0.0048338160070191,0.0320566789707036,0.0583946469551673,0.7892937973779861,0.1774215972807685,0.0332846053412453,-0.8535831071244682,0.0683214254801594,0.3914968086627235
20.0,0.2041867245951989,0.0209091138384336,0.0047000602149211,0.0319428528118111,0.0575520268651658,0.7892937973779861,0.1774215972807685,0.0332846053412453,-0.8535831071244682,0.0683214254801594,0.3914968086627235
20.0,0.2082605646321775,0.0203283396215917,0.0045695107420203,0.0318259844944402,0.0567238348580523,0.7892937973779861,0.1774215972807685,0.0332846053412453,-0.8535831071244682,0.0683214254801594,0.3914968086627235
20.0,0.2123344046691562,0.0197615571503351,0.0044421064070374,0.0317061104103666,0.0559097739677391,0.7892937973779861,0.1774215972807685,0.0332846053412453,-0.8535831071244682,0.0683214254801594,0.3914968086627235
20.0,0.2164082447061348,0.019208497340924,0.0043177867239188,0.0315832677907861,0.055109551855629,0.7892937973779861,0.1774215972807685,0.0332846053412453,-0.8535831071244682,0.0683214254801594,0.3914968086627235
20.0,0.220482084743113,0.018668894231138,0.0041964919082824,0.0314574946870598,0.0543228808264803,0.7892937973779861,0.1774215972807685,0.0332846053412453,-0.8535831071244682,0.0683214254801594,0.3914968086627235
20.0,0.2245559247800916,0.0181424850064834,0.0040781628833087,0.0313288299510885,0.0535494778408806,0.7892937973779861,0.1774215972807685,0.0332846053412453,-0.8535831071244682,0.0683214254801594,0.3914968086627235
20.0,0.2286297648170703,0.0176290100239869,0.003962741285089,0.0311973132153322,0.0527890645244083,0.7892937973779861,0.1774215972807685,0.0332846053412453,-0.8535831071244682,0.0683214254801594,0.3914968086627235
20.0,0.2327036048540489,0.0171282128336262,0.003850169467443,0.0310629848724885,0.0520413671735579,0.7892937973779861,0.1774215972807685,0.0332846053412453,-0.8535831071244682,0.0683214254801594,0.3914968086627235
20.0,0.2367774448910271,0.0166398401974514,0.0037403905062169,0.0309258860548444,0.0513061167585128,0.7892937973779861,0.1774215972807685,0.0332846053412453,-0.8535831071244682,0.0683214254801594,0.3914968086627235
20.0,0.2408512849280057,0.01616364210645,0.0036333482030743,0.030786058613316,0.0505830489228404,0.7892937973779861,0.1774215972807685,0.0332846053412453,-0.8535831071244682,0.0683214254801594,0.3914968086627235
20.0,0.2449251249649844,0.0156993717952097,0.0035289870887923,0.0306435450961924,0.0498719039801945,0.7892937973779861,0.1774215972807685,0.0332846053412453,-0.8535831071244682,0.0683214254801594,0.3914968086627235
20.0,0.248998965001963,0.0152467857544308,0.0034272524260739,0.0304983887275971,0.0491724269081019,0.7892937973779861,0.1774215972807685,0.0332846053412453,-0.8535831071244682,0.0683214254801594,0.3914968086627235
20.0,0.2530728050389412,0.0148056437413428,0.0033280902118898,0.0303506333856827,0.0484843673389155,0.7892937973779861,0.1774215972807685,0.0332846053412453,-0.8535831071244682,0.0683214254801594,0.3914968086627235
20.0,0.2571466450759199,0.0143757087880788,0.0032314471793608,0.0302003235805752,0.0478074795480149,0.7892937973779861,0.1774215972807685,0.0332846053412453,-0.8535831071244682,0.0683214254801594,0.3914968086627235
20.0,0.2612204851128985,0.0139567472080604,0.0031372707991928,0.0300475044320823,0.0471415224393356,0.7892937973779861,0.1774215972807685,0.0332846053412453,-0.8535831071244682,0.0683214254801594,0.3914968086627235
20.0,0.2652943251498767,0.0135485286004478,0.0030455092806772,0.0298922216471815,0.0464862595283066,0.7892937973779861,0.1774215972807685,0.0332846053412453,-0.8535831071244682,0.0683214254801594,0.3914968086627235
20.0,0.2693681651868553,0.0131508258527068,0.002956111572268,0.0297345214973043,0.0458414589222792,0.7892937973779861,0.1774215972807685,0.0332846053412453,-0.8535831071244682,0.0683214254801594,0.3914968086627235
20.0,0.273442005223834,0.0127634151413476,0.002869027361748,0.0295744507954309,0.0452068932985266,0.7892937973779861,0.1774215972807685,0.0332846053412453,-0.8535831071244682,0.0683214254801594,0.3914968086627235
20.0,0.2775158452608126,0.0123860759308872,0.0027842070759951,0.0294120568730136,0.0445823398798961,0.7892937973779861,0.1774215972807685,0.0332846053412453,-0.8535831071244682,0.0683214254801594,0.3914968086627235
20.0,0.2815896852977908,0.0120185909710892,0.0027016018803625,0.0292473875567414,0.0439675804081932,0.7892937973779861,0.1774215972807685,0.0332846053412453,-0.8535831071244682,0.0683214254801594,0.3914968086627235
20.0,0.2856635253347694,0.011660746292532,0.0026211636776819,0.0290804911451649,0.0433624011153789,0.7892937973779861,0.1774215972807685,0.0332846053412453,-0.8535831071244682,0.0683214254801594,0.3914968086627235
20.0,0.2897373653717481,0.0113123312005593,0.002542845106904,0.0289114163851959,0.0427665926926593,0.7892937973779861,0.1774215972807685,0.0332846053412453,-0.8535831071244682,0.0683214254801594,0.3914968086627235
20.0,0.2938112054087267,0.0109731382676645,0.0024665995413865,0.0287402124484971,0.0421799502575481,0.7892937973779861,0.1774215972807685,0.0332846053412453,-0.8535831071244682,0.0683214254801594,0.3914968086627235
20.0,0.2978850454457049,0.0106429633243589,0.0023923810868414,0.0285669289077792,0.0416022733189796,0.7892937973779861,0.1774215972807685,0.0332846053412453,-0.8535831071244682,0.0683214254801594,0.3914968086627235
20.0,0.3019588854826835,0.0103216054485767,0.0023201445789537,0.0283916157130204,0.0410333657405509,0.7892937973779861,0.1774215972807685,0.0332846053412453,-0.8535831071244682,0.0683214254801594,0.3914968086627235
20.0,0.3060327255196622,0.0100088669536672,0.0022498455806816,0.0282143231676246,0.0404730357019735,0.7892937973779861,0.1774215972807685,0.0332846053412453,-0.8535831071244682,0.0683214254801594,0.3914968086627235
20.0,0.3101065655566408,0.0097045533750229,0.0021814403792514,0.0280351019045329,0.0399210956588072,0.7892937973779861,0.1774215972807685,0.0332846053412453,-0.8535831071244682,0.0683214254801594,0.3914968086627235
20.0,0.314180405593619,0.0094084734553953,0.002114885982856,0.0278540028623068,0.0393773623005582,0.7892937973779861,0.1774215972807685,0.0332846053412453,-0.8535831071244682,0.0683214254801594,0.3914968086627235
20.0,0.3182542456305977,0.0091204391289457,0.0020501401170705,0.0276710772611954,0.0388416565072118,0.7892937973779861,0.1774215972807685,0.0332846053412453,-0.8535831071244682,0.0683214254801594,0.3914968086627235
20.0,0.3223280856675763,0.0088402655040815,0.0019871612209934,0.0274863765792054,0.0383138033042805,0.7892937973779861,0.1774215972807685,0.0332846053412453,-0.8535831071244682,0.0683214254801594,0.3914968086627235
20.0,0.3264019257045549,0.008567770845124,0.0019259084431263,0.0272999525281865,0.0377936318164368,0.7892937973779861,0.1774215972807685,0.0332846053412453,-0.8535831071244682,0.0683214254801594,0.3914968086627235
20.0,0.3304757657415331,0.0083027765528568,0.001866341637001,0.0271118570299499,0.0372809752198078,0.7892937973779861,0.1774215972807685,0.0332846053412453,-0.8535831071244682,0.0683214254801594,0.3914968086627235
20.0,0.3345496057785118,0.0080451071440013,0.0018084213565662,0.0269221421924343,0.0367756706930019,0.7892937973779861,0.1774215972807685,0.0332846053412453,-0.8535831071244682,0.0683214254801594,0.3914968086627235
20.0,0.3386234458154904,0.0077945902296645,0.001752108851343,0.0267308602859333,0.036277559366941,0.7892937973779861,0.1774215972807685,0.0332846053412453,-0.8535831071244682,0.0683214254801594,0.3914968086627235
20.0,0.342697285852469,0.0075510564928064,0.0016973660613596,0.0265380637194016,0.0357864862735677,0.7892937973779861,0.1774215972807685,0.0332846053412453,-0.8535831071244682,0.0683214254801594,0.3914968086627235
20.0,0.3467711258894472,0.00731433966477,0.0016441556118755,0.0263438050168527,0.0353023002934983,0.7892937973779861,0.1774215972807685,0.0332846053412453,-0.8535831071244682,0.0683214254801594,0.3914968086627235
20.0,0.3508449659264259,0.0070842765009194,0.0015924408079059,0.0261481367938635,0.0348248541026888,0.7892937973779861,0.1774215972807685,0.0332846053412453,-0.8535831071244682,0.0683214254801594,0.3914968086627235
20.0,0.3549188059634045,0.0068607067554287,0.0015421856285539,0.0259511117342008,0.0343540041181836,0.7892937973779861,0.1774215972807685,0.0332846053412453,-0.8535831071244682,0.0683214254801594,0.3914968086627235
20.0,0.3589926460003831,0.0066434731552657,0.001493354721163,0.0257527825665826,0.0338896104430114,0.7892937973779861,0.1774215972807685,0.0332846053412453,-0.8535831071244682,0.0683214254801594,0.3914968086627235
20.0,0.3630664860373613,0.0064324213734097,0.0014459133952965,0.0255532020415895,0.0334315368102957,0.7892937973779861,0.1774215972807685,0.0332846053412453,-0.8535831071244682,0.0683214254801594,0.3914968086627235
20.0,0.36714032607434,0.0062274000013479,0.0013998276165551,0.0253524229087393,0.0329796505266424,0.7892937973779861,0.1774215972807685,0.0332846053412453,-0.8535831071244682,0.0683214254801594,0.3914968086627235
20.0,0.3712141661113186,0.0060282605208887,0.0013550640002413,0.025150497893739,0.0325338224148691,0.7892937973779861,0.1774215972807685,0.0332846053412453,-0.8535831071244682,0.0683214254801594,0.3914968086627235
20.0,0.3752880061482972,0.0058348572753324,0.0013115898048784,0.0249474796759264,0.0320939267561374,0.7892937973779861,0.1774215972807685,0.0332846053412453,-0.8535831071244682,0.0683214254801594,0.3914968086627235
20.0,0.3793618461852754,0.0056470474400376,0.001269372925595,0.0247434208659159,0.0316598412315486,0.7892937973779861,0.1774215972807685,0.0332846053412453,-0.8535831071244682,0.0683214254801594,0.3914968086627235
20.0,0.3834356862222541,0.0054646909924225,0.0012283818873811,0.02453837398346,0.0312314468632637,0.7892937973779861,0.1774215972807685,0.0332846053412453,-0.8535831071244682,0.0683214254801594,0.3914968086627235
20.0,0.3875095262592327,0.0052876506814373,0.0011885858382263,0.0243323914355403,0.030808627955204,0.7892937973779861,0.1774215972807685,0.0332846053412453,-0.8535831071244682,0.0683214254801594,0.3914968086627235
20.0,0.3915833662962109,0.0051157919965452,0.0011499545421469,0.0241255254946991,0.0303912720333913,0.7892937973779861,0.1774215972807685,0.0332846053412453,-0.8535831071244682,0.0683214254801594,0.3914968086627235
20.0,0.3956572063331895,0.0049489831362466,0.001112458372111,0.0239178282776243,0.0299792697859821,0.7892937973779861,0.1774215972807685,0.0332846053412453,-0.8535831071244682,0.0683214254801594,0.3914968086627235
20.0,0.3997310463701682,0.0047870949761825,0.0010760683028683,0.0237093517239998,0.0295725150030506,0.7892937973779861,0.1774215972807685,0.0332846053412453,-0.8535831071244682,0.0683214254801594,0.3914968086627235
20.0,0.4038048864071468,0.0046300010368503,0.0010407559036932,0.0235001475756311,0.0291709045161747,0.7892937973779861,0.1774215972807685,0.0332846053412453,-0.8535831071244682,0.0683214254801594,0.3914968086627235
20.0,0.407878726444125,0.0044775774509663,0.0010064933310483,0.0232902673558598,0.0287743381378745,0.7892937973779861,0.1774215972807685,0.0332846053412453,-0.8535831071244682,0.0683214254801594,0.3914968086627235
20.0,0.4119525664811037,0.0043297029305055,0.0009732533211757,0.023079762349275,0.0283827186009562,0.7892937973779861,0.1774215972807685,0.0332846053412453,-0.8535831071244682,0.0683214254801594,0.3914968086627235
20.0,0.4160264065180823,0.0041862587334528,0.0009410091826226,0.0228686835817345,0.0279959514978099,0.7892937973779861,0.1774215972807685,0.0332846053412453,-0.8535831071244682,0.0683214254801594,0.3914968086627235
20.0,0.4201002465550609,0.004047128630294,0.0009097347887096,0.0226570818007044,0.0276139452197081,0.7892937973779861,0.1774215972807685,0.0332846053412453,-0.8535831071244682,0.0683214254801594,0.3914968086627235
20.0,0.4241740865920391,0.0039121988702784,0.0008794045699467,0.0224450074559278,0.0272366108961529,0.7892937973779861,0.1774215972807685,0.0332846053412453,-0.8535831071244682,0.0683214254801594,0.3914968086627235
20.0,0.4282479266290178,0.0037813581474805,0.0008499935064045,0.022232510680431,0.0268638623343161,0.7892937973779861,0.1774215972807685,0.0332846053412453,-0.8535831071244682,0.0683214254801594,0.3914968086627235
20.0,0.4323217666659964,0.0036544975666913,0.000821477120047,0.0220196412718784,0.0264956159586167,0.7892937973779861,0.1774215972807685,0.0332846053412453,-0.8535831071244682,0.0683214254801594,0.3914968086627235
20.0,0.436395606702975,0.0035315106091636,0.0007938314670319,0.0218064486742824,0.026131790750478,0.7892937973779861,0.1774215972807685,0.0332846053412453,-0.8535831071244682,0.0683214254801594,0.3914968086627235
20.0,0.4404694467399532,0.0034122930982418,0.0007670331299845,0.0215929819600786,0.025772308188305,0.7892937973779861,0.1774215972807685,0.0332846053412453,-0.8535831071244682,0.0683214254801594,0.3914968086627235
20.0,0.4445432867769319,0.0032967431648984,0.0007410592102507,0.0213792898125736,0.0254170921877228,0.7892937973779861,0.1774215972807685,0.0332846053412453,-0.8535831071244682,0.0683214254801594,0.3914968086627235
20.0,0.4486171268139105,0.0031847612132048,0.0007158873201356,0.0211654205087734,0.025066069042114,0.7892937973779861,0.1774215972807685,0.0332846053412453,-0.8535831071244682,0.0683214254801594,0.3914968086627235
20.0,0.4526909668508891,0.0030762498857603,0.0006914955751324,0.0209514219025993,0.0247191673634921,0.7892937973779861,0.1774215972807685,0.0332846053412453,-0.8535831071244682,0.0683214254801594,0.3914968086627235
20.0,0.4567648068878673,0.002971114029101,0.0006678625861466,0.0207373414084995,0.0243763180237472,0.7892937973779861,0.1774215972807685,0.0332846053412453,-0.8535831071244682,0.0683214254801594,0.3914968086627235
20.0,0.460838646924846,0.0028692606591143,0.000644967451722,0.0205232259854609,0.0240374540962973,0.7892937973779861,0.1774215972807685,0.0332846053412453,-0.8535831071244682,0.0683214254801594,0.3914968086627235
20.0,0.4649124869618246,0.0027705989264782,0.0006227897502718,0.0203091221214305,0.0237025107981806,0.7892937973779861,0.1774215972807685,0.0332846053412453,-0.8535831071244682,0.0683214254801594,0.3914968086627235
20.0,0.4689863269988032,0.0026750400821483,0.0006013095323205,0.0200950758181486,0.0233714254326175,0.7892937973779861,0.1774215972807685,0.0332846053412453,-0.8535831071244682,0.0683214254801594,0.3914968086627235
20.0,0.4730601670357814,0.0025824974429123,0.0005805073127612,0.0198811325764029,0.0230441373320765,0.7892937973779861,0.1774215972807685,0.0332846053412453,-0.8535831071244682,0.0683214254801594,0.3914968086627235
20.0,0.4771340070727601,0.0024928863570312,0.0005603640631323,0.0196673373817055,0.0227205878018691,0.7892937973779861,0.1774215972807685,0.0332846053412453,-0.8535831071244682,0.0683214254801594,0.3914968086627235
20.0,0.4812078471097387,0.0024061241699874,0.0005408612039182,0.0194537346904005,0.0224007200643063,0.7892937973779861,0.1774215972807685,0.0332846053412453,-0.8535831071244682,0.0683214254801594,0.3914968086627235
20.0,0.4852816871467174,0.0023221301903571,0.0005219805968774,0.0192403684162041,0.0220844792034387,0.7892937973779861,0.1774215972807685,0.0332846053412453,-0.8535831071244682,0.0683214254801594,0.3914968086627235
20.0,0.4893555271836955,0.0022408256558232,0.0005037045374036,0.0190272819171828,0.0217718121104097,0.7892937973779861,0.1774215972807685,0.0332846053412453,-0.8535831071244682,0.0683214254801594,0.3914968086627235
20.0,0.4934293672206742,0.0021621336993488,0.0004860157469213,0.0188145179831726,0.0214626674294428,0.7892937973779861,0.1774215972807685,0.0332846053412453,-0.8535831071244682,0.0683214254801594,0.3914968086627235
20.0,0.4975032072576528,0.0020859793155237,0.0004688973653211,0.0186021188236433,0.0211569955044882,0.7892937973779861,0.1774215972807685,0.0332846053412453,-0.8535831071244682,0.0683214254801594,0.3914968086627235
20.0,0.5015770472946315,0.0020122893271014,0.000452332943438,0.01839012605601,0.0208547483265495,0.7892937973779861,0.1774215972807685,0.0332846053412453,-0.8535831071244682,0.0683214254801594,0.3914968086627235
20.0,0.5056508873316097,0.0019409923517411,0.0004363064355752,0.0181785806943937,0.0205558794817101,0.7892937973779861,0.1774215972807685,0.0332846053412453,-0.8535831071244682,0.0683214254801594,0.3914968086627235
20.0,0.5097247273685883,0.0018720187689677,0.0004208021920775,0.0179675231388361,0.0202603440998814,0.7892937973779861,0.1774215972807685,0.0332846053412453,-0.8535831071244682,0.0683214254801594,0.3914968086627235
20.0,0.513798567405567,0.0018053006873646,0.0004058049519562,0.0177569931649665,0.0199680988042875,0.7892937973779861,0.1774215972807685,0.0332846053412453,-0.8535831071244682,0.0683214254801594,0.3914968086627235
20.0,0.5178724074425451,0.0017407719120105,0.0003912998355699,0.0175470299141254,0.0196791016617059,0.7892937973779861,0.1774215972807685,0.0332846053412453,-0.8535831071244682,0.0683214254801594,0.3914968086627235
20.0,0.5219462474795238,0.0016783679121733,0.0003772723373625,0.0173376718839436,0.0193933121334796,0.7892937973779861,0.1774215972807685,0.0332846053412453,-0.8535831071244682,0.0683214254801594,0.3914968086627235
20.0,0.5260200875165024,0.0016180257892727,0.0003637083186614,0.0171289569193801,0.0191106910273143,0.7892937973779861,0.1774215972807685,0.0332846053412453,-0.8535831071244682,0.0683214254801594,0.3914968086627235
20.0,0.5300939275534811,0.0015596842451212,0.0003505940005386,0.016920922204216,0.0188312004498759,0.7892937973779861,0.1774215972807685,0.0332846053412453,-0.8535831071244682,0.0683214254801594,0.3914968086627235
20.0,0.5341677675904593,0.001503283550455,0.0003379159567371,0.0167136042530074,0.0185548037601995,0.7892937973779861,0.1774215972807685,0.0332846053412453,-0.8535831071244682,0.0683214254801594,0.3914968086627235
20.0,0.5382416076274379,0.0014487655137637,0.0003256611066641,0.0165070389034948,0.0182814655239227,0.7892937973779861,0.1774215972807685,0.0332846053412453,-0.8535831071244682,0.0683214254801594,0.3914968086627235
20.0,0.5423154476644165,0.0013960734504283,0.0003138167084539,0.0163012613094701,0.0180111514683523,0.7892937973779861,0.1774215972807685,0.0332846053412453,-0.8535831071244682,0.0683214254801594,0.3914968086627235
20.0,0.5463892877013952,0.0013451521521756,0.0003023703521014,0.0160963059340984,0.0177438284383755,0.7892937973779861,0.1774215972807685,0.0332846053412453,-0.8535831071244682,0.0683214254801594,0.3914968086627235
20.0,0.5504631277383734,0.0012959478568579,0.0002913099526692,0.015892206543695,0.0174794643532222,0.7892937973779861,0.1774215972807685,0.0332846053412453,-0.8535831071244682,0.0683214254801594,0.3914968086627235
20.0,0.554536967775352,0.0012484082185641,0.0002806237435691,0.0156889962019549,0.0172180281640881,0.7892937973779861,0.1774215972807685,0.0332846053412453,-0.8535831071244682,0.0683214254801594,0.3914968086627235
20.0,0.5586108078123306,0.0012024822780702,0.0002703002699194,0.0154867072646329,0.0169594898126227,0.7892937973779861,0.1774215972807685,0.0332846053412453,-0.8535831071244682,0.0683214254801594,0.3914968086627235
20.0,0.5626846478493093,0.0011581204336358,0.0002603283819811,0.0152853713746727,0.0167038201902898,0.7892937973779861,0.1774215972807685,0.0332846053412453,-0.8535831071244682,0.0683214254801594,0.3914968086627235
20.0,0.5667584878862875,0.0011152744121512,0.0002506972286714,0.0150850194577817,0.0164509910986044,0.7892937973779861,0.1774215972807685,0.0332846053412453,-0.8535831071244682,0.0683214254801594,0.3914968086627235
20.0,0.5708323279232661,0.001073897240642,0.000241396251159,0.0148856817184484,0.0162009752102495,0.7892937973779861,0.1774215972807685,0.0332846053412453,-0.8535831071244682,0.0683214254801594,0.3914968086627235
20.0,0.5749061679602447,0.0010339432181358,0.0002324151765396,0.0146873876364006,0.0159537460310761,0.7892937973779861,0.1774215972807685,0.0332846053412453,-0.8535831071244682,0.0683214254801594,0.3914968086627235
20.0,0.5789800079972234,0.0009953678878947,0.0002237440115948,0.0144901659634993,0.0157092778629889,0.7892937973779861,0.1774215972807685,0.0332846053412453,-0.8535831071244682,0.0683214254801594,0.3914968086627235
20.0,0.5830538480342016,0.0009581280100192,0.0002153730366332,0.0142940447210654,0.0154675457677179,0.7892937973779861,0.1774215972807685,0.0332846053412453,-0.8535831071244682,0.0683214254801594,0.3914968086627235
20.0,0.5871276880711802,0.000922181534426,0.0002072927994166,0.0140990511976348,0.0152285255314774,0.7892937973779861,0.1774215972807685,0.0332846053412453,-0.8535831071244682,0.0683214254801594,0.3914968086627235
20.0,0.5912015281081588,0.0008874875742029,0.0001994941091707,0.0139052119471382,0.0149921936305118,0.7892937973779861,0.1774215972807685,0.0332846053412453,-0.8535831071244682,0.0683214254801594,0.3914968086627235
20.0,0.5952753681451375,0.0008540063793451,0.000191968030681,0.0137125527875002,0.0147585271975264,0.7892937973779861,0.1774215972807685,0.0332846053412453,-0.8535831071244682,0.0683214254801594,0.3914968086627235
20.0,0.5993492081821157,0.0008216993108735,0.0001847058784751,0.0135210987996536,0.0145275039890023,0.7892937973779861,0.1774215972807685,0.0332846053412453,-0.8535831071244682,0.0683214254801594,0.3914968086627235
20.0,0.6034230482190943,0.0007905288153381,0.0001776992110918,0.0133308743269631,0.0142991023533931,0.7892937973779861,0.1774215972807685,0.0332846053412453,-0.8535831071244682,0.0683214254801594,0.3914968086627235
20.0,0.607496888256073,0.0007604583997087,0.0001709398254364,0.0131419029750539,0.0140733012001991,0.7892937973779861,0.1774215972807685,0.0332846053412453,-0.8535831071244682,0.0683214254801594,0.3914968086627235
20.0,0.6115707282930516,0.0007314526066525,0.0001644197512239,0.0129542076120394,0.0138500799699158,0.7892937973779861,0.1774215972807685,0.0332846053412453,-0.8535831071244682,0.0683214254801594,0.3914968086627235
20.0,0.6156445683300298,0.0007034769902021,0.000158131245509,0.0127678103691413,0.0136294186048524,0.7892937973779861,0.1774215972807685,0.0332846053412453,-0.8535831071244682,0.0683214254801594,0.3914968086627235
20.0,0.6197184083670084,0.0006764980918124,0.0001520667873046,0.0125827326416979,0.0134112975208149,0.7892937973779861,0.1774215972807685,0.0332846053412453,-0.8535831071244682,0.0683214254801594,0.3914968086627235
20.0,0.6237922484039871,0.0006504834168078,0.0001462190722872,0.0123989950905531,0.0131956975796481,0.7892937973779861,0.1774215972807685,0.0332846053412453,-0.8535831071244682,0.0683214254801594,0.3914968086627235
20.0,0.6278660884409657,0.00062540141122,0.0001405810075904,0.0122166176438196,0.0129826000626301,0.7892937973779861,0.1774215972807685,0.0332846053412453,-0.8535831071244682,0.0683214254801594,0.3914968086627235
20.0,0.6319399284779439,0.0006012214390155,0.000135145706686,0.0120356194990114,0.012771986644713,0.7892937973779861,0.1774215972807685,0.0332846053412453,-0.8535831071244682,0.0683214254801594,0.3914968086627235
20.0,0.6360137685149225,0.0005779137597132,0.0001299064843528,0.011856019125536,0.012563839369602,0.7892937973779861,0.1774215972807685,0.0332846053412453,-0.8535831071244682,0.0683214254801594,0.3914968086627235
20.0,0.6400876085519012,0.0005554495063896,0.0001248568517323,0.0116778342675427,0.0123581406256646,0.7892937973779861,0.1774215972807685,0.0332846053412453,-0.8535831071244682,0.0683214254801594,0.3914968086627235
20.0,0.6441614485888794,0.0005338006640734,0.0001199905114724,0.0115010819471172,0.0121548731226631,0.7892937973779861,0.1774215972807685,0.0332846053412453,-0.8535831071244682,0.0683214254801594,0.3914968086627235
20.0,0.648235288625858,0.0005129400485254,0.0001153013529575,0.0113257784678165,0.0119540198692996,0.7892937973779861,0.1774215972807685,0.0332846053412453,-0.8535831071244682,0.0683214254801594,0.3914968086627235
20.0,0.6523091286628366,0.000492841285404,0.0001107834476246,0.0111519394185372,0.0117555641515659,0.7892937973779861,0.1774215972807685,0.0332846053412453,-0.8535831071244682,0.0683214254801594,0.3914968086627235
20.0,0.6563829686998153,0.0004734787898133,0.0001064310443669,0.0109795796777075,0.0115594895118878,0.7892937973779861,0.1774215972807685,0.0332846053412453,-0.8535831071244682,0.0683214254801594,0.3914968086627235
20.0,0.6604568087367935,0.0004548277462336,0.0001022385650216,0.0108087134177988,0.0113657797290541,0.7892937973779861,0.1774215972807685,0.0332846053412453,-0.8535831071244682,0.0683214254801594,0.3914968086627235
20.0,0.6645306487737721,0.0004368640888299,9.820059994427708e-05,0.0106393541101447,0.0111744187989189,0.7892937973779861,0.1774215972807685,0.0332846053412453,-0.8535831071244682,0.0683214254801594,0.3914968086627235
20.0,0.6686044888107507,0.0004195644821379,9.431190366688916e-05,0.0104715145300643,0.0109853909158691,0.7892937973779861,0.1774215972807685,0.0332846053412453,-0.8535831071244682,0.0683214254801594,0.3914968086627235
20.0,0.6726783288477294,0.000402906302124,9.056739064060324e-05,0.0103052067622771,0.0107986804550417,0.7892937973779861,0.1774215972807685,0.0332846053412453,-0.8535831071244682,0.0683214254801594,0.3914968086627235
20.0,0.6767521688847076,0.0003868676176171,8.696213106179038e-05,0.0101404422066054,0.0106142719552843,0.7892937973779861,0.1774215972807685,0.0332846053412453,-0.8535831071244682,0.0683214254801594,0.3914968086627235
20.0,0.6808260089216862,0.0003714271721085,8.349134678100306e-05,0.0099772315839532,0.0104321501028427,0.7892937973779861,0.1774215972807685,0.0332846053412453,-0.8535831071244682,0.0683214254801594,0.3914968086627235
20.0,0.6848998489586648,0.0003565643659179,8.015040729411365e-05,0.0098155849425549,0.0102522997157669,0.7892937973779861,0.1774215972807685,0.0332846053412453,-0.8535831071244682,0.0683214254801594,0.3914968086627235
20.0,0.6889736889956435,0.0003422592387214,7.693482581490972e-05,0.009655511664485,0.0100747057290214,0.7892937973779861,0.1774215972807685,0.0332846053412453,-0.8535831071244682,0.0683214254801594,0.3914968086627235
20.0,0.6930475290326217,0.0003284924524392,7.384025542840054e-05,0.0094970204724202,0.0098993531802878,0.7892937973779861,0.1774215972807685,0.0332846053412453,-0.8535831071244682,0.0683214254801594,0.3914968086627235
20.0,0.6971213690696003,0.0003152452744777,7.086248532404956e-05,0.0093401194366455,0.0097262271964474,0.7892937973779861,0.1774215972807685,0.0332846053412453,-0.8535831071244682,0.0683214254801594,0.3914968086627235
20.0,0.701195209106579,0.0003024995613251,6.79974371081285e-05,0.0091848159822967,0.00955531298073,0.7892937973779861,0.1774215972807685,0.0332846053412453,-0.8535831071244682,0.0683214254801594,0.3914968086627235
20.0,0.7052690491435576,0.0002902377424939,6.524116119435296e-05,0.0090311168968288,0.0093865958005171,0.7892937973779861,0.1774215972807685,0.0332846053412453,-0.8535831071244682,0.0683214254801594,0.3914968086627235
20.0,0.7093428891805358,0.0002784428048085,6.258983327194315e-05,0.0088790283377044,0.0092200609757848,0.7892937973779861,0.1774215972807685,0.0332846053412453,-0.8535831071244682,0.0683214254801594,0.3914968086627235
20.0,0.7134167292175144,0.0002670982770333,6.003975085022531e-05,0.0087285558402904,0.009055693868174,0.7892937973779861,0.1774215972807685,0.0332846053412453,-0.8535831071244682,0.0683214254801594,0.3914968086627235
20.0,0.7174905692544931,0.0002561882148373,5.758732987887266e-05,0.0085797043259579,0.0088934798706742,0.7892937973779861,0.1774215972807685,0.0332846053412453,-0.8535831071244682,0.0683214254801594,0.3914968086627235
20.0,0.7215644092914717,0.0002456971860907,5.522910144285986e-05,0.0084324781103734,0.008733404397907,0.7892937973779861,0.1774215972807685,0.0332846053412453,-0.8535831071244682,0.0683214254801594,0.3914968086627235
20.0,0.7256382493284499,0.0002356102564901,5.296170853119218e-05,0.0082868809119745,0.0085754528769958,0.7892937973779861,0.1774215972807685,0.0332846053412453,-0.8535831071244682,0.0683214254801594,0.3914968086627235
20.0,0.7297120893654285,0.0002259129755076,5.078190287844952e-05,0.0081429158606217,0.0084196107390078,0.7892937973779861,0.1774215972807685,0.0332846053412453,-0.8535831071244682,0.0683214254801594,0.3914968086627235
20.0,0.7337859294024072,0.0002165913626592,4.868654187817823e-05,0.0080005855064167,0.0082658634109542,0.7892937973779861,0.1774215972807685,0.0332846053412453,-0.8535831071244682,0.0683214254801594,0.3914968086627235
20.0,0.7378597694393858,0.0002076318940891,4.6672585567137554e-05,0.0078598918286792,0.0081141963083356,0.7892937973779861,0.1774215972807685,0.0332846053412453,-0.8535831071244682,0.0683214254801594,0.3914968086627235
20.0,0.741933609476364,0.0001990214894638,4.4737093679409745e-05,0.0077208362450733,0.0079645948282166,0.7892937973779861,0.1774215972807685,0.0332846053412453,-0.8535831071244682,0.0683214254801594,0.3914968086627235
20.0,0.7460074495133426,0.0001907474991733,4.287722276936034e-05,0.0075834196208758,0.0078170443428185,0.7892937973779861,0.1774215972807685,0.0332846053412453,-0.8535831071244682,0.0683214254801594,0.3914968086627235
20.0,0.7500812895503213,0.0001827976918339,4.10902234024348e-05,0.0074476422783771,0.0076715301936135,0.7892937973779861,0.1774215972807685,0.0332846053412453,-0.8535831071244682,0.0683214254801594,0.3914968086627235
20.0,0.7541551295872999,0.000175160242088,3.937343741276181e-05,0.0073135040064067,0.0075280376859075,0.7892937973779861,0.1774215972807685,0.0332846053412453,-0.8535831071244682,0.0683214254801594,0.3914968086627235
20.0,0.7582289696242781,0.0001678237186966,3.772429522653223e-05,0.0071810040699748,0.0073865520838979,0.7892937973779861,0.1774215972807685,0.0332846053412453,-0.8535831071244682,0.0683214254801594,0.3914968086627235
20.0,0.7623028096612567,0.0001607770729201,3.614031325011393e-05,0.0070501412200216,0.0072470586061919,0.7892937973779861,0.1774215972807685,0.0332846053412453,-0.8535831071244682,0.0683214254801594,0.3914968086627235
20.0,0.7663766496982354,0.0001540096271817,3.4619091321859744e-05,0.0069209137032671,0.0071095424217708,0.7892937973779861,0.1774215972807685,0.0332846053412453,-0.8535831071244682,0.0683214254801594,0.3914968086627235
20.0,0.770450489735214,0.0001475110640106,3.31583102265605e-05,0.0067933192721512,0.0069739886463885,0.7892937973779861,0.1774215972807685,0.0332846053412453,-0.8535831071244682,0.0683214254801594,0.3914968086627235
20.0,0.7745243297721922,0.000141271415258,3.175572927149387e-05,0.0066673551948582,0.0068403823393878,0.7892937973779861,0.1774215972807685,0.0332846053412453,-0.8535831071244682,0.0683214254801594,0.3914968086627235
20.0,0.7785981698091708,0.0001352810515834,3.040918392301686e-05,0.0065430182654161,0.0067087085009226,0.7892937973779861,0.1774215972807685,0.0332846053412453,-0.8535831071244682,0.0683214254801594,0.3914968086627235
20.0,0.7826720098461495,0.0001295306722051,2.9116583502652175e-05,0.0064203048138642,0.006578952069572,0.7892937973779861,0.1774215972807685,0.0332846053412453,-0.8535831071244682,0.0683214254801594,0.3914968086627235
20.0,0.7867458498831277,0.0001240112949105,2.787590894161411e-05,0.00629921071648,0.0064510979203322,0.7892937973779861,0.1774215972807685,0.0332846053412453,-0.8535831071244682,0.0683214254801594,0.3914968086627235
20.0,0.7908196899201063,0.0001187142463227,2.6685210592725265e-05,0.0061797314060581,0.0063251308629735,0.7892937973779861,0.1774215972807685,0.0332846053412453,-0.8535831071244682,0.0683214254801594,0.3914968086627235
20.0,0.794893529957085,0.0001136311524162,2.5542606098675786e-05,0.0060618618822336,0.0062010356407486,0.7892937973779861,0.1774215972807685,0.0332846053412453,-0.8535831071244682,0.0683214254801594,0.3914968086627235
20.0,0.7989673699940636,0.0001087539292802,2.444627831557826e-05,0.0059455967218434,0.0060787969294392,0.7892937973779861,0.1774215972807685,0.0332846053412453,-0.8535831071244682,0.0683214254801594,0.3914968086627235
20.0,0.8030412100310418,0.0001040747741218,2.3394473290777897e-05,0.0058309300893157,0.0059583993367283,0.7892937973779861,0.1774215972807685,0.0332846053412453,-0.8535831071244682,0.0683214254801594,0.3914968086627235
20.0,0.8071150500680204,9.958615650727762e-05,2.2385498293878507e-05,0.0057178557470829,0.0058398274018841,0.7892937973779861,0.1774215972807685,0.0332846053412453,-0.8535831071244682,0.0683214254801594,0.3914968086627235
20.0,0.8111888901049991,9.528080983433614e-05,2.141771989995441e-05,0.0056063670660096,0.0057230655957439,0.7892937973779861,0.1774215972807685,0.0332846053412453,-0.8535831071244682,0.0683214254801594,0.3914968086627235
20.0,0.8152627301419777,9.115172303294497e-05,2.0489562123917905e-05,0.0054964570358285,0.0056080983209854,0.7892937973779861,0.1774215972807685,0.0332846053412453,-0.8535831071244682,0.0683214254801594,0.3914968086627235
20.0,0.8193365701789559,8.719213248850668e-05,1.9599504605024672e-05,0.0053881182755782,0.0054949099126717,0.7892937973779861,0.1774215972807685,0.0332846053412453,-0.8535831071244682,0.0683214254801594,0.3914968086627235
20.0,0.8234104102159345,8.339551418387415e-05,1.8746080840501248e-05,0.0052813430440351,0.0053834846390595,0.7892937973779861,0.1774215972807685,0.0332846053412453,-0.8535831071244682,0.0683214254801594,0.3914968086627235
20.0,0.8274842502529132,7.975557605536611e-05,1.7927876467290143e-05,0.0051761232501338,0.0052738067026565,0.7892937973779861,0.1774215972807685,0.0332846053412453,-0.8535831071244682,0.0683214254801594,0.3914968086627235
20.0,0.8315580902898918,7.626625055839415e-05,1.7143527590912488e-05,0.0050724504633691,0.0051658602415184,0.7892937973779861,0.1774215972807685,0.0332846053412453,-0.8535831071244682,0.0683214254801594,0.3914968086627235
20.0,0.83563193032687,7.29216874383035e-05,1.639171916045974e-05,0.0049703159241726,0.0050596293307714,0.7892937973779861,0.1774215972807685,0.0332846053412453,-0.8535831071244682,0.0683214254801594,0.3914968086627235
20.0,0.8397057703638486,6.971624670206132e-05,1.567118338873293e-05,0.0048697105542592,0.00495509798435,0.7892937973779861,0.1774215972807685,0.0332846053412453,-0.8535831071244682,0.0683214254801594,0.3914968086627235
20.0,0.8437796104008273,6.664449178647284e-05,1.4980698216558484e-05,0.004770624966936,0.004852250156939,0.7892937973779861,0.1774215972807685,0.0332846053412453,-0.8535831071244682,0.0683214254801594,0.3914968086627235
20.0,0.8478534504378059,6.37011829186459e-05,1.4319085820318626e-05,0.0046730494773688,0.0047510697461078,0.7892937973779861,0.1774215972807685,0.0332846053412453,-0.8535831071244682,0.0683214254801594,0.3914968086627235
20.0,0.8519272904747841,6.088127066447064e-05,1.368521116174483e-05,0.0045769741128,0.0046515405946262,0.7892937973779861,0.1774215972807685,0.0332846053412453,-0.8535831071244682,0.0683214254801594,0.3914968086627235
20.0,0.8560011305117627,5.817988966092909e-05,1.3077980579033506e-05,0.0044823886227116,0.0045536464929516,0.7892937973779861,0.1774215972807685,0.0332846053412453,-0.8535831071244682,0.0683214254801594,0.3914968086627235
20.0,0.8600749705487414,5.5592352528101544e-05,1.2496340418354896e-05,0.0043892824889297,0.0044573711818761,0.7892937973779861,0.1774215972807685,0.0332846053412453,-0.8535831071244682,0.0683214254801594,0.3914968086627235
20.0,0.86414881058572,5.311414395677307e-05,1.193927570483425e-05,0.0042976449356634,0.004362698355325,0.7892937973779861,0.1774215972807685,0.0332846053412453,-0.8535831071244682,0.0683214254801594,0.3914968086627235
20.0,0.8682226506226982,5.074091496761205e-05,1.1405808852099907e-05,0.004207464939474,0.0042696116632937,0.7892937973779861,0.1774215972807685,0.0332846053412453,-0.8535831071244682,0.0683214254801594,0.3914968086627235
20.0,0.8722964906596768,4.846847733793145e-05,1.0894998409501464e-05,0.0041187312391692,0.0041780947149166,0.7892937973779861,0.1774215972807685,0.0332846053412453,-0.8535831071244682,0.0683214254801594,0.3914968086627235
20.0,0.8763703306966555,4.629279819210651e-05,1.0405937846115508e-05,0.0040314323456175,0.0040881310816557,0.7892937973779861,0.1774215972807685,0.0332846053412453,-0.8535831071244682,0.0683214254801594,0.3914968086627235
20.0,0.8804441707336341,4.420999475176463e-05,9.937754370665784e-06,0.0039455565514785,0.0039997043006009,0.7892937973779861,0.1774215972807685,0.0332846053412453,-0.8535831071244682,0.0683214254801594,0.3914968086627235
20.0,0.8845180107706123,4.221632924193428e-05,9.48960778650064e-06,0.003861091940844,0.0039127978778724,0.7892937973779861,0.1774215972807685,0.0332846053412453,-0.8535831071244682,0.0683214254801594,0.3914968086627235
20.0,0.888591850807591,4.030820394937718e-05,9.06068938077904e-06,0.0037780263987862,0.0038273952921163,0.7892937973779861,0.1774215972807685,0.0332846053412453,-0.8535831071244682,0.0683214254801594,0.3914968086627235
20.0,0.8926656908445696,3.848215642940583e-05,8.650220847033864e-06,0.0036963476208086,0.0037434799980851,0.7892937973779861,0.1774215972807685,0.0332846053412453,-0.8535831071244682,0.0683214254801594,0.3914968086627235
20.0,0.8967395308815482,3.6734854857522766e-05,8.257453240289034e-06,0.0036160431221956,0.0036610354302934,0.7892937973779861,0.1774215972807685,0.0332846053412453,-0.8535831071244682,0.0683214254801594,0.3914968086627235
20.0,0.9008133709185264,3.506309352229397e-05,7.881665963923955e-06,0.0035371002472567,0.0035800450067429,0.7892937973779861,0.1774215972807685,0.0332846053412453,-0.8535831071244682,0.0683214254801594,0.3914968086627235
20.0,0.9048872109555052,3.3463788455916565e-05,7.522165787489631e-06,0.0034595061784621,0.0035004921327055,0.7892937973779861,0.1774215972807685,0.0332846053412453,-0.8535831071244682,0.0683214254801594,0.3914968086627235
20.0,0.9089610509924836,3.1933973199004315e-05,7.178285894694935e-06,0.0033832479454664,0.0034223602045601,0.7892937973779861,0.1774215972807685,0.0332846053412453,-0.8535831071244682,0.0683214254801594,0.3914968086627235
20.0,0.913034891029462,3.047079469616942e-05,6.8493849607939796e-06,0.0033083124340161,0.003345632613673,0.7892937973779861,0.1774215972807685,0.0332846053412453,-0.8535831071244682,0.0683214254801594,0.3914968086627235
20.0,0.9171087310664404,2.9071509319040952e-05,6.534846258619352e-06,0.0032346863947382,0.0032702927503159,0.7892937973779861,0.1774215972807685,0.0332846053412453,-0.8535831071244682,0.0683214254801594,0.3914968086627235
20.0,0.9211825711034192,2.773347901341949e-05,6.234076792519331e-06,0.0031623564518077,0.0031963240076136,0.7892937973779861,0.1774215972807685,0.0332846053412453,-0.8535831071244682,0.0683214254801594,0.3914968086627235
20.0,0.9252564111403978,2.645416756732316e-05,5.946506459469719e-06,0.0030913091114895,0.0031237097855163,0.7892937973779861,0.1774215972807685,0.0332846053412453,-0.8535831071244682,0.0683214254801594,0.3914968086627235
20.0,0.929330251177376,2.52311369967439e-05,5.671587236645184e-06,0.0030215307705535,0.0030524334947869,0.7892937973779861,0.1774215972807685,0.0332846053412453,-0.8535831071244682,0.0683214254801594,0.3914968086627235
20.0,0.9334040912143546,2.4062044045988547e-05,5.408792394747588e-06,0.0029530077245592,0.0029824785609999,0.7892937973779861,0.1774215972807685,0.0332846053412453,-0.8535831071244682,0.0683214254801594,0.3914968086627235
20.0,0.9374779312513332,2.2944636799542255e-05,5.157615736402881e-06,0.0028857261760084,0.0029138284285443,0.7892937973779861,0.1774215972807685,0.0332846053412453,-0.8535831071244682,0.0683214254801594,0.3914968086627235
20.0,0.941551771288312,2.187675140244487e-05,4.917570858950115e-06,0.002819672242363,0.0028464665646244,0.7892937973779861,0.1774215972807685,0.0332846053412453,-0.8535831071244682,0.0683214254801594,0.3914968086627235
20.0,0.94562561132529,2.0856308886236475e-05,4.6881904409608466e-06,0.002754831963926,0.0027803764632532,0.7892937973779861,0.1774215972807685,0.0332846053412453,-0.8535831071244682,0.0683214254801594,0.3914968086627235
20.0,0.9496994513622689,1.9881312097581186e-05,4.469025551839084e-06,0.0026911913115839,0.0027155416492333,0.7892937973779861,0.1774215972807685,0.0332846053412453,-0.8535831071244682,0.0683214254801594,0.3914968086627235
20.0,0.9537732913992474,1.8949842726741063e-05,4.259644983866086e-06,0.0026287361944088,0.0026519456821195,0.7892937973779861,0.1774215972807685,0.0332846053412453,-0.8535831071244682,0.0683214254801594,0.3914968086627235
20.0,0.957847131436226,1.8060058433125783e-05,4.059634606066345e-06,0.0025674524671182,0.0025895721601574,0.7892937973779861,0.1774215972807685,0.0332846053412453,-0.8535831071244682,0.0683214254801594,0.3914968086627235
20.0,0.9619209714732042,1.721019006520501e-05,3.868596739284916e-06,0.0025073259373908,0.0025284047241952,0.7892937973779861,0.1774215972807685,0.0332846053412453,-0.8535831071244682,0.0683214254801594,0.3914968086627235
20.0,0.9659948115101828,1.6398538972124954e-05,3.686149551878498e-06,0.002448342373038,0.002468427061562,0.7892937973779861,0.1774215972807685,0.0332846053412453,-0.8535831071244682,0.0683214254801594,0.3914968086627235
20.0,0.9700686515471616,1.562347440442971e-05,3.511926475435944e-06,0.0023904875090291,0.002409622909909,0.7892937973779861,0.1774215972807685,0.0332846053412453,-0.8535831071244682,0.0683214254801594,0.3914968086627235
20.0,0.97414249158414,1.4883431001341328e-05,3.3455756399559106e-06,0.0023337470543682,0.0023519760610095,0.7892937973779861,0.1774215972807685,0.0332846053412453,-0.8535831071244682,0.0683214254801594,0.3914968086627235
20.0,0.9782163316211184,1.417690636211167e-05,3.1867593279225926e-06,0.0022781066988243,0.0022954703645144,0.7892937973779861,0.1774215972807685,0.0332846053412453,-0.8535831071244682,0.0683214254801594,0.3914968086627235
20.0,0.982290171658097,1.3502458699011388e-05,3.0351534467322846e-06,0.0022235521195112,0.0022400897316569,0.7892937973779861,0.1774215972807685,0.0332846053412453,-0.8535831071244682,0.0683214254801594,0.3914968086627235
20.0,0.9863640116950756,1.2858704569579217e-05,2.8904470189364898e-06,0.002170068987318,0.0021858181389065,0.7892937973779861,0.1774215972807685,0.0332846053412453,-0.8535831071244682,0.0683214254801594,0.3914968086627235
20.0,0.9904378517320542,1.2244316685805148e-05,2.7523416897786272e-06,0.0021176429731897,0.0021326396315652,0.7892937973779861,0.1774215972807685,0.0332846053412453,-0.8535831071244682,0.0683214254801594,0.3914968086627235
20.0,0.9945116917690324,1.165802179797844e-05,2.620551251514295e-06,0.0020662597542562,0.0020805383273057,0.7892937973779861,0.1774215972807685,0.0332846053412453,-0.8535831071244682,0.0683214254801594,0.3914968086627235
20.0,0.9985855318060112,1.1098598650981233e-05,2.4948011840162388e-06,0.0020159050198111,0.0020294984196461,0.7892937973779861,0.1774215972807685,0.0332846053412453,-0.8535831071244682,0.0683214254801594,0.3914968086627235
20.0,1.0026593718429897,1.0564876010863222e-05,2.3748282111774594e-06,0.0019665644771386,0.0019795041813606,0.7892937973779861,0.1774215972807685,0.0332846053412453,-0.8535831071244682,0.0683214254801594,0.3914968086627235
20.0,1.0067332118799683,1.0055730759582413e-05,2.260379872637052e-06,0.0019182238571895,0.0019305399678217,0.7892937973779861,0.1774215972807685,0.0332846053412453,-0.8535831071244682,0.0683214254801594,0.3914968086627235
20.0,1.0108070519169463,9.570086055849316e-06,2.1512141103651254e-06,0.0018708689201059,0.0018825902202721,0.7892937973779861,0.1774215972807685,0.0332846053412453,-0.8535831071244682,0.0683214254801594,0.3914968086627235
20.0,1.0148808919539252,9.106909560061433e-06,2.047098869654268e-06,0.0018244854605942,0.0018356394690239,0.7892937973779861,0.1774215972807685,0.0332846053412453,-0.8535831071244682,0.0683214254801594,0.3914968086627235
20.0,1.0189547319909038,8.665211721365082e-06,1.94781171407633e-06,0.0017790593131483,0.0017896723365838,0.7892937973779861,0.1774215972807685,0.0332846053412453,-0.8535831071244682,0.0683214254801594,0.3914968086627235
20.0,1.0230285720278824,8.244044124929167e-06,1.853139453973952e-06,0.0017345763571215,0.0017446735407004,0.7892937973779861,0.1774215972807685,0.0332846053412453,-0.8535831071244682,0.0683214254801594,0.3914968086627235
20.0,1.0271024120648606,7.842497897565042e-06,1.7628777880674456e-06,0.0016910225216484,0.0017006278973341,0.7892937973779861,0.1774215972807685,0.0332846053412453,-0.8535831071244682,0.0683214254801594,0.3914968086627235
20.0,1.0311762521018393,7.4597021698723775e-06,1.676830957767876e-06,0.0016483837904183,0.001657520323546,0.7892937973779861,0.1774215972807685,0.0332846053412453,-0.8535831071244682,0.0683214254801594,0.3914968086627235
20.0,1.035250092138818,7.0948225931394415e-06,1.594811413798134e-06,0.0016066462062986,0.0016153358403055,0.7892937973779861,0.1774215972807685,0.0332846053412453,-0.8535831071244682,0.0683214254801594,0.3914968086627235
20.0,1.039323932175796,6.7470599092695914e-06,1.5166394947335171e-06,0.001565795875811,0.001574059575215,0.7892937973779861,0.1774215972807685,0.0332846053412453,-0.8535831071244682,0.0683214254801594,0.3914968086627235
20.0,1.0433977722127747,6.415648572052147e-06,1.4421431170837692e-06,0.0015258189734606,0.0015336767651497,0.7892937973779861,0.1774215972807685,0.0332846053412453,-0.8535831071244682,0.0683214254801594,0.3914968086627235
20.0,1.0474716122497534,6.09985541814124e-06,1.3711574765487363e-06,0.0014867017459183,0.001494172758813,0.7892937973779861,0.1774215972807685,0.0332846053412453,-0.8535831071244682,0.0683214254801594,0.3914968086627235
20.0,1.051545452286732,5.798978386146258e-06,1.3035247600888065e-06,0.0014484305160587,0.001455533019205,0.7892937973779861,0.1774215972807685,0.0332846053412453,-0.8535831071244682,0.0683214254801594,0.3914968086627235
20.0,1.0556192923237102,5.512345282283873e-06,1.2390938684616998e-06,0.0014109916868537,0.0014177431260045,0.7892937973779861,0.1774215972807685,0.0332846053412453,-0.8535831071244682,0.0683214254801594,0.3914968086627235
20.0,1.0596931323606888,5.239312591080912e-06,1.1777201488860246e-06,0.001374371745123,0.001380788777863,0.7892937973779861,0.1774215972807685,0.0332846053412453,-0.8535831071244682,0.0683214254801594,0.3914968086627235
20.0,1.0637669723976677,4.979264329660129e-06,1.11926513750163e-06,0.0013385572651435,0.0013446557946107,0.7892937973779861,0.1774215972807685,0.0332846053412453,-0.8535831071244682,0.0683214254801594,0.3914968086627235
20.0,1.067840812434646,4.731610944179724e-06,1.063596311305494e-06,0.0013035349121184,0.0013093301193739,0.7892937973779861,0.1774215972807685,0.0332846053412453,-0.8535831071244682,0.0683214254801594,0.3914968086627235
20.0,1.0719146524716243,4.495788247038445e-06,1.0105868492511154e-06,0.0012692914455072,0.0012747978206035,0.7892937973779861,0.1774215972807685,0.0332846053412453,-0.8535831071244682,0.0683214254801594,0.3914968086627235
20.0,1.075988492508603,4.2712563934956386e-06,9.601154022078052e-07,0.0012358137222188,0.0012410450940145,0.7892937973779861,0.1774215972807685,0.0332846053412453,-0.8535831071244682,0.0683214254801594,0.3914968086627235
20.0,1.0800623325455816,4.057498896394558e-06,9.120658714850256e-07,0.0012030886996686,0.0012080582644365,0.7892937973779861,0.1774215972807685,0.0332846053412453,-0.8535831071244682,0.0683214254801594,0.3914968086627235
20.0,1.0841361725825602,3.854021677713472e-06,8.663271956350771e-07,0.0011711034387014,0.0011758237875748,0.7892937973779861,0.1774215972807685,0.0332846053412453,-0.8535831071244682,0.0683214254801594,0.3914968086627235
20.0,1.0882100126195384,3.6603521557063297e-06,8.227931452557925e-07,0.0011398451063821,0.001144328251683,0.7892937973779861,0.1774215972807685,0.0332846053412453,-0.8535831071244682,0.0683214254801594,0.3914968086627235
20.0,1.092283852656517,3.4760383664298124e-06,7.813621255227813e-07,0.0011093009786551,0.001113558379147,0.7892937973779861,0.1774215972807685,0.0332846053412453,-0.8535831071244682,0.0683214254801594,0.3914968086627235
20.0,1.0963576926934957,3.3006481184888943e-06,7.41936986188707e-07,0.0010794584428753,0.00108350102798,0.7892937973779861,0.1774215972807685,0.0332846053412453,-0.8535831071244682,0.0683214254801594,0.3914968086627235
20.0,1.1004315327304743,3.1337681798665976e-06,7.044248387946164e-07,0.0010503050002118,0.0010541431932304,0.7892937973779861,0.1774215972807685,0.0332846053412453,-0.8535831071244682,0.0683214254801594,0.3914968086627235
20.0,1.1045053727674523,2.9750034957375645e-06,6.687368808459742e-07,0.0010218282679254,0.001025472008302,0.7892937973779861,0.1774215972807685,0.0332846053412453,-0.8535831071244682,0.0683214254801594,0.3914968086627235
20.0,1.1085792128044312,2.823976436197124e-06,6.347882267132589e-07,0.0009940159815244,0.0009974747461873,0.7892937973779861,0.1774215972807685,0.0332846053412453,-0.8535831071244682,0.0683214254801594,0.3914968086627235
20.0,1.1126530528414098,2.6803260728699296e-06,6.024977450242609e-07,0.0009668559967971,0.000970138820615,0.7892937973779861,0.1774215972807685,0.0332846053412453,-0.8535831071244682,0.0683214254801594,0.3914968086627235
20.0,1.1167268928783884,2.5437074833927324e-06,5.717879023220737e-07,0.0009403362917263,0.000943451787112,0.7892937973779861,0.1774215972807685,0.0332846053412453,-0.8535831071244682,0.0683214254801594,0.3914968086627235
20.0,1.1208007329153666,2.413791082796782e-06,5.425846127697256e-07,0.0009144449682856,0.0009174013439812,0.7892937973779861,0.1774215972807685,0.0332846053412453,-0.8535831071244682,0.0683214254801594,0.3914968086627235
20.0,1.1248745729523453,2.290261980844654e-06,5.148170936889825e-07,0.0008891702541204,0.0008919753331949,0.7892937973779861,0.1774215972807685,0.0332846053412453,-0.8535831071244682,0.0683214254801594,0.3914968086627235
20.0,1.128948412989324,2.1728193644056175e-06,4.884177267274455e-07,0.0008645005041158,0.0008671617412069,0.7892937973779861,0.1774215972807685,0.0332846053412453,-0.8535831071244682,0.0683214254801594,0.3914968086627235
20.0,1.1330222530263026,2.0611759039813806e-06,4.633219244542971e-07,0.0008404242018532,0.0008429486996817,0.7892937973779861,0.1774215972807685,0.0332846053412453,-0.8535831071244682,0.0683214254801594,0.3914968086627235
20.0,1.1370960930632807,1.9550571835221627e-06,4.39468002191369e-07,0.0008169299609581,0.0008193244861438,0.7892937973779861,0.1774215972807685,0.0332846053412453,-0.8535831071244682,0.0683214254801594,0.3914968086627235
20.0,1.1411699331002594,1.8542011526995344e-06,4.167970548921596e-07,0.0007940065263405,0.000796277524548,0.7892937973779861,0.1774215972807685,0.0332846053412453,-0.8535831071244682,0.0683214254801594,0.3914968086627235
20.0,1.145243773137238,1.7583576008289288e-06,3.952528388873788e-07,0.0007716427753309,0.0007737963857707,0.7892937973779861,0.1774215972807685,0.0332846053412453,-0.8535831071244682,0.0683214254801594,0.3914968086627235
20.0,1.1493176131742169,1.6672876516599563e-06,3.747816583212662e-07,0.0007498277187145,0.0007518697880245,0.7892937973779861,0.1774215972807685,0.0332846053412453,-0.8535831071244682,0.0683214254801594,0.3914968086627235
20.0,1.1533914532111949,1.5807632782779271e-06,3.553322561086125e-07,0.0007285505016636,0.000730486597198,0.7892937973779861,0.1774215972807685,0.0332846053412453,-0.8535831071244682,0.0683214254801594,0.3914968086627235
20.0,1.1574652932481737,1.4985668373836731e-06,3.368557092477369e-07,0.0007078004045733,0.00070963582712,0.7892937973779861,0.1774215972807685,0.0332846053412453,-0.8535831071244682,0.0683214254801594,0.3914968086627235
20.0,1.161539133285152,1.4204906222432182e-06,3.193053283301701e-07,0.0006875668438008,0.0006893066397514,0.7892937973779861,0.1774215972807685,0.0332846053412453,-0.8535831071244682,0.0683214254801594,0.3914968086627235
20.0,1.1656129733221308,1.346336433620699e-06,3.026365610927073e-07,0.0006678393723112,0.0006694883453059,0.7892937973779861,0.1774215972807685,0.0332846053412453,-0.8535831071244682,0.0683214254801594,0.3914968086627235
20.0,1.169686813359109,1.2759151680313134e-06,2.8680689986274757e-07,0.0006486076802318,0.0006501704022997,0.7892937973779861,0.1774215972807685,0.0332846053412453,-0.8535831071244682,0.0683214254801594,0.3914968086627235
20.0,1.1737606533960876,1.2090464226722278e-06,2.71775792752592e-07,0.0006298615953181,0.0006313424175335,0.7892937973779861,0.1774215972807685,0.0332846053412453,-0.8535831071244682,0.0683214254801594,0.3914968086627235
20.0,1.1778344934330662,1.1455581164107906e-06,2.575045584631877e-07,0.0006115910833317,0.0006129941460066,0.7892937973779861,0.1774215972807685,0.0332846053412453,-0.8535831071244682,0.0683214254801594,0.3914968086627235
20.0,1.1819083334700444,1.0852861262298848e-06,2.439563045624086e-07,0.000593786248335,0.0005951154907658,0.7892937973779861,0.1774215972807685,0.0332846053412453,-0.8535831071244682,0.0683214254801594,0.3914968086627235
20.0,1.185982173507023,1.0280739385502926e-06,2.310958491074681e-07,0.0005764373329024,0.0005776965026901,0.7892937973779861,0.1774215972807685,0.0332846053412453,-0.8535831071244682,0.0683214254801594,0.3914968086627235
20.0,1.1900560135440017,9.737723148695143e-07,2.1888964548546106e-07,0.0005595347182528,0.0005607273802132,0.7892937973779861,0.1774215972807685,0.0332846053412453,-0.8535831071244682,0.0683214254801594,0.3914968086627235
20.0,1.1941298535809803,9.222389711750928e-07,2.0730571035020937e-07,0.0005430689243027,0.0005441984689842,0.7892937973779861,0.1774215972807685,0.0332846053412453,-0.8535831071244682,0.0683214254801594,0.3914968086627235
20.0,1.1982036936179583,8.733382706092335e-07,1.9631355453780474e-07,0.0005270306096452,0.0005281002614704,0.7892937973779861,0.1774215972807685,0.0332846053412453,-0.8535831071244682,0.0683214254801594,0.3914968086627235
20.0,1.2022775336549372,8.269409288790718e-07,1.8588411684718424e-07,0.0005114105714547,0.0005124233965005,0.7892937973779861,0.1774215972807685,0.0332846053412453,-0.8535831071244682,0.0683214254801594,0.3914968086627235
20.0,1.2063513736919158,7.829237319243882e-07,1.7598970057599927e-07,0.0004961997453212,0.0004971586587537,0.7892937973779861,0.1774215972807685,0.0332846053412453,-0.8535831071244682,0.0683214254801594,0.3914968086627235
20.0,1.2104252137288944,7.411692653713825e-07,1.6660391270581665e-07,0.0004813892050149,0.000482296978193,0.7892937973779861,0.1774215972807685,0.0332846053412453,-0.8535831071244682,0.0683214254801594,0.3914968086627235
20.0,1.2144990537658726,7.015656553174134e-07,1.5770160563435366e-07,0.0004669701621848,0.0004678294294458,0.7892937973779861,0.1774215972807685,0.0332846053412453,-0.8535831071244682,0.0683214254801594,0.3914968086627235
20.0,1.2185728938028513,6.640063200074277e-07,1.4925882135600417e-07,0.0004529339659926,0.0004537472311339,0.7892937973779861,0.1774215972807685,0.0332846053412453,-0.8535831071244682,0.0683214254801594,0.3914968086627235
20.0,1.22264673383983,6.283897319783312e-07,1.4125273799540326e-07,0.0004392721026837,0.0004400417451537,0.7892937973779861,0.1774215972807685,0.0332846053412453,-0.8535831071244682,0.0683214254801594,0.3914968086627235
20.0,1.2267205738768086,5.946191902621767e-07,1.3366161860206584e-07,0.0004259761950989,0.0004267044759078,0.7892937973779861,0.1774215972807685,0.0332846053412453,-0.8535831071244682,0.0683214254801594,0.3914968086627235
20.0,1.2307944139137867,5.626026022537879e-07,1.2646476211744768e-07,0.0004130380021271,0.0004137270694915,0.7892937973779861,0.1774215972807685,0.0332846053412453,-0.8535831071244682,0.0683214254801594,0.3914968086627235
20.0,1.2348682539507654,5.322522748622614e-07,1.196424564288852e-07,0.0004004494181025,0.0004011013128338,0.7892937973779861,0.1774215972807685,0.0332846053412453,-0.8535831071244682,0.0683214254801594,0.3914968086627235
20.0,1.238942093987744,5.03484714579459e-07,1.1317593342794323e-07,0.0003882024721477,0.0003888191327957,0.7892937973779861,0.1774215972807685,0.0332846053412453,-0.8535831071244682,0.0683214254801594,0.3914968086627235
20.0,1.2430159340247229,4.762204361117293e-07,1.0704732599365e-07,0.0003762893274651,0.0003768725952272,0.7892937973779861,0.1774215972807685,0.0332846053412453,-0.8535831071244682,0.0683214254801594,0.3914968086627235
20.0,1.2470897740617009,4.503837792338723e-07,1.0123962682397145e-07,0.0003647022805781,0.0003652539039842,0.7892937973779861,0.1774215972807685,0.0332846053412453,-0.8535831071244682,0.0683214254801594,0.3914968086627235
20.0,1.2511636140986797,4.259027335366459e-07,9.573664904163709e-08,0.0003534337605252,0.0003539553999077,0.7892937973779861,0.1774215972807685,0.0332846053412453,-0.8535831071244682,0.0683214254801594,0.3914968086627235
20.0,1.255237454135658,4.027087707512503e-07,9.05229885031584e-08,0.000342476328007,0.0003429695597662,0.7892937973779861,0.1774215972807685,0.0332846053412453,-0.8535831071244682,0.0683214254801594,0.3914968086627235
20.0,1.2593112941726368,3.807366843455008e-07,8.5583987742416e-08,0.0003318226744908,0.0003322889951629,0.7892937973779861,0.1774215972807685,0.0332846053412453,-0.8535831071244682,0.0683214254801594,0.3914968086627235
20.0,1.263385134209615,3.59924436097941e-07,8.09057014827843e-08,0.0003214656212724,0.00032190645141,0.7892937973779861,0.1774215972807685,0.0332846053412453,-0.8535831071244682,0.0683214254801594,0.3914968086627235
20.0,1.2674589742465936,3.402130093667611e-07,7.647486365415005e-08,0.0003113981184976,0.0003118148063706,0.7892937973779861,0.1774215972807685,0.0332846053412453,-0.8535831071244682,0.0683214254801594,0.3914968086627235
20.0,1.2715328142835722,3.215462687809842e-07,7.227885585356137e-08,0.0003016132441462,0.0003020070692708,0.7892937973779861,0.1774215972807685,0.0332846053412453,-0.8535831071244682,0.0683214254801594,0.3914968086627235
20.0,1.2756066543205509,3.038708260914986e-07,6.830567719051987e-08,0.0002921042029795,0.0002924763794828,0.7892937973779861,0.1774215972807685,0.0332846053412453,-0.8535831071244682,0.0683214254801594,0.3914968086627235
20.0,1.279680494357529,2.8713591192935937e-07,6.454391546013926e-08,0.0002828643254527,0.0002832160052801,0.7892937973779861,0.1774215972807685,0.0332846053412453,-0.8535831071244682,0.0683214254801594,0.3914968086627235
20.0,1.2837543343945077,2.712932532282191e-07,6.098271958951682e-08,0.0002738870665954,0.0002742193425682,0.7892937973779861,0.1774215972807685,0.0332846053412453,-0.8535831071244682,0.0683214254801594,0.3914968086627235
20.0,1.2878281744314863,2.562969560770391e-07,5.761177330475181e-08,0.0002651660048603,0.0002654799135897,0.7892937973779861,0.1774215972807685,0.0332846053412453,-0.8535831071244682,0.0683214254801594,0.3914968086627235
20.0,1.291902014468465,2.4210339377793285e-07,5.4421269968000566e-08,0.0002566948409434,0.0002569913656071,0.7892937973779861,0.1774215972807685,0.0332846053412453,-0.8535831071244682,0.0683214254801594,0.3914968086627235
20.0,1.2959758545054432,2.2867109989271975e-07,5.1401888535920303e-08,0.0002484673965757,0.0002487474695641,0.7892937973779861,0.1774215972807685,0.0332846053412453,-0.8535831071244682,0.0683214254801594,0.3914968086627235
20.0,1.3000496945424218,2.159606660699602e-07,4.8544770592694485e-08,0.0002404776132898,0.0002407421187265,0.7892937973779861,0.1774215972807685,0.0332846053412453,-0.8535831071244682,0.0683214254801594,0.3914968086627235
20.0,1.3041235345794004,2.0393464445227145e-07,4.5841498412637566e-08,0.0002327195511618,0.0002329693273046,0.7892937973779861,0.1774215972807685,0.0332846053412453,-0.8535831071244682,0.0683214254801594,0.3914968086627235
20.0,1.3081973746163786,1.9255745447142535e-07,4.3284074009108644e-08,0.0002251873875301,0.0002254232290585,0.7892937973779861,0.1774215972807685,0.0332846053412453,-0.8535831071244682,0.0683214254801594,0.3914968086627235
20.0,1.3122712146533573,1.8179529384620026e-07,4.086489912814196e-08,0.0002178754156936,0.0002180980758866,0.7892937973779861,0.1774215972807685,0.0332846053412453,-0.8535831071244682,0.0683214254801594,0.3914968086627235
20.0,1.316345054690336,1.716160536051893e-07,3.85767561468283e-08,0.0002107780435903,0.0002109882364,0.7892937973779861,0.1774215972807685,0.0332846053412453,-0.8535831071244682,0.0683214254801594,0.3914968086627235
20.0,1.3204188947273146,1.6198923696361744e-07,3.641278983802072e-08,0.0002038897924564,0.0002040881944832,0.7892937973779861,0.1774215972807685,0.0332846053412453,-0.8535831071244682,0.0683214254801594,0.3914968086627235
20.0,1.3244927347642927,1.528858818900397e-07,3.4366489964471e-08,0.0001972052954708,0.0001973925478427,0.7892937973779861,0.1774215972807685,0.0332846053412453,-0.8535831071244682,0.0683214254801594,0.3914968086627235
20.0,1.3285665748012714,1.442784872051797e-07,3.243167466693924e-08,0.0001907192963821,0.000190896006544,0.7892937973779861,0.1774215972807685,0.0332846053412453,-0.8535831071244682,0.0683214254801594,0.3914968086627235
20.0,1.33264041483825,1.3614094206143446e-07,3.060247461222725e-08,0.0001844266481231,0.0001845933915398,0.7892937973779861,0.1774215972807685,0.0332846053412453,-0.8535831071244682,0.0683214254801594,0.3914968086627235
20.0,1.3367142548752289,1.2844845865758633e-07,2.8873317868438808e-08,0.0001783223114121,0.0001784796331886,0.7892937973779861,0.1774215972807685,0.0332846053412453,-0.8535831071244682,0.0683214254801594,0.3914968086627235
20.0,1.3407880949122069,1.2117750804905548e-07,2.723891547607167e-08,0.0001724013533428,0.0001725497697664,0.7892937973779861,0.1774215972807685,0.0332846053412453,-0.8535831071244682,0.0683214254801594,0.3914968086627235
20.0,1.3448619349491855,1.143057589196121e-07,2.5694247684802177e-08,0.0001666589459647,0.0001667989459714,0.7892937973779861,0.1774215972807685,0.0332846053412453,-0.8535831071244682,0.0683214254801594,0.3914968086627235
20.0,1.348935774986164,1.0781201918588466e-07,2.4234550827040386e-08,0.000161090364854,0.000161222411424,0.7892937973779861,0.1774215972807685,0.0332846053412453,-0.8535831071244682,0.0683214254801594,0.3914968086627235
20.0,1.3530096150231428,1.0167618031114161e-07,2.2855304800490137e-08,0.0001556909876771,0.0001558155191622,0.7892937973779861,0.1774215972807685,0.0332846053412453,-0.8535831071244682,0.0683214254801594,0.3914968086627235
20.0,1.357083455060121,9.587916420987713e-08,2.1552221133083422e-08,0.0001504562927484,0.0001505737241338,0.7892937973779861,0.1774215972807685,0.0332846053412453,-0.8535831071244682,0.0683214254801594,0.3914968086627235
20.0,1.3611572950970996,9.040287262951567e-08,2.0321231604734628e-08,0.0001453818575817,0.0001454925816859,0.7892937973779861,0.1774215972807685,0.0332846053412453,-0.8535831071244682,0.0683214254801594,0.3914968086627235
20.0,1.3652311351340782,8.523013890020536e-08,1.9158477401406163e-08,0.0001404633574381,0.0001405677460544,0.7892937973779861,0.1774215972807685,0.0332846053412453,-0.8535831071244682,0.0683214254801594,0.3914968086627235
20.0,1.3693049751710569,8.034468194813181e-08,1.8060298777980052e-08,0.0001356965638708,0.0001357949688515,0.7892937973779861,0.1774215972807685,0.0332846053412453,-0.8535831071244682,0.0683214254801594,0.3914968086627235
20.0,1.373378815208035,7.57310624720883e-08,1.7023225207397683e-08,0.0001310773432672,0.0001311700975549,0.7892937973779861,0.1774215972807685,0.0332846053412453,-0.8535831071244682,0.0683214254801594,0.3914968086627235
20.0,1.3774526552450137,7.137464118717035e-08,1.6043965994458582e-08,0.0001266016553909,0.0001266890739981,0.7892937973779861,0.1774215972807685,0.0332846053412453,-0.8535831071244682,0.0683214254801594,0.3914968086627235
20.0,1.3815264952819923,6.726153904346316e-08,1.5119401333568424e-08,0.0001222655519228,0.0001223479328631,0.7892937973779861,0.1774215972807685,0.0332846053412453,-0.8535831071244682,0.0683214254801594,0.3914968086627235
20.0,1.385600335318971,6.337859933139796e-08,1.4246573790582405e-08,0.000118065175003,0.0001181428001761,0.7892937973779861,0.1774215972807685,0.0332846053412453,-0.8535831071244682,0.0683214254801594,0.3914968086627235
20.0,1.3896741753559492,5.971335158916363e-08,1.3422680189724008e-08,0.0001139967557752,0.0001140698918069,0.7892937973779861,0.1774215972807685,0.0332846053412453,-0.8535831071244682,0.0683214254801594,0.3914968086627235
20.0,1.3937480153929278,5.6253977231091166e-08,1.2645063887353115e-08,0.0001100566129328,0.0001101255119739,0.7892937973779861,0.1774215972807685,0.0332846053412453,-0.8535831071244682,0.0683214254801594,0.3914968086627235
20.0,1.3978218554299064,5.298927681934694e-08,1.1911207415125633e-08,0.000106241151269,0.0001063060517532,0.7892937973779861,0.1774215972807685,0.0332846053412453,-0.8535831071244682,0.0683214254801594,0.3914968086627235
20.0,1.401895695466885,4.99086389045424e-08,1.1218725475822402e-08,0.0001025468602309,0.0001026079875953,0.7892937973779861,0.1774215972807685,0.0332846053412453,-0.8535831071244682,0.0683214254801594,0.3914968086627235
20.0,1.4059695355038633,4.7002010364023556e-08,1.0565358275834437e-08,9.897031247876684e-05,9.902787984740668e-05,0.7892937973779861,0.1774215972807685,0.0332846053412453,-0.8535831071244682,0.0683214254801594,0.3914968086627235
20.0,1.410043375540842,4.425986816962925e-08,9.948965178971624e-09,9.550816245074724e-05,9.556237128409584e-05,0.7892937973779861,0.1774215972807685,0.0332846053412453,-0.8535831071244682,0.0683214254801594,0.3914968086627235
20.0,1.4141172155778206,4.1673192519623916e-08,9.367518666917707e-09,9.2157144934555e-05,9.220818564574152e-05,0.7892937973779861,0.1774215972807685,0.0332846053412453,-0.8535831071244682,0.0683214254801594,0.3914968086627235
20.0,1.4181910556147992,3.92334412722945e-08,8.819098592280235e-09,8.891407364590668e-05,8.896212618577126e-05,0.7892937973779861,0.1774215972807685,0.0332846053412453,-0.8535831071244682,0.0683214254801594,0.3914968086627235
20.0,1.4222648956517774,3.693252562139796e-08,8.301886710790072e-09,8.577583981495807e-05,8.582107422729025e-05,0.7892937973779861,0.1774215972807685,0.0332846053412453,-0.8535831071244682,0.0683214254801594,0.3914968086627235
20.0,1.426338735688756,3.476278695622071e-08,7.814161479784315e-09,8.273941078115525e-05,8.278198772959125e-05,0.7892937973779861,0.1774215972807685,0.0332846053412453,-0.8535831071244682,0.0683214254801594,0.3914968086627235
20.0,1.4304125757257349,3.2716974851487824e-08,7.354293110662673e-09,7.980182859713732e-05,7.984189986509946e-05,0.7892937973779861,0.1774215972807685,0.0332846053412453,-0.8535831071244682,0.0683214254801594,0.3914968086627235
20.0,1.4344864157627129,3.0788226134737945e-08,6.9207388635422965e-09,7.696020864225486e-05,7.699791760725314e-05,0.7892937973779861,0.1774215972807685,0.0332846053412453,-0.8535831071244682,0.0683214254801594,0.3914968086627235
20.0,1.438560255799692,2.8970044981058823e-08,6.5120385728480625e-09,7.421173824625267e-05,7.424722032980659e-05,0.7892937973779861,0.1774215972807685,0.0332846053412453,-0.8535831071244682,0.0683214254801594,0.3914968086627235
